scenario_id,scenario_name,run_date,planning_period,status,crude_slate_id,total_crude_bpd,cdu_throughput_bpd,vdu_throughput_bpd,fcc_throughput_bpd,hcu_throughput_bpd,gasoline_production_bpd,diesel_production_bpd,fuel_oil_production_bpd,total_margin_usd_day,energy_cost_usd_day,variable_cost_usd_day,crude_cost_usd_day,product_revenue_usd_day
ASP_1510_01,Base_Case_Oct2015,2015-10-22T18:00:00Z,Oct2015,Optimal,SLATE_D,177245,175423,89533,50298,34567,88947,56628,22461,-1236033625,461872732,382151039,409226660,17216806
ASP_1510_02,High_Crude_Price_Oct2015,2015-10-17T18:00:00Z,Oct2015,Optimal,SLATE_E,177245,175423,89533,50298,34567,86074,52985,22577,-1084026501,417009701,324100320,453641686,16462032
ASP_1510_03,Max_Diesel_Mode_Oct2015,2015-10-17T19:00:00Z,Oct2015,Optimal,SLATE_D,177245,175423,89533,50298,34567,77852,65312,21217,-1284964019,448586281,417168386,373782324,15761734
ASP_1510_04,Min_Fuel_Oil_Oct2015,2015-10-05T14:00:00Z,Oct2015,Optimal,SLATE_D,177245,175423,89533,50298,34567,86060,60151,19495,-1479779991,543727503,424221153,484829359,16098412
ASP_1510_05,Heavy_Crude_Slate_Oct2015,2015-10-11T13:00:00Z,Oct2015,Optimal,SLATE_F,177245,175423,89533,50298,34567,76664,56221,26283,-1101513527,476371392,340338720,423743848,16550041
ASP_1510_06,Light_Sweet_Slate_Oct2015,2015-10-17T00:00:00Z,Oct2015,Optimal,SLATE_C,177245,175423,89533,50298,34567,96330,56657,17690,-1398455551,458617317,376113648,430747020,16856957
ASP_1510_07,Coker_Max_Run_Oct2015,2015-10-16T04:00:00Z,Oct2015,Optimal,SLATE_E,177245,175423,89533,50298,34567,82963,61293,25613,-1440802955,587405737,453030870,389710683,17595373
ASP_1510_08,Product_Demand_High_Oct2015,2015-10-26T22:00:00Z,Oct2015,Optimal,SLATE_E,177245,175423,89533,50298,34567,93779,58295,22603,-1449042001,528834054,372397110,457501032,17026639
ASP_1510_09,Base_Case_Oct2015,2015-10-03T15:00:00Z,Oct2015,Optimal,SLATE_F,177245,175423,89533,50298,34567,86102,57081,22505,-1241158510,413022723,371815382,472090939,15770534
ASP_1510_10,High_Crude_Price_Oct2015,2015-10-12T22:00:00Z,Oct2015,Optimal,SLATE_E,177245,175423,89533,50298,34567,82256,56571,23007,-1247961289,553079064,369437251,450684093,16720746
ASP_1510_11,Max_Diesel_Mode_Oct2015,2015-10-14T18:00:00Z,Oct2015,Optimal,SLATE_A,177245,175423,89533,50298,34567,81112,62099,22318,-1342287939,436752393,378439862,479960871,16783660
ASP_1510_12,Min_Fuel_Oil_Oct2015,2015-10-14T03:00:00Z,Oct2015,Optimal,SLATE_F,177245,175423,89533,50298,34567,90098,56361,18888,-1253367988,445822085,368111127,420486327,17557414
ASP_1510_13,Heavy_Crude_Slate_Oct2015,2015-10-26T20:00:00Z,Oct2015,Optimal,SLATE_B,177245,175423,89533,50298,34567,81257,55365,28816,-1249643442,518512408,446166860,440744861,16931415
ASP_1510_14,Light_Sweet_Slate_Oct2015,2015-10-12T03:00:00Z,Oct2015,Optimal,SLATE_C,177245,175423,89533,50298,34567,99036,53273,18202,-1554210498,609922348,354631689,441275553,18141645
ASP_1510_15,Coker_Max_Run_Oct2015,2015-10-21T13:00:00Z,Oct2015,Optimal,SLATE_D,177245,175423,89533,50298,34567,88645,58094,24947,-1171744442,418447948,349230530,399188320,18097737
ASP_1510_16,Product_Demand_High_Oct2015,2015-10-13T15:00:00Z,Oct2015,Optimal,SLATE_F,177245,175423,89533,50298,34567,94174,61178,21346,-1508991425,506744880,408103188,500010472,17644257
ASP_1510_17,Base_Case_Oct2015,2015-10-09T01:00:00Z,Oct2015,Optimal,SLATE_C,177245,175423,89533,50298,34567,88661,58601,23439,-1403882251,601928598,432766578,387263258,18076183
ASP_1510_18,High_Crude_Price_Oct2015,2015-10-01T02:00:00Z,Oct2015,Optimal,SLATE_B,177245,175423,89533,50298,34567,78124,53190,22783,-1135784607,528272870,324569036,397140021,15433441
ASP_1510_19,Max_Diesel_Mode_Oct2015,2015-10-07T18:00:00Z,Oct2015,Optimal,SLATE_A,177245,175423,89533,50298,34567,76270,68196,21850,-1488076959,547621699,405643018,480101856,16150421
ASP_1510_20,Min_Fuel_Oil_Oct2015,2015-10-26T10:00:00Z,Oct2015,Optimal,SLATE_C,177245,175423,89533,50298,34567,91227,55343,19161,-1273807323,431637727,407892049,414487857,17311494
ASP_1510_21,Heavy_Crude_Slate_Oct2015,2015-10-02T14:00:00Z,Oct2015,Optimal,SLATE_E,177245,175423,89533,50298,34567,74859,57160,28547,-1189632905,529673537,409613190,398440011,15912399
ASP_1510_22,Light_Sweet_Slate_Oct2015,2015-10-23T03:00:00Z,Oct2015,Optimal,SLATE_F,177245,175423,89533,50298,34567,97903,54712,18737,-1579825499,597588130,341942801,487504403,16476852
ASP_1510_23,Coker_Max_Run_Oct2015,2015-10-19T19:00:00Z,Oct2015,Optimal,SLATE_D,177245,175423,89533,50298,34567,88418,58370,24581,-1322889576,547455336,333376429,432900092,16781292
ASP_1510_24,Product_Demand_High_Oct2015,2015-10-11T20:00:00Z,Oct2015,Optimal,SLATE_D,177245,175423,89533,50298,34567,92094,60457,21147,-1349758608,477821101,383902134,405103584,17050330
ASP_1510_25,Base_Case_Oct2015,2015-10-21T19:00:00Z,Oct2015,Optimal,SLATE_B,177245,175423,89533,50298,34567,82731,58306,22067,-1139131433,435459254,330563670,389922158,16813649
ASP_1510_26,High_Crude_Price_Oct2015,2015-10-17T19:00:00Z,Oct2015,Optimal,SLATE_C,177245,175423,89533,50298,34567,79494,54183,24268,-1193386977,558863741,332767945,422114375,16586303
ASP_1510_27,Max_Diesel_Mode_Oct2015,2015-10-16T02:00:00Z,Oct2015,Optimal,SLATE_E,177245,175423,89533,50298,34567,76737,62485,21808,-1324348825,448253640,356792373,472906485,16667902
ASP_1510_28,Min_Fuel_Oil_Oct2015,2015-10-05T04:00:00Z,Oct2015,Optimal,SLATE_F,177245,175423,89533,50298,34567,90747,58784,19906,-1579099356,607421442,438578582,504719028,17612881
ASP_1510_29,Heavy_Crude_Slate_Oct2015,2015-10-03T08:00:00Z,Oct2015,Optimal,SLATE_B,177245,175423,89533,50298,34567,79760,57109,28104,-1153759662,488100186,378562839,431343302,16051147
ASP_1510_30,Light_Sweet_Slate_Oct2015,2015-10-15T07:00:00Z,Oct2015,Optimal,SLATE_F,177245,175423,89533,50298,34567,97125,55014,18936,-1461557246,490068025,338582779,494442210,18131187
ASP_1510_31,Coker_Max_Run_Oct2015,2015-10-26T17:00:00Z,Oct2015,Optimal,SLATE_E,177245,175423,89533,50298,34567,87407,61568,24255,-1347304301,617777858,335596602,384419136,16907026
ASP_1510_32,Product_Demand_High_Oct2015,2015-10-06T05:00:00Z,Oct2015,Optimal,SLATE_F,177245,175423,89533,50298,34567,97157,58516,22353,-1291305314,508353390,323657640,381201290,17559251
ASP_1510_33,Base_Case_Oct2015,2015-10-27T11:00:00Z,Oct2015,Optimal,SLATE_C,177245,175423,89533,50298,34567,82552,59625,23803,-1313382227,460108635,374924257,494024876,15675541
ASP_1510_34,High_Crude_Price_Oct2015,2015-10-04T16:00:00Z,Oct2015,Optimal,SLATE_F,177245,175423,89533,50298,34567,79405,56504,23334,-1184639729,550139672,356739576,396634897,15862265
ASP_1510_35,Max_Diesel_Mode_Oct2015,2015-10-07T05:00:00Z,Oct2015,Optimal,SLATE_D,177245,175423,89533,50298,34567,78024,64650,22400,-1318628930,445814691,338369031,488323815,16670460
ASP_1510_36,Min_Fuel_Oil_Oct2015,2015-10-27T21:00:00Z,Oct2015,Optimal,SLATE_E,177245,175423,89533,50298,34567,85534,57984,19470,-1295441207,416283745,363756484,493843019,16173338
ASP_1511_01,Base_Case_Nov2015,2015-11-20T06:00:00Z,Nov2015,Optimal,SLATE_F,153253,151427,76962,57369,40483,70715,59999,19001,-1196355245,521573141,349005243,340892597,15115736
ASP_1511_02,High_Crude_Price_Nov2015,2015-11-06T09:00:00Z,Nov2015,Optimal,SLATE_D,153253,151427,76962,57369,40483,65740,62352,19038,-1083117029,404328447,374157590,414204537,15389455
ASP_1511_03,Max_Diesel_Mode_Nov2015,2015-11-12T18:00:00Z,Nov2015,Optimal,SLATE_B,153253,151427,76962,57369,40483,66179,73762,17309,-1173241617,390924631,343495140,398801514,15848316
ASP_1511_04,Min_Fuel_Oil_Nov2015,2015-11-01T21:00:00Z,Nov2015,Optimal,SLATE_A,153253,151427,76962,57369,40483,76962,63104,15603,-1239688301,448718446,365459223,404639028,15235822
ASP_1511_05,Heavy_Crude_Slate_Nov2015,2015-11-02T17:00:00Z,Nov2015,Optimal,SLATE_D,153253,151427,76962,57369,40483,64625,61617,22344,-972288902,461578737,303097271,330355358,14710363
ASP_1511_06,Light_Sweet_Slate_Nov2015,2015-11-12T09:00:00Z,Nov2015,Optimal,SLATE_C,153253,151427,76962,57369,40483,81348,62081,14900,-1330372329,438147171,351916143,414592936,16823813
ASP_1511_07,Coker_Max_Run_Nov2015,2015-11-16T08:00:00Z,Nov2015,Optimal,SLATE_A,153253,151427,76962,57369,40483,69969,66121,20134,-1212472145,491413178,337604809,375464618,15784423
ASP_1511_08,Product_Demand_High_Nov2015,2015-11-21T15:00:00Z,Nov2015,Optimal,SLATE_F,153253,151427,76962,57369,40483,80141,65438,17974,-1203640623,424167229,381334374,325784043,16803587
ASP_1511_09,Base_Case_Nov2015,2015-11-16T05:00:00Z,Nov2015,Optimal,SLATE_B,153253,151427,76962,57369,40483,71574,60097,18141,-1170718132,431697442,398342401,355499701,14821412
ASP_1511_10,High_Crude_Price_Nov2015,2015-11-07T07:00:00Z,Nov2015,Optimal,SLATE_D,153253,151427,76962,57369,40483,71609,61897,18664,-1093578704,515125987,336400552,352508850,15362884
ASP_1511_11,Max_Diesel_Mode_Nov2015,2015-11-14T06:00:00Z,Nov2015,Optimal,SLATE_D,153253,151427,76962,57369,40483,62971,70802,18177,-1271965109,439591888,370003094,416953051,15152691
ASP_1511_12,Min_Fuel_Oil_Nov2015,2015-11-16T05:00:00Z,Nov2015,Optimal,SLATE_B,153253,151427,76962,57369,40483,72240,64610,16173,-1211915876,487251265,376074271,328349318,15057498
ASP_1511_13,Heavy_Crude_Slate_Nov2015,2015-11-18T19:00:00Z,Nov2015,Optimal,SLATE_C,153253,151427,76962,57369,40483,64131,61654,21693,-1047646005,448971473,353219130,376604346,14743832
ASP_1511_14,Light_Sweet_Slate_Nov2015,2015-11-11T11:00:00Z,Nov2015,Optimal,SLATE_B,153253,151427,76962,57369,40483,77427,58190,14706,-1320167789,482973814,299833052,410545972,14631597
ASP_1511_15,Coker_Max_Run_Nov2015,2015-11-25T08:00:00Z,Nov2015,Optimal,SLATE_E,153253,151427,76962,57369,40483,71809,65324,20924,-1137796220,415714969,307365246,408065795,15659519
ASP_1511_16,Product_Demand_High_Nov2015,2015-11-26T10:00:00Z,Nov2015,Optimal,SLATE_C,153253,151427,76962,57369,40483,79008,63389,16962,-1215176169,404587565,393763265,341798795,14986505
ASP_1511_17,Base_Case_Nov2015,2015-11-01T15:00:00Z,Nov2015,Optimal,SLATE_F,153253,151427,76962,57369,40483,71845,59970,18099,-1135719111,386332524,351516876,412914225,15044514
ASP_1511_18,High_Crude_Price_Nov2015,2015-11-02T20:00:00Z,Nov2015,Optimal,SLATE_A,153253,151427,76962,57369,40483,71444,61923,19214,-1044897128,474466726,349459466,327514762,15683206
ASP_1511_19,Max_Diesel_Mode_Nov2015,2015-11-04T04:00:00Z,Nov2015,Optimal,SLATE_A,153253,151427,76962,57369,40483,63732,68034,18182,-1361706433,534511384,350878875,427012061,15539050
ASP_1511_20,Min_Fuel_Oil_Nov2015,2015-11-03T07:00:00Z,Nov2015,Optimal,SLATE_F,153253,151427,76962,57369,40483,74383,62263,15767,-1189459042,485651334,360931789,323976406,15744925
ASP_1511_21,Heavy_Crude_Slate_Nov2015,2015-11-03T04:00:00Z,Nov2015,Optimal,SLATE_D,153253,151427,76962,57369,40483,62544,58900,21795,-1072118232,523143811,309990102,373268645,15160078
ASP_1511_22,Light_Sweet_Slate_Nov2015,2015-11-21T06:00:00Z,Nov2015,Optimal,SLATE_C,153253,151427,76962,57369,40483,75419,62566,14443,-1324688677,499511283,360000939,338207939,14962413
ASP_1511_23,Coker_Max_Run_Nov2015,2015-11-19T17:00:00Z,Nov2015,Optimal,SLATE_E,153253,151427,76962,57369,40483,68084,66577,19599,-1089248304,358958548,343296349,381144938,15509340
ASP_1511_24,Product_Demand_High_Nov2015,2015-11-05T08:00:00Z,Nov2015,Optimal,SLATE_E,153253,151427,76962,57369,40483,78761,64554,17826,-1274402810,511072321,311770535,374095590,16935844
ASP_1511_25,Base_Case_Nov2015,2015-11-20T01:00:00Z,Nov2015,Optimal,SLATE_C,153253,151427,76962,57369,40483,73578,61363,17648,-1201628413,483715581,300956849,432508316,15552333
ASP_1511_26,High_Crude_Price_Nov2015,2015-11-13T04:00:00Z,Nov2015,Optimal,SLATE_F,153253,151427,76962,57369,40483,68183,58316,18528,-937341154,392849766,309093674,330683645,13778004
ASP_1511_27,Max_Diesel_Mode_Nov2015,2015-11-20T08:00:00Z,Nov2015,Optimal,SLATE_C,153253,151427,76962,57369,40483,67675,69751,17726,-1072321920,366294630,291165298,380074221,16275177
ASP_1511_28,Min_Fuel_Oil_Nov2015,2015-11-08T18:00:00Z,Nov2015,Optimal,SLATE_A,153253,151427,76962,57369,40483,74287,65615,16325,-1108580944,448428105,321096267,322489034,15721227
ASP_1511_29,Heavy_Crude_Slate_Nov2015,2015-11-13T13:00:00Z,Nov2015,Optimal,SLATE_C,153253,151427,76962,57369,40483,64628,63670,21830,-928002876,424609045,294659366,326626822,14780926
ASP_1511_30,Light_Sweet_Slate_Nov2015,2015-11-21T11:00:00Z,Nov2015,Optimal,SLATE_D,153253,151427,76962,57369,40483,80529,59748,14926,-1375154266,460853506,374277955,408294096,15609248
ASP_1511_31,Coker_Max_Run_Nov2015,2015-11-05T09:00:00Z,Nov2015,Optimal,SLATE_B,153253,151427,76962,57369,40483,71546,66590,19634,-1205308385,487409604,325266324,384467241,15468281
ASP_1511_32,Product_Demand_High_Nov2015,2015-11-20T01:00:00Z,Nov2015,Optimal,SLATE_E,153253,151427,76962,57369,40483,78379,63200,18159,-1176603427,371110018,306447084,428019504,16128988
ASP_1511_33,Base_Case_Nov2015,2015-11-09T16:00:00Z,Nov2015,Optimal,SLATE_D,153253,151427,76962,57369,40483,69928,61872,19307,-1033977821,383980745,335566358,329896994,15466276
ASP_1511_34,High_Crude_Price_Nov2015,2015-11-15T03:00:00Z,Nov2015,Optimal,SLATE_A,153253,151427,76962,57369,40483,67536,62451,19370,-1044369776,501114477,313975730,335203892,15109559
ASP_1511_35,Max_Diesel_Mode_Nov2015,2015-11-13T05:00:00Z,Nov2015,Optimal,SLATE_C,153253,151427,76962,57369,40483,65982,71427,17010,-1060585329,404808799,282278755,337821547,14827835
ASP_1511_36,Min_Fuel_Oil_Nov2015,2015-11-06T20:00:00Z,Nov2015,Optimal,SLATE_C,153253,151427,76962,57369,40483,74228,61916,15013,-1177356630,491362350,307221772,359889019,15408451
ASP_1512_01,Base_Case_Dec2015,2015-12-20T02:00:00Z,Dec2015,Optimal,SLATE_F,156825,146012,77972,45160,26805,67132,60898,21296,-1243444300,543742017,369576172,344823982,14697871
ASP_1512_02,High_Crude_Price_Dec2015,2015-12-09T19:00:00Z,Dec2015,Optimal,SLATE_E,156825,146012,77972,45160,26805,69012,54573,22686,-1024372121,373315947,353620517,401269489,14757995
ASP_1512_03,Max_Diesel_Mode_Dec2015,2015-12-09T21:00:00Z,Dec2015,Optimal,SLATE_E,156825,146012,77972,45160,26805,65751,66222,20916,-1327410743,508108142,394167615,377684743,15759792
ASP_1512_04,Min_Fuel_Oil_Dec2015,2015-12-26T16:00:00Z,Dec2015,Optimal,SLATE_C,156825,146012,77972,45160,26805,70086,63502,17975,-1238884224,503085703,341403236,373412020,15100741
ASP_1512_05,Heavy_Crude_Slate_Dec2015,2015-12-15T17:00:00Z,Dec2015,Optimal,SLATE_A,156825,146012,77972,45160,26805,59887,59923,25784,-1095596289,511689008,311154119,408359438,13873354
ASP_1512_06,Light_Sweet_Slate_Dec2015,2015-12-11T17:00:00Z,Dec2015,Optimal,SLATE_E,156825,146012,77972,45160,26805,75203,59235,16543,-1339494639,491891004,377188631,341849505,14951783
ASP_1512_07,Coker_Max_Run_Dec2015,2015-12-09T04:00:00Z,Dec2015,Optimal,SLATE_C,156825,146012,77972,45160,26805,68736,60488,23127,-1182159019,471710375,301629769,401026957,15387670
ASP_1512_08,Product_Demand_High_Dec2015,2015-12-07T06:00:00Z,Dec2015,Optimal,SLATE_E,156825,146012,77972,45160,26805,72912,66316,19848,-1440392502,547124941,401480513,400526220,15434912
ASP_1512_09,Base_Case_Dec2015,2015-12-14T00:00:00Z,Dec2015,Optimal,SLATE_E,156825,146012,77972,45160,26805,68454,58605,20290,-1075405863,464212758,291805795,333476996,14089686
ASP_1512_10,High_Crude_Price_Dec2015,2015-12-26T20:00:00Z,Dec2015,Optimal,SLATE_B,156825,146012,77972,45160,26805,65688,55557,22229,-1035226642,406807295,402820649,330443449,14825042
ASP_1512_11,Max_Diesel_Mode_Dec2015,2015-12-15T07:00:00Z,Dec2015,Optimal,SLATE_B,156825,146012,77972,45160,26805,59680,66651,19319,-1159565941,479862144,294886559,344171714,14571901
ASP_1512_12,Min_Fuel_Oil_Dec2015,2015-12-03T21:00:00Z,Dec2015,Optimal,SLATE_B,156825,146012,77972,45160,26805,73089,61897,18232,-1112818848,379588142,314942999,402010636,16135128
ASP_1512_13,Heavy_Crude_Slate_Dec2015,2015-12-18T04:00:00Z,Dec2015,Optimal,SLATE_D,156825,146012,77972,45160,26805,62755,55605,26619,-968759182,384989262,369237780,337195795,15023745
ASP_1512_14,Light_Sweet_Slate_Dec2015,2015-12-01T18:00:00Z,Dec2015,Optimal,SLATE_E,156825,146012,77972,45160,26805,79246,61230,16642,-1314353210,436449793,321346188,431199315,15465644
ASP_1512_15,Coker_Max_Run_Dec2015,2015-12-06T01:00:00Z,Dec2015,Optimal,SLATE_B,156825,146012,77972,45160,26805,69654,62033,24350,-1179656962,420308362,317461952,434795139,16039019
ASP_1512_16,Product_Demand_High_Dec2015,2015-12-27T07:00:00Z,Dec2015,Optimal,SLATE_C,156825,146012,77972,45160,26805,75759,60393,20304,-1314276103,442633137,401632638,388624641,15968098
ASP_1512_17,Base_Case_Dec2015,2015-12-09T10:00:00Z,Dec2015,Optimal,SLATE_C,156825,146012,77972,45160,26805,71921,60369,21839,-1167363897,400228114,384881850,397087766,14833833
ASP_1512_18,High_Crude_Price_Dec2015,2015-12-27T20:00:00Z,Dec2015,Optimal,SLATE_C,156825,146012,77972,45160,26805,66375,54710,21620,-992399754,371369132,313982936,406992291,13648974
ASP_1512_19,Max_Diesel_Mode_Dec2015,2015-12-16T18:00:00Z,Dec2015,Optimal,SLATE_D,156825,146012,77972,45160,26805,61358,69652,19618,-1371384883,541375229,344135984,435971777,15402149
ASP_1512_20,Min_Fuel_Oil_Dec2015,2015-12-08T19:00:00Z,Dec2015,Optimal,SLATE_D,156825,146012,77972,45160,26805,72550,59815,18332,-1212931445,370920881,383563165,438231965,15112666
ASP_1512_21,Heavy_Crude_Slate_Dec2015,2015-12-05T22:00:00Z,Dec2015,Optimal,SLATE_A,156825,146012,77972,45160,26805,61123,59158,24587,-1206131726,541783955,405333169,408067354,15038115
ASP_1512_22,Light_Sweet_Slate_Dec2015,2015-12-06T02:00:00Z,Dec2015,Optimal,SLATE_C,156825,146012,77972,45160,26805,79382,60647,17287,-1255954428,398415515,347457501,390647946,15133079
ASP_1512_23,Coker_Max_Run_Dec2015,2015-12-19T04:00:00Z,Dec2015,Optimal,SLATE_E,156825,146012,77972,45160,26805,71086,59796,22340,-1057628653,385997573,305950084,360340649,15397469
ASP_1512_24,Product_Demand_High_Dec2015,2015-12-18T17:00:00Z,Dec2015,Optimal,SLATE_F,156825,146012,77972,45160,26805,73582,62572,20207,-1295367812,407059179,372448839,435709776,15803153
ASP_1512_25,Base_Case_Dec2015,2015-12-19T03:00:00Z,Dec2015,Optimal,SLATE_D,156825,146012,77972,45160,26805,72222,60662,20482,-1163135919,547143436,285936547,345426962,15371026
ASP_1512_26,High_Crude_Price_Dec2015,2015-12-06T04:00:00Z,Dec2015,Optimal,SLATE_B,156825,146012,77972,45160,26805,63382,57086,21977,-1028008383,381144279,384027549,366773082,14544493
ASP_1512_27,Max_Diesel_Mode_Dec2015,2015-12-23T05:00:00Z,Dec2015,Optimal,SLATE_D,156825,146012,77972,45160,26805,63448,68085,21019,-1168527850,456841338,296605426,375209152,15772249
ASP_1512_28,Min_Fuel_Oil_Dec2015,2015-12-27T14:00:00Z,Dec2015,Optimal,SLATE_E,156825,146012,77972,45160,26805,72550,60360,17992,-1196424265,393759160,362532655,420995774,15710632
ASP_1512_29,Heavy_Crude_Slate_Dec2015,2015-12-03T22:00:00Z,Dec2015,Optimal,SLATE_C,156825,146012,77972,45160,26805,62417,57181,26693,-1058838855,491540600,333642419,366531758,15227160
ASP_1512_30,Light_Sweet_Slate_Dec2015,2015-12-17T14:00:00Z,Dec2015,Optimal,SLATE_C,156825,146012,77972,45160,26805,73294,58422,16309,-1235405248,395598180,328446794,393892704,14897278
ASP_1512_31,Coker_Max_Run_Dec2015,2015-12-08T17:00:00Z,Dec2015,Optimal,SLATE_F,156825,146012,77972,45160,26805,67037,62449,22323,-1219940722,541492352,297194484,373105909,15772429
ASP_1512_32,Product_Demand_High_Dec2015,2015-12-08T16:00:00Z,Dec2015,Optimal,SLATE_E,156825,146012,77972,45160,26805,78132,60572,19508,-1239551873,445228364,300785750,417547995,15828893
ASP_1512_33,Base_Case_Dec2015,2015-12-15T20:00:00Z,Dec2015,Optimal,SLATE_E,156825,146012,77972,45160,26805,72080,57002,21546,-1256182716,447226778,378834807,445030045,14908914
ASP_1512_34,High_Crude_Price_Dec2015,2015-12-22T21:00:00Z,Dec2015,Optimal,SLATE_E,156825,146012,77972,45160,26805,68558,54712,22245,-985545858,410720348,323032260,352501148,15008258
ASP_1512_35,Max_Diesel_Mode_Dec2015,2015-12-03T10:00:00Z,Dec2015,Optimal,SLATE_A,156825,146012,77972,45160,26805,60717,67630,20926,-1274632020,457049011,377657922,394012078,14783753
ASP_1512_36,Min_Fuel_Oil_Dec2015,2015-12-24T06:00:00Z,Dec2015,Optimal,SLATE_C,156825,146012,77972,45160,26805,71685,58107,18037,-1220984048,470304050,355945919,374570092,15398655
ASP_1601_01,Base_Case_Jan2016,2016-01-04T18:00:00Z,Jan2016,Optimal,SLATE_A,160675,158849,78928,51517,43733,74448,65540,16118,-1162967752,467684945,300402065,410854590,15973848
ASP_1601_02,High_Crude_Price_Jan2016,2016-01-17T21:00:00Z,Jan2016,Optimal,SLATE_F,160675,158849,78928,51517,43733,67114,61831,16501,-1037613955,393629413,353295041,395242492,14325690
ASP_1601_03,Max_Diesel_Mode_Jan2016,2016-01-22T21:00:00Z,Jan2016,Optimal,SLATE_D,160675,158849,78928,51517,43733,62661,76757,14786,-1240963986,386307272,354869073,456656358,15962240
ASP_1601_04,Min_Fuel_Oil_Jan2016,2016-01-24T21:00:00Z,Jan2016,Optimal,SLATE_D,160675,158849,78928,51517,43733,72185,71149,12690,-1146035943,385723662,380721237,362327091,16115734
ASP_1601_05,Heavy_Crude_Slate_Jan2016,2016-01-07T14:00:00Z,Jan2016,Optimal,SLATE_B,160675,158849,78928,51517,43733,61621,64822,19557,-1056870048,381055521,379523635,429453175,15732277
ASP_1601_06,Light_Sweet_Slate_Jan2016,2016-01-23T21:00:00Z,Jan2016,Optimal,SLATE_F,160675,158849,78928,51517,43733,81982,64630,11961,-1279674581,395950756,338599910,425081478,17065553
ASP_1601_07,Coker_Max_Run_Jan2016,2016-01-08T00:00:00Z,Jan2016,Optimal,SLATE_E,160675,158849,78928,51517,43733,74152,72439,16901,-1185263568,393955182,406911380,376851942,15695398
ASP_1601_08,Product_Demand_High_Jan2016,2016-01-23T14:00:00Z,Jan2016,Optimal,SLATE_D,160675,158849,78928,51517,43733,79169,72564,14121,-1180331371,465926053,295675542,348486601,17188778
ASP_1601_09,Base_Case_Jan2016,2016-01-02T16:00:00Z,Jan2016,Optimal,SLATE_E,160675,158849,78928,51517,43733,70169,69556,14990,-1175661066,379202334,409940103,401674289,15155660
ASP_1601_10,High_Crude_Price_Jan2016,2016-01-12T10:00:00Z,Jan2016,Optimal,SLATE_E,160675,158849,78928,51517,43733,71458,65739,15646,-1151557445,505947278,414221476,346496393,14972271
ASP_1601_11,Max_Diesel_Mode_Jan2016,2016-01-15T20:00:00Z,Jan2016,Optimal,SLATE_C,160675,158849,78928,51517,43733,65602,80697,15075,-1286501875,507415659,349208639,384702636,16087053
ASP_1601_12,Min_Fuel_Oil_Jan2016,2016-01-24T08:00:00Z,Jan2016,Optimal,SLATE_B,160675,158849,78928,51517,43733,71612,65836,13161,-1325160463,530923194,398203314,372757321,15320272
ASP_1601_13,Heavy_Crude_Slate_Jan2016,2016-01-15T15:00:00Z,Jan2016,Optimal,SLATE_B,160675,158849,78928,51517,43733,64494,66544,19551,-1141903197,555688445,374788386,354122520,15818021
ASP_1601_14,Light_Sweet_Slate_Jan2016,2016-01-07T07:00:00Z,Jan2016,Optimal,SLATE_B,160675,158849,78928,51517,43733,80922,64012,12472,-1241054545,408331274,297076431,419541360,16864649
ASP_1601_15,Coker_Max_Run_Jan2016,2016-01-18T08:00:00Z,Jan2016,Optimal,SLATE_A,160675,158849,78928,51517,43733,67686,70703,17265,-1192991096,455735536,318156850,411794478,16087750
ASP_1601_16,Product_Demand_High_Jan2016,2016-01-13T08:00:00Z,Jan2016,Optimal,SLATE_C,160675,158849,78928,51517,43733,74624,71211,14979,-1370774869,540720492,296560952,448497402,16542856
ASP_1601_17,Base_Case_Jan2016,2016-01-09T00:00:00Z,Jan2016,Optimal,SLATE_C,160675,158849,78928,51517,43733,71982,67101,15879,-1237357501,500326943,338584235,414286442,15840119
ASP_1601_18,High_Crude_Price_Jan2016,2016-01-01T02:00:00Z,Jan2016,Optimal,SLATE_C,160675,158849,78928,51517,43733,68893,61122,15886,-1003962040,443941014,298697494,363925012,15300432
ASP_1601_19,Max_Diesel_Mode_Jan2016,2016-01-17T07:00:00Z,Jan2016,Optimal,SLATE_B,160675,158849,78928,51517,43733,62441,79944,14239,-1191608016,464927854,304366370,381025154,15454600
ASP_1601_20,Min_Fuel_Oil_Jan2016,2016-01-25T06:00:00Z,Jan2016,Optimal,SLATE_F,160675,158849,78928,51517,43733,72500,70218,12764,-1205181628,452983941,326258139,407300731,16463560
ASP_1601_21,Heavy_Crude_Slate_Jan2016,2016-01-23T00:00:00Z,Jan2016,Optimal,SLATE_A,160675,158849,78928,51517,43733,68054,66290,19387,-1192875561,512337070,372088877,456022345,15031002
ASP_1601_22,Light_Sweet_Slate_Jan2016,2016-01-07T10:00:00Z,Jan2016,Optimal,SLATE_F,160675,158849,78928,51517,43733,77702,64872,11866,-1402990736,455077276,391755454,421377455,15539885
ASP_1601_23,Coker_Max_Run_Jan2016,2016-01-06T18:00:00Z,Jan2016,Optimal,SLATE_C,160675,158849,78928,51517,43733,69939,71277,16602,-1131715370,458781581,319360376,348268004,16885088
ASP_1601_24,Product_Demand_High_Jan2016,2016-01-08T11:00:00Z,Jan2016,Optimal,SLATE_F,160675,158849,78928,51517,43733,78979,68691,15276,-1404707407,513555846,378863131,425157422,16921392
ASP_1601_25,Base_Case_Jan2016,2016-01-10T09:00:00Z,Jan2016,Optimal,SLATE_D,160675,158849,78928,51517,43733,70819,64592,15563,-1215479609,450825061,398688393,381850263,15884108
ASP_1601_26,High_Crude_Price_Jan2016,2016-01-16T10:00:00Z,Jan2016,Optimal,SLATE_B,160675,158849,78928,51517,43733,68517,61604,15718,-1112559269,386118793,386612685,451940803,15368727
ASP_1601_27,Max_Diesel_Mode_Jan2016,2016-01-10T00:00:00Z,Jan2016,Optimal,SLATE_D,160675,158849,78928,51517,43733,64897,74583,14513,-1313535860,560127582,332296864,374217240,15655152
ASP_1601_28,Min_Fuel_Oil_Jan2016,2016-01-15T12:00:00Z,Jan2016,Optimal,SLATE_F,160675,158849,78928,51517,43733,76105,69238,13144,-1068967347,390029528,302541429,361186189,15924770
ASP_1601_29,Heavy_Crude_Slate_Jan2016,2016-01-27T16:00:00Z,Jan2016,Optimal,SLATE_D,160675,158849,78928,51517,43733,66292,63240,18792,-1016978558,377111149,410529402,356622644,14287019
ASP_1601_30,Light_Sweet_Slate_Jan2016,2016-01-03T22:00:00Z,Jan2016,Optimal,SLATE_D,160675,158849,78928,51517,43733,78965,62357,12729,-1371618118,520051886,352020386,368348958,15762196
ASP_1601_31,Coker_Max_Run_Jan2016,2016-01-22T01:00:00Z,Jan2016,Optimal,SLATE_D,160675,158849,78928,51517,43733,67582,69536,16679,-1082726653,407184295,321107615,349757212,16552403
ASP_1601_32,Product_Demand_High_Jan2016,2016-01-15T15:00:00Z,Jan2016,Optimal,SLATE_E,160675,158849,78928,51517,43733,76397,70138,14710,-1292145495,450810835,388343352,372774927,15498100
ASP_1601_33,Base_Case_Jan2016,2016-01-18T03:00:00Z,Jan2016,Optimal,SLATE_D,160675,158849,78928,51517,43733,73688,64256,15079,-1168562421,423864706,386338666,374651550,16292501
ASP_1601_34,High_Crude_Price_Jan2016,2016-01-24T00:00:00Z,Jan2016,Optimal,SLATE_B,160675,158849,78928,51517,43733,70538,66946,16039,-1078522108,438022864,370637287,379452796,15806307
ASP_1601_35,Max_Diesel_Mode_Jan2016,2016-01-04T05:00:00Z,Jan2016,Optimal,SLATE_A,160675,158849,78928,51517,43733,67138,77889,15524,-1219525684,440124110,391495463,345788079,15954619
ASP_1601_36,Min_Fuel_Oil_Jan2016,2016-01-18T01:00:00Z,Jan2016,Optimal,SLATE_D,160675,158849,78928,51517,43733,74888,67905,12827,-1317711400,459498533,381422330,453817775,15407181
ASP_1602_01,Base_Case_Feb2016,2016-02-24T00:00:00Z,Feb2016,Optimal,SLATE_B,164150,151021,71072,48958,33549,81502,53057,14063,-1170649022,484371230,324565712,377625097,15913017
ASP_1602_02,High_Crude_Price_Feb2016,2016-02-24T14:00:00Z,Feb2016,Optimal,SLATE_A,164150,151021,71072,48958,33549,73603,51559,14949,-1228691891,547440452,359703136,443003330,14612253
ASP_1602_03,Max_Diesel_Mode_Feb2016,2016-02-07T22:00:00Z,Feb2016,Optimal,SLATE_C,164150,151021,71072,48958,33549,69990,62434,13888,-1157648663,409933791,345852403,362094460,15358117
ASP_1602_04,Min_Fuel_Oil_Feb2016,2016-02-20T13:00:00Z,Feb2016,Optimal,SLATE_B,164150,151021,71072,48958,33549,82079,52697,11874,-1240429110,541620521,331725491,345045348,14091253
ASP_1602_05,Heavy_Crude_Slate_Feb2016,2016-02-17T11:00:00Z,Feb2016,Optimal,SLATE_E,164150,151021,71072,48958,33549,67644,50421,17653,-1175940299,501451586,368871300,449960936,13683489
ASP_1602_06,Light_Sweet_Slate_Feb2016,2016-02-05T16:00:00Z,Feb2016,Optimal,SLATE_F,164150,151021,71072,48958,33549,84504,51194,11128,-1287659284,457593016,354395552,352231763,14524541
ASP_1602_07,Coker_Max_Run_Feb2016,2016-02-23T18:00:00Z,Feb2016,Optimal,SLATE_C,164150,151021,71072,48958,33549,78409,54978,15094,-1286416622,478632477,355662460,442621404,15723574
ASP_1602_08,Product_Demand_High_Feb2016,2016-02-19T11:00:00Z,Feb2016,Optimal,SLATE_B,164150,151021,71072,48958,33549,87282,54128,13710,-1188365398,428333486,311245702,376041937,15282793
ASP_1602_09,Base_Case_Feb2016,2016-02-02T12:00:00Z,Feb2016,Optimal,SLATE_E,164150,151021,71072,48958,33549,81247,50915,14349,-1139015680,384630299,320863181,447919376,14397176
ASP_1602_10,High_Crude_Price_Feb2016,2016-02-10T14:00:00Z,Feb2016,Optimal,SLATE_F,164150,151021,71072,48958,33549,76280,50921,14701,-1167722392,516823418,391942458,375042662,14545068
ASP_1602_11,Max_Diesel_Mode_Feb2016,2016-02-16T00:00:00Z,Feb2016,Optimal,SLATE_D,164150,151021,71072,48958,33549,69541,60409,13466,-1208017540,426387859,330265110,408458918,14618991
ASP_1602_12,Min_Fuel_Oil_Feb2016,2016-02-13T19:00:00Z,Feb2016,Optimal,SLATE_C,164150,151021,71072,48958,33549,78241,51305,12601,-1228382022,483421064,342508793,380875662,14201614
ASP_1602_13,Heavy_Crude_Slate_Feb2016,2016-02-02T11:00:00Z,Feb2016,Optimal,SLATE_B,164150,151021,71072,48958,33549,70578,51165,16414,-1205309971,531582584,395233543,426173694,13756519
ASP_1602_14,Light_Sweet_Slate_Feb2016,2016-02-19T06:00:00Z,Feb2016,Optimal,SLATE_F,164150,151021,71072,48958,33549,85988,51557,11705,-1227328917,430451648,333544284,347613927,15780468
ASP_1602_15,Coker_Max_Run_Feb2016,2016-02-02T19:00:00Z,Feb2016,Optimal,SLATE_C,164150,151021,71072,48958,33549,78646,53087,16093,-1210199448,516273930,316718627,368901226,15423735
ASP_1602_16,Product_Demand_High_Feb2016,2016-02-07T01:00:00Z,Feb2016,Optimal,SLATE_D,164150,151021,71072,48958,33549,81917,56533,13441,-1378101300,531452250,356285558,403725241,15443326
ASP_1602_17,Base_Case_Feb2016,2016-02-08T05:00:00Z,Feb2016,Optimal,SLATE_C,164150,151021,71072,48958,33549,76387,51795,13817,-1203506708,531745816,310445451,375269101,13953660
ASP_1602_18,High_Crude_Price_Feb2016,2016-02-11T08:00:00Z,Feb2016,Optimal,SLATE_E,164150,151021,71072,48958,33549,75130,51647,15114,-1152309315,462244903,354778976,449685495,14199248
ASP_1602_19,Max_Diesel_Mode_Feb2016,2016-02-21T02:00:00Z,Feb2016,Optimal,SLATE_A,164150,151021,71072,48958,33549,69062,61794,13562,-1339627440,562106321,349239622,379019962,14530247
ASP_1602_20,Min_Fuel_Oil_Feb2016,2016-02-11T01:00:00Z,Feb2016,Optimal,SLATE_D,164150,151021,71072,48958,33549,83760,56335,12513,-1189155746,423500587,299653072,446602060,15235577
ASP_1602_21,Heavy_Crude_Slate_Feb2016,2016-02-11T18:00:00Z,Feb2016,Optimal,SLATE_A,164150,151021,71072,48958,33549,69920,50282,16154,-1078443485,392525290,413650009,406157747,14062507
ASP_1602_22,Light_Sweet_Slate_Feb2016,2016-02-09T01:00:00Z,Feb2016,Optimal,SLATE_F,164150,151021,71072,48958,33549,89995,54045,11455,-1508498933,554942439,419287222,388023883,15379496
ASP_1602_23,Coker_Max_Run_Feb2016,2016-02-06T05:00:00Z,Feb2016,Optimal,SLATE_D,164150,151021,71072,48958,33549,75410,55361,15266,-1234110622,444934756,321242602,457878579,14143562
ASP_1602_24,Product_Demand_High_Feb2016,2016-02-13T10:00:00Z,Feb2016,Optimal,SLATE_E,164150,151021,71072,48958,33549,89426,53285,13167,-1342814670,396402228,417373847,445813025,16242183
ASP_1602_25,Base_Case_Feb2016,2016-02-13T15:00:00Z,Feb2016,Optimal,SLATE_D,164150,151021,71072,48958,33549,80600,51856,13986,-1112139462,435043362,318546698,374360617,15811215
ASP_1602_26,High_Crude_Price_Feb2016,2016-02-14T01:00:00Z,Feb2016,Optimal,SLATE_E,164150,151021,71072,48958,33549,73468,49999,15104,-1181279701,491530714,419580858,386753174,13865071
ASP_1602_27,Max_Diesel_Mode_Feb2016,2016-02-14T10:00:00Z,Feb2016,Optimal,SLATE_E,164150,151021,71072,48958,33549,73344,62861,14081,-1385353464,570036037,332023359,432240445,14915589
ASP_1602_28,Min_Fuel_Oil_Feb2016,2016-02-20T03:00:00Z,Feb2016,Optimal,SLATE_D,164150,151021,71072,48958,33549,82896,51330,12559,-1235251926,435102598,404782341,375152529,15763753
ASP_1602_29,Heavy_Crude_Slate_Feb2016,2016-02-21T07:00:00Z,Feb2016,Optimal,SLATE_C,164150,151021,71072,48958,33549,73543,51081,17498,-1178668306,469863902,413205608,440990139,14428197
ASP_1602_30,Light_Sweet_Slate_Feb2016,2016-02-15T19:00:00Z,Feb2016,Optimal,SLATE_A,164150,151021,71072,48958,33549,87898,52011,10879,-1477232948,567946772,300391148,466774960,16154890
ASP_1602_31,Coker_Max_Run_Feb2016,2016-02-13T18:00:00Z,Feb2016,Optimal,SLATE_E,164150,151021,71072,48958,33549,76968,56165,16074,-1209785826,387328069,403476867,410954404,15694804
ASP_1602_32,Product_Demand_High_Feb2016,2016-02-24T19:00:00Z,Feb2016,Optimal,SLATE_C,164150,151021,71072,48958,33549,84156,55547,13219,-1179850692,423157175,339007352,345420132,15130314
ASP_1602_33,Base_Case_Feb2016,2016-02-07T11:00:00Z,Feb2016,Optimal,SLATE_D,164150,151021,71072,48958,33549,77365,52139,14508,-1233620037,495047907,350976405,402555464,14959739
ASP_1602_34,High_Crude_Price_Feb2016,2016-02-19T19:00:00Z,Feb2016,Optimal,SLATE_A,164150,151021,71072,48958,33549,72011,53108,14431,-1187044366,527334655,402572084,374919078,14560201
ASP_1602_35,Max_Diesel_Mode_Feb2016,2016-02-07T16:00:00Z,Feb2016,Optimal,SLATE_D,164150,151021,71072,48958,33549,72890,63344,13632,-1289009847,454018153,370533829,418867116,15790672
ASP_1602_36,Min_Fuel_Oil_Feb2016,2016-02-25T05:00:00Z,Feb2016,Optimal,SLATE_F,164150,151021,71072,48958,33549,77151,55389,11983,-1251652914,435886044,356840862,437271568,14801470
ASP_1603_01,Base_Case_Mar2016,2016-03-24T04:00:00Z,Mar2016,Optimal,SLATE_D,154423,152129,62387,57670,28827,68971,56518,18864,-1183160180,426728231,373832370,397831445,15231866
ASP_1603_02,High_Crude_Price_Mar2016,2016-03-09T05:00:00Z,Mar2016,Optimal,SLATE_A,154423,152129,62387,57670,28827,61020,57118,18415,-1031520443,447283953,295971499,392083763,14121342
ASP_1603_03,Max_Diesel_Mode_Mar2016,2016-03-22T17:00:00Z,Mar2016,Optimal,SLATE_A,154423,152129,62387,57670,28827,62270,69129,17494,-1144133944,437681462,299752152,366839029,14621267
ASP_1603_04,Min_Fuel_Oil_Mar2016,2016-03-12T18:00:00Z,Mar2016,Optimal,SLATE_C,154423,152129,62387,57670,28827,64823,58951,15957,-1347638072,535895755,387391043,399732410,14632730
ASP_1603_05,Heavy_Crude_Slate_Mar2016,2016-03-08T20:00:00Z,Mar2016,Optimal,SLATE_A,154423,152129,62387,57670,28827,59964,59533,22312,-1067909745,501066980,316549520,382983474,14033590
ASP_1603_06,Light_Sweet_Slate_Mar2016,2016-03-11T19:00:00Z,Mar2016,Optimal,SLATE_B,154423,152129,62387,57670,28827,71321,59338,14028,-1310868970,461611873,364819947,358888133,14901229
ASP_1603_07,Coker_Max_Run_Mar2016,2016-03-04T16:00:00Z,Mar2016,Optimal,SLATE_C,154423,152129,62387,57670,28827,62288,58667,20238,-1281991503,490234723,347633640,433406530,14420478
ASP_1603_08,Product_Demand_High_Mar2016,2016-03-07T13:00:00Z,Mar2016,Optimal,SLATE_C,154423,152129,62387,57670,28827,68843,59607,17985,-1262245381,502895966,283457743,397768933,15376918
ASP_1603_09,Base_Case_Mar2016,2016-03-15T14:00:00Z,Mar2016,Optimal,SLATE_C,154423,152129,62387,57670,28827,68563,58694,18733,-1117926017,467183380,322002770,342541266,13801399
ASP_1603_10,High_Crude_Price_Mar2016,2016-03-18T18:00:00Z,Mar2016,Optimal,SLATE_B,154423,152129,62387,57670,28827,64802,53547,17867,-1086324230,413168987,340940020,439755741,13077541
ASP_1603_11,Max_Diesel_Mode_Mar2016,2016-03-02T05:00:00Z,Mar2016,Optimal,SLATE_D,154423,152129,62387,57670,28827,61822,69930,17594,-1102528742,398522981,300562874,365983815,15042296
ASP_1603_12,Min_Fuel_Oil_Mar2016,2016-03-16T02:00:00Z,Mar2016,Optimal,SLATE_E,154423,152129,62387,57670,28827,68913,56282,14976,-1227341158,479916606,316689783,409421184,14434215
ASP_1603_13,Heavy_Crude_Slate_Mar2016,2016-03-18T22:00:00Z,Mar2016,Optimal,SLATE_D,154423,152129,62387,57670,28827,57335,54986,22682,-1093721067,477822000,368632802,382224571,13433742
ASP_1603_14,Light_Sweet_Slate_Mar2016,2016-03-14T11:00:00Z,Mar2016,Optimal,SLATE_A,154423,152129,62387,57670,28827,71412,56513,14161,-1308346055,476043489,369621641,336563845,14062854
ASP_1603_15,Coker_Max_Run_Mar2016,2016-03-16T17:00:00Z,Mar2016,Optimal,SLATE_B,154423,152129,62387,57670,28827,67944,57516,21080,-1235008023,419341959,367626552,439022388,15198719
ASP_1603_16,Product_Demand_High_Mar2016,2016-03-04T02:00:00Z,Mar2016,Optimal,SLATE_D,154423,152129,62387,57670,28827,74470,59030,17456,-1293755211,511750443,374134818,326911028,14874797
ASP_1603_17,Base_Case_Mar2016,2016-03-15T10:00:00Z,Mar2016,Optimal,SLATE_C,154423,152129,62387,57670,28827,67708,57013,18419,-1236620290,472969577,339976851,437318089,13644227
ASP_1603_18,High_Crude_Price_Mar2016,2016-03-15T04:00:00Z,Mar2016,Optimal,SLATE_E,154423,152129,62387,57670,28827,65242,56082,18922,-1087199424,491389118,318755081,385738320,14144014
ASP_1603_19,Max_Diesel_Mode_Mar2016,2016-03-01T15:00:00Z,Mar2016,Optimal,SLATE_F,154423,152129,62387,57670,28827,57344,64523,18116,-1281601653,494148227,332840725,407310391,13726340
ASP_1603_20,Min_Fuel_Oil_Mar2016,2016-03-09T13:00:00Z,Mar2016,Optimal,SLATE_D,154423,152129,62387,57670,28827,68672,58382,15102,-1182828604,445042931,320659508,396862700,14187853
ASP_1603_21,Heavy_Crude_Slate_Mar2016,2016-03-08T12:00:00Z,Mar2016,Optimal,SLATE_F,154423,152129,62387,57670,28827,61320,56097,22046,-1147453150,488294518,368926641,431717984,13991198
ASP_1603_22,Light_Sweet_Slate_Mar2016,2016-03-01T05:00:00Z,Mar2016,Optimal,SLATE_F,154423,152129,62387,57670,28827,75988,57711,15217,-1294370595,491019373,293375817,387297915,16005073
ASP_1603_23,Coker_Max_Run_Mar2016,2016-03-16T02:00:00Z,Mar2016,Optimal,SLATE_F,154423,152129,62387,57670,28827,66832,58168,21186,-1285683298,539549241,370934642,364354274,14364335
ASP_1603_24,Product_Demand_High_Mar2016,2016-03-16T19:00:00Z,Mar2016,Optimal,SLATE_A,154423,152129,62387,57670,28827,72695,63125,18204,-1289142012,528922904,314636878,366560359,16470129
ASP_1603_25,Base_Case_Mar2016,2016-03-19T22:00:00Z,Mar2016,Optimal,SLATE_A,154423,152129,62387,57670,28827,67795,59940,18479,-1175940244,423186323,384853023,382980776,15079878
ASP_1603_26,High_Crude_Price_Mar2016,2016-03-25T11:00:00Z,Mar2016,Optimal,SLATE_B,154423,152129,62387,57670,28827,61131,53963,18917,-950911148,400069004,290129434,356690513,13289877
ASP_1603_27,Max_Diesel_Mode_Mar2016,2016-03-17T19:00:00Z,Mar2016,Optimal,SLATE_D,154423,152129,62387,57670,28827,57111,65288,18202,-1298679970,512741310,298925634,439449666,14278543
ASP_1603_28,Min_Fuel_Oil_Mar2016,2016-03-13T16:00:00Z,Mar2016,Optimal,SLATE_C,154423,152129,62387,57670,28827,70645,61356,15480,-1275924272,522052264,399805525,331625577,14721936
ASP_1603_29,Heavy_Crude_Slate_Mar2016,2016-03-14T02:00:00Z,Mar2016,Optimal,SLATE_D,154423,152129,62387,57670,28827,58923,55374,21645,-1003391443,402440083,395709574,330058395,13328670
ASP_1603_30,Light_Sweet_Slate_Mar2016,2016-03-19T15:00:00Z,Mar2016,Optimal,SLATE_C,154423,152129,62387,57670,28827,73791,55222,14977,-1367120629,491294001,338708539,406266732,15625853
ASP_1603_31,Coker_Max_Run_Mar2016,2016-03-08T08:00:00Z,Mar2016,Optimal,SLATE_C,154423,152129,62387,57670,28827,68009,61160,21053,-1194697416,537215605,290987777,357715989,14647394
ASP_1603_32,Product_Demand_High_Mar2016,2016-03-26T22:00:00Z,Mar2016,Optimal,SLATE_E,154423,152129,62387,57670,28827,68652,60724,16952,-1185004636,370437705,319541570,422764395,15517155
ASP_1603_33,Base_Case_Mar2016,2016-03-01T05:00:00Z,Mar2016,Optimal,SLATE_B,154423,152129,62387,57670,28827,67545,59386,18868,-1048802482,368554422,288331022,406984302,15067264
ASP_1603_34,High_Crude_Price_Mar2016,2016-03-15T12:00:00Z,Mar2016,Optimal,SLATE_A,154423,152129,62387,57670,28827,63338,53369,19246,-1053289988,504804819,289766203,363749775,13440375
ASP_1603_35,Max_Diesel_Mode_Mar2016,2016-03-07T19:00:00Z,Mar2016,Optimal,SLATE_D,154423,152129,62387,57670,28827,62573,67875,17205,-1289753461,425586507,394392018,423350546,14992441
ASP_1603_36,Min_Fuel_Oil_Mar2016,2016-03-22T07:00:00Z,Mar2016,Optimal,SLATE_E,154423,152129,62387,57670,28827,66365,58676,15863,-1032760720,396596484,290811474,329596214,14323861
ASP_1604_01,Base_Case_Apr2016,2016-04-17T04:00:00Z,Apr2016,Optimal,SLATE_B,169093,167996,76345,58771,43229,81254,56627,13637,-1333138208,516055434,360420341,471729432,15066999
ASP_1604_02,High_Crude_Price_Apr2016,2016-04-27T16:00:00Z,Apr2016,Optimal,SLATE_D,169093,167996,76345,58771,43229,80937,58618,15087,-1149811598,449878806,392526846,422510652,15121088
ASP_1604_03,Max_Diesel_Mode_Apr2016,2016-04-13T20:00:00Z,Apr2016,Optimal,SLATE_A,169093,167996,76345,58771,43229,74951,66284,13876,-1452693545,558406703,387673342,454007964,16570347
ASP_1604_04,Min_Fuel_Oil_Apr2016,2016-04-02T16:00:00Z,Apr2016,Optimal,SLATE_D,169093,167996,76345,58771,43229,81220,59067,11873,-1273336948,566151784,307749463,377528612,15180394
ASP_1604_05,Heavy_Crude_Slate_Apr2016,2016-04-06T08:00:00Z,Apr2016,Optimal,SLATE_B,169093,167996,76345,58771,43229,76799,58896,17100,-1113625813,443506572,437093645,372368377,15606579
ASP_1604_06,Light_Sweet_Slate_Apr2016,2016-04-20T19:00:00Z,Apr2016,Optimal,SLATE_F,169093,167996,76345,58771,43229,87839,55266,10908,-1528563385,563487698,424928117,392594090,16221168
ASP_1604_07,Coker_Max_Run_Apr2016,2016-04-08T10:00:00Z,Apr2016,Optimal,SLATE_C,169093,167996,76345,58771,43229,83081,63863,15666,-1483860375,578321070,439236282,453504208,16296486
ASP_1604_08,Product_Demand_High_Apr2016,2016-04-13T19:00:00Z,Apr2016,Optimal,SLATE_B,169093,167996,76345,58771,43229,86093,59088,13970,-1416933828,559480802,325105531,443357727,15968293
ASP_1604_09,Base_Case_Apr2016,2016-04-07T19:00:00Z,Apr2016,Optimal,SLATE_C,169093,167996,76345,58771,43229,79083,59114,14979,-1380807425,571322637,359900524,465184420,15600156
ASP_1604_10,High_Crude_Price_Apr2016,2016-04-11T14:00:00Z,Apr2016,Optimal,SLATE_A,169093,167996,76345,58771,43229,75789,54757,15151,-1235746173,463415788,422670464,471696205,14580094
ASP_1604_11,Max_Diesel_Mode_Apr2016,2016-04-20T03:00:00Z,Apr2016,Optimal,SLATE_B,169093,167996,76345,58771,43229,71663,65772,13281,-1286111550,409306887,409932753,420473519,14845016
ASP_1604_12,Min_Fuel_Oil_Apr2016,2016-04-12T06:00:00Z,Apr2016,Optimal,SLATE_F,169093,167996,76345,58771,43229,83677,60031,12653,-1307141876,413447870,417081217,454649913,16109217
ASP_1604_13,Heavy_Crude_Slate_Apr2016,2016-04-25T21:00:00Z,Apr2016,Optimal,SLATE_C,169093,167996,76345,58771,43229,74836,59095,17714,-1175322385,557883612,381261053,382631846,15862749
ASP_1604_14,Light_Sweet_Slate_Apr2016,2016-04-24T17:00:00Z,Apr2016,Optimal,SLATE_F,169093,167996,76345,58771,43229,92433,56699,11491,-1488340852,542999719,424888054,377050175,16062187
ASP_1604_15,Coker_Max_Run_Apr2016,2016-04-17T09:00:00Z,Apr2016,Optimal,SLATE_A,169093,167996,76345,58771,43229,83222,60775,15392,-1265380010,547559200,350062110,358923550,15976222
ASP_1604_16,Product_Demand_High_Apr2016,2016-04-22T05:00:00Z,Apr2016,Optimal,SLATE_E,169093,167996,76345,58771,43229,89508,63449,13269,-1451435000,567467853,430936921,363192947,17676424
ASP_1604_17,Base_Case_Apr2016,2016-04-10T14:00:00Z,Apr2016,Optimal,SLATE_D,169093,167996,76345,58771,43229,80862,57714,14309,-1217398921,475694753,373038302,383304841,14638975
ASP_1604_18,High_Crude_Price_Apr2016,2016-04-22T03:00:00Z,Apr2016,Optimal,SLATE_B,169093,167996,76345,58771,43229,78332,57139,14776,-1155411389,465268734,418565954,387591831,15544574
ASP_1604_19,Max_Diesel_Mode_Apr2016,2016-04-14T16:00:00Z,Apr2016,Optimal,SLATE_F,169093,167996,76345,58771,43229,76008,68068,14039,-1390373786,572510803,337285820,430459206,16090318
ASP_1604_20,Min_Fuel_Oil_Apr2016,2016-04-08T07:00:00Z,Apr2016,Optimal,SLATE_A,169093,167996,76345,58771,43229,84898,61548,12083,-1431011120,517025787,406713662,480660973,15069237
ASP_1604_21,Heavy_Crude_Slate_Apr2016,2016-04-19T15:00:00Z,Apr2016,Optimal,SLATE_F,169093,167996,76345,58771,43229,74310,59758,16431,-1268374885,566931184,389437126,468174081,15236963
ASP_1604_22,Light_Sweet_Slate_Apr2016,2016-04-19T03:00:00Z,Apr2016,Optimal,SLATE_A,169093,167996,76345,58771,43229,90032,56011,10888,-1406734344,558096627,333082691,379923847,15090357
ASP_1604_23,Coker_Max_Run_Apr2016,2016-04-04T06:00:00Z,Apr2016,Optimal,SLATE_D,169093,167996,76345,58771,43229,82904,63062,16494,-1279127560,480276390,323559992,467237974,17027728
ASP_1604_24,Product_Demand_High_Apr2016,2016-04-23T09:00:00Z,Apr2016,Optimal,SLATE_A,169093,167996,76345,58771,43229,85409,61581,13226,-1460935930,514601986,389701338,464232028,15816898
ASP_1604_25,Base_Case_Apr2016,2016-04-21T21:00:00Z,Apr2016,Optimal,SLATE_E,169093,167996,76345,58771,43229,83433,61471,14409,-1217351569,512596794,343231301,377739828,16216354
ASP_1604_26,High_Crude_Price_Apr2016,2016-04-22T22:00:00Z,Apr2016,Optimal,SLATE_D,169093,167996,76345,58771,43229,76788,58001,15137,-1256056763,500797040,426025797,453250898,14794644
ASP_1604_27,Max_Diesel_Mode_Apr2016,2016-04-21T21:00:00Z,Apr2016,Optimal,SLATE_D,169093,167996,76345,58771,43229,72482,66824,13474,-1136886044,407892634,311006779,379449333,15600132
ASP_1604_28,Min_Fuel_Oil_Apr2016,2016-04-17T02:00:00Z,Apr2016,Optimal,SLATE_F,169093,167996,76345,58771,43229,85735,61298,12727,-1284082321,466860729,432825585,363569469,16573917
ASP_1604_29,Heavy_Crude_Slate_Apr2016,2016-04-22T11:00:00Z,Apr2016,Optimal,SLATE_A,169093,167996,76345,58771,43229,76271,56879,17203,-1195075819,433438662,435339675,473833552,14749867
ASP_1604_30,Light_Sweet_Slate_Apr2016,2016-04-13T13:00:00Z,Apr2016,Optimal,SLATE_D,169093,167996,76345,58771,43229,93136,54810,10936,-1433583907,511810227,410063322,374471425,16359342
ASP_1604_31,Coker_Max_Run_Apr2016,2016-04-07T10:00:00Z,Apr2016,Optimal,SLATE_A,169093,167996,76345,58771,43229,77864,63933,15489,-1309226498,488802435,334473586,475146301,14866931
ASP_1604_32,Product_Demand_High_Apr2016,2016-04-13T00:00:00Z,Apr2016,Optimal,SLATE_E,169093,167996,76345,58771,43229,88469,61913,12972,-1365149917,584118718,308075935,388952015,17118967
ASP_1604_33,Base_Case_Apr2016,2016-04-20T13:00:00Z,Apr2016,Optimal,SLATE_B,169093,167996,76345,58771,43229,80463,58658,14910,-1096630082,406336666,309542545,396741427,15990556
ASP_1604_34,High_Crude_Price_Apr2016,2016-04-23T20:00:00Z,Apr2016,Optimal,SLATE_E,169093,167996,76345,58771,43229,78216,54259,14472,-1105366717,392276556,434999901,388891407,14682302
ASP_1604_35,Max_Diesel_Mode_Apr2016,2016-04-22T13:00:00Z,Apr2016,Optimal,SLATE_F,169093,167996,76345,58771,43229,75688,65684,13186,-1402159539,507312214,423192628,421689910,16804714
ASP_1604_36,Min_Fuel_Oil_Apr2016,2016-04-04T22:00:00Z,Apr2016,Optimal,SLATE_F,169093,167996,76345,58771,43229,83309,57167,11702,-1186010893,450078022,346259125,370560035,15430295
ASP_1605_01,Base_Case_May2016,2016-05-06T01:00:00Z,May2016,Optimal,SLATE_B,162816,157488,80119,58291,40612,75912,62198,13863,-1218576242,458738968,401722807,373699523,15585056
ASP_1605_02,High_Crude_Price_May2016,2016-05-04T19:00:00Z,May2016,Optimal,SLATE_E,162816,157488,80119,58291,40612,71522,61234,14617,-1247983795,566061189,379606985,426471335,15635383
ASP_1605_03,Max_Diesel_Mode_May2016,2016-05-03T17:00:00Z,May2016,Optimal,SLATE_F,162816,157488,80119,58291,40612,66538,74575,12549,-1419652650,514279611,415016137,438287329,15532934
ASP_1605_04,Min_Fuel_Oil_May2016,2016-05-21T02:00:00Z,May2016,Optimal,SLATE_C,162816,157488,80119,58291,40612,78133,64940,11557,-1159303551,416189076,349263883,375769662,15685192
ASP_1605_05,Heavy_Crude_Slate_May2016,2016-05-02T10:00:00Z,May2016,Optimal,SLATE_C,162816,157488,80119,58291,40612,63400,65604,15878,-1047002332,433840154,318887607,424971736,14363572
ASP_1605_06,Light_Sweet_Slate_May2016,2016-05-07T12:00:00Z,May2016,Optimal,SLATE_F,162816,157488,80119,58291,40612,82088,61224,10734,-1386860195,497434934,334504265,421864298,15535465
ASP_1605_07,Coker_Max_Run_May2016,2016-05-23T15:00:00Z,May2016,Optimal,SLATE_A,162816,157488,80119,58291,40612,73663,67152,15187,-1293225625,470511145,387629213,425026523,15298621
ASP_1605_08,Product_Demand_High_May2016,2016-05-24T01:00:00Z,May2016,Optimal,SLATE_C,162816,157488,80119,58291,40612,82799,71000,13232,-1338607944,522365575,379799317,354352411,17065503
ASP_1605_09,Base_Case_May2016,2016-05-02T03:00:00Z,May2016,Optimal,SLATE_E,162816,157488,80119,58291,40612,72109,64875,14256,-1091728875,378835309,374151536,354007710,15265680
ASP_1605_10,High_Crude_Price_May2016,2016-05-18T09:00:00Z,May2016,Optimal,SLATE_F,162816,157488,80119,58291,40612,73707,63323,13397,-1152149753,489218148,417497377,360292208,14671044
ASP_1605_11,Max_Diesel_Mode_May2016,2016-05-08T01:00:00Z,May2016,Optimal,SLATE_C,162816,157488,80119,58291,40612,65181,71865,12608,-1303322585,461605686,385930600,409572213,15848894
ASP_1605_12,Min_Fuel_Oil_May2016,2016-05-11T05:00:00Z,May2016,Optimal,SLATE_F,162816,157488,80119,58291,40612,74734,66506,12106,-1248688381,461646743,375291186,390365156,14984268
ASP_1605_13,Heavy_Crude_Slate_May2016,2016-05-17T08:00:00Z,May2016,Optimal,SLATE_C,162816,157488,80119,58291,40612,69860,66027,16188,-1053517349,475798369,350559111,359780789,15563436
ASP_1605_14,Light_Sweet_Slate_May2016,2016-05-01T17:00:00Z,May2016,Optimal,SLATE_D,162816,157488,80119,58291,40612,82525,63402,11252,-1589309047,559436097,420650825,455209942,16270929
ASP_1605_15,Coker_Max_Run_May2016,2016-05-08T15:00:00Z,May2016,Optimal,SLATE_F,162816,157488,80119,58291,40612,73415,63769,14752,-1134233580,388191118,348338641,390785319,15321372
ASP_1605_16,Product_Demand_High_May2016,2016-05-05T06:00:00Z,May2016,Optimal,SLATE_C,162816,157488,80119,58291,40612,82470,68427,12539,-1258158434,493828439,319036594,368482406,16385926
ASP_1605_17,Base_Case_May2016,2016-05-16T13:00:00Z,May2016,Optimal,SLATE_B,162816,157488,80119,58291,40612,75114,61215,13508,-1210618430,546160588,299753849,379488740,14784747
ASP_1605_18,High_Crude_Price_May2016,2016-05-20T11:00:00Z,May2016,Optimal,SLATE_E,162816,157488,80119,58291,40612,67300,63842,14373,-1139263984,553411469,331238382,368409320,14728753
ASP_1605_19,Max_Diesel_Mode_May2016,2016-05-25T09:00:00Z,May2016,Optimal,SLATE_B,162816,157488,80119,58291,40612,68955,74138,12541,-1311452611,447801174,422734735,394419016,15952438
ASP_1605_20,Min_Fuel_Oil_May2016,2016-05-23T02:00:00Z,May2016,Optimal,SLATE_E,162816,157488,80119,58291,40612,72549,67529,11948,-1275581316,513260611,344885247,395068723,14786118
ASP_1605_21,Heavy_Crude_Slate_May2016,2016-05-12T04:00:00Z,May2016,Optimal,SLATE_B,162816,157488,80119,58291,40612,68879,61024,16586,-1253683591,536143616,410547050,461454951,15163849
ASP_1605_22,Light_Sweet_Slate_May2016,2016-05-24T00:00:00Z,May2016,Optimal,SLATE_D,162816,157488,80119,58291,40612,81249,62011,10767,-1315156660,446597741,393350438,349888199,15589360
ASP_1605_23,Coker_Max_Run_May2016,2016-05-26T22:00:00Z,May2016,Optimal,SLATE_D,162816,157488,80119,58291,40612,73743,67112,15070,-1119939266,375801918,295141564,442659789,15623598
ASP_1605_24,Product_Demand_High_May2016,2016-05-08T02:00:00Z,May2016,Optimal,SLATE_D,162816,157488,80119,58291,40612,76400,71307,13363,-1315639680,518785869,362480614,353989645,17071239
ASP_1605_25,Base_Case_May2016,2016-05-27T04:00:00Z,May2016,Optimal,SLATE_A,162816,157488,80119,58291,40612,73951,62251,13646,-1282373716,549409979,361358941,386401259,14796463
ASP_1605_26,High_Crude_Price_May2016,2016-05-25T04:00:00Z,May2016,Optimal,SLATE_E,162816,157488,80119,58291,40612,67223,63852,14651,-1016550287,467657164,308904513,342919116,14534828
ASP_1605_27,Max_Diesel_Mode_May2016,2016-05-19T03:00:00Z,May2016,Optimal,SLATE_B,162816,157488,80119,58291,40612,67735,72474,12755,-1204047461,382252219,326168756,453675435,15384542
ASP_1605_28,Min_Fuel_Oil_May2016,2016-05-13T22:00:00Z,May2016,Optimal,SLATE_A,162816,157488,80119,58291,40612,76137,66921,11988,-1147993207,434430085,294405853,401698294,15977720
ASP_1605_29,Heavy_Crude_Slate_May2016,2016-05-06T18:00:00Z,May2016,Optimal,SLATE_D,162816,157488,80119,58291,40612,68806,64263,17247,-1145960469,420726729,413137010,454812695,15387023
ASP_1605_30,Light_Sweet_Slate_May2016,2016-05-21T03:00:00Z,May2016,Optimal,SLATE_D,162816,157488,80119,58291,40612,82211,60188,11163,-1285008566,450334022,342285736,371356710,16647391
ASP_1605_31,Coker_Max_Run_May2016,2016-05-09T19:00:00Z,May2016,Optimal,SLATE_A,162816,157488,80119,58291,40612,75382,64203,15891,-1213027544,450664351,360102318,394105132,15629110
ASP_1605_32,Product_Demand_High_May2016,2016-05-20T17:00:00Z,May2016,Optimal,SLATE_E,162816,157488,80119,58291,40612,78262,65752,13043,-1248485921,461884908,357457658,352696012,16033095
ASP_1605_33,Base_Case_May2016,2016-05-10T11:00:00Z,May2016,Optimal,SLATE_A,162816,157488,80119,58291,40612,76615,65572,13187,-1258208116,524209099,361652050,388960737,16613770
ASP_1605_34,High_Crude_Price_May2016,2016-05-21T09:00:00Z,May2016,Optimal,SLATE_D,162816,157488,80119,58291,40612,72854,61174,13407,-1165969730,490674035,416580728,375186085,15082445
ASP_1605_35,Max_Diesel_Mode_May2016,2016-05-07T10:00:00Z,May2016,Optimal,SLATE_D,162816,157488,80119,58291,40612,67063,72645,12619,-1409827654,509573842,419698826,428952853,15532517
ASP_1605_36,Min_Fuel_Oil_May2016,2016-05-10T12:00:00Z,May2016,Optimal,SLATE_B,162816,157488,80119,58291,40612,75448,66306,11530,-1227693254,538025041,314520842,355047093,15657777
ASP_1606_01,Base_Case_Jun2016,2016-06-07T01:00:00Z,Jun2016,Optimal,SLATE_C,161861,161485,68064,58103,29959,76882,62178,21268,-1160966919,432457674,293960373,450405471,15856599
ASP_1606_02,High_Crude_Price_Jun2016,2016-06-03T07:00:00Z,Jun2016,Optimal,SLATE_E,161861,161485,68064,58103,29959,76016,60680,21821,-1152318345,456578330,386185159,425598339,15841887
ASP_1606_03,Max_Diesel_Mode_Jun2016,2016-06-13T08:00:00Z,Jun2016,Optimal,SLATE_A,161861,161485,68064,58103,29959,69946,71824,19493,-1236312615,442563678,304603470,446590473,16317035
ASP_1606_04,Min_Fuel_Oil_Jun2016,2016-06-17T07:00:00Z,Jun2016,Optimal,SLATE_A,161861,161485,68064,58103,29959,76809,68405,18375,-1267435587,550106508,295848337,401117296,16552153
ASP_1606_05,Heavy_Crude_Slate_Jun2016,2016-06-09T10:00:00Z,Jun2016,Optimal,SLATE_B,161861,161485,68064,58103,29959,69785,64118,25449,-948620054,379414410,344063037,345477664,14932828
ASP_1606_06,Light_Sweet_Slate_Jun2016,2016-06-03T10:00:00Z,Jun2016,Optimal,SLATE_C,161861,161485,68064,58103,29959,87888,61851,17436,-1384403341,492892852,346257013,413867188,16942641
ASP_1606_07,Coker_Max_Run_Jun2016,2016-06-25T06:00:00Z,Jun2016,Optimal,SLATE_F,161861,161485,68064,58103,29959,73224,65755,23655,-1240926036,443365800,409078090,379968881,15818618
ASP_1606_08,Product_Demand_High_Jun2016,2016-06-09T14:00:00Z,Jun2016,Optimal,SLATE_D,161861,161485,68064,58103,29959,86336,66579,20932,-1381803507,536731771,320572479,439608105,17464663
ASP_1606_09,Base_Case_Jun2016,2016-06-27T06:00:00Z,Jun2016,Optimal,SLATE_B,161861,161485,68064,58103,29959,74736,62314,20230,-1218947423,469962661,372690332,391040031,14745601
ASP_1606_10,High_Crude_Price_Jun2016,2016-06-06T07:00:00Z,Jun2016,Optimal,SLATE_E,161861,161485,68064,58103,29959,76341,60619,20637,-1251497881,561250980,394217324,420811282,15955802
ASP_1606_11,Max_Diesel_Mode_Jun2016,2016-06-24T20:00:00Z,Jun2016,Optimal,SLATE_B,161861,161485,68064,58103,29959,71422,75779,19920,-1372871480,498958979,380122299,444543107,16127737
ASP_1606_12,Min_Fuel_Oil_Jun2016,2016-06-22T07:00:00Z,Jun2016,Optimal,SLATE_B,161861,161485,68064,58103,29959,81675,67339,18386,-1246143354,520988589,312928731,392843483,16912886
ASP_1606_13,Heavy_Crude_Slate_Jun2016,2016-06-07T04:00:00Z,Jun2016,Optimal,SLATE_F,161861,161485,68064,58103,29959,66978,64360,26004,-1040971893,482237759,345748157,345007453,16357932
ASP_1606_14,Light_Sweet_Slate_Jun2016,2016-06-15T16:00:00Z,Jun2016,Optimal,SLATE_C,161861,161485,68064,58103,29959,85222,59613,16174,-1226876254,406856643,322072728,383547515,17051659
ASP_1606_15,Coker_Max_Run_Jun2016,2016-06-20T17:00:00Z,Jun2016,Optimal,SLATE_D,161861,161485,68064,58103,29959,77432,67663,23452,-1200571940,541247078,312231646,340050467,16497877
ASP_1606_16,Product_Demand_High_Jun2016,2016-06-08T20:00:00Z,Jun2016,Optimal,SLATE_E,161861,161485,68064,58103,29959,86862,68661,20627,-1143592186,386099373,292917930,397815801,17951450
ASP_1606_17,Base_Case_Jun2016,2016-06-16T13:00:00Z,Jun2016,Optimal,SLATE_B,161861,161485,68064,58103,29959,74522,63786,20476,-1255396826,406997433,416653200,448284531,16538338
ASP_1606_18,High_Crude_Price_Jun2016,2016-06-13T01:00:00Z,Jun2016,Optimal,SLATE_A,161861,161485,68064,58103,29959,75432,63427,20771,-1016262574,378511862,292064987,449893929,15837545
ASP_1606_19,Max_Diesel_Mode_Jun2016,2016-06-20T00:00:00Z,Jun2016,Optimal,SLATE_C,161861,161485,68064,58103,29959,69080,76547,20775,-1228283497,428143856,376035263,381935781,16321093
ASP_1606_20,Min_Fuel_Oil_Jun2016,2016-06-21T14:00:00Z,Jun2016,Optimal,SLATE_C,161861,161485,68064,58103,29959,80376,64498,17392,-1252824236,429703697,397671204,405466893,16507584
ASP_1606_21,Heavy_Crude_Slate_Jun2016,2016-06-11T02:00:00Z,Jun2016,Optimal,SLATE_D,161861,161485,68064,58103,29959,66749,62136,25163,-1100218359,434564177,349427791,454595805,16122929
ASP_1606_22,Light_Sweet_Slate_Jun2016,2016-06-11T09:00:00Z,Jun2016,Optimal,SLATE_C,161861,161485,68064,58103,29959,82021,65082,16881,-1216813883,390184128,345852590,366438611,16034362
ASP_1606_23,Coker_Max_Run_Jun2016,2016-06-08T03:00:00Z,Jun2016,Optimal,SLATE_B,161861,161485,68064,58103,29959,72950,65592,22319,-1228405717,390950876,387293539,442346583,16271667
ASP_1606_24,Product_Demand_High_Jun2016,2016-06-21T02:00:00Z,Jun2016,Optimal,SLATE_C,161861,161485,68064,58103,29959,86865,68246,20230,-1247556303,406170508,387739529,379068652,17833964
ASP_1606_25,Base_Case_Jun2016,2016-06-16T13:00:00Z,Jun2016,Optimal,SLATE_C,161861,161485,68064,58103,29959,77970,63092,21965,-1338188905,550234968,368996745,435989800,17032608
ASP_1606_26,High_Crude_Price_Jun2016,2016-06-06T00:00:00Z,Jun2016,Optimal,SLATE_F,161861,161485,68064,58103,29959,75308,59755,21928,-1142339507,498827855,379267520,380286713,16708710
ASP_1606_27,Max_Diesel_Mode_Jun2016,2016-06-22T08:00:00Z,Jun2016,Optimal,SLATE_E,161861,161485,68064,58103,29959,67098,70592,20368,-1374667431,517304385,358264827,449994038,16356172
ASP_1606_28,Min_Fuel_Oil_Jun2016,2016-06-23T00:00:00Z,Jun2016,Optimal,SLATE_F,161861,161485,68064,58103,29959,77513,67867,18376,-1413413497,534218908,419130939,436177322,17281055
ASP_1606_29,Heavy_Crude_Slate_Jun2016,2016-06-26T11:00:00Z,Jun2016,Optimal,SLATE_E,161861,161485,68064,58103,29959,72542,63491,23994,-1065489952,462436491,393348461,344588431,16495658
ASP_1606_30,Light_Sweet_Slate_Jun2016,2016-06-03T20:00:00Z,Jun2016,Optimal,SLATE_F,161861,161485,68064,58103,29959,80472,62824,16799,-1386659855,407569126,401744166,444747198,15971333
ASP_1606_31,Coker_Max_Run_Jun2016,2016-06-09T18:00:00Z,Jun2016,Optimal,SLATE_A,161861,161485,68064,58103,29959,78828,69558,24175,-1222201403,497256153,378246508,340180346,17446337
ASP_1606_32,Product_Demand_High_Jun2016,2016-06-08T00:00:00Z,Jun2016,Optimal,SLATE_B,161861,161485,68064,58103,29959,79551,65025,20230,-1406103587,517546910,395862821,404959044,16421009
ASP_1606_33,Base_Case_Jun2016,2016-06-11T14:00:00Z,Jun2016,Optimal,SLATE_F,161861,161485,68064,58103,29959,79068,63211,20462,-1242114859,453899916,354528204,450676571,16989832
ASP_1606_34,High_Crude_Price_Jun2016,2016-06-14T17:00:00Z,Jun2016,Optimal,SLATE_D,161861,161485,68064,58103,29959,75103,60756,20902,-1247640439,536598679,384316344,450265597,15049708
ASP_1606_35,Max_Diesel_Mode_Jun2016,2016-06-10T15:00:00Z,Jun2016,Optimal,SLATE_F,161861,161485,68064,58103,29959,67722,74500,18981,-1278701830,509018176,338100197,387697983,17005089
ASP_1606_36,Min_Fuel_Oil_Jun2016,2016-06-11T00:00:00Z,Jun2016,Optimal,SLATE_A,161861,161485,68064,58103,29959,75982,64250,17809,-1283196868,520946780,292020402,448665549,15810529
ASP_1607_01,Base_Case_Jul2016,2016-07-04T21:00:00Z,Jul2016,Optimal,SLATE_F,160509,150120,82868,53538,38343,68872,65950,14594,-1122574200,397941476,366368042,373436526,15171844
ASP_1607_02,High_Crude_Price_Jul2016,2016-07-15T00:00:00Z,Jul2016,Optimal,SLATE_D,160509,150120,82868,53538,38343,62249,61461,14854,-1110114114,558999273,300516865,361040031,13910392
ASP_1607_03,Max_Diesel_Mode_Jul2016,2016-07-24T14:00:00Z,Jul2016,Optimal,SLATE_D,160509,150120,82868,53538,38343,59786,72758,14736,-1391614439,545366184,341693265,453784691,15497055
ASP_1607_04,Min_Fuel_Oil_Jul2016,2016-07-25T07:00:00Z,Jul2016,Optimal,SLATE_F,160509,150120,82868,53538,38343,66799,66132,12336,-1188453579,395606656,409889942,362951216,14609387
ASP_1607_05,Heavy_Crude_Slate_Jul2016,2016-07-06T05:00:00Z,Jul2016,Optimal,SLATE_A,160509,150120,82868,53538,38343,64382,60006,18529,-1167410403,552592231,385264786,373237965,13972312
ASP_1607_06,Light_Sweet_Slate_Jul2016,2016-07-08T08:00:00Z,Jul2016,Optimal,SLATE_C,160509,150120,82868,53538,38343,71474,63688,12033,-1273256279,371732107,409493957,369790341,14180441
ASP_1607_07,Coker_Max_Run_Jul2016,2016-07-11T13:00:00Z,Jul2016,Optimal,SLATE_E,160509,150120,82868,53538,38343,67067,65211,15983,-1194694024,422894679,331554844,431663149,14844021
ASP_1607_08,Product_Demand_High_Jul2016,2016-07-12T19:00:00Z,Jul2016,Optimal,SLATE_A,160509,150120,82868,53538,38343,72361,67123,13815,-1298902090,437374286,342930738,438174873,15792776
ASP_1607_09,Base_Case_Jul2016,2016-07-26T19:00:00Z,Jul2016,Optimal,SLATE_E,160509,150120,82868,53538,38343,66612,61718,15333,-1071425011,412974346,298939855,374730822,15220012
ASP_1607_10,High_Crude_Price_Jul2016,2016-07-01T01:00:00Z,Jul2016,Optimal,SLATE_D,160509,150120,82868,53538,38343,64399,64194,15444,-1212464268,501730150,378388589,452176616,14399411
ASP_1607_11,Max_Diesel_Mode_Jul2016,2016-07-26T09:00:00Z,Jul2016,Optimal,SLATE_D,160509,150120,82868,53538,38343,64422,74174,13670,-1188168283,455102116,339099058,352039543,14651876
ASP_1607_12,Min_Fuel_Oil_Jul2016,2016-07-14T17:00:00Z,Jul2016,Optimal,SLATE_E,160509,150120,82868,53538,38343,66532,63865,12414,-1251154414,485608600,341625253,402337811,14858640
ASP_1607_13,Heavy_Crude_Slate_Jul2016,2016-07-23T11:00:00Z,Jul2016,Optimal,SLATE_F,160509,150120,82868,53538,38343,63703,60483,17341,-1172179524,555534686,368574737,392757904,14445633
ASP_1607_14,Light_Sweet_Slate_Jul2016,2016-07-05T03:00:00Z,Jul2016,Optimal,SLATE_B,160509,150120,82868,53538,38343,75473,63646,12291,-1328516946,443618485,323714499,434995671,16152810
ASP_1607_15,Coker_Max_Run_Jul2016,2016-07-22T03:00:00Z,Jul2016,Optimal,SLATE_A,160509,150120,82868,53538,38343,69173,66845,16203,-1347765716,557949821,363176799,416486845,16274527
ASP_1607_16,Product_Demand_High_Jul2016,2016-07-24T14:00:00Z,Jul2016,Optimal,SLATE_C,160509,150120,82868,53538,38343,71294,68988,14627,-1229965945,398501141,303512754,452979590,16136128
ASP_1607_17,Base_Case_Jul2016,2016-07-08T18:00:00Z,Jul2016,Optimal,SLATE_A,160509,150120,82868,53538,38343,71613,62944,14279,-1186794571,427091595,342732916,431289946,14319886
ASP_1607_18,High_Crude_Price_Jul2016,2016-07-11T12:00:00Z,Jul2016,Optimal,SLATE_B,160509,150120,82868,53538,38343,65307,60043,15455,-1107507304,480193805,292598862,445548521,14528900
ASP_1607_19,Max_Diesel_Mode_Jul2016,2016-07-17T06:00:00Z,Jul2016,Optimal,SLATE_F,160509,150120,82868,53538,38343,60417,72966,14337,-1200019002,423750002,341658371,392098548,14631681
ASP_1607_20,Min_Fuel_Oil_Jul2016,2016-07-20T09:00:00Z,Jul2016,Optimal,SLATE_D,160509,150120,82868,53538,38343,68956,66469,13063,-1281749631,434886740,409188956,415178145,14836723
ASP_1607_21,Heavy_Crude_Slate_Jul2016,2016-07-23T06:00:00Z,Jul2016,Optimal,SLATE_A,160509,150120,82868,53538,38343,62340,65516,18559,-1071163823,466083709,387482708,351065613,14450004
ASP_1607_22,Light_Sweet_Slate_Jul2016,2016-07-12T01:00:00Z,Jul2016,Optimal,SLATE_B,160509,150120,82868,53538,38343,72153,61235,11736,-1349590616,452395588,395931917,371470951,14806834
ASP_1607_23,Coker_Max_Run_Jul2016,2016-07-26T00:00:00Z,Jul2016,Optimal,SLATE_D,160509,150120,82868,53538,38343,65821,69351,16123,-1220489266,496588100,300471691,414062200,14563887
ASP_1607_24,Product_Demand_High_Jul2016,2016-07-25T09:00:00Z,Jul2016,Optimal,SLATE_B,160509,150120,82868,53538,38343,71424,66393,14095,-1235809865,433780217,351318161,374547571,15377555
ASP_1607_25,Base_Case_Jul2016,2016-07-25T17:00:00Z,Jul2016,Optimal,SLATE_F,160509,150120,82868,53538,38343,64847,61004,14305,-1279033032,448530633,397598201,446946120,14041922
ASP_1607_26,High_Crude_Price_Jul2016,2016-07-18T09:00:00Z,Jul2016,Optimal,SLATE_B,160509,150120,82868,53538,38343,64493,62831,14568,-1132479715,460968563,335885723,448585578,14483651
ASP_1607_27,Max_Diesel_Mode_Jul2016,2016-07-13T15:00:00Z,Jul2016,Optimal,SLATE_F,160509,150120,82868,53538,38343,59478,71224,14669,-1291909735,450506126,388427493,406447639,14991034
ASP_1607_28,Min_Fuel_Oil_Jul2016,2016-07-15T05:00:00Z,Jul2016,Optimal,SLATE_A,160509,150120,82868,53538,38343,70365,63566,12353,-1247986971,485550776,345011594,396616214,15540748
ASP_1607_29,Heavy_Crude_Slate_Jul2016,2016-07-17T08:00:00Z,Jul2016,Optimal,SLATE_C,160509,150120,82868,53538,38343,60836,61397,17891,-1224340936,544190150,409730592,420955202,14497126
ASP_1607_30,Light_Sweet_Slate_Jul2016,2016-07-22T00:00:00Z,Jul2016,Optimal,SLATE_E,160509,150120,82868,53538,38343,72586,65387,11621,-1469196251,502944498,405518072,419186362,15866565
ASP_1607_31,Coker_Max_Run_Jul2016,2016-07-06T10:00:00Z,Jul2016,Optimal,SLATE_A,160509,150120,82868,53538,38343,67346,65877,15708,-1190546814,480740061,340596799,361387116,15521217
ASP_1607_32,Product_Demand_High_Jul2016,2016-07-14T19:00:00Z,Jul2016,Optimal,SLATE_E,160509,150120,82868,53538,38343,73623,66697,13752,-1220435467,437562507,335301542,372229609,15060818
ASP_1607_33,Base_Case_Jul2016,2016-07-15T03:00:00Z,Jul2016,Optimal,SLATE_C,160509,150120,82868,53538,38343,65446,62729,14538,-1115885230,461747007,312449631,355867116,14178524
ASP_1607_34,High_Crude_Price_Jul2016,2016-07-08T07:00:00Z,Jul2016,Optimal,SLATE_E,160509,150120,82868,53538,38343,64603,61300,14913,-1075209105,461796936,332883081,388389972,14364440
ASP_1607_35,Max_Diesel_Mode_Jul2016,2016-07-22T14:00:00Z,Jul2016,Optimal,SLATE_F,160509,150120,82868,53538,38343,63520,73880,13960,-1310255688,528358034,320104678,415173738,15773890
ASP_1607_36,Min_Fuel_Oil_Jul2016,2016-07-26T01:00:00Z,Jul2016,Optimal,SLATE_A,160509,150120,82868,53538,38343,70319,63218,12500,-1288053855,554597138,307730822,402621177,14411413
ASP_1608_01,Base_Case_Aug2016,2016-08-13T12:00:00Z,Aug2016,Optimal,SLATE_D,132084,119235,60786,35381,32871,55152,49292,12327,-912196477,335245162,295253234,293698783,12000702
ASP_1608_02,High_Crude_Price_Aug2016,2016-08-20T15:00:00Z,Aug2016,Optimal,SLATE_D,132084,119235,60786,35381,32871,56654,49289,12269,-848248898,308907992,301667111,322867427,11432858
ASP_1608_03,Max_Diesel_Mode_Aug2016,2016-08-05T15:00:00Z,Aug2016,Optimal,SLATE_F,132084,119235,60786,35381,32871,49737,59482,12226,-1011437297,397748309,272612759,304637308,11724759
ASP_1608_04,Min_Fuel_Oil_Aug2016,2016-08-02T20:00:00Z,Aug2016,Optimal,SLATE_B,132084,119235,60786,35381,32871,56972,49785,11047,-1024511767,377869541,299389142,329828573,12415637
ASP_1608_05,Heavy_Crude_Slate_Aug2016,2016-08-02T01:00:00Z,Aug2016,Optimal,SLATE_B,132084,119235,60786,35381,32871,51927,52324,15241,-900726642,444588096,243513791,324648658,11943164
ASP_1608_06,Light_Sweet_Slate_Aug2016,2016-08-01T14:00:00Z,Aug2016,Optimal,SLATE_D,132084,119235,60786,35381,32871,60254,50277,9724,-1085118396,409005104,239393998,332984510,12527901
ASP_1608_07,Coker_Max_Run_Aug2016,2016-08-19T22:00:00Z,Aug2016,Optimal,SLATE_C,132084,119235,60786,35381,32871,55564,52436,13185,-947944363,345798581,275517472,319852971,11811805
ASP_1608_08,Product_Demand_High_Aug2016,2016-08-06T06:00:00Z,Aug2016,Optimal,SLATE_F,132084,119235,60786,35381,32871,64490,54586,11504,-1050055511,443911675,262483774,278832048,12953875
ASP_1608_09,Base_Case_Aug2016,2016-08-27T01:00:00Z,Aug2016,Optimal,SLATE_F,132084,119235,60786,35381,32871,57602,49954,12383,-1027898507,404478593,337318479,297660465,11559030
ASP_1608_10,High_Crude_Price_Aug2016,2016-08-17T12:00:00Z,Aug2016,Optimal,SLATE_F,132084,119235,60786,35381,32871,57364,47784,13157,-952988596,346691435,334857772,366590462,12282499
ASP_1608_11,Max_Diesel_Mode_Aug2016,2016-08-26T16:00:00Z,Aug2016,Optimal,SLATE_B,132084,119235,60786,35381,32871,49775,60865,12352,-967352491,387959473,260268805,285954237,12894428
ASP_1608_12,Min_Fuel_Oil_Aug2016,2016-08-03T09:00:00Z,Aug2016,Optimal,SLATE_D,132084,119235,60786,35381,32871,58005,52326,11162,-930746290,333574348,267687965,314123574,11748712
ASP_1608_13,Heavy_Crude_Slate_Aug2016,2016-08-24T08:00:00Z,Aug2016,Optimal,SLATE_B,132084,119235,60786,35381,32871,51895,51860,15823,-886115708,394048553,308955154,293168928,11599626
ASP_1608_14,Light_Sweet_Slate_Aug2016,2016-08-09T00:00:00Z,Aug2016,Optimal,SLATE_C,132084,119235,60786,35381,32871,65356,48567,10130,-1136892805,356078153,335961731,335386859,12343881
ASP_1608_15,Coker_Max_Run_Aug2016,2016-08-23T08:00:00Z,Aug2016,Optimal,SLATE_C,132084,119235,60786,35381,32871,57717,51110,13386,-1052671645,365377497,328322060,350291875,11960407
ASP_1608_16,Product_Demand_High_Aug2016,2016-08-03T20:00:00Z,Aug2016,Optimal,SLATE_A,132084,119235,60786,35381,32871,60469,55421,11701,-1141717508,436080083,302252866,332433966,13621074
ASP_1608_17,Base_Case_Aug2016,2016-08-22T13:00:00Z,Aug2016,Optimal,SLATE_F,132084,119235,60786,35381,32871,57895,49391,12148,-942834036,325612200,319297301,309858683,11934148
ASP_1608_18,High_Crude_Price_Aug2016,2016-08-12T18:00:00Z,Aug2016,Optimal,SLATE_E,132084,119235,60786,35381,32871,52756,48728,13402,-922012914,376579278,302006922,335270936,11669185
ASP_1608_19,Max_Diesel_Mode_Aug2016,2016-08-24T03:00:00Z,Aug2016,Optimal,SLATE_A,132084,119235,60786,35381,32871,49313,60491,11387,-1026424050,396569834,290563705,302750149,12336973
ASP_1608_20,Min_Fuel_Oil_Aug2016,2016-08-14T00:00:00Z,Aug2016,Optimal,SLATE_D,132084,119235,60786,35381,32871,57526,51698,10922,-973949346,409218409,239827150,309213197,12676866
ASP_1608_21,Heavy_Crude_Slate_Aug2016,2016-08-23T05:00:00Z,Aug2016,Optimal,SLATE_D,132084,119235,60786,35381,32871,54345,48573,14829,-917117442,384455198,324342319,321765951,11544087
ASP_1608_22,Light_Sweet_Slate_Aug2016,2016-08-24T03:00:00Z,Aug2016,Optimal,SLATE_A,132084,119235,60786,35381,32871,61536,48874,9724,-1075860866,399045128,265997185,307349785,11802039
ASP_1608_23,Coker_Max_Run_Aug2016,2016-08-02T09:00:00Z,Aug2016,Optimal,SLATE_A,132084,119235,60786,35381,32871,56021,50662,13204,-1001810559,349207938,330239301,314479257,11759281
ASP_1608_24,Product_Demand_High_Aug2016,2016-08-14T12:00:00Z,Aug2016,Optimal,SLATE_F,132084,119235,60786,35381,32871,60635,52630,11446,-987939204,308337948,252239224,367099514,12918163
ASP_1608_25,Base_Case_Aug2016,2016-08-05T12:00:00Z,Aug2016,Optimal,SLATE_B,132084,119235,60786,35381,32871,55649,52434,12138,-986453447,422963773,269250571,306681410,12442307
ASP_1608_26,High_Crude_Price_Aug2016,2016-08-14T04:00:00Z,Aug2016,Optimal,SLATE_F,132084,119235,60786,35381,32871,56222,46657,12924,-875217267,311828906,295477819,355612227,11595835
ASP_1608_27,Max_Diesel_Mode_Aug2016,2016-08-20T02:00:00Z,Aug2016,Optimal,SLATE_D,132084,119235,60786,35381,32871,52896,60880,12169,-1091740789,409174144,266189898,376335392,11946301
ASP_1608_28,Min_Fuel_Oil_Aug2016,2016-08-19T10:00:00Z,Aug2016,Optimal,SLATE_D,132084,119235,60786,35381,32871,59866,52512,10595,-1020994896,344914705,334820973,323331959,11810456
ASP_1608_29,Heavy_Crude_Slate_Aug2016,2016-08-04T06:00:00Z,Aug2016,Optimal,SLATE_B,132084,119235,60786,35381,32871,53677,49796,14939,-828569880,348361024,300057262,283599362,11384447
ASP_1608_30,Light_Sweet_Slate_Aug2016,2016-08-23T17:00:00Z,Aug2016,Optimal,SLATE_F,132084,119235,60786,35381,32871,64576,50998,10484,-1119137614,355980629,297876343,357618126,12245085
ASP_1608_31,Coker_Max_Run_Aug2016,2016-08-07T12:00:00Z,Aug2016,Optimal,SLATE_A,132084,119235,60786,35381,32871,54975,51490,14113,-901537735,311188822,282300866,302288861,11918024
ASP_1608_32,Product_Demand_High_Aug2016,2016-08-05T13:00:00Z,Aug2016,Optimal,SLATE_A,132084,119235,60786,35381,32871,62097,55948,11746,-1010034728,373314824,245149508,329602152,12849143
ASP_1608_33,Base_Case_Aug2016,2016-08-02T13:00:00Z,Aug2016,Optimal,SLATE_E,132084,119235,60786,35381,32871,57098,52634,12228,-1025908421,390713326,321605721,325305862,11716488
ASP_1608_34,High_Crude_Price_Aug2016,2016-08-04T15:00:00Z,Aug2016,Optimal,SLATE_A,132084,119235,60786,35381,32871,54959,49821,13165,-856221068,373659935,269236296,299600719,11821876
ASP_1608_35,Max_Diesel_Mode_Aug2016,2016-08-19T00:00:00Z,Aug2016,Optimal,SLATE_A,132084,119235,60786,35381,32871,54161,55815,11476,-1010513859,349256832,328385682,297785679,13034041
ASP_1608_36,Min_Fuel_Oil_Aug2016,2016-08-17T15:00:00Z,Aug2016,Optimal,SLATE_D,132084,119235,60786,35381,32871,61098,49891,11072,-1003426440,419865822,289875308,277553257,13093959
ASP_1609_01,Base_Case_Sep2016,2016-09-25T18:00:00Z,Sep2016,Optimal,SLATE_E,154907,143166,67830,40267,31613,65291,51837,16784,-1210254738,536430958,337513399,349771526,13461145
ASP_1609_02,High_Crude_Price_Sep2016,2016-09-27T12:00:00Z,Sep2016,Optimal,SLATE_A,154907,143166,67830,40267,31613,62998,46611,16388,-1113896254,447114510,353385034,423369408,13112154
ASP_1609_03,Max_Diesel_Mode_Sep2016,2016-09-14T17:00:00Z,Sep2016,Optimal,SLATE_A,154907,143166,67830,40267,31613,60225,55543,15734,-1246712568,387018959,402272351,410702531,12648538
ASP_1609_04,Min_Fuel_Oil_Sep2016,2016-09-04T08:00:00Z,Sep2016,Optimal,SLATE_C,154907,143166,67830,40267,31613,68764,51543,14847,-1199424453,506742677,317037198,354101967,13392081
ASP_1609_05,Heavy_Crude_Slate_Sep2016,2016-09-19T14:00:00Z,Sep2016,Optimal,SLATE_C,154907,143166,67830,40267,31613,58551,49596,19610,-1031698127,481535554,299989134,377756382,12949817
ASP_1609_06,Light_Sweet_Slate_Sep2016,2016-09-11T15:00:00Z,Sep2016,Optimal,SLATE_C,154907,143166,67830,40267,31613,72746,46902,13428,-1372853416,475967570,385136005,378360119,13701715
ASP_1609_07,Coker_Max_Run_Sep2016,2016-09-23T19:00:00Z,Sep2016,Optimal,SLATE_A,154907,143166,67830,40267,31613,68148,51628,17804,-1172477823,408588605,329032990,426183102,14316635
ASP_1609_08,Product_Demand_High_Sep2016,2016-09-08T02:00:00Z,Sep2016,Optimal,SLATE_B,154907,143166,67830,40267,31613,70709,52679,16433,-1294638526,512941197,327950848,372054418,14207087
ASP_1609_09,Base_Case_Sep2016,2016-09-20T00:00:00Z,Sep2016,Optimal,SLATE_E,154907,143166,67830,40267,31613,68083,50402,16362,-1226353767,540835687,288630040,410659559,13771519
ASP_1609_10,High_Crude_Price_Sep2016,2016-09-11T01:00:00Z,Sep2016,Optimal,SLATE_F,154907,143166,67830,40267,31613,63102,47945,16428,-1046144396,463382570,310873756,375380480,12523332
ASP_1609_11,Max_Diesel_Mode_Sep2016,2016-09-22T11:00:00Z,Sep2016,Optimal,SLATE_A,154907,143166,67830,40267,31613,58406,59849,16595,-1269023664,502325257,279138430,440007911,12877632
ASP_1609_12,Min_Fuel_Oil_Sep2016,2016-09-16T09:00:00Z,Sep2016,Optimal,SLATE_A,154907,143166,67830,40267,31613,72561,52699,14663,-1273332022,514727465,380349254,354704403,13536440
ASP_1609_13,Heavy_Crude_Slate_Sep2016,2016-09-23T04:00:00Z,Sep2016,Optimal,SLATE_E,154907,143166,67830,40267,31613,58857,48295,19869,-1044926512,384717537,360075976,428981521,12745576
ASP_1609_14,Light_Sweet_Slate_Sep2016,2016-09-27T18:00:00Z,Sep2016,Optimal,SLATE_E,154907,143166,67830,40267,31613,77715,47628,13140,-1145535098,403749946,293623396,339555996,14130143
ASP_1609_15,Coker_Max_Run_Sep2016,2016-09-21T05:00:00Z,Sep2016,Optimal,SLATE_D,154907,143166,67830,40267,31613,70094,51014,17641,-1214151537,409503444,374647533,419198608,13004940
ASP_1609_16,Product_Demand_High_Sep2016,2016-09-24T10:00:00Z,Sep2016,Optimal,SLATE_E,154907,143166,67830,40267,31613,74211,52777,16116,-1097823579,368113222,322132382,340517427,14259717
ASP_1609_17,Base_Case_Sep2016,2016-09-12T12:00:00Z,Sep2016,Optimal,SLATE_E,154907,143166,67830,40267,31613,66711,51749,17546,-1071581807,445525201,308296744,330740425,12980563
ASP_1609_18,High_Crude_Price_Sep2016,2016-09-11T12:00:00Z,Sep2016,Optimal,SLATE_A,154907,143166,67830,40267,31613,62447,48355,16415,-1134036518,505481239,312198114,428236571,13267534
ASP_1609_19,Max_Diesel_Mode_Sep2016,2016-09-13T03:00:00Z,Sep2016,Optimal,SLATE_C,154907,143166,67830,40267,31613,60296,55864,15301,-1166685248,393040433,331219651,400482807,13614083
ASP_1609_20,Min_Fuel_Oil_Sep2016,2016-09-20T15:00:00Z,Sep2016,Optimal,SLATE_F,154907,143166,67830,40267,31613,70238,50979,13885,-1194226415,426769877,346223712,399801456,13351923
ASP_1609_21,Heavy_Crude_Slate_Sep2016,2016-09-26T13:00:00Z,Sep2016,Optimal,SLATE_F,154907,143166,67830,40267,31613,60272,47574,19427,-960030882,416716496,301629915,360821954,12467384
ASP_1609_22,Light_Sweet_Slate_Sep2016,2016-09-22T14:00:00Z,Sep2016,Optimal,SLATE_C,154907,143166,67830,40267,31613,77522,46447,13022,-1204365930,365637651,287440423,435992846,13744196
ASP_1609_23,Coker_Max_Run_Sep2016,2016-09-17T18:00:00Z,Sep2016,Optimal,SLATE_F,154907,143166,67830,40267,31613,64837,51816,18398,-1108682888,369008394,307721376,423653987,13439749
ASP_1609_24,Product_Demand_High_Sep2016,2016-09-02T22:00:00Z,Sep2016,Optimal,SLATE_F,154907,143166,67830,40267,31613,72487,54053,15561,-1184824082,395640597,279564521,435447597,13593379
ASP_1609_25,Base_Case_Sep2016,2016-09-18T12:00:00Z,Sep2016,Optimal,SLATE_A,154907,143166,67830,40267,31613,68761,50256,16664,-1236089237,488792711,332162445,428211711,13077630
ASP_1609_26,High_Crude_Price_Sep2016,2016-09-03T03:00:00Z,Sep2016,Optimal,SLATE_C,154907,143166,67830,40267,31613,62154,49669,16723,-1003615018,368579410,347243266,388045776,12982562
ASP_1609_27,Max_Diesel_Mode_Sep2016,2016-09-08T08:00:00Z,Sep2016,Optimal,SLATE_A,154907,143166,67830,40267,31613,62915,56142,16563,-1173758266,414649375,364627153,352980196,14391708
ASP_1609_28,Min_Fuel_Oil_Sep2016,2016-09-26T10:00:00Z,Sep2016,Optimal,SLATE_D,154907,143166,67830,40267,31613,69036,51513,13892,-1234762274,488878781,300506694,422789174,13376324
ASP_1609_29,Heavy_Crude_Slate_Sep2016,2016-09-17T19:00:00Z,Sep2016,Optimal,SLATE_F,154907,143166,67830,40267,31613,64109,48134,21061,-896217088,358654284,291551316,359242617,13651452
ASP_1609_30,Light_Sweet_Slate_Sep2016,2016-09-18T01:00:00Z,Sep2016,Optimal,SLATE_D,154907,143166,67830,40267,31613,76514,47920,13558,-1296466808,426324831,339652440,406406560,14824181
ASP_1609_31,Coker_Max_Run_Sep2016,2016-09-23T17:00:00Z,Sep2016,Optimal,SLATE_F,154907,143166,67830,40267,31613,66572,54037,18967,-1238749117,514346804,346719004,368066887,14672776
ASP_1609_32,Product_Demand_High_Sep2016,2016-09-08T21:00:00Z,Sep2016,Optimal,SLATE_F,154907,143166,67830,40267,31613,73004,51969,16185,-1285087907,487793225,344666885,372352852,14916751
ASP_1609_33,Base_Case_Sep2016,2016-09-22T15:00:00Z,Sep2016,Optimal,SLATE_C,154907,143166,67830,40267,31613,70729,47245,15987,-1190738740,418176817,387013868,399034699,13486644
ASP_1609_34,High_Crude_Price_Sep2016,2016-09-14T07:00:00Z,Sep2016,Optimal,SLATE_D,154907,143166,67830,40267,31613,67475,49370,16909,-1053099498,455812566,321528796,381280835,13948829
ASP_1609_35,Max_Diesel_Mode_Sep2016,2016-09-19T10:00:00Z,Sep2016,Optimal,SLATE_F,154907,143166,67830,40267,31613,64218,56287,16518,-1274336252,521122037,289287397,417941807,14697667
ASP_1609_36,Min_Fuel_Oil_Sep2016,2016-09-13T05:00:00Z,Sep2016,Optimal,SLATE_D,154907,143166,67830,40267,31613,66801,51140,14579,-1266568054,515566605,315196196,411928944,13014022
ASP_1610_01,Base_Case_Oct2016,2016-10-27T15:00:00Z,Oct2016,Optimal,SLATE_B,169057,165255,74117,63509,42295,80039,66412,22739,-1372753590,546614148,413661818,428928035,16450411
ASP_1610_02,High_Crude_Price_Oct2016,2016-10-08T13:00:00Z,Oct2016,Optimal,SLATE_D,169057,165255,74117,63509,42295,74332,61606,22323,-1027312597,430898073,311140528,389700090,15094563
ASP_1610_03,Max_Diesel_Mode_Oct2016,2016-10-25T16:00:00Z,Oct2016,Optimal,SLATE_B,169057,165255,74117,63509,42295,73228,80192,22120,-1200790153,414375848,340710369,406377329,17853876
ASP_1610_04,Min_Fuel_Oil_Oct2016,2016-10-18T15:00:00Z,Oct2016,Optimal,SLATE_D,169057,165255,74117,63509,42295,86511,65886,18695,-1261624938,494551586,387438801,359342240,16454046
ASP_1610_05,Heavy_Crude_Slate_Oct2016,2016-10-20T17:00:00Z,Oct2016,Optimal,SLATE_B,169057,165255,74117,63509,42295,71434,65255,28140,-1145056969,532713961,354677290,400669539,15775268
ASP_1610_06,Light_Sweet_Slate_Oct2016,2016-10-12T12:00:00Z,Oct2016,Optimal,SLATE_A,169057,165255,74117,63509,42295,88125,69255,18640,-1376864216,476929574,380977590,388534373,17098487
ASP_1610_07,Coker_Max_Run_Oct2016,2016-10-13T08:00:00Z,Oct2016,Optimal,SLATE_E,169057,165255,74117,63509,42295,76981,73526,24043,-1235581988,404170389,427761813,397007394,17584705
ASP_1610_08,Product_Demand_High_Oct2016,2016-10-17T16:00:00Z,Oct2016,Optimal,SLATE_B,169057,165255,74117,63509,42295,86970,74689,20726,-1378001395,443130447,392139625,459015222,18358076
ASP_1610_09,Base_Case_Oct2016,2016-10-27T07:00:00Z,Oct2016,Optimal,SLATE_D,169057,165255,74117,63509,42295,78335,64418,23508,-1167680879,461209462,336724485,387105640,17358708
ASP_1610_10,High_Crude_Price_Oct2016,2016-10-10T17:00:00Z,Oct2016,Optimal,SLATE_D,169057,165255,74117,63509,42295,74100,62038,21865,-1189135410,588529222,323405935,396089334,15486001
ASP_1610_11,Max_Diesel_Mode_Oct2016,2016-10-19T13:00:00Z,Oct2016,Optimal,SLATE_F,169057,165255,74117,63509,42295,70938,74667,22005,-1291770933,429183855,431864779,385924393,16714995
ASP_1610_12,Min_Fuel_Oil_Oct2016,2016-10-09T01:00:00Z,Oct2016,Optimal,SLATE_D,169057,165255,74117,63509,42295,82166,71706,19861,-1255906207,535795141,323177404,377187422,16833552
ASP_1610_13,Heavy_Crude_Slate_Oct2016,2016-10-15T21:00:00Z,Oct2016,Optimal,SLATE_E,169057,165255,74117,63509,42295,75499,67851,26657,-1002019932,389704743,363842499,377486774,17678535
ASP_1610_14,Light_Sweet_Slate_Oct2016,2016-10-24T22:00:00Z,Oct2016,Optimal,SLATE_C,169057,165255,74117,63509,42295,92218,66649,17479,-1462273042,473554491,399823537,449948610,17725707
ASP_1610_15,Coker_Max_Run_Oct2016,2016-10-19T14:00:00Z,Oct2016,Optimal,SLATE_E,169057,165255,74117,63509,42295,83366,67643,25597,-1294892602,511273155,338658506,436720550,17149660
ASP_1610_16,Product_Demand_High_Oct2016,2016-10-20T21:00:00Z,Oct2016,Optimal,SLATE_D,169057,165255,74117,63509,42295,90240,70336,20978,-1462673771,586397537,334275665,451822837,18168473
ASP_1610_17,Base_Case_Oct2016,2016-10-24T18:00:00Z,Oct2016,Optimal,SLATE_A,169057,165255,74117,63509,42295,85084,69189,22073,-1277473441,463821390,390432166,441296402,18076517
ASP_1610_18,High_Crude_Price_Oct2016,2016-10-16T01:00:00Z,Oct2016,Optimal,SLATE_D,169057,165255,74117,63509,42295,76786,67710,22202,-1343152570,587905174,419137248,470169131,17263107
ASP_1610_19,Max_Diesel_Mode_Oct2016,2016-10-15T08:00:00Z,Oct2016,Optimal,SLATE_C,169057,165255,74117,63509,42295,76074,79623,22093,-1293588357,521210506,316781255,410897840,16900689
ASP_1610_20,Min_Fuel_Oil_Oct2016,2016-10-25T18:00:00Z,Oct2016,Optimal,SLATE_C,169057,165255,74117,63509,42295,79995,66483,19725,-1271830923,433534737,409926567,408076463,16750463
ASP_1610_21,Heavy_Crude_Slate_Oct2016,2016-10-08T16:00:00Z,Oct2016,Optimal,SLATE_F,169057,165255,74117,63509,42295,73534,68914,26392,-1143217709,450246149,364915785,472317579,17237614
ASP_1610_22,Light_Sweet_Slate_Oct2016,2016-10-08T22:00:00Z,Oct2016,Optimal,SLATE_A,169057,165255,74117,63509,42295,85635,67515,18140,-1487812243,489395235,429867480,426453361,17312287
ASP_1610_23,Coker_Max_Run_Oct2016,2016-10-09T00:00:00Z,Oct2016,Optimal,SLATE_E,169057,165255,74117,63509,42295,83777,67659,25363,-1157666279,400806885,362621970,389640769,18102683
ASP_1610_24,Product_Demand_High_Oct2016,2016-10-08T21:00:00Z,Oct2016,Optimal,SLATE_A,169057,165255,74117,63509,42295,87021,70507,20901,-1199385366,431424269,339688330,357729069,18299662
ASP_1610_25,Base_Case_Oct2016,2016-10-09T15:00:00Z,Oct2016,Optimal,SLATE_C,169057,165255,74117,63509,42295,80567,65088,21841,-1280312865,481166243,346705134,469322866,16881378
ASP_1610_26,High_Crude_Price_Oct2016,2016-10-22T05:00:00Z,Oct2016,Optimal,SLATE_E,169057,165255,74117,63509,42295,75766,66186,21918,-1169623301,454199660,393813451,439324425,16007860
ASP_1610_27,Max_Diesel_Mode_Oct2016,2016-10-08T03:00:00Z,Oct2016,Optimal,SLATE_F,169057,165255,74117,63509,42295,72511,74930,20527,-1365499495,570262083,306597184,440142218,16525775
ASP_1610_28,Min_Fuel_Oil_Oct2016,2016-10-02T15:00:00Z,Oct2016,Optimal,SLATE_E,169057,165255,74117,63509,42295,85747,72164,19605,-1232915516,471574755,374633849,369550918,18754166
ASP_1610_29,Heavy_Crude_Slate_Oct2016,2016-10-12T03:00:00Z,Oct2016,Optimal,SLATE_C,169057,165255,74117,63509,42295,75737,66324,27390,-1319276587,587367375,417488453,477679937,16672890
ASP_1610_30,Light_Sweet_Slate_Oct2016,2016-10-18T09:00:00Z,Oct2016,Optimal,SLATE_F,169057,165255,74117,63509,42295,92517,68408,18704,-1299409403,456685241,330841657,391518427,18858358
ASP_1610_31,Coker_Max_Run_Oct2016,2016-10-23T09:00:00Z,Oct2016,Optimal,SLATE_C,169057,165255,74117,63509,42295,77498,72484,25674,-1264302412,448097792,357081777,452405220,18072620
ASP_1610_32,Product_Demand_High_Oct2016,2016-10-02T07:00:00Z,Oct2016,Optimal,SLATE_E,169057,165255,74117,63509,42295,84028,69597,21987,-1369769530,485549355,359698586,440650065,17592885
ASP_1610_33,Base_Case_Oct2016,2016-10-17T16:00:00Z,Oct2016,Optimal,SLATE_A,169057,165255,74117,63509,42295,82913,70710,21491,-1217550768,409016878,345918950,481443174,18828234
ASP_1610_34,High_Crude_Price_Oct2016,2016-10-17T13:00:00Z,Oct2016,Optimal,SLATE_D,169057,165255,74117,63509,42295,76985,66526,23208,-1154596077,488272091,400260670,383562217,17099242
ASP_1610_35,Max_Diesel_Mode_Oct2016,2016-10-15T12:00:00Z,Oct2016,Optimal,SLATE_A,169057,165255,74117,63509,42295,70316,73874,21585,-1457634503,558390702,435694625,410105447,15967437
ASP_1610_36,Min_Fuel_Oil_Oct2016,2016-10-25T21:00:00Z,Oct2016,Optimal,SLATE_A,169057,165255,74117,63509,42295,84344,67393,19394,-1234348994,501466721,317644432,396744040,17458111
ASP_1611_01,Base_Case_Nov2016,2016-11-03T15:00:00Z,Nov2016,Optimal,SLATE_E,158333,151568,78763,42752,41600,76298,63581,17245,-1298352961,532270765,395391662,387165137,16474603
ASP_1611_02,High_Crude_Price_Nov2016,2016-11-26T20:00:00Z,Nov2016,Optimal,SLATE_A,158333,151568,78763,42752,41600,67001,58558,16846,-1161935626,471391456,395966249,410000419,14384617
ASP_1611_03,Max_Diesel_Mode_Nov2016,2016-11-21T11:00:00Z,Nov2016,Optimal,SLATE_A,158333,151568,78763,42752,41600,62697,71701,15054,-1285396513,553054588,294526653,392275124,15669209
ASP_1611_04,Min_Fuel_Oil_Nov2016,2016-11-04T22:00:00Z,Nov2016,Optimal,SLATE_F,158333,151568,78763,42752,41600,71424,63700,14496,-1201383760,498069493,317210504,365659132,14547129
ASP_1611_05,Heavy_Crude_Slate_Nov2016,2016-11-07T19:00:00Z,Nov2016,Optimal,SLATE_F,158333,151568,78763,42752,41600,65390,60252,20132,-1177489375,480812538,394009934,447683343,14184287
ASP_1611_06,Light_Sweet_Slate_Nov2016,2016-11-10T01:00:00Z,Nov2016,Optimal,SLATE_F,158333,151568,78763,42752,41600,81299,58142,13630,-1265817371,456429824,295281277,394842490,16359509
ASP_1611_07,Coker_Max_Run_Nov2016,2016-11-19T07:00:00Z,Nov2016,Optimal,SLATE_F,158333,151568,78763,42752,41600,70851,64266,18333,-1286027434,539585837,306118561,430560851,15454039
ASP_1611_08,Product_Demand_High_Nov2016,2016-11-22T06:00:00Z,Nov2016,Optimal,SLATE_B,158333,151568,78763,42752,41600,77363,67032,15733,-1382163433,514390277,403534075,378595455,16738850
ASP_1611_09,Base_Case_Nov2016,2016-11-27T18:00:00Z,Nov2016,Optimal,SLATE_F,158333,151568,78763,42752,41600,70838,58769,16993,-1116952065,427908860,349990327,353206379,14153501
ASP_1611_10,High_Crude_Price_Nov2016,2016-11-22T06:00:00Z,Nov2016,Optimal,SLATE_A,158333,151568,78763,42752,41600,70264,58816,16219,-1050078620,442076392,288260580,426077353,15024520
ASP_1611_11,Max_Diesel_Mode_Nov2016,2016-11-07T08:00:00Z,Nov2016,Optimal,SLATE_F,158333,151568,78763,42752,41600,62883,69607,15120,-1198308038,492272326,305056912,357864237,13947724
ASP_1611_12,Min_Fuel_Oil_Nov2016,2016-11-07T17:00:00Z,Nov2016,Optimal,SLATE_A,158333,151568,78763,42752,41600,75399,65184,14455,-1308823704,513422389,385127656,388371216,16218635
ASP_1611_13,Heavy_Crude_Slate_Nov2016,2016-11-15T03:00:00Z,Nov2016,Optimal,SLATE_D,158333,151568,78763,42752,41600,67460,61780,18897,-1013826687,371023633,339137014,431496275,15182825
ASP_1611_14,Light_Sweet_Slate_Nov2016,2016-11-09T01:00:00Z,Nov2016,Optimal,SLATE_E,158333,151568,78763,42752,41600,79281,57568,12948,-1306657140,379908598,392447464,408569072,14266973
ASP_1611_15,Coker_Max_Run_Nov2016,2016-11-25T09:00:00Z,Nov2016,Optimal,SLATE_A,158333,151568,78763,42752,41600,75090,66624,17562,-1188849562,428339564,321577155,431437679,15815611
ASP_1611_16,Product_Demand_High_Nov2016,2016-11-23T05:00:00Z,Nov2016,Optimal,SLATE_F,158333,151568,78763,42752,41600,77910,67188,15522,-1176493499,454323524,306652213,343510456,15140360
ASP_1611_17,Base_Case_Nov2016,2016-11-10T15:00:00Z,Nov2016,Optimal,SLATE_A,158333,151568,78763,42752,41600,76589,63595,16800,-1225920808,506644031,373396497,361480198,15599918
ASP_1611_18,High_Crude_Price_Nov2016,2016-11-16T01:00:00Z,Nov2016,Optimal,SLATE_C,158333,151568,78763,42752,41600,67994,61380,16733,-1193218221,534615027,363668962,412975628,14283289
ASP_1611_19,Max_Diesel_Mode_Nov2016,2016-11-06T13:00:00Z,Nov2016,Optimal,SLATE_B,158333,151568,78763,42752,41600,66665,73312,16140,-1295663722,497587636,332321239,419288596,15232021
ASP_1611_20,Min_Fuel_Oil_Nov2016,2016-11-25T19:00:00Z,Nov2016,Optimal,SLATE_E,158333,151568,78763,42752,41600,71918,59814,14691,-1137870951,474730949,292795545,352373255,15170670
ASP_1611_21,Heavy_Crude_Slate_Nov2016,2016-11-08T19:00:00Z,Nov2016,Optimal,SLATE_A,158333,151568,78763,42752,41600,62645,57544,18887,-1143989665,464576074,398556599,422088466,14121511
ASP_1611_22,Light_Sweet_Slate_Nov2016,2016-11-24T22:00:00Z,Nov2016,Optimal,SLATE_B,158333,151568,78763,42752,41600,84383,63066,13087,-1379670703,500990550,320173729,426906050,16221487
ASP_1611_23,Coker_Max_Run_Nov2016,2016-11-10T20:00:00Z,Nov2016,Optimal,SLATE_D,158333,151568,78763,42752,41600,68627,62873,17329,-1274538001,422524256,392353540,449787852,15118588
ASP_1611_24,Product_Demand_High_Nov2016,2016-11-08T01:00:00Z,Nov2016,Optimal,SLATE_F,158333,151568,78763,42752,41600,79850,66999,14970,-1246069181,432045824,396160536,342905529,17344128
ASP_1611_25,Base_Case_Nov2016,2016-11-26T08:00:00Z,Nov2016,Optimal,SLATE_C,158333,151568,78763,42752,41600,74379,62282,17025,-1198387435,481951731,371497999,360573647,15635942
ASP_1611_26,High_Crude_Price_Nov2016,2016-11-11T14:00:00Z,Nov2016,Optimal,SLATE_F,158333,151568,78763,42752,41600,70441,57155,17494,-1040612657,407936413,393283666,344625177,14744541
ASP_1611_27,Max_Diesel_Mode_Nov2016,2016-11-04T09:00:00Z,Nov2016,Optimal,SLATE_E,158333,151568,78763,42752,41600,64122,73003,16125,-1223377509,463257823,375317582,341322298,14776265
ASP_1611_28,Min_Fuel_Oil_Nov2016,2016-11-02T06:00:00Z,Nov2016,Optimal,SLATE_F,158333,151568,78763,42752,41600,76392,61000,14475,-1169341865,419296497,319022519,411774878,14810529
ASP_1611_29,Heavy_Crude_Slate_Nov2016,2016-11-24T09:00:00Z,Nov2016,Optimal,SLATE_B,158333,151568,78763,42752,41600,67607,60294,20668,-1198434524,545029349,389470114,412497275,15402822
ASP_1611_30,Light_Sweet_Slate_Nov2016,2016-11-06T22:00:00Z,Nov2016,Optimal,SLATE_E,158333,151568,78763,42752,41600,83538,59371,12989,-1439211895,539324997,399478309,361823152,15615837
ASP_1611_31,Coker_Max_Run_Nov2016,2016-11-19T18:00:00Z,Nov2016,Optimal,SLATE_F,158333,151568,78763,42752,41600,75070,64878,18133,-1356819427,532690992,392022836,421420983,15919686
ASP_1611_32,Product_Demand_High_Nov2016,2016-11-19T22:00:00Z,Nov2016,Optimal,SLATE_D,158333,151568,78763,42752,41600,81453,65425,16158,-1063831938,364400956,296487327,340606479,16465189
ASP_1611_33,Base_Case_Nov2016,2016-11-04T16:00:00Z,Nov2016,Optimal,SLATE_B,158333,151568,78763,42752,41600,75656,61625,17023,-1157555220,510975623,285578276,376335824,15334503
ASP_1611_34,High_Crude_Price_Nov2016,2016-11-19T10:00:00Z,Nov2016,Optimal,SLATE_B,158333,151568,78763,42752,41600,68986,59082,16833,-1226435742,521258399,406786635,419727671,14690376
ASP_1611_35,Max_Diesel_Mode_Nov2016,2016-11-07T08:00:00Z,Nov2016,Optimal,SLATE_B,158333,151568,78763,42752,41600,64783,68886,15699,-1187025490,467378868,337163731,340353682,14395814
ASP_1611_36,Min_Fuel_Oil_Nov2016,2016-11-09T03:00:00Z,Nov2016,Optimal,SLATE_D,158333,151568,78763,42752,41600,71423,63288,14278,-1118423562,440679640,312089173,348500475,15421169
ASP_1612_01,Base_Case_Dec2016,2016-12-12T01:00:00Z,Dec2016,Optimal,SLATE_A,177668,170816,64648,58445,48236,84106,66995,14351,-1268653480,437468522,455021897,393339272,17176211
ASP_1612_02,High_Crude_Price_Dec2016,2016-12-10T14:00:00Z,Dec2016,Optimal,SLATE_F,177668,170816,64648,58445,48236,84423,68917,14569,-1270448302,490224016,440432542,466641787,16376277
ASP_1612_03,Max_Diesel_Mode_Dec2016,2016-12-15T07:00:00Z,Dec2016,Optimal,SLATE_D,177668,170816,64648,58445,48236,76656,82258,13132,-1574713478,609862139,425961634,480308178,16404829
ASP_1612_04,Min_Fuel_Oil_Dec2016,2016-12-21T22:00:00Z,Dec2016,Optimal,SLATE_A,177668,170816,64648,58445,48236,83310,69777,11625,-1348200419,429667064,432524951,463480099,16739668
ASP_1612_05,Heavy_Crude_Slate_Dec2016,2016-12-13T03:00:00Z,Dec2016,Optimal,SLATE_C,177668,170816,64648,58445,48236,76396,67765,16803,-1287535689,576280428,442675700,428678006,17038924
ASP_1612_06,Light_Sweet_Slate_Dec2016,2016-12-27T10:00:00Z,Dec2016,Optimal,SLATE_E,177668,170816,64648,58445,48236,88914,70074,11798,-1614190872,577149861,455910416,425086717,16905144
ASP_1612_07,Coker_Max_Run_Dec2016,2016-12-13T21:00:00Z,Dec2016,Optimal,SLATE_D,177668,170816,64648,58445,48236,79351,72710,15017,-1393359948,593435327,363355705,426851971,17603838
ASP_1612_08,Product_Demand_High_Dec2016,2016-12-05T19:00:00Z,Dec2016,Optimal,SLATE_B,177668,170816,64648,58445,48236,92318,76112,14213,-1375893363,453867435,390950163,447141763,17984024
ASP_1612_09,Base_Case_Dec2016,2016-12-17T13:00:00Z,Dec2016,Optimal,SLATE_B,177668,170816,64648,58445,48236,80778,70483,13631,-1331612983,486919118,412193550,449480635,16980320
ASP_1612_10,High_Crude_Price_Dec2016,2016-12-25T06:00:00Z,Dec2016,Optimal,SLATE_A,177668,170816,64648,58445,48236,81135,68494,15148,-1213239593,478839266,388966606,467276987,16344170
ASP_1612_11,Max_Diesel_Mode_Dec2016,2016-12-23T02:00:00Z,Dec2016,Optimal,SLATE_E,177668,170816,64648,58445,48236,73048,76136,13812,-1263332692,424355018,324170043,470664765,16015833
ASP_1612_12,Min_Fuel_Oil_Dec2016,2016-12-06T14:00:00Z,Dec2016,Optimal,SLATE_D,177668,170816,64648,58445,48236,82180,67665,11602,-1429535623,568249887,413813041,422394947,16559211
ASP_1612_13,Heavy_Crude_Slate_Dec2016,2016-12-19T14:00:00Z,Dec2016,Optimal,SLATE_A,177668,170816,64648,58445,48236,73818,70397,17735,-1257718765,539391814,425720304,449048096,16694919
ASP_1612_14,Light_Sweet_Slate_Dec2016,2016-12-08T11:00:00Z,Dec2016,Optimal,SLATE_C,177668,170816,64648,58445,48236,91174,65170,11518,-1575233955,577012723,343462985,502173854,16190673
ASP_1612_15,Coker_Max_Run_Dec2016,2016-12-10T10:00:00Z,Dec2016,Optimal,SLATE_A,177668,170816,64648,58445,48236,84914,70184,15866,-1449046435,618551953,403965150,415108949,16992292
ASP_1612_16,Product_Demand_High_Dec2016,2016-12-08T15:00:00Z,Dec2016,Optimal,SLATE_F,177668,170816,64648,58445,48236,91364,71481,13369,-1446464851,613330602,349278934,394103918,17394147
ASP_1612_17,Base_Case_Dec2016,2016-12-23T09:00:00Z,Dec2016,Optimal,SLATE_B,177668,170816,64648,58445,48236,83899,69336,14382,-1384449656,552882743,425779682,422225444,16438213
ASP_1612_18,High_Crude_Price_Dec2016,2016-12-23T13:00:00Z,Dec2016,Optimal,SLATE_F,177668,170816,64648,58445,48236,76505,66284,14395,-1222514520,593682602,350642136,401402311,16906918
ASP_1612_19,Max_Diesel_Mode_Dec2016,2016-12-21T00:00:00Z,Dec2016,Optimal,SLATE_A,177668,170816,64648,58445,48236,73594,75784,13369,-1433573820,545871049,341811760,493926467,16300876
ASP_1612_20,Min_Fuel_Oil_Dec2016,2016-12-16T06:00:00Z,Dec2016,Optimal,SLATE_B,177668,170816,64648,58445,48236,83699,68687,11694,-1444631080,506037866,407485504,505205815,16174738
ASP_1612_21,Heavy_Crude_Slate_Dec2016,2016-12-06T12:00:00Z,Dec2016,Optimal,SLATE_E,177668,170816,64648,58445,48236,79316,65684,16748,-1189265055,474375751,436282929,426819667,16072730
ASP_1612_22,Light_Sweet_Slate_Dec2016,2016-12-10T17:00:00Z,Dec2016,Optimal,SLATE_B,177668,170816,64648,58445,48236,88576,68970,11022,-1441036204,461276299,356136113,486936435,17709379
ASP_1612_23,Coker_Max_Run_Dec2016,2016-12-11T00:00:00Z,Dec2016,Optimal,SLATE_C,177668,170816,64648,58445,48236,82282,68736,15429,-1471910289,608920601,356046587,495261073,17178958
ASP_1612_24,Product_Demand_High_Dec2016,2016-12-12T18:00:00Z,Dec2016,Optimal,SLATE_D,177668,170816,64648,58445,48236,90660,72411,14214,-1242015669,412489705,335485287,420041078,18001561
ASP_1612_25,Base_Case_Dec2016,2016-12-09T22:00:00Z,Dec2016,Optimal,SLATE_B,177668,170816,64648,58445,48236,88729,68379,13825,-1329849082,489153594,398374874,460846062,18525448
ASP_1612_26,High_Crude_Price_Dec2016,2016-12-14T09:00:00Z,Dec2016,Optimal,SLATE_C,177668,170816,64648,58445,48236,80070,68323,15286,-1211496859,486502418,377032768,468974048,15664821
ASP_1612_27,Max_Diesel_Mode_Dec2016,2016-12-23T01:00:00Z,Dec2016,Optimal,SLATE_C,177668,170816,64648,58445,48236,78932,80419,13703,-1462009775,514775874,414638968,480481049,17505629
ASP_1612_28,Min_Fuel_Oil_Dec2016,2016-12-27T16:00:00Z,Dec2016,Optimal,SLATE_B,177668,170816,64648,58445,48236,90358,72452,12140,-1333624296,494436927,385080239,433063526,17799822
ASP_1612_29,Heavy_Crude_Slate_Dec2016,2016-12-27T01:00:00Z,Dec2016,Optimal,SLATE_D,177668,170816,64648,58445,48236,78905,65980,17814,-1344606313,551572771,456655054,502790900,17011710
ASP_1612_30,Light_Sweet_Slate_Dec2016,2016-12-04T02:00:00Z,Dec2016,Optimal,SLATE_B,177668,170816,64648,58445,48236,96205,65239,11677,-1570426839,569643162,455641150,394436807,17554298
ASP_1612_31,Coker_Max_Run_Dec2016,2016-12-21T15:00:00Z,Dec2016,Optimal,SLATE_C,177668,170816,64648,58445,48236,86025,69000,15417,-1544336421,587135122,449019369,495588754,17687930
ASP_1612_32,Product_Demand_High_Dec2016,2016-12-03T02:00:00Z,Dec2016,Optimal,SLATE_C,177668,170816,64648,58445,48236,88301,69260,13084,-1357541728,490676184,407449200,376729340,17871642
ASP_1612_33,Base_Case_Dec2016,2016-12-03T00:00:00Z,Dec2016,Optimal,SLATE_F,177668,170816,64648,58445,48236,88214,72042,13647,-1372986419,543066836,395741310,451830754,17652481
ASP_1612_34,High_Crude_Price_Dec2016,2016-12-10T11:00:00Z,Dec2016,Optimal,SLATE_B,177668,170816,64648,58445,48236,82278,64047,15020,-1147444536,500887437,361363533,401085152,16113800
ASP_1612_35,Max_Diesel_Mode_Dec2016,2016-12-18T06:00:00Z,Dec2016,Optimal,SLATE_E,177668,170816,64648,58445,48236,79197,77356,12940,-1395507637,458837302,444013823,443086776,16883008
ASP_1612_36,Min_Fuel_Oil_Dec2016,2016-12-06T12:00:00Z,Dec2016,Optimal,SLATE_D,177668,170816,64648,58445,48236,89419,70830,12374,-1325654104,474435438,446651949,384071051,18115618
ASP_1701_01,Base_Case_Jan2017,2017-01-11T17:00:00Z,Jan2017,Optimal,SLATE_E,140264,139057,56495,38642,34692,57401,55536,16480,-925453144,381921562,253208135,302930336,12606889
ASP_1701_02,High_Crude_Price_Jan2017,2017-01-14T15:00:00Z,Jan2017,Optimal,SLATE_D,140264,139057,56495,38642,34692,52672,54769,18074,-985036339,438398087,280915385,364278213,12900012
ASP_1701_03,Max_Diesel_Mode_Jan2017,2017-01-17T11:00:00Z,Jan2017,Optimal,SLATE_B,140264,139057,56495,38642,34692,51937,63764,16788,-1091608002,421755293,260000996,371349480,13479100
ASP_1701_04,Min_Fuel_Oil_Jan2017,2017-01-17T10:00:00Z,Jan2017,Optimal,SLATE_D,140264,139057,56495,38642,34692,56307,57125,14790,-1186213972,485692879,303645420,374724985,12399233
ASP_1701_05,Heavy_Crude_Slate_Jan2017,2017-01-27T21:00:00Z,Jan2017,Optimal,SLATE_D,140264,139057,56495,38642,34692,51641,55450,21138,-862879160,361815666,313103190,295991740,12155973
ASP_1701_06,Light_Sweet_Slate_Jan2017,2017-01-19T17:00:00Z,Jan2017,Optimal,SLATE_E,140264,139057,56495,38642,34692,60767,52414,14243,-1164655348,375814039,333179306,344250954,13373452
ASP_1701_07,Coker_Max_Run_Jan2017,2017-01-13T16:00:00Z,Jan2017,Optimal,SLATE_E,140264,139057,56495,38642,34692,54753,57823,18026,-984994291,340920874,330155445,307658773,13054414
ASP_1701_08,Product_Demand_High_Jan2017,2017-01-01T14:00:00Z,Jan2017,Optimal,SLATE_E,140264,139057,56495,38642,34692,61204,58052,17080,-1158628874,413194191,320986930,351815634,13192242
ASP_1701_09,Base_Case_Jan2017,2017-01-25T12:00:00Z,Jan2017,Optimal,SLATE_F,140264,139057,56495,38642,34692,56228,55473,16756,-914314322,337933187,274790205,314062785,12471855
ASP_1701_10,High_Crude_Price_Jan2017,2017-01-12T01:00:00Z,Jan2017,Optimal,SLATE_E,140264,139057,56495,38642,34692,55964,53602,17832,-933086165,374839459,308978603,343828286,13422255
ASP_1701_11,Max_Diesel_Mode_Jan2017,2017-01-18T09:00:00Z,Jan2017,Optimal,SLATE_D,140264,139057,56495,38642,34692,49473,64731,16923,-1047621032,342713403,300022913,368107056,13109055
ASP_1701_12,Min_Fuel_Oil_Jan2017,2017-01-13T00:00:00Z,Jan2017,Optimal,SLATE_E,140264,139057,56495,38642,34692,57621,57276,14204,-1149018786,480538031,255881633,392374197,13241641
ASP_1701_13,Heavy_Crude_Slate_Jan2017,2017-01-01T08:00:00Z,Jan2017,Optimal,SLATE_B,140264,139057,56495,38642,34692,52650,51838,20420,-926526819,331456754,331778519,378549315,12310344
ASP_1701_14,Light_Sweet_Slate_Jan2017,2017-01-26T10:00:00Z,Jan2017,Optimal,SLATE_C,140264,139057,56495,38642,34692,65327,55423,13615,-1193391168,407485481,364576136,307208870,13742658
ASP_1701_15,Coker_Max_Run_Jan2017,2017-01-11T07:00:00Z,Jan2017,Optimal,SLATE_F,140264,139057,56495,38642,34692,53989,56019,19000,-1151442190,443178519,327882186,370402538,12598350
ASP_1701_16,Product_Demand_High_Jan2017,2017-01-24T10:00:00Z,Jan2017,Optimal,SLATE_C,140264,139057,56495,38642,34692,60391,58286,16187,-1069212880,324357508,349548202,330295915,14189699
ASP_1701_17,Base_Case_Jan2017,2017-01-25T09:00:00Z,Jan2017,Optimal,SLATE_A,140264,139057,56495,38642,34692,57886,56703,17557,-1081682576,432862193,264613574,397736822,13530013
ASP_1701_18,High_Crude_Price_Jan2017,2017-01-24T03:00:00Z,Jan2017,Optimal,SLATE_A,140264,139057,56495,38642,34692,52001,51088,16966,-1031920495,423511220,334581786,375657703,12097996
ASP_1701_19,Max_Diesel_Mode_Jan2017,2017-01-10T22:00:00Z,Jan2017,Optimal,SLATE_E,140264,139057,56495,38642,34692,51146,65103,16779,-1101804657,424949805,284008275,354175668,13795979
ASP_1701_20,Min_Fuel_Oil_Jan2017,2017-01-15T04:00:00Z,Jan2017,Optimal,SLATE_E,140264,139057,56495,38642,34692,58508,56794,14789,-954699508,358843648,272164342,309279141,13394404
ASP_1701_21,Heavy_Crude_Slate_Jan2017,2017-01-10T09:00:00Z,Jan2017,Optimal,SLATE_E,140264,139057,56495,38642,34692,49756,55335,20491,-926861838,360466980,358972577,323258672,12851742
ASP_1701_22,Light_Sweet_Slate_Jan2017,2017-01-14T04:00:00Z,Jan2017,Optimal,SLATE_B,140264,139057,56495,38642,34692,64407,56742,13307,-1283945094,421479813,353942401,385230593,14273258
ASP_1701_23,Coker_Max_Run_Jan2017,2017-01-12T07:00:00Z,Jan2017,Optimal,SLATE_D,140264,139057,56495,38642,34692,55849,56359,18903,-1028208538,340846205,306447450,373732769,12978837
ASP_1701_24,Product_Demand_High_Jan2017,2017-01-24T17:00:00Z,Jan2017,Optimal,SLATE_B,140264,139057,56495,38642,34692,62338,59368,16759,-1259989944,478484307,308816063,392899149,13542163
ASP_1701_25,Base_Case_Jan2017,2017-01-22T06:00:00Z,Jan2017,Optimal,SLATE_C,140264,139057,56495,38642,34692,59226,55970,17897,-1125018889,428879127,346399765,363686299,13946302
ASP_1701_26,High_Crude_Price_Jan2017,2017-01-12T14:00:00Z,Jan2017,Optimal,SLATE_C,140264,139057,56495,38642,34692,55816,52308,17533,-1120936122,486475973,358803275,386450246,13320665
ASP_1701_27,Max_Diesel_Mode_Jan2017,2017-01-07T06:00:00Z,Jan2017,Optimal,SLATE_B,140264,139057,56495,38642,34692,49095,65620,16777,-1159703766,420245927,326298324,371457548,13522021
ASP_1701_28,Min_Fuel_Oil_Jan2017,2017-01-18T17:00:00Z,Jan2017,Optimal,SLATE_B,140264,139057,56495,38642,34692,58661,57450,14731,-1007891397,343941471,325916568,321609165,12931867
ASP_1701_29,Heavy_Crude_Slate_Jan2017,2017-01-10T19:00:00Z,Jan2017,Optimal,SLATE_F,140264,139057,56495,38642,34692,53653,53001,19948,-987670683,452825982,291691067,365573709,12678887
ASP_1701_30,Light_Sweet_Slate_Jan2017,2017-01-17T01:00:00Z,Jan2017,Optimal,SLATE_C,140264,139057,56495,38642,34692,63463,53422,13282,-1212860968,343248784,363217514,390137762,13692481
ASP_1701_31,Coker_Max_Run_Jan2017,2017-01-16T07:00:00Z,Jan2017,Optimal,SLATE_E,140264,139057,56495,38642,34692,55346,56681,19681,-1034654636,467703248,261307497,298576907,13220361
ASP_1701_32,Product_Demand_High_Jan2017,2017-01-08T04:00:00Z,Jan2017,Optimal,SLATE_F,140264,139057,56495,38642,34692,63741,56582,16033,-1109788198,443259997,253103477,345893648,14675457
ASP_1701_33,Base_Case_Jan2017,2017-01-06T02:00:00Z,Jan2017,Optimal,SLATE_E,140264,139057,56495,38642,34692,59222,55690,16774,-970063818,359063529,328221457,296341415,13562583
ASP_1701_34,High_Crude_Price_Jan2017,2017-01-18T14:00:00Z,Jan2017,Optimal,SLATE_D,140264,139057,56495,38642,34692,54544,52822,17387,-996600498,461409946,301868467,332318988,12335990
ASP_1701_35,Max_Diesel_Mode_Jan2017,2017-01-03T11:00:00Z,Jan2017,Optimal,SLATE_E,140264,139057,56495,38642,34692,51166,63736,15557,-1179615682,476814579,263868338,395695079,12934489
ASP_1701_36,Min_Fuel_Oil_Jan2017,2017-01-17T15:00:00Z,Jan2017,Optimal,SLATE_B,140264,139057,56495,38642,34692,55851,57788,14435,-1166211429,459839595,316734982,368168940,12499411
ASP_1702_01,Base_Case_Feb2017,2017-02-10T22:00:00Z,Feb2017,Optimal,SLATE_E,173486,158526,62321,66248,41803,71966,68187,14775,-1390873725,588170292,442788866,376556157,16641590
ASP_1702_02,High_Crude_Price_Feb2017,2017-02-17T20:00:00Z,Feb2017,Optimal,SLATE_F,173486,158526,62321,66248,41803,68950,66152,14320,-1230325158,533677858,342931435,475325393,14624731
ASP_1702_03,Max_Diesel_Mode_Feb2017,2017-02-18T12:00:00Z,Feb2017,Optimal,SLATE_F,173486,158526,62321,66248,41803,63182,77171,14157,-1259352153,423938759,415779483,375092922,15428161
ASP_1702_04,Min_Fuel_Oil_Feb2017,2017-02-03T10:00:00Z,Feb2017,Optimal,SLATE_B,173486,158526,62321,66248,41803,70321,69450,12852,-1414331926,544099355,394914485,449395826,15271873
ASP_1702_05,Heavy_Crude_Slate_Feb2017,2017-02-08T14:00:00Z,Feb2017,Optimal,SLATE_C,173486,158526,62321,66248,41803,65918,64494,17614,-1175391770,431597856,431329278,458060009,14996287
ASP_1702_06,Light_Sweet_Slate_Feb2017,2017-02-26T15:00:00Z,Feb2017,Optimal,SLATE_A,173486,158526,62321,66248,41803,80630,66363,11217,-1422921451,521397007,321151130,444318244,16400799
ASP_1702_07,Coker_Max_Run_Feb2017,2017-02-15T08:00:00Z,Feb2017,Optimal,SLATE_B,173486,158526,62321,66248,41803,70609,70202,16568,-1174341303,404457006,334680055,428083185,15905243
ASP_1702_08,Product_Demand_High_Feb2017,2017-02-27T03:00:00Z,Feb2017,Optimal,SLATE_D,173486,158526,62321,66248,41803,74456,72760,14356,-1378702113,432402766,377653374,482720264,16200373
ASP_1702_09,Base_Case_Feb2017,2017-02-14T16:00:00Z,Feb2017,Optimal,SLATE_B,173486,158526,62321,66248,41803,69407,65310,14777,-1218713479,482300513,350488430,400688331,14763795
ASP_1702_10,High_Crude_Price_Feb2017,2017-02-05T02:00:00Z,Feb2017,Optimal,SLATE_D,173486,158526,62321,66248,41803,68736,64108,14153,-1168069906,586485300,318098012,379901457,14843566
ASP_1702_11,Max_Diesel_Mode_Feb2017,2017-02-24T10:00:00Z,Feb2017,Optimal,SLATE_B,173486,158526,62321,66248,41803,62447,80605,13212,-1350090975,423976858,390762677,487351410,16290016
ASP_1702_12,Min_Fuel_Oil_Feb2017,2017-02-07T10:00:00Z,Feb2017,Optimal,SLATE_B,173486,158526,62321,66248,41803,76017,68506,12465,-1410714963,599260697,346146825,440107342,15888686
ASP_1702_13,Heavy_Crude_Slate_Feb2017,2017-02-08T17:00:00Z,Feb2017,Optimal,SLATE_D,173486,158526,62321,66248,41803,64725,68335,17943,-1142348407,400049607,428470004,455587554,14831157
ASP_1702_14,Light_Sweet_Slate_Feb2017,2017-02-18T14:00:00Z,Feb2017,Optimal,SLATE_B,173486,158526,62321,66248,41803,74427,68144,11663,-1500664447,581550221,394321941,380069821,16063012
ASP_1702_15,Coker_Max_Run_Feb2017,2017-02-25T11:00:00Z,Feb2017,Optimal,SLATE_B,173486,158526,62321,66248,41803,72338,68132,16415,-1339127288,568465472,368912463,391628987,16137031
ASP_1702_16,Product_Demand_High_Feb2017,2017-02-18T15:00:00Z,Feb2017,Optimal,SLATE_A,173486,158526,62321,66248,41803,73921,74873,14185,-1282399408,445910156,367033853,391401806,16938955
ASP_1702_17,Base_Case_Feb2017,2017-02-14T21:00:00Z,Feb2017,Optimal,SLATE_E,173486,158526,62321,66248,41803,68865,69229,14830,-1274036160,517679744,394708263,377589589,15941436
ASP_1702_18,High_Crude_Price_Feb2017,2017-02-04T06:00:00Z,Feb2017,Optimal,SLATE_B,173486,158526,62321,66248,41803,70155,64227,14522,-1201287110,480295710,346592528,493787218,14928597
ASP_1702_19,Max_Diesel_Mode_Feb2017,2017-02-23T14:00:00Z,Feb2017,Optimal,SLATE_B,173486,158526,62321,66248,41803,63893,76322,14204,-1429341438,527182661,439069742,410873000,15847843
ASP_1702_20,Min_Fuel_Oil_Feb2017,2017-02-08T22:00:00Z,Feb2017,Optimal,SLATE_D,173486,158526,62321,66248,41803,73857,70719,12407,-1309546584,497202913,314359678,476549360,16707500
ASP_1702_21,Heavy_Crude_Slate_Feb2017,2017-02-26T09:00:00Z,Feb2017,Optimal,SLATE_D,173486,158526,62321,66248,41803,60992,65046,16644,-1273781140,576955123,403953698,448869715,14466158
ASP_1702_22,Light_Sweet_Slate_Feb2017,2017-02-05T22:00:00Z,Feb2017,Optimal,SLATE_F,173486,158526,62321,66248,41803,76609,64723,11201,-1554055670,523440601,426464003,453804481,16159379
ASP_1702_23,Coker_Max_Run_Feb2017,2017-02-02T00:00:00Z,Feb2017,Optimal,SLATE_E,173486,158526,62321,66248,41803,70044,73860,15930,-1154749245,425020755,355689844,368002991,16606487
ASP_1702_24,Product_Demand_High_Feb2017,2017-02-07T18:00:00Z,Feb2017,Optimal,SLATE_D,173486,158526,62321,66248,41803,77129,72993,13647,-1357835893,463513440,417883935,392712113,16854031
ASP_1702_25,Base_Case_Feb2017,2017-02-03T12:00:00Z,Feb2017,Optimal,SLATE_A,173486,158526,62321,66248,41803,69141,67396,14904,-1406991532,539649608,444303124,437866127,14827327
ASP_1702_26,High_Crude_Price_Feb2017,2017-02-04T21:00:00Z,Feb2017,Optimal,SLATE_E,173486,158526,62321,66248,41803,64363,66573,15474,-1216669490,477335104,375305255,485509348,15682870
ASP_1702_27,Max_Diesel_Mode_Feb2017,2017-02-07T15:00:00Z,Feb2017,Optimal,SLATE_F,173486,158526,62321,66248,41803,65195,75236,13672,-1278415910,483840499,384869009,364718723,15889269
ASP_1702_28,Min_Fuel_Oil_Feb2017,2017-02-15T08:00:00Z,Feb2017,Optimal,SLATE_C,173486,158526,62321,66248,41803,73269,68894,12430,-1364412363,588866659,327955222,424264644,16414327
ASP_1702_29,Heavy_Crude_Slate_Feb2017,2017-02-05T22:00:00Z,Feb2017,Optimal,SLATE_E,173486,158526,62321,66248,41803,63047,66505,17387,-1211991435,500270740,400510163,459980207,14103960
ASP_1702_30,Light_Sweet_Slate_Feb2017,2017-02-03T10:00:00Z,Feb2017,Optimal,SLATE_E,173486,158526,62321,66248,41803,81339,65690,11748,-1453995706,542934775,372772318,398937819,16434460
ASP_1702_31,Coker_Max_Run_Feb2017,2017-02-15T10:00:00Z,Feb2017,Optimal,SLATE_D,173486,158526,62321,66248,41803,66860,73879,16081,-1349068182,436094531,410684313,490836916,14999895
ASP_1702_32,Product_Demand_High_Feb2017,2017-02-16T13:00:00Z,Feb2017,Optimal,SLATE_C,173486,158526,62321,66248,41803,76453,69696,13991,-1363151778,459448037,420711953,398941636,16924053
ASP_1702_33,Base_Case_Feb2017,2017-02-11T08:00:00Z,Feb2017,Optimal,SLATE_F,173486,158526,62321,66248,41803,69035,71043,14492,-1244712656,457002437,366053322,436992767,15335870
ASP_1702_34,High_Crude_Price_Feb2017,2017-02-19T08:00:00Z,Feb2017,Optimal,SLATE_F,173486,158526,62321,66248,41803,69042,65873,14125,-1201850518,472803444,411458825,437587800,15490810
ASP_1702_35,Max_Diesel_Mode_Feb2017,2017-02-03T19:00:00Z,Feb2017,Optimal,SLATE_A,173486,158526,62321,66248,41803,65945,81646,14291,-1447789676,483360845,441704585,469963506,16181625
ASP_1702_36,Min_Fuel_Oil_Feb2017,2017-02-19T09:00:00Z,Feb2017,Optimal,SLATE_D,173486,158526,62321,66248,41803,74861,65955,12872,-1455932311,503696858,440415707,484369611,14955660
ASP_1703_01,Base_Case_Mar2017,2017-03-15T03:00:00Z,Mar2017,Optimal,SLATE_E,163494,162145,87680,42834,43369,71120,55234,22255,-1220018259,415078430,371711155,447673080,14444406
ASP_1703_02,High_Crude_Price_Mar2017,2017-03-20T15:00:00Z,Mar2017,Optimal,SLATE_F,163494,162145,87680,42834,43369,71269,55044,22671,-1080670659,462001665,321487295,405347551,14194490
ASP_1703_03,Max_Diesel_Mode_Mar2017,2017-03-15T01:00:00Z,Mar2017,Optimal,SLATE_A,163494,162145,87680,42834,43369,67533,64504,21689,-1287932843,427828916,367117518,447589757,15933483
ASP_1703_04,Min_Fuel_Oil_Mar2017,2017-03-07T21:00:00Z,Mar2017,Optimal,SLATE_D,163494,162145,87680,42834,43369,77313,57369,19025,-1341298992,559849960,368474818,389367207,15459953
ASP_1703_05,Heavy_Crude_Slate_Mar2017,2017-03-18T04:00:00Z,Mar2017,Optimal,SLATE_E,163494,162145,87680,42834,43369,67231,54005,26033,-1141922953,497715649,406937166,378470652,14320185
ASP_1703_06,Light_Sweet_Slate_Mar2017,2017-03-11T01:00:00Z,Mar2017,Optimal,SLATE_F,163494,162145,87680,42834,43369,80308,55845,18264,-1502267157,484887606,413726314,458591715,15895673
ASP_1703_07,Coker_Max_Run_Mar2017,2017-03-22T04:00:00Z,Mar2017,Optimal,SLATE_F,163494,162145,87680,42834,43369,70564,61057,22959,-1215316997,405957299,364930477,436163217,15563741
ASP_1703_08,Product_Demand_High_Mar2017,2017-03-15T07:00:00Z,Mar2017,Optimal,SLATE_E,163494,162145,87680,42834,43369,84040,56700,21208,-1374631674,528834017,406376774,353623105,16026790
ASP_1703_09,Base_Case_Mar2017,2017-03-27T14:00:00Z,Mar2017,Optimal,SLATE_E,163494,162145,87680,42834,43369,73671,54305,21484,-1361968795,569110185,353813408,454282287,15237085
ASP_1703_10,High_Crude_Price_Mar2017,2017-03-03T14:00:00Z,Mar2017,Optimal,SLATE_A,163494,162145,87680,42834,43369,72900,56228,22083,-1189717177,563938921,347508168,397019775,15296019
ASP_1703_11,Max_Diesel_Mode_Mar2017,2017-03-08T03:00:00Z,Mar2017,Optimal,SLATE_C,163494,162145,87680,42834,43369,68288,63468,21352,-1375651492,556407160,365892375,403732462,15887718
ASP_1703_12,Min_Fuel_Oil_Mar2017,2017-03-27T00:00:00Z,Mar2017,Optimal,SLATE_B,163494,162145,87680,42834,43369,76680,57977,18004,-1310036152,556865441,320678844,410018569,15683094
ASP_1703_13,Heavy_Crude_Slate_Mar2017,2017-03-15T08:00:00Z,Mar2017,Optimal,SLATE_B,163494,162145,87680,42834,43369,66827,57154,26658,-1154811440,448239798,411519280,438546561,15181816
ASP_1703_14,Light_Sweet_Slate_Mar2017,2017-03-06T17:00:00Z,Mar2017,Optimal,SLATE_F,163494,162145,87680,42834,43369,83218,57392,17067,-1358075314,480688218,332913227,415411795,16445995
ASP_1703_15,Coker_Max_Run_Mar2017,2017-03-20T19:00:00Z,Mar2017,Optimal,SLATE_F,163494,162145,87680,42834,43369,70124,55579,24812,-1146972534,405098424,311294384,423076618,14986549
ASP_1703_16,Product_Demand_High_Mar2017,2017-03-03T21:00:00Z,Mar2017,Optimal,SLATE_B,163494,162145,87680,42834,43369,84068,60564,20880,-1353177470,511808444,331603184,425633082,16102608
ASP_1703_17,Base_Case_Mar2017,2017-03-23T16:00:00Z,Mar2017,Optimal,SLATE_E,163494,162145,87680,42834,43369,76424,53714,22127,-1220014449,460499058,343719661,431034391,15238661
ASP_1703_18,High_Crude_Price_Mar2017,2017-03-05T18:00:00Z,Mar2017,Optimal,SLATE_B,163494,162145,87680,42834,43369,70409,53974,22116,-1268261515,549069254,393633175,450851208,15008511
ASP_1703_19,Max_Diesel_Mode_Mar2017,2017-03-04T10:00:00Z,Mar2017,Optimal,SLATE_F,163494,162145,87680,42834,43369,67712,65175,19952,-1330784275,507919334,406463689,368382686,15352113
ASP_1703_20,Min_Fuel_Oil_Mar2017,2017-03-12T05:00:00Z,Mar2017,Optimal,SLATE_D,163494,162145,87680,42834,43369,75742,57835,18968,-1332456637,486114736,380734299,441558969,14760783
ASP_1703_21,Heavy_Crude_Slate_Mar2017,2017-03-12T02:00:00Z,Mar2017,Optimal,SLATE_F,163494,162145,87680,42834,43369,69662,52874,26697,-1132369759,498843570,401087505,373803598,15546051
ASP_1703_22,Light_Sweet_Slate_Mar2017,2017-03-05T17:00:00Z,Mar2017,Optimal,SLATE_D,163494,162145,87680,42834,43369,79297,52709,17919,-1357276716,559032018,318590256,349742357,15510420
ASP_1703_23,Coker_Max_Run_Mar2017,2017-03-08T09:00:00Z,Mar2017,Optimal,SLATE_B,163494,162145,87680,42834,43369,75419,59651,24235,-1295995027,451387559,421047596,413747172,15598967
ASP_1703_24,Product_Demand_High_Mar2017,2017-03-25T14:00:00Z,Mar2017,Optimal,SLATE_F,163494,162145,87680,42834,43369,83925,59747,20540,-1409461179,485714924,401905195,434950806,17514277
ASP_1703_25,Base_Case_Mar2017,2017-03-27T15:00:00Z,Mar2017,Optimal,SLATE_A,163494,162145,87680,42834,43369,75666,54353,22135,-1197608727,459056574,316234042,437480750,15162639
ASP_1703_26,High_Crude_Price_Mar2017,2017-03-27T04:00:00Z,Mar2017,Optimal,SLATE_A,163494,162145,87680,42834,43369,73491,56224,23116,-1206582643,519187256,366414067,441582048,15680498
ASP_1703_27,Max_Diesel_Mode_Mar2017,2017-03-19T06:00:00Z,Mar2017,Optimal,SLATE_E,163494,162145,87680,42834,43369,67774,67472,20586,-1128607889,399987015,296240515,394111296,15474169
ASP_1703_28,Min_Fuel_Oil_Mar2017,2017-03-01T21:00:00Z,Mar2017,Optimal,SLATE_A,163494,162145,87680,42834,43369,73440,58085,18210,-1233478984,550189507,313779914,348935002,15352011
ASP_1703_29,Heavy_Crude_Slate_Mar2017,2017-03-16T09:00:00Z,Mar2017,Optimal,SLATE_E,163494,162145,87680,42834,43369,64719,52510,26603,-1022318274,424926412,315869141,408981414,13867773
ASP_1703_30,Light_Sweet_Slate_Mar2017,2017-03-02T22:00:00Z,Mar2017,Optimal,SLATE_C,163494,162145,87680,42834,43369,84057,54599,18093,-1385205112,433021923,415179008,404898040,16308692
ASP_1703_31,Coker_Max_Run_Mar2017,2017-03-18T08:00:00Z,Mar2017,Optimal,SLATE_F,163494,162145,87680,42834,43369,72128,56718,23078,-1103328610,414490283,334816186,347369128,14980881
ASP_1703_32,Product_Demand_High_Mar2017,2017-03-05T04:00:00Z,Mar2017,Optimal,SLATE_A,163494,162145,87680,42834,43369,76620,56560,20343,-1319195747,406117293,409857314,421633484,16130547
ASP_1703_33,Base_Case_Mar2017,2017-03-14T17:00:00Z,Mar2017,Optimal,SLATE_F,163494,162145,87680,42834,43369,77775,58624,22374,-1192522672,395092160,360632168,452509271,15710927
ASP_1703_34,High_Crude_Price_Mar2017,2017-03-09T11:00:00Z,Mar2017,Optimal,SLATE_D,163494,162145,87680,42834,43369,74145,51367,21846,-1016756995,419806884,335928666,364316210,14881113
ASP_1703_35,Max_Diesel_Mode_Mar2017,2017-03-05T13:00:00Z,Mar2017,Optimal,SLATE_B,163494,162145,87680,42834,43369,65206,62496,20907,-1217047803,430546352,362774744,380219580,14447530
ASP_1703_36,Min_Fuel_Oil_Mar2017,2017-03-16T07:00:00Z,Mar2017,Optimal,SLATE_C,163494,162145,87680,42834,43369,79738,55153,17733,-1268731704,499753768,344297516,402914850,15187780
ASP_1704_01,Base_Case_Apr2017,2017-04-23T19:00:00Z,Apr2017,Optimal,SLATE_D,171542,168797,77699,52864,41574,74375,57959,22865,-1369198965,502209628,421394270,461033458,15438391
ASP_1704_02,High_Crude_Price_Apr2017,2017-04-14T16:00:00Z,Apr2017,Optimal,SLATE_B,171542,168797,77699,52864,41574,76565,55450,24495,-1262249334,588766926,414123428,385383016,16263224
ASP_1704_03,Max_Diesel_Mode_Apr2017,2017-04-18T10:00:00Z,Apr2017,Optimal,SLATE_F,171542,168797,77699,52864,41574,70750,63702,21406,-1381293471,532746967,316035421,481985971,15250767
ASP_1704_04,Min_Fuel_Oil_Apr2017,2017-04-19T08:00:00Z,Apr2017,Optimal,SLATE_C,171542,168797,77699,52864,41574,75546,56297,20311,-1224249714,417502767,421306543,365498584,15715938
ASP_1704_05,Heavy_Crude_Slate_Apr2017,2017-04-21T07:00:00Z,Apr2017,Optimal,SLATE_B,171542,168797,77699,52864,41574,66111,57187,28002,-1100050773,513803596,319949698,403573015,15047672
ASP_1704_06,Light_Sweet_Slate_Apr2017,2017-04-02T17:00:00Z,Apr2017,Optimal,SLATE_B,171542,168797,77699,52864,41574,81505,54381,18647,-1569444479,537566618,428844126,450973420,16094450
ASP_1704_07,Coker_Max_Run_Apr2017,2017-04-08T04:00:00Z,Apr2017,Optimal,SLATE_D,171542,168797,77699,52864,41574,77478,61652,24509,-1206806355,420135470,337055099,442974194,17021277
ASP_1704_08,Product_Demand_High_Apr2017,2017-04-14T08:00:00Z,Apr2017,Optimal,SLATE_D,171542,168797,77699,52864,41574,79491,60467,22861,-1456737734,531534069,384923610,448658610,16285053
ASP_1704_09,Base_Case_Apr2017,2017-04-14T18:00:00Z,Apr2017,Optimal,SLATE_C,171542,168797,77699,52864,41574,77645,59273,23557,-1271487414,420907964,419682116,447033157,16135823
ASP_1704_10,High_Crude_Price_Apr2017,2017-04-01T10:00:00Z,Apr2017,Optimal,SLATE_A,171542,168797,77699,52864,41574,70460,53134,22780,-1079577399,418580209,321453073,447917750,14497337
ASP_1704_11,Max_Diesel_Mode_Apr2017,2017-04-03T00:00:00Z,Apr2017,Optimal,SLATE_B,171542,168797,77699,52864,41574,68176,65707,22909,-1239691556,441054929,359320971,396658315,16375590
ASP_1704_12,Min_Fuel_Oil_Apr2017,2017-04-09T09:00:00Z,Apr2017,Optimal,SLATE_F,171542,168797,77699,52864,41574,77411,59147,19919,-1321988656,475397832,367585434,456377873,15877006
ASP_1704_13,Heavy_Crude_Slate_Apr2017,2017-04-10T04:00:00Z,Apr2017,Optimal,SLATE_A,171542,168797,77699,52864,41574,71755,55553,28161,-1235561670,561897762,381493193,444317323,14861977
ASP_1704_14,Light_Sweet_Slate_Apr2017,2017-04-26T02:00:00Z,Apr2017,Optimal,SLATE_C,171542,168797,77699,52864,41574,87243,54260,18436,-1525935379,518979488,438725204,420637782,15900171
ASP_1704_15,Coker_Max_Run_Apr2017,2017-04-19T13:00:00Z,Apr2017,Optimal,SLATE_F,171542,168797,77699,52864,41574,73598,59720,24284,-1442522312,592101611,407501962,430188831,15554843
ASP_1704_16,Product_Demand_High_Apr2017,2017-04-26T16:00:00Z,Apr2017,Optimal,SLATE_D,171542,168797,77699,52864,41574,84168,58307,21713,-1348751104,476156164,331901089,456630073,15843711
ASP_1704_17,Base_Case_Apr2017,2017-04-21T11:00:00Z,Apr2017,Optimal,SLATE_A,171542,168797,77699,52864,41574,77351,55576,22281,-1381951555,520454514,421283713,455284183,15070855
ASP_1704_18,High_Crude_Price_Apr2017,2017-04-13T18:00:00Z,Apr2017,Optimal,SLATE_F,171542,168797,77699,52864,41574,74026,54705,24461,-1205388540,466920607,417795312,440588035,15099019
ASP_1704_19,Max_Diesel_Mode_Apr2017,2017-04-02T22:00:00Z,Apr2017,Optimal,SLATE_B,171542,168797,77699,52864,41574,71306,62564,20852,-1337090109,498454438,395339624,395202687,15577597
ASP_1704_20,Min_Fuel_Oil_Apr2017,2017-04-20T07:00:00Z,Apr2017,Optimal,SLATE_F,171542,168797,77699,52864,41574,77265,57584,20168,-1453729018,590385102,361975395,474378545,15351645
ASP_1704_21,Heavy_Crude_Slate_Apr2017,2017-04-21T03:00:00Z,Apr2017,Optimal,SLATE_F,171542,168797,77699,52864,41574,69990,55140,28082,-1121824871,511893133,334575973,414481042,14478069
ASP_1704_22,Light_Sweet_Slate_Apr2017,2017-04-27T00:00:00Z,Apr2017,Optimal,SLATE_A,171542,168797,77699,52864,41574,86676,54835,19320,-1403599983,466325398,430082686,374004380,17198193
ASP_1704_23,Coker_Max_Run_Apr2017,2017-04-16T09:00:00Z,Apr2017,Optimal,SLATE_D,171542,168797,77699,52864,41574,72486,56281,26240,-1104264998,414516083,323294257,360547505,15745101
ASP_1704_24,Product_Demand_High_Apr2017,2017-04-26T21:00:00Z,Apr2017,Optimal,SLATE_C,171542,168797,77699,52864,41574,81045,57389,22188,-1308225971,509083924,343766571,374127501,15657652
ASP_1704_25,Base_Case_Apr2017,2017-04-24T19:00:00Z,Apr2017,Optimal,SLATE_B,171542,168797,77699,52864,41574,74638,59283,22431,-1187975874,469860672,341707026,391926769,15518593
ASP_1704_26,High_Crude_Price_Apr2017,2017-04-15T09:00:00Z,Apr2017,Optimal,SLATE_C,171542,168797,77699,52864,41574,70003,52427,23845,-1113127910,444364187,348754481,432296591,15493617
ASP_1704_27,Max_Diesel_Mode_Apr2017,2017-04-17T10:00:00Z,Apr2017,Optimal,SLATE_F,171542,168797,77699,52864,41574,67684,63966,22607,-1371881035,486485774,419822546,416887428,16642381
ASP_1704_28,Min_Fuel_Oil_Apr2017,2017-04-20T09:00:00Z,Apr2017,Optimal,SLATE_C,171542,168797,77699,52864,41574,76661,56297,18987,-1478087857,589675819,412471064,447949600,15059728
ASP_1704_29,Heavy_Crude_Slate_Apr2017,2017-04-18T18:00:00Z,Apr2017,Optimal,SLATE_E,171542,168797,77699,52864,41574,69449,54066,27044,-1062159382,468911529,355343539,371220783,15298759
ASP_1704_30,Light_Sweet_Slate_Apr2017,2017-04-16T10:00:00Z,Apr2017,Optimal,SLATE_F,171542,168797,77699,52864,41574,83829,53628,18583,-1294018157,405566170,396913038,368460278,15566131
ASP_1704_31,Coker_Max_Run_Apr2017,2017-04-15T16:00:00Z,Apr2017,Optimal,SLATE_D,171542,168797,77699,52864,41574,79037,56683,24839,-1348412623,593261282,319581153,425568105,16437380
ASP_1704_32,Product_Demand_High_Apr2017,2017-04-19T16:00:00Z,Apr2017,Optimal,SLATE_F,171542,168797,77699,52864,41574,82295,60195,22819,-1381537645,488488901,386207204,420446291,15940872
ASP_1704_33,Base_Case_Apr2017,2017-04-15T06:00:00Z,Apr2017,Optimal,SLATE_F,171542,168797,77699,52864,41574,80915,58389,23929,-1272041492,457475713,391635387,439432686,16502294
ASP_1704_34,High_Crude_Price_Apr2017,2017-04-14T06:00:00Z,Apr2017,Optimal,SLATE_B,171542,168797,77699,52864,41574,71701,53140,24363,-1164325734,407435603,414597399,459328616,15790168
ASP_1704_35,Max_Diesel_Mode_Apr2017,2017-04-02T00:00:00Z,Apr2017,Optimal,SLATE_B,171542,168797,77699,52864,41574,70935,64288,22792,-1392362701,460977266,430040522,450873555,15831627
ASP_1704_36,Min_Fuel_Oil_Apr2017,2017-04-21T05:00:00Z,Apr2017,Optimal,SLATE_C,171542,168797,77699,52864,41574,75560,56422,20028,-1190961957,453388103,317872640,399568794,14555792
ASP_1705_01,Base_Case_May2017,2017-05-03T16:00:00Z,May2017,Optimal,SLATE_D,178189,160831,73622,49462,50761,86681,60465,15046,-1337864378,508840058,405636035,439563068,16174783
ASP_1705_02,High_Crude_Price_May2017,2017-05-04T10:00:00Z,May2017,Optimal,SLATE_E,178189,160831,73622,49462,50761,78293,55029,15873,-1368959373,569788940,432678935,500968620,15437176
ASP_1705_03,Max_Diesel_Mode_May2017,2017-05-19T14:00:00Z,May2017,Optimal,SLATE_C,178189,160831,73622,49462,50761,72985,67141,14591,-1419241885,528782381,400665772,438321791,16111005
ASP_1705_04,Min_Fuel_Oil_May2017,2017-05-24T12:00:00Z,May2017,Optimal,SLATE_C,178189,160831,73622,49462,50761,84061,57468,12760,-1338318497,534384728,382027000,398735332,15808713
ASP_1705_05,Heavy_Crude_Slate_May2017,2017-05-12T16:00:00Z,May2017,Optimal,SLATE_E,178189,160831,73622,49462,50761,73531,57220,18472,-1169871475,555163788,359003980,400666827,14977400
ASP_1705_06,Light_Sweet_Slate_May2017,2017-05-01T19:00:00Z,May2017,Optimal,SLATE_E,178189,160831,73622,49462,50761,91987,56147,11532,-1667662517,611489979,387622916,505858114,15986618
ASP_1705_07,Coker_Max_Run_May2017,2017-05-01T20:00:00Z,May2017,Optimal,SLATE_A,178189,160831,73622,49462,50761,79221,60348,16262,-1316638254,470908061,460977636,374897722,15961601
ASP_1705_08,Product_Demand_High_May2017,2017-05-19T18:00:00Z,May2017,Optimal,SLATE_C,178189,160831,73622,49462,50761,95898,61426,13837,-1427441587,514198467,360143597,464957169,17594059
ASP_1705_09,Base_Case_May2017,2017-05-21T15:00:00Z,May2017,Optimal,SLATE_F,178189,160831,73622,49462,50761,86795,59951,14448,-1240676742,447183950,340971627,468539739,16018574
ASP_1705_10,High_Crude_Price_May2017,2017-05-20T11:00:00Z,May2017,Optimal,SLATE_D,178189,160831,73622,49462,50761,84244,54128,15061,-1194793624,525033764,402655176,386268749,15268967
ASP_1705_11,Max_Diesel_Mode_May2017,2017-05-16T02:00:00Z,May2017,Optimal,SLATE_A,178189,160831,73622,49462,50761,77468,70612,14014,-1378738414,447422168,385424187,496208118,15970269
ASP_1705_12,Min_Fuel_Oil_May2017,2017-05-17T20:00:00Z,May2017,Optimal,SLATE_F,178189,160831,73622,49462,50761,86108,58841,12397,-1370621054,503603446,349032835,494695763,16631991
ASP_1705_13,Heavy_Crude_Slate_May2017,2017-05-21T02:00:00Z,May2017,Optimal,SLATE_A,178189,160831,73622,49462,50761,72486,60523,17737,-1230868139,604461911,380548710,398241245,15620600
ASP_1705_14,Light_Sweet_Slate_May2017,2017-05-10T16:00:00Z,May2017,Optimal,SLATE_F,178189,160831,73622,49462,50761,93703,55264,11922,-1562418667,619224629,415685746,376655463,16549171
ASP_1705_15,Coker_Max_Run_May2017,2017-05-07T20:00:00Z,May2017,Optimal,SLATE_C,178189,160831,73622,49462,50761,79584,63551,16968,-1300266992,492485852,378214164,420372470,16300925
ASP_1705_16,Product_Demand_High_May2017,2017-05-11T08:00:00Z,May2017,Optimal,SLATE_E,178189,160831,73622,49462,50761,92387,59979,13503,-1406134177,516084254,410238762,393922924,18269850
ASP_1705_17,Base_Case_May2017,2017-05-10T16:00:00Z,May2017,Optimal,SLATE_A,178189,160831,73622,49462,50761,86322,58095,15243,-1326855685,435482138,435336774,471558740,15521967
ASP_1705_18,High_Crude_Price_May2017,2017-05-20T14:00:00Z,May2017,Optimal,SLATE_D,178189,160831,73622,49462,50761,83286,59063,14789,-1182130478,489444648,329981009,480533675,15034899
ASP_1705_19,Max_Diesel_Mode_May2017,2017-05-23T10:00:00Z,May2017,Optimal,SLATE_D,178189,160831,73622,49462,50761,74626,69638,13777,-1392635049,550066593,376694281,416113344,16555123
ASP_1705_20,Min_Fuel_Oil_May2017,2017-05-16T06:00:00Z,May2017,Optimal,SLATE_F,178189,160831,73622,49462,50761,89567,58157,12416,-1259675136,424005583,373599008,442370860,16989882
ASP_1705_21,Heavy_Crude_Slate_May2017,2017-05-08T08:00:00Z,May2017,Optimal,SLATE_A,178189,160831,73622,49462,50761,77594,55697,18684,-1185587802,522892402,421001720,389700529,16274871
ASP_1705_22,Light_Sweet_Slate_May2017,2017-05-19T00:00:00Z,May2017,Optimal,SLATE_D,178189,160831,73622,49462,50761,90519,57368,12006,-1572282606,577166972,397650951,445157669,16151836
ASP_1705_23,Coker_Max_Run_May2017,2017-05-09T15:00:00Z,May2017,Optimal,SLATE_B,178189,160831,73622,49462,50761,83565,62670,16215,-1375288918,517464303,373417110,473922383,16481327
ASP_1705_24,Product_Demand_High_May2017,2017-05-05T00:00:00Z,May2017,Optimal,SLATE_E,178189,160831,73622,49462,50761,88869,63834,14113,-1428324048,411122328,430930313,497783559,17313933
ASP_1705_25,Base_Case_May2017,2017-05-19T10:00:00Z,May2017,Optimal,SLATE_E,178189,160831,73622,49462,50761,84934,57467,14287,-1331240323,529770637,388925852,427422989,14879155
ASP_1705_26,High_Crude_Price_May2017,2017-05-09T21:00:00Z,May2017,Optimal,SLATE_D,178189,160831,73622,49462,50761,82373,56161,14777,-1151359270,456482208,329374947,480864622,15244309
ASP_1705_27,Max_Diesel_Mode_May2017,2017-05-07T11:00:00Z,May2017,Optimal,SLATE_C,178189,160831,73622,49462,50761,73307,68953,13603,-1316656200,498308437,359790752,411604643,15745546
ASP_1705_28,Min_Fuel_Oil_May2017,2017-05-16T15:00:00Z,May2017,Optimal,SLATE_A,178189,160831,73622,49462,50761,87037,63067,12983,-1394635443,526591764,343338669,500666397,16581836
ASP_1705_29,Heavy_Crude_Slate_May2017,2017-05-09T02:00:00Z,May2017,Optimal,SLATE_A,178189,160831,73622,49462,50761,79369,56961,17502,-1238887936,525274884,456539599,410577621,15849952
ASP_1705_30,Light_Sweet_Slate_May2017,2017-05-03T11:00:00Z,May2017,Optimal,SLATE_A,178189,160831,73622,49462,50761,93925,58371,11993,-1381048805,466892764,367673464,414088633,15575570
ASP_1705_31,Coker_Max_Run_May2017,2017-05-25T07:00:00Z,May2017,Optimal,SLATE_E,178189,160831,73622,49462,50761,84626,61464,16687,-1280108931,419947620,418596225,433594046,17129135
ASP_1705_32,Product_Demand_High_May2017,2017-05-25T13:00:00Z,May2017,Optimal,SLATE_E,178189,160831,73622,49462,50761,94432,59706,14811,-1491321492,536602591,408153523,452818165,16721045
ASP_1705_33,Base_Case_May2017,2017-05-26T04:00:00Z,May2017,Optimal,SLATE_F,178189,160831,73622,49462,50761,82184,59510,14997,-1282811020,543701378,375528220,379142873,15561451
ASP_1705_34,High_Crude_Price_May2017,2017-05-12T07:00:00Z,May2017,Optimal,SLATE_E,178189,160831,73622,49462,50761,83572,58581,15873,-1296491665,559635542,360759529,504606615,15771615
ASP_1705_35,Max_Diesel_Mode_May2017,2017-05-15T15:00:00Z,May2017,Optimal,SLATE_E,178189,160831,73622,49462,50761,78092,64875,14637,-1292048125,514592420,351878560,379261965,15210921
ASP_1705_36,Min_Fuel_Oil_May2017,2017-05-26T12:00:00Z,May2017,Optimal,SLATE_A,178189,160831,73622,49462,50761,89147,58654,13174,-1291525542,485782248,329375540,455539265,16788759
ASP_1706_01,Base_Case_Jun2017,2017-06-16T08:00:00Z,Jun2017,Optimal,SLATE_C,146491,133022,63585,36984,38743,66734,49905,15694,-1077252339,386915932,377545609,326613692,13822894
ASP_1706_02,High_Crude_Price_Jun2017,2017-06-06T04:00:00Z,Jun2017,Optimal,SLATE_C,146491,133022,63585,36984,38743,68108,44740,17006,-1026756293,351727836,364383236,413081472,13153095
ASP_1706_03,Max_Diesel_Mode_Jun2017,2017-06-12T14:00:00Z,Jun2017,Optimal,SLATE_B,146491,133022,63585,36984,38743,61341,55535,15225,-1026078007,384613787,297673705,308703536,13773878
ASP_1706_04,Min_Fuel_Oil_Jun2017,2017-06-25T01:00:00Z,Jun2017,Optimal,SLATE_A,146491,133022,63585,36984,38743,70729,48916,13135,-1125005633,435781941,282829303,387488404,13861169
ASP_1706_05,Heavy_Crude_Slate_Jun2017,2017-06-03T06:00:00Z,Jun2017,Optimal,SLATE_B,146491,133022,63585,36984,38743,63962,47387,18494,-975559456,505955632,274660970,316391787,13053437
ASP_1706_06,Light_Sweet_Slate_Jun2017,2017-06-10T05:00:00Z,Jun2017,Optimal,SLATE_C,146491,133022,63585,36984,38743,72747,47422,13294,-1197838299,360161345,358083448,365288047,14034358
ASP_1706_07,Coker_Max_Run_Jun2017,2017-06-23T11:00:00Z,Jun2017,Optimal,SLATE_A,146491,133022,63585,36984,38743,64673,50190,17128,-1174369193,450161509,300346644,414142648,13308454
ASP_1706_08,Product_Demand_High_Jun2017,2017-06-19T11:00:00Z,Jun2017,Optimal,SLATE_F,146491,133022,63585,36984,38743,72103,51665,15717,-1082721388,348366136,318666611,350199556,14712499
ASP_1706_09,Base_Case_Jun2017,2017-06-06T22:00:00Z,Jun2017,Optimal,SLATE_D,146491,133022,63585,36984,38743,71593,46584,16410,-1119994380,399835326,369403888,363702623,12947457
ASP_1706_10,High_Crude_Price_Jun2017,2017-06-22T04:00:00Z,Jun2017,Optimal,SLATE_D,146491,133022,63585,36984,38743,63546,45167,15735,-1086246151,500236083,365974575,327360363,12868682
ASP_1706_11,Max_Diesel_Mode_Jun2017,2017-06-23T04:00:00Z,Jun2017,Optimal,SLATE_D,146491,133022,63585,36984,38743,63984,53413,14897,-1148504311,361775480,373626493,371508265,13096608
ASP_1706_12,Min_Fuel_Oil_Jun2017,2017-06-12T12:00:00Z,Jun2017,Optimal,SLATE_A,146491,133022,63585,36984,38743,71303,52236,13735,-1303196417,493467349,379056540,406303983,13588632
ASP_1706_13,Heavy_Crude_Slate_Jun2017,2017-06-21T12:00:00Z,Jun2017,Optimal,SLATE_C,146491,133022,63585,36984,38743,61151,46092,20083,-866768265,359915427,277215591,338304445,12359612
ASP_1706_14,Light_Sweet_Slate_Jun2017,2017-06-12T07:00:00Z,Jun2017,Optimal,SLATE_A,146491,133022,63585,36984,38743,79368,47307,12925,-1381271233,500251431,364297842,383441060,14712446
ASP_1706_15,Coker_Max_Run_Jun2017,2017-06-15T04:00:00Z,Jun2017,Optimal,SLATE_E,146491,133022,63585,36984,38743,66425,52375,18624,-1227705953,466781374,361953180,389298521,14399787
ASP_1706_16,Product_Demand_High_Jun2017,2017-06-04T15:00:00Z,Jun2017,Optimal,SLATE_C,146491,133022,63585,36984,38743,74217,49551,15465,-1266304271,509472267,268076738,409181558,14226608
ASP_1706_17,Base_Case_Jun2017,2017-06-07T22:00:00Z,Jun2017,Optimal,SLATE_A,146491,133022,63585,36984,38743,66218,48007,15396,-1087845842,373083187,348052613,380380130,13670088
ASP_1706_18,High_Crude_Price_Jun2017,2017-06-09T00:00:00Z,Jun2017,Optimal,SLATE_D,146491,133022,63585,36984,38743,68034,47914,15710,-974094865,463671969,268971483,340331116,14175801
ASP_1706_19,Max_Diesel_Mode_Jun2017,2017-06-18T08:00:00Z,Jun2017,Optimal,SLATE_E,146491,133022,63585,36984,38743,62664,57932,15338,-1173823716,460502251,318214650,352494192,13283744
ASP_1706_20,Min_Fuel_Oil_Jun2017,2017-06-21T03:00:00Z,Jun2017,Optimal,SLATE_E,146491,133022,63585,36984,38743,72332,51333,14243,-1130432158,401871238,361900196,347431242,13695726
ASP_1706_21,Heavy_Crude_Slate_Jun2017,2017-06-12T10:00:00Z,Jun2017,Optimal,SLATE_D,146491,133022,63585,36984,38743,63281,48700,18922,-1053317201,504385979,368873257,310212266,13119056
ASP_1706_22,Light_Sweet_Slate_Jun2017,2017-06-16T02:00:00Z,Jun2017,Optimal,SLATE_D,146491,133022,63585,36984,38743,77366,46546,12430,-1309743303,486094014,284612346,413234172,14526868
ASP_1706_23,Coker_Max_Run_Jun2017,2017-06-14T06:00:00Z,Jun2017,Optimal,SLATE_E,146491,133022,63585,36984,38743,66779,49981,17212,-1150340878,444692529,323617585,372611098,13136037
ASP_1706_24,Product_Demand_High_Jun2017,2017-06-18T05:00:00Z,Jun2017,Optimal,SLATE_D,146491,133022,63585,36984,38743,72123,53926,15616,-1178583267,396811654,313889274,394342994,13763119
ASP_1706_25,Base_Case_Jun2017,2017-06-24T04:00:00Z,Jun2017,Optimal,SLATE_E,146491,133022,63585,36984,38743,68976,50497,15569,-1040347081,343373836,370715644,339404523,13146922
ASP_1706_26,High_Crude_Price_Jun2017,2017-06-27T22:00:00Z,Jun2017,Optimal,SLATE_A,146491,133022,63585,36984,38743,68656,45686,15926,-1037013897,427396919,334500326,379017754,13725980
ASP_1706_27,Max_Diesel_Mode_Jun2017,2017-06-04T17:00:00Z,Jun2017,Optimal,SLATE_B,146491,133022,63585,36984,38743,63594,55913,16119,-1109178045,338853119,371145318,360081347,13719741
ASP_1706_28,Min_Fuel_Oil_Jun2017,2017-06-20T03:00:00Z,Jun2017,Optimal,SLATE_E,146491,133022,63585,36984,38743,73186,51507,13968,-1081317664,423736780,296356681,343520021,13790507
ASP_1706_29,Heavy_Crude_Slate_Jun2017,2017-06-10T02:00:00Z,Jun2017,Optimal,SLATE_B,146491,133022,63585,36984,38743,60846,46988,18837,-904745243,353195173,292783539,371667823,12374042
ASP_1706_30,Light_Sweet_Slate_Jun2017,2017-06-23T18:00:00Z,Jun2017,Optimal,SLATE_D,146491,133022,63585,36984,38743,75378,49348,12726,-1162790713,435199636,271848031,345702012,14543685
ASP_1706_31,Coker_Max_Run_Jun2017,2017-06-02T09:00:00Z,Jun2017,Optimal,SLATE_D,146491,133022,63585,36984,38743,69361,49349,18516,-1069528850,409590326,286270486,366505817,13808932
ASP_1706_32,Product_Demand_High_Jun2017,2017-06-20T01:00:00Z,Jun2017,Optimal,SLATE_F,146491,133022,63585,36984,38743,75950,51769,15357,-1191283785,397863296,351062930,368405154,14290838
ASP_1706_33,Base_Case_Jun2017,2017-06-20T13:00:00Z,Jun2017,Optimal,SLATE_F,146491,133022,63585,36984,38743,66043,49929,16458,-1109055882,508605409,267962305,345482097,12993929
ASP_1706_34,High_Crude_Price_Jun2017,2017-06-20T12:00:00Z,Jun2017,Optimal,SLATE_A,146491,133022,63585,36984,38743,67868,44659,16622,-1032971958,458101400,325432617,351695798,12434208
ASP_1706_35,Max_Diesel_Mode_Jun2017,2017-06-16T13:00:00Z,Jun2017,Optimal,SLATE_C,146491,133022,63585,36984,38743,61048,55520,15620,-1179877171,486513175,306030560,344489801,13340992
ASP_1706_36,Min_Fuel_Oil_Jun2017,2017-06-27T01:00:00Z,Jun2017,Optimal,SLATE_F,146491,133022,63585,36984,38743,66848,52117,13348,-1134224929,344657975,364032912,406220338,13721973
ASP_1707_01,Base_Case_Jul2017,2017-07-06T14:00:00Z,Jul2017,Optimal,SLATE_A,149405,136805,56490,51340,30075,59916,52407,13586,-1097315256,362546884,351699031,396703185,13633844
ASP_1707_02,High_Crude_Price_Jul2017,2017-07-19T07:00:00Z,Jul2017,Optimal,SLATE_D,149405,136805,56490,51340,30075,59824,46534,14148,-1074593306,473827242,311325348,394363571,11479958
ASP_1707_03,Max_Diesel_Mode_Jul2017,2017-07-26T12:00:00Z,Jul2017,Optimal,SLATE_C,149405,136805,56490,51340,30075,52124,59711,12773,-1086790034,389306647,311171946,346720013,12160478
ASP_1707_04,Min_Fuel_Oil_Jul2017,2017-07-01T01:00:00Z,Jul2017,Optimal,SLATE_F,149405,136805,56490,51340,30075,60913,51979,11686,-1189009866,511259781,304048859,350942614,11872743
ASP_1707_05,Heavy_Crude_Slate_Jul2017,2017-07-17T11:00:00Z,Jul2017,Optimal,SLATE_B,149405,136805,56490,51340,30075,54581,46978,16898,-1086966074,442277716,381865747,395393584,11796964
ASP_1707_06,Light_Sweet_Slate_Jul2017,2017-07-24T17:00:00Z,Jul2017,Optimal,SLATE_F,149405,136805,56490,51340,30075,63297,49353,10485,-1264345538,360805317,365347878,415043268,12316518
ASP_1707_07,Coker_Max_Run_Jul2017,2017-07-02T05:00:00Z,Jul2017,Optimal,SLATE_E,149405,136805,56490,51340,30075,58888,50394,14270,-1091762282,370156690,380679742,331889820,12371073
ASP_1707_08,Product_Demand_High_Jul2017,2017-07-07T05:00:00Z,Jul2017,Optimal,SLATE_A,149405,136805,56490,51340,30075,63161,54039,13051,-1377262907,520159840,386013282,382746543,13676232
ASP_1707_09,Base_Case_Jul2017,2017-07-24T10:00:00Z,Jul2017,Optimal,SLATE_C,149405,136805,56490,51340,30075,58649,52811,12820,-1189921551,433393174,366498173,402969446,12939242
ASP_1707_10,High_Crude_Price_Jul2017,2017-07-20T11:00:00Z,Jul2017,Optimal,SLATE_D,149405,136805,56490,51340,30075,59763,46480,14331,-1084933426,470469636,348798523,372217907,12210602
ASP_1707_11,Max_Diesel_Mode_Jul2017,2017-07-25T15:00:00Z,Jul2017,Optimal,SLATE_F,149405,136805,56490,51340,30075,51509,58321,13044,-1120724104,358196529,363601121,358040261,12481621
ASP_1707_12,Min_Fuel_Oil_Jul2017,2017-07-01T22:00:00Z,Jul2017,Optimal,SLATE_F,149405,136805,56490,51340,30075,63090,53064,11819,-1143931850,455619047,324600889,343233816,12840305
ASP_1707_13,Heavy_Crude_Slate_Jul2017,2017-07-13T21:00:00Z,Jul2017,Optimal,SLATE_D,149405,136805,56490,51340,30075,53450,49965,16380,-1038716966,459445548,347416574,359375953,12108112
ASP_1707_14,Light_Sweet_Slate_Jul2017,2017-07-25T15:00:00Z,Jul2017,Optimal,SLATE_C,149405,136805,56490,51340,30075,68723,49918,11116,-1177364904,381811367,278202725,404549829,13345256
ASP_1707_15,Coker_Max_Run_Jul2017,2017-07-12T07:00:00Z,Jul2017,Optimal,SLATE_F,149405,136805,56490,51340,30075,59992,50427,15028,-1151644767,343653009,381055747,416851953,12497211
ASP_1707_16,Product_Demand_High_Jul2017,2017-07-12T01:00:00Z,Jul2017,Optimal,SLATE_E,149405,136805,56490,51340,30075,64259,55920,12203,-1279845176,434963601,374999151,387760823,12681745
ASP_1707_17,Base_Case_Jul2017,2017-07-18T19:00:00Z,Jul2017,Optimal,SLATE_F,149405,136805,56490,51340,30075,62284,52386,12996,-1155061502,520230501,277480046,370493322,13142367
ASP_1707_18,High_Crude_Price_Jul2017,2017-07-14T06:00:00Z,Jul2017,Optimal,SLATE_D,149405,136805,56490,51340,30075,59448,46154,13890,-946834803,362971429,317826886,360824077,12454127
ASP_1707_19,Max_Diesel_Mode_Jul2017,2017-07-14T16:00:00Z,Jul2017,Optimal,SLATE_A,149405,136805,56490,51340,30075,53882,60265,13286,-1142164313,433863896,303909037,362761988,12759384
ASP_1707_20,Min_Fuel_Oil_Jul2017,2017-07-26T08:00:00Z,Jul2017,Optimal,SLATE_C,149405,136805,56490,51340,30075,58381,50305,11968,-1168526235,412926751,385439177,348516408,12390845
ASP_1707_21,Heavy_Crude_Slate_Jul2017,2017-07-11T22:00:00Z,Jul2017,Optimal,SLATE_D,149405,136805,56490,51340,30075,56310,49528,16858,-1106099875,499537965,317520804,424251393,12310300
ASP_1707_22,Light_Sweet_Slate_Jul2017,2017-07-12T05:00:00Z,Jul2017,Optimal,SLATE_F,149405,136805,56490,51340,30075,68313,48411,11035,-1227202277,482857484,270522321,355896575,13560061
ASP_1707_23,Coker_Max_Run_Jul2017,2017-07-09T14:00:00Z,Jul2017,Optimal,SLATE_E,149405,136805,56490,51340,30075,59067,54478,15521,-1139439936,363215543,385865829,381303199,13286594
ASP_1707_24,Product_Demand_High_Jul2017,2017-07-10T01:00:00Z,Jul2017,Optimal,SLATE_D,149405,136805,56490,51340,30075,66052,54562,12168,-1173233284,404149288,346533912,348348490,12704575
ASP_1707_25,Base_Case_Jul2017,2017-07-13T12:00:00Z,Jul2017,Optimal,SLATE_C,149405,136805,56490,51340,30075,58411,50251,13080,-1115019265,363645909,361102291,402495953,12224888
ASP_1707_26,High_Crude_Price_Jul2017,2017-07-27T17:00:00Z,Jul2017,Optimal,SLATE_C,149405,136805,56490,51340,30075,56923,49171,13078,-983460678,468871677,280036646,332308877,12238202
ASP_1707_27,Max_Diesel_Mode_Jul2017,2017-07-07T11:00:00Z,Jul2017,Optimal,SLATE_C,149405,136805,56490,51340,30075,56873,60338,13295,-1080157315,356825791,272119757,412786805,13011100
ASP_1707_28,Min_Fuel_Oil_Jul2017,2017-07-25T08:00:00Z,Jul2017,Optimal,SLATE_D,149405,136805,56490,51340,30075,63139,52828,11947,-1192595172,500923877,279835171,389555020,12454677
ASP_1707_29,Heavy_Crude_Slate_Jul2017,2017-07-03T14:00:00Z,Jul2017,Optimal,SLATE_D,149405,136805,56490,51340,30075,52148,47996,16759,-1096564420,497678732,381548452,351422787,12245059
ASP_1707_30,Light_Sweet_Slate_Jul2017,2017-07-07T04:00:00Z,Jul2017,Optimal,SLATE_B,149405,136805,56490,51340,30075,64501,46955,11245,-1213874262,456583055,302933175,336841180,12541104
ASP_1707_31,Coker_Max_Run_Jul2017,2017-07-08T09:00:00Z,Jul2017,Optimal,SLATE_D,149405,136805,56490,51340,30075,56855,51437,15318,-1148223646,346346144,369947436,421720765,12304888
ASP_1707_32,Product_Demand_High_Jul2017,2017-07-06T18:00:00Z,Jul2017,Optimal,SLATE_F,149405,136805,56490,51340,30075,63019,55538,12853,-1219813275,434116643,284600311,424055502,13315719
ASP_1707_33,Base_Case_Jul2017,2017-07-25T20:00:00Z,Jul2017,Optimal,SLATE_F,149405,136805,56490,51340,30075,62984,51067,13588,-1195455989,516488555,356761216,335595020,13388802
ASP_1707_34,High_Crude_Price_Jul2017,2017-07-27T13:00:00Z,Jul2017,Optimal,SLATE_C,149405,136805,56490,51340,30075,54962,50701,13101,-954606031,431823023,273730614,344183470,12121855
ASP_1707_35,Max_Diesel_Mode_Jul2017,2017-07-01T19:00:00Z,Jul2017,Optimal,SLATE_A,149405,136805,56490,51340,30075,53778,55703,12657,-1124563420,419759315,306696706,357300587,12743827
ASP_1707_36,Min_Fuel_Oil_Jul2017,2017-07-02T10:00:00Z,Jul2017,Optimal,SLATE_C,149405,136805,56490,51340,30075,59207,50603,11880,-1220280889,490748218,351760696,353971415,11741601
ASP_1708_01,Base_Case_Aug2017,2017-08-24T12:00:00Z,Aug2017,Optimal,SLATE_E,158637,147437,85805,39998,42486,68936,65939,13335,-1062779876,406616342,334185912,337992695,16015073
ASP_1708_02,High_Crude_Price_Aug2017,2017-08-01T06:00:00Z,Aug2017,Optimal,SLATE_F,158637,147437,85805,39998,42486,60353,64672,13935,-1166870096,536896760,305809553,440246176,14615428
ASP_1708_03,Max_Diesel_Mode_Aug2017,2017-08-11T05:00:00Z,Aug2017,Optimal,SLATE_D,158637,147437,85805,39998,42486,59609,77128,12832,-1312018240,534601798,329708568,400373641,15142826
ASP_1708_04,Min_Fuel_Oil_Aug2017,2017-08-12T18:00:00Z,Aug2017,Optimal,SLATE_C,158637,147437,85805,39998,42486,69169,67195,11993,-1131335074,383696515,332091039,397122814,14526801
ASP_1708_05,Heavy_Crude_Slate_Aug2017,2017-08-25T06:00:00Z,Aug2017,Optimal,SLATE_C,158637,147437,85805,39998,42486,61496,67856,16769,-1211820582,534822207,401998678,424290620,14644191
ASP_1708_06,Light_Sweet_Slate_Aug2017,2017-08-22T15:00:00Z,Aug2017,Optimal,SLATE_E,158637,147437,85805,39998,42486,70168,68294,11371,-1351571780,486005682,402999046,333147941,15392151
ASP_1708_07,Coker_Max_Run_Aug2017,2017-08-01T07:00:00Z,Aug2017,Optimal,SLATE_D,158637,147437,85805,39998,42486,65357,70508,15672,-1044539484,409435300,286275460,342935173,14587615
ASP_1708_08,Product_Demand_High_Aug2017,2017-08-17T13:00:00Z,Aug2017,Optimal,SLATE_E,158637,147437,85805,39998,42486,70106,74034,12546,-1201912817,435262269,312663170,380116672,15159873
ASP_1708_09,Base_Case_Aug2017,2017-08-26T09:00:00Z,Aug2017,Optimal,SLATE_A,158637,147437,85805,39998,42486,68702,65550,12960,-1220956563,455890071,373073073,406452989,14459570
ASP_1708_10,High_Crude_Price_Aug2017,2017-08-24T02:00:00Z,Aug2017,Optimal,SLATE_E,158637,147437,85805,39998,42486,61754,62157,13462,-1022612109,410266724,351776631,363623890,14132343
ASP_1708_11,Max_Diesel_Mode_Aug2017,2017-08-27T00:00:00Z,Aug2017,Optimal,SLATE_F,158637,147437,85805,39998,42486,58558,76456,13539,-1375414227,545089632,353925895,426008903,15106118
ASP_1708_12,Min_Fuel_Oil_Aug2017,2017-08-03T17:00:00Z,Aug2017,Optimal,SLATE_A,158637,147437,85805,39998,42486,70485,69427,11956,-1251268872,550370569,323736290,355501548,14784259
ASP_1708_13,Heavy_Crude_Slate_Aug2017,2017-08-23T07:00:00Z,Aug2017,Optimal,SLATE_A,158637,147437,85805,39998,42486,61598,67678,15856,-1123549207,530602221,333523123,398677037,14414373
ASP_1708_14,Light_Sweet_Slate_Aug2017,2017-08-23T04:00:00Z,Aug2017,Optimal,SLATE_F,158637,147437,85805,39998,42486,70286,62215,11337,-1325840167,469414972,375530475,353624591,14784174
ASP_1708_15,Coker_Max_Run_Aug2017,2017-08-22T16:00:00Z,Aug2017,Optimal,SLATE_B,158637,147437,85805,39998,42486,62010,72027,14562,-1306134913,451737425,403939935,439916912,15069847
ASP_1708_16,Product_Demand_High_Aug2017,2017-08-04T09:00:00Z,Aug2017,Optimal,SLATE_E,158637,147437,85805,39998,42486,74997,72716,12569,-1205523735,381282831,302023176,448602291,15682617
ASP_1708_17,Base_Case_Aug2017,2017-08-16T13:00:00Z,Aug2017,Optimal,SLATE_A,158637,147437,85805,39998,42486,66105,69132,13070,-1141981191,396969203,350367184,409149535,14504731
ASP_1708_18,High_Crude_Price_Aug2017,2017-08-12T00:00:00Z,Aug2017,Optimal,SLATE_E,158637,147437,85805,39998,42486,64045,61915,14570,-1003784423,402161638,366965290,335489017,13545919
ASP_1708_19,Max_Diesel_Mode_Aug2017,2017-08-14T17:00:00Z,Aug2017,Optimal,SLATE_E,158637,147437,85805,39998,42486,61705,75181,13148,-1286975333,534410560,370795591,335890471,15405828
ASP_1708_20,Min_Fuel_Oil_Aug2017,2017-08-01T14:00:00Z,Aug2017,Optimal,SLATE_E,158637,147437,85805,39998,42486,69775,69338,11915,-1244406007,512787424,357502076,352472373,14600701
ASP_1708_21,Heavy_Crude_Slate_Aug2017,2017-08-13T06:00:00Z,Aug2017,Optimal,SLATE_C,158637,147437,85805,39998,42486,58178,64403,16653,-988408440,395693087,367992303,349361522,14815311
ASP_1708_22,Light_Sweet_Slate_Aug2017,2017-08-10T08:00:00Z,Aug2017,Optimal,SLATE_E,158637,147437,85805,39998,42486,71839,64340,10648,-1309556567,418796489,338387220,427455932,15392706
ASP_1708_23,Coker_Max_Run_Aug2017,2017-08-03T16:00:00Z,Aug2017,Optimal,SLATE_E,158637,147437,85805,39998,42486,63710,71339,14820,-1136286489,464444762,328386930,335692728,14518058
ASP_1708_24,Product_Demand_High_Aug2017,2017-08-15T11:00:00Z,Aug2017,Optimal,SLATE_C,158637,147437,85805,39998,42486,72417,71081,12790,-1328425702,455537848,401986815,387715284,15216148
ASP_1708_25,Base_Case_Aug2017,2017-08-02T17:00:00Z,Aug2017,Optimal,SLATE_C,158637,147437,85805,39998,42486,66629,67144,13936,-1112876386,380735332,335005285,411590989,14455220
ASP_1708_26,High_Crude_Price_Aug2017,2017-08-02T08:00:00Z,Aug2017,Optimal,SLATE_D,158637,147437,85805,39998,42486,63031,61498,14282,-1025332705,377414693,351005722,399587182,13515526
ASP_1708_27,Max_Diesel_Mode_Aug2017,2017-08-11T00:00:00Z,Aug2017,Optimal,SLATE_C,158637,147437,85805,39998,42486,62085,79773,13401,-1257586145,537092442,294692770,381955303,16039424
ASP_1708_28,Min_Fuel_Oil_Aug2017,2017-08-16T02:00:00Z,Aug2017,Optimal,SLATE_A,158637,147437,85805,39998,42486,64569,66531,11657,-1218611480,497025999,350622565,349669479,14200101
ASP_1708_29,Heavy_Crude_Slate_Aug2017,2017-08-05T06:00:00Z,Aug2017,Optimal,SLATE_A,158637,147437,85805,39998,42486,60783,66663,17021,-1110023384,435367837,367162790,445165158,14336469
ASP_1708_30,Light_Sweet_Slate_Aug2017,2017-08-12T07:00:00Z,Aug2017,Optimal,SLATE_D,158637,147437,85805,39998,42486,73644,65292,10660,-1306438539,382720575,362043204,437022029,15322826
ASP_1708_31,Coker_Max_Run_Aug2017,2017-08-09T07:00:00Z,Aug2017,Optimal,SLATE_E,158637,147437,85805,39998,42486,67318,71103,15219,-1283016091,538241297,313069506,422076907,15528797
ASP_1708_32,Product_Demand_High_Aug2017,2017-08-18T22:00:00Z,Aug2017,Optimal,SLATE_A,158637,147437,85805,39998,42486,72435,73430,13384,-1094559421,397832534,291225486,340888524,16465598
ASP_1708_33,Base_Case_Aug2017,2017-08-01T15:00:00Z,Aug2017,Optimal,SLATE_B,158637,147437,85805,39998,42486,69170,68303,13983,-1237683801,533281941,315285109,405429661,16312910
ASP_1708_34,High_Crude_Price_Aug2017,2017-08-07T14:00:00Z,Aug2017,Optimal,SLATE_E,158637,147437,85805,39998,42486,62788,64486,13642,-1156854427,545635898,387829307,338165746,14180486
ASP_1708_35,Max_Diesel_Mode_Aug2017,2017-08-16T17:00:00Z,Aug2017,Optimal,SLATE_F,158637,147437,85805,39998,42486,59883,78296,13337,-1268520930,475627385,403566503,345094796,16173512
ASP_1708_36,Min_Fuel_Oil_Aug2017,2017-08-08T04:00:00Z,Aug2017,Optimal,SLATE_F,158637,147437,85805,39998,42486,70009,69857,11437,-1283631425,454231577,405015041,402064587,15067103
ASP_1709_01,Base_Case_Sep2017,2017-09-12T04:00:00Z,Sep2017,Optimal,SLATE_B,130960,119645,58692,41805,20999,54197,43531,12391,-1097663913,448411533,314855593,345373342,10976555
ASP_1709_02,High_Crude_Price_Sep2017,2017-09-26T18:00:00Z,Sep2017,Optimal,SLATE_F,130960,119645,58692,41805,20999,55228,42791,12977,-833493716,306677136,292357872,318233451,11297028
ASP_1709_03,Max_Diesel_Mode_Sep2017,2017-09-01T11:00:00Z,Sep2017,Optimal,SLATE_B,130960,119645,58692,41805,20999,52243,54107,12046,-1007012886,377716885,293354659,299807481,11819133
ASP_1709_04,Min_Fuel_Oil_Sep2017,2017-09-27T22:00:00Z,Sep2017,Optimal,SLATE_F,130960,119645,58692,41805,20999,56637,48360,10338,-1006755853,355330098,290708562,342587043,11192836
ASP_1709_05,Heavy_Crude_Slate_Sep2017,2017-09-12T18:00:00Z,Sep2017,Optimal,SLATE_A,130960,119645,58692,41805,20999,53462,44840,15884,-945534067,456994553,285756548,318710537,10868230
ASP_1709_06,Light_Sweet_Slate_Sep2017,2017-09-26T09:00:00Z,Sep2017,Optimal,SLATE_A,130960,119645,58692,41805,20999,63665,44138,10563,-1104860537,447979600,255657101,294450948,11605026
ASP_1709_07,Coker_Max_Run_Sep2017,2017-09-22T18:00:00Z,Sep2017,Optimal,SLATE_B,130960,119645,58692,41805,20999,53317,46277,13376,-967701821,320021437,289117893,351161850,11573904
ASP_1709_08,Product_Demand_High_Sep2017,2017-09-25T03:00:00Z,Sep2017,Optimal,SLATE_B,130960,119645,58692,41805,20999,64089,46445,12532,-991204092,326897895,316622879,286857931,12597138
ASP_1709_09,Base_Case_Sep2017,2017-09-24T09:00:00Z,Sep2017,Optimal,SLATE_C,130960,119645,58692,41805,20999,57273,47703,12851,-1052530933,436037460,296794297,331184060,11484884
ASP_1709_10,High_Crude_Price_Sep2017,2017-09-15T07:00:00Z,Sep2017,Optimal,SLATE_D,130960,119645,58692,41805,20999,56690,44321,13416,-775303619,303047952,240632168,309814615,10773410
ASP_1709_11,Max_Diesel_Mode_Sep2017,2017-09-18T18:00:00Z,Sep2017,Optimal,SLATE_D,130960,119645,58692,41805,20999,52432,53927,12397,-1098168301,414539358,283820728,358988915,11474428
ASP_1709_12,Min_Fuel_Oil_Sep2017,2017-09-12T11:00:00Z,Sep2017,Optimal,SLATE_F,130960,119645,58692,41805,20999,55942,48276,10710,-1040927428,431487363,310578599,280901410,12358218
ASP_1709_13,Heavy_Crude_Slate_Sep2017,2017-09-08T05:00:00Z,Sep2017,Optimal,SLATE_A,130960,119645,58692,41805,20999,50652,45468,15870,-974933624,447454180,291993451,355175643,11363691
ASP_1709_14,Light_Sweet_Slate_Sep2017,2017-09-27T13:00:00Z,Sep2017,Optimal,SLATE_C,130960,119645,58692,41805,20999,59778,44269,10335,-1233889260,449396511,307758273,356818975,12286919
ASP_1709_15,Coker_Max_Run_Sep2017,2017-09-26T15:00:00Z,Sep2017,Optimal,SLATE_B,130960,119645,58692,41805,20999,57886,45154,13471,-1037155249,405929346,250404040,372477194,11991708
ASP_1709_16,Product_Demand_High_Sep2017,2017-09-20T20:00:00Z,Sep2017,Optimal,SLATE_C,130960,119645,58692,41805,20999,60091,47143,11592,-991437039,316957017,301123541,312061437,12144736
ASP_1709_17,Base_Case_Sep2017,2017-09-20T07:00:00Z,Sep2017,Optimal,SLATE_C,130960,119645,58692,41805,20999,58437,43803,13330,-1013308120,386561712,306347038,331605591,11206221
ASP_1709_18,High_Crude_Price_Sep2017,2017-09-17T01:00:00Z,Sep2017,Optimal,SLATE_F,130960,119645,58692,41805,20999,53999,42228,13593,-975767004,419885744,319874757,332057750,11201942
ASP_1709_19,Max_Diesel_Mode_Sep2017,2017-09-17T00:00:00Z,Sep2017,Optimal,SLATE_D,130960,119645,58692,41805,20999,49164,51829,12563,-1090361206,430393613,255970995,363813823,11739187
ASP_1709_20,Min_Fuel_Oil_Sep2017,2017-09-04T10:00:00Z,Sep2017,Optimal,SLATE_E,130960,119645,58692,41805,20999,60709,48834,10846,-1037990042,445523016,268573457,305678121,12017271
ASP_1709_21,Heavy_Crude_Slate_Sep2017,2017-09-04T06:00:00Z,Sep2017,Optimal,SLATE_D,130960,119645,58692,41805,20999,50918,46575,15916,-978087241,415160885,313938002,369143334,11478619
ASP_1709_22,Light_Sweet_Slate_Sep2017,2017-09-15T18:00:00Z,Sep2017,Optimal,SLATE_A,130960,119645,58692,41805,20999,60140,44342,9734,-1086543340,329926760,307945534,344137615,11881926
ASP_1709_23,Coker_Max_Run_Sep2017,2017-09-13T05:00:00Z,Sep2017,Optimal,SLATE_F,130960,119645,58692,41805,20999,56098,46308,14003,-1078337780,451226531,333067320,283809540,10909489
ASP_1709_24,Product_Demand_High_Sep2017,2017-09-07T10:00:00Z,Sep2017,Optimal,SLATE_D,130960,119645,58692,41805,20999,61262,47619,12240,-978790143,365009119,239116374,314358489,12196812
ASP_1709_25,Base_Case_Sep2017,2017-09-10T21:00:00Z,Sep2017,Optimal,SLATE_C,130960,119645,58692,41805,20999,57758,47426,12307,-1083120390,454211275,326239083,314434247,11764215
ASP_1709_26,High_Crude_Price_Sep2017,2017-09-05T05:00:00Z,Sep2017,Optimal,SLATE_A,130960,119645,58692,41805,20999,51941,44150,13072,-983988134,421451492,328060797,330937079,10897048
ASP_1709_27,Max_Diesel_Mode_Sep2017,2017-09-24T19:00:00Z,Sep2017,Optimal,SLATE_B,130960,119645,58692,41805,20999,52218,54336,12258,-1024138230,413533255,287712961,285443774,11320247
ASP_1709_28,Min_Fuel_Oil_Sep2017,2017-09-13T13:00:00Z,Sep2017,Optimal,SLATE_A,130960,119645,58692,41805,20999,55867,48179,11307,-1077247080,389119708,295028855,372724694,11002305
ASP_1709_29,Heavy_Crude_Slate_Sep2017,2017-09-16T19:00:00Z,Sep2017,Optimal,SLATE_C,130960,119645,58692,41805,20999,52454,46154,15595,-876498183,386683124,323263199,276078730,12138183
ASP_1709_30,Light_Sweet_Slate_Sep2017,2017-09-20T03:00:00Z,Sep2017,Optimal,SLATE_D,130960,119645,58692,41805,20999,59555,44809,10248,-1160877408,440271261,242269914,365174338,11217827
ASP_1709_31,Coker_Max_Run_Sep2017,2017-09-21T17:00:00Z,Sep2017,Optimal,SLATE_C,130960,119645,58692,41805,20999,56223,49285,13781,-920884663,310671052,290001314,314537834,12382099
ASP_1709_32,Product_Demand_High_Sep2017,2017-09-18T02:00:00Z,Sep2017,Optimal,SLATE_F,130960,119645,58692,41805,20999,63027,47507,12630,-1015038028,348522611,257870661,346205826,12749072
ASP_1709_33,Base_Case_Sep2017,2017-09-21T17:00:00Z,Sep2017,Optimal,SLATE_A,130960,119645,58692,41805,20999,58894,45299,12480,-1062203540,454412168,248795720,370771119,11775467
ASP_1709_34,High_Crude_Price_Sep2017,2017-09-19T19:00:00Z,Sep2017,Optimal,SLATE_D,130960,119645,58692,41805,20999,54908,43254,12733,-939553323,404593370,267724747,359812499,10877004
ASP_1709_35,Max_Diesel_Mode_Sep2017,2017-09-06T19:00:00Z,Sep2017,Optimal,SLATE_C,130960,119645,58692,41805,20999,51701,49917,12584,-1011406847,335229953,271623456,367548509,11157301
ASP_1709_36,Min_Fuel_Oil_Sep2017,2017-09-18T17:00:00Z,Sep2017,Optimal,SLATE_C,130960,119645,58692,41805,20999,55110,45273,10993,-957392431,303809226,293347778,343935877,11585666
ASP_1710_01,Base_Case_Oct2017,2017-10-23T00:00:00Z,Oct2017,Optimal,SLATE_C,169357,166833,74232,43875,41951,73530,65310,17701,-1239489710,525638568,336408996,393286387,15844241
ASP_1710_02,High_Crude_Price_Oct2017,2017-10-17T09:00:00Z,Oct2017,Optimal,SLATE_B,169357,166833,74232,43875,41951,68632,62817,17353,-1281540900,566363663,429969033,411476738,14830194
ASP_1710_03,Max_Diesel_Mode_Oct2017,2017-10-01T01:00:00Z,Oct2017,Optimal,SLATE_E,169357,166833,74232,43875,41951,69034,72366,16279,-1441451001,495070484,426435927,468332618,17028551
ASP_1710_04,Min_Fuel_Oil_Oct2017,2017-10-25T04:00:00Z,Oct2017,Optimal,SLATE_F,169357,166833,74232,43875,41951,72654,63975,14546,-1210689017,417868679,391304312,381935334,15682094
ASP_1710_05,Heavy_Crude_Slate_Oct2017,2017-10-25T09:00:00Z,Oct2017,Optimal,SLATE_D,169357,166833,74232,43875,41951,64867,63608,21668,-1068434472,498198318,333713392,370512822,15275118
ASP_1710_06,Light_Sweet_Slate_Oct2017,2017-10-26T18:00:00Z,Oct2017,Optimal,SLATE_B,169357,166833,74232,43875,41951,79791,63607,13327,-1427045913,473969448,425806227,390863972,16491510
ASP_1710_07,Coker_Max_Run_Oct2017,2017-10-10T03:00:00Z,Oct2017,Optimal,SLATE_A,169357,166833,74232,43875,41951,70740,69793,19562,-1281424777,471592907,372429913,427290891,15014910
ASP_1710_08,Product_Demand_High_Oct2017,2017-10-07T21:00:00Z,Oct2017,Optimal,SLATE_D,169357,166833,74232,43875,41951,81864,70694,16854,-1428792349,576852819,335966573,427588880,17452393
ASP_1710_09,Base_Case_Oct2017,2017-10-23T09:00:00Z,Oct2017,Optimal,SLATE_C,169357,166833,74232,43875,41951,71620,66691,17879,-1310416245,548732711,330853803,446949866,16120135
ASP_1710_10,High_Crude_Price_Oct2017,2017-10-07T15:00:00Z,Oct2017,Optimal,SLATE_F,169357,166833,74232,43875,41951,68523,62428,18542,-1226292076,535857704,368088979,444300708,15321221
ASP_1710_11,Max_Diesel_Mode_Oct2017,2017-10-06T13:00:00Z,Oct2017,Optimal,SLATE_A,169357,166833,74232,43875,41951,68044,72466,16292,-1346125916,558597554,305764462,433392708,15730042
ASP_1710_12,Min_Fuel_Oil_Oct2017,2017-10-14T13:00:00Z,Oct2017,Optimal,SLATE_F,169357,166833,74232,43875,41951,74464,66520,15413,-1230977451,485314369,324806799,400385590,15383019
ASP_1710_13,Heavy_Crude_Slate_Oct2017,2017-10-23T06:00:00Z,Oct2017,Optimal,SLATE_C,169357,166833,74232,43875,41951,69088,61329,21145,-1218582576,523891316,412567417,432185903,14663996
ASP_1710_14,Light_Sweet_Slate_Oct2017,2017-10-23T04:00:00Z,Oct2017,Optimal,SLATE_A,169357,166833,74232,43875,41951,81469,66395,14375,-1313225725,446737385,332443157,409409802,16067375
ASP_1710_15,Coker_Max_Run_Oct2017,2017-10-18T09:00:00Z,Oct2017,Optimal,SLATE_A,169357,166833,74232,43875,41951,72015,69783,19341,-1363966591,582466916,362117168,408567225,15929160
ASP_1710_16,Product_Demand_High_Oct2017,2017-10-14T06:00:00Z,Oct2017,Optimal,SLATE_F,169357,166833,74232,43875,41951,76073,69560,16609,-1272946057,438889880,310391770,446030289,16658182
ASP_1710_17,Base_Case_Oct2017,2017-10-22T01:00:00Z,Oct2017,Optimal,SLATE_B,169357,166833,74232,43875,41951,72431,63411,17328,-1207377609,437359792,347666958,437929013,15578154
ASP_1710_18,High_Crude_Price_Oct2017,2017-10-15T06:00:00Z,Oct2017,Optimal,SLATE_A,169357,166833,74232,43875,41951,69548,65451,17829,-1088465429,520370175,316067867,361516269,14839714
ASP_1710_19,Max_Diesel_Mode_Oct2017,2017-10-15T08:00:00Z,Oct2017,Optimal,SLATE_B,169357,166833,74232,43875,41951,69132,72403,17245,-1384083070,494792328,367731390,471719828,16069193
ASP_1710_20,Min_Fuel_Oil_Oct2017,2017-10-02T02:00:00Z,Oct2017,Optimal,SLATE_F,169357,166833,74232,43875,41951,74471,64205,15358,-1210232719,434806561,341916786,412876704,14616828
ASP_1710_21,Heavy_Crude_Slate_Oct2017,2017-10-15T13:00:00Z,Oct2017,Optimal,SLATE_E,169357,166833,74232,43875,41951,63576,65826,21782,-1164452387,425408788,412278274,471787994,15639070
ASP_1710_22,Light_Sweet_Slate_Oct2017,2017-10-17T14:00:00Z,Oct2017,Optimal,SLATE_A,169357,166833,74232,43875,41951,78389,64290,14185,-1471404903,563445985,308444343,458130733,16266683
ASP_1710_23,Coker_Max_Run_Oct2017,2017-10-18T19:00:00Z,Oct2017,Optimal,SLATE_A,169357,166833,74232,43875,41951,71182,66915,19447,-1304280446,554896020,305661728,433865807,15717235
ASP_1710_24,Product_Demand_High_Oct2017,2017-10-09T11:00:00Z,Oct2017,Optimal,SLATE_C,169357,166833,74232,43875,41951,80756,65785,17159,-1279025206,473088434,357584152,369931648,16321635
ASP_1710_25,Base_Case_Oct2017,2017-10-24T06:00:00Z,Oct2017,Optimal,SLATE_E,169357,166833,74232,43875,41951,77018,66904,17728,-1104095013,432653297,306527673,380776568,15862525
ASP_1710_26,High_Crude_Price_Oct2017,2017-10-11T17:00:00Z,Oct2017,Optimal,SLATE_B,169357,166833,74232,43875,41951,67473,61352,17249,-1036027308,425802288,308312997,407622564,15621209
ASP_1710_27,Max_Diesel_Mode_Oct2017,2017-10-18T21:00:00Z,Oct2017,Optimal,SLATE_B,169357,166833,74232,43875,41951,69101,77182,16323,-1295313454,550686929,307665215,392412912,17133195
ASP_1710_28,Min_Fuel_Oil_Oct2017,2017-10-12T09:00:00Z,Oct2017,Optimal,SLATE_F,169357,166833,74232,43875,41951,71383,65254,14401,-1430435919,536867667,437610169,429119258,14824357
ASP_1710_29,Heavy_Crude_Slate_Oct2017,2017-10-08T03:00:00Z,Oct2017,Optimal,SLATE_E,169357,166833,74232,43875,41951,66182,61953,20814,-1164635861,555628949,335943899,417222959,14755961
ASP_1710_30,Light_Sweet_Slate_Oct2017,2017-10-07T04:00:00Z,Oct2017,Optimal,SLATE_F,169357,166833,74232,43875,41951,80372,64005,14213,-1455893722,408122861,436750007,471250139,16217898
ASP_1710_31,Coker_Max_Run_Oct2017,2017-10-04T17:00:00Z,Oct2017,Optimal,SLATE_E,169357,166833,74232,43875,41951,73412,64301,19783,-1192733272,489611786,334279680,361207775,15752895
ASP_1710_32,Product_Demand_High_Oct2017,2017-10-17T02:00:00Z,Oct2017,Optimal,SLATE_A,169357,166833,74232,43875,41951,82111,68032,16751,-1391689522,575568412,317710255,412487178,17164435
ASP_1710_33,Base_Case_Oct2017,2017-10-16T02:00:00Z,Oct2017,Optimal,SLATE_A,169357,166833,74232,43875,41951,74995,62363,17827,-1194216454,403810002,422723016,383920095,16236659
ASP_1710_34,High_Crude_Price_Oct2017,2017-10-03T11:00:00Z,Oct2017,Optimal,SLATE_C,169357,166833,74232,43875,41951,71369,64508,17122,-1156111629,394876556,408969406,468303263,15506150
ASP_1710_35,Max_Diesel_Mode_Oct2017,2017-10-03T19:00:00Z,Oct2017,Optimal,SLATE_B,169357,166833,74232,43875,41951,66029,74696,15922,-1228162491,496601470,330653220,357365814,14941941
ASP_1710_36,Min_Fuel_Oil_Oct2017,2017-10-08T22:00:00Z,Oct2017,Optimal,SLATE_C,169357,166833,74232,43875,41951,76124,63002,14977,-1454916658,542969628,408328979,476864436,15622598
ASP_1711_01,Base_Case_Nov2017,2017-11-07T14:00:00Z,Nov2017,Optimal,SLATE_C,141835,134821,70326,42639,31316,55660,56264,12640,-1213392143,462268764,360102300,403579527,12558448
ASP_1711_02,High_Crude_Price_Nov2017,2017-11-23T16:00:00Z,Nov2017,Optimal,SLATE_C,141835,134821,70326,42639,31316,52755,52684,13403,-951231872,354517897,338449777,353366219,12386205
ASP_1711_03,Max_Diesel_Mode_Nov2017,2017-11-15T00:00:00Z,Nov2017,Optimal,SLATE_A,141835,134821,70326,42639,31316,53098,63991,12581,-1099035768,436931341,323576448,299381359,13188416
ASP_1711_04,Min_Fuel_Oil_Nov2017,2017-11-02T03:00:00Z,Nov2017,Optimal,SLATE_B,141835,134821,70326,42639,31316,59866,53803,10482,-1155436767,451776088,283907076,398405473,12305368
ASP_1711_05,Heavy_Crude_Slate_Nov2017,2017-11-27T04:00:00Z,Nov2017,Optimal,SLATE_C,141835,134821,70326,42639,31316,50026,55299,15657,-919595065,377792400,280535639,376110448,12666192
ASP_1711_06,Light_Sweet_Slate_Nov2017,2017-11-07T22:00:00Z,Nov2017,Optimal,SLATE_B,141835,134821,70326,42639,31316,63009,52288,10058,-1161555346,367488888,306168578,376067709,12622187
ASP_1711_07,Coker_Max_Run_Nov2017,2017-11-24T12:00:00Z,Nov2017,Optimal,SLATE_D,141835,134821,70326,42639,31316,58248,57680,14052,-950154593,367083851,268060859,309421754,13042353
ASP_1711_08,Product_Demand_High_Nov2017,2017-11-08T00:00:00Z,Nov2017,Optimal,SLATE_A,141835,134821,70326,42639,31316,62273,56272,11539,-1189778920,462884176,329927019,321847691,13011737
ASP_1711_09,Base_Case_Nov2017,2017-11-09T22:00:00Z,Nov2017,Optimal,SLATE_E,141835,134821,70326,42639,31316,57117,52814,12871,-939736716,335433969,272002348,344927972,12627573
ASP_1711_10,High_Crude_Price_Nov2017,2017-11-12T12:00:00Z,Nov2017,Optimal,SLATE_D,141835,134821,70326,42639,31316,53201,52270,13574,-950547203,374604184,306564434,364844550,12809686
ASP_1711_11,Max_Diesel_Mode_Nov2017,2017-11-13T04:00:00Z,Nov2017,Optimal,SLATE_C,141835,134821,70326,42639,31316,49711,66284,11801,-1065572728,345011919,362166808,321165700,13513257
ASP_1711_12,Min_Fuel_Oil_Nov2017,2017-11-12T15:00:00Z,Nov2017,Optimal,SLATE_D,141835,134821,70326,42639,31316,57623,58353,10915,-1186828719,444431037,332342325,388899439,13411908
ASP_1711_13,Heavy_Crude_Slate_Nov2017,2017-11-09T09:00:00Z,Nov2017,Optimal,SLATE_E,141835,134821,70326,42639,31316,50291,52320,15868,-887704242,326276210,323278012,349530069,12746244
ASP_1711_14,Light_Sweet_Slate_Nov2017,2017-11-02T08:00:00Z,Nov2017,Optimal,SLATE_F,141835,134821,70326,42639,31316,60923,54046,10428,-1119447521,387253151,259524342,366280978,13551755
ASP_1711_15,Coker_Max_Run_Nov2017,2017-11-07T03:00:00Z,Nov2017,Optimal,SLATE_D,141835,134821,70326,42639,31316,58020,58150,14280,-994452021,344465883,342603072,301502470,13618463
ASP_1711_16,Product_Demand_High_Nov2017,2017-11-25T04:00:00Z,Nov2017,Optimal,SLATE_B,141835,134821,70326,42639,31316,62307,57486,12171,-1084970101,391407520,307694209,318778685,13278468
ASP_1711_17,Base_Case_Nov2017,2017-11-27T02:00:00Z,Nov2017,Optimal,SLATE_A,141835,134821,70326,42639,31316,55754,52913,12476,-1078788185,402166561,330123629,358283346,11785351
ASP_1711_18,High_Crude_Price_Nov2017,2017-11-10T17:00:00Z,Nov2017,Optimal,SLATE_F,141835,134821,70326,42639,31316,56474,53239,12764,-966551914,433858702,319218267,310068775,12545837
ASP_1711_19,Max_Diesel_Mode_Nov2017,2017-11-08T07:00:00Z,Nov2017,Optimal,SLATE_A,141835,134821,70326,42639,31316,50622,65933,12226,-1137664575,336682626,360237427,399437815,12867796
ASP_1711_20,Min_Fuel_Oil_Nov2017,2017-11-16T22:00:00Z,Nov2017,Optimal,SLATE_A,141835,134821,70326,42639,31316,57229,56050,10916,-1067084845,330852493,368156005,349735227,12739021
ASP_1711_21,Heavy_Crude_Slate_Nov2017,2017-11-05T13:00:00Z,Nov2017,Optimal,SLATE_F,141835,134821,70326,42639,31316,53531,54030,15560,-884592481,350745916,321024987,324019960,12910328
ASP_1711_22,Light_Sweet_Slate_Nov2017,2017-11-25T02:00:00Z,Nov2017,Optimal,SLATE_E,141835,134821,70326,42639,31316,59928,56303,9819,-1224430674,422015554,361912769,321464520,12151169
ASP_1711_23,Coker_Max_Run_Nov2017,2017-11-12T08:00:00Z,Nov2017,Optimal,SLATE_A,141835,134821,70326,42639,31316,56515,57328,13410,-1115747385,401783239,361412679,343473587,12799519
ASP_1711_24,Product_Demand_High_Nov2017,2017-11-01T21:00:00Z,Nov2017,Optimal,SLATE_E,141835,134821,70326,42639,31316,62457,61239,12296,-1156003481,397763222,352438624,334203049,14031301
ASP_1711_25,Base_Case_Nov2017,2017-11-05T15:00:00Z,Nov2017,Optimal,SLATE_C,141835,134821,70326,42639,31316,58860,54758,12420,-961820658,336358211,277981867,360655307,13174727
ASP_1711_26,High_Crude_Price_Nov2017,2017-11-02T05:00:00Z,Nov2017,Optimal,SLATE_A,141835,134821,70326,42639,31316,52526,51432,12973,-876195756,361140685,303880662,299987088,12621743
ASP_1711_27,Max_Diesel_Mode_Nov2017,2017-11-04T08:00:00Z,Nov2017,Optimal,SLATE_D,141835,134821,70326,42639,31316,53310,64580,11823,-1220079722,483591726,347996802,343941585,13549425
ASP_1711_28,Min_Fuel_Oil_Nov2017,2017-11-18T19:00:00Z,Nov2017,Optimal,SLATE_D,141835,134821,70326,42639,31316,56122,54013,10409,-979321462,354117101,284547444,324654712,12521721
ASP_1711_29,Heavy_Crude_Slate_Nov2017,2017-11-23T09:00:00Z,Nov2017,Optimal,SLATE_D,141835,134821,70326,42639,31316,53799,52439,15675,-1034263316,446480510,357806056,357103080,12208183
ASP_1711_30,Light_Sweet_Slate_Nov2017,2017-11-18T02:00:00Z,Nov2017,Optimal,SLATE_D,141835,134821,70326,42639,31316,62338,54184,9847,-1237552180,420037890,320561913,377092185,12734684
ASP_1711_31,Coker_Max_Run_Nov2017,2017-11-03T04:00:00Z,Nov2017,Optimal,SLATE_E,141835,134821,70326,42639,31316,57782,55160,13873,-1105009171,370113013,358752312,367719803,13242803
ASP_1711_32,Product_Demand_High_Nov2017,2017-11-06T13:00:00Z,Nov2017,Optimal,SLATE_E,141835,134821,70326,42639,31316,64791,59491,12069,-1138275389,435457094,330104267,302466031,14068698
ASP_1711_33,Base_Case_Nov2017,2017-11-11T16:00:00Z,Nov2017,Optimal,SLATE_F,141835,134821,70326,42639,31316,55765,52478,13039,-1082601725,471566596,291830250,331457895,12253016
ASP_1711_34,High_Crude_Price_Nov2017,2017-11-22T22:00:00Z,Nov2017,Optimal,SLATE_F,141835,134821,70326,42639,31316,54729,55172,12531,-895557328,328499127,354706633,302804545,12578426
ASP_1711_35,Max_Diesel_Mode_Nov2017,2017-11-22T15:00:00Z,Nov2017,Optimal,SLATE_A,141835,134821,70326,42639,31316,51405,61301,11990,-1102549505,387475655,336385990,339402520,13217017
ASP_1711_36,Min_Fuel_Oil_Nov2017,2017-11-26T15:00:00Z,Nov2017,Optimal,SLATE_B,141835,134821,70326,42639,31316,59375,57473,11161,-1058622536,383423236,263006840,393983932,12625138
ASP_1712_01,Base_Case_Dec2017,2017-12-13T11:00:00Z,Dec2017,Optimal,SLATE_D,132087,127116,69194,44430,37394,63398,48684,15831,-993326548,362409332,306742876,336926651,12752311
ASP_1712_02,High_Crude_Price_Dec2017,2017-12-26T20:00:00Z,Dec2017,Optimal,SLATE_E,132087,127116,69194,44430,37394,62818,45442,15414,-914317137,335552077,324849167,346387837,12966106
ASP_1712_03,Max_Diesel_Mode_Dec2017,2017-12-17T19:00:00Z,Dec2017,Optimal,SLATE_E,132087,127116,69194,44430,37394,57812,57652,15359,-1010707916,340478712,322786338,312294139,12980221
ASP_1712_04,Min_Fuel_Oil_Dec2017,2017-12-19T22:00:00Z,Dec2017,Optimal,SLATE_B,132087,127116,69194,44430,37394,61707,52633,13090,-887120881,314448001,252998401,306212615,12376608
ASP_1712_05,Heavy_Crude_Slate_Dec2017,2017-12-17T16:00:00Z,Dec2017,Optimal,SLATE_B,132087,127116,69194,44430,37394,59049,46226,18423,-983532623,435343841,312687943,356947774,12165532
ASP_1712_06,Light_Sweet_Slate_Dec2017,2017-12-22T16:00:00Z,Dec2017,Optimal,SLATE_C,132087,127116,69194,44430,37394,70717,50177,12459,-1176762286,447196418,255513862,361350863,13380530
ASP_1712_07,Coker_Max_Run_Dec2017,2017-12-20T05:00:00Z,Dec2017,Optimal,SLATE_C,132087,127116,69194,44430,37394,61839,52991,16191,-956587594,376979391,248160859,325996433,13305708
ASP_1712_08,Product_Demand_High_Dec2017,2017-12-17T22:00:00Z,Dec2017,Optimal,SLATE_A,132087,127116,69194,44430,37394,68971,53548,14468,-1040843116,362458449,325501764,289581283,13797870
ASP_1712_09,Base_Case_Dec2017,2017-12-12T19:00:00Z,Dec2017,Optimal,SLATE_D,132087,127116,69194,44430,37394,61277,48649,16107,-962421365,424616319,270341512,280282681,12819147
ASP_1712_10,High_Crude_Price_Dec2017,2017-12-02T21:00:00Z,Dec2017,Optimal,SLATE_F,132087,127116,69194,44430,37394,63169,45407,15015,-894757602,385064449,241460200,358876709,12838747
ASP_1712_11,Max_Diesel_Mode_Dec2017,2017-12-13T03:00:00Z,Dec2017,Optimal,SLATE_F,132087,127116,69194,44430,37394,59395,56754,15168,-1051338889,346996437,316764930,350342966,12829200
ASP_1712_12,Min_Fuel_Oil_Dec2017,2017-12-14T01:00:00Z,Dec2017,Optimal,SLATE_F,132087,127116,69194,44430,37394,67049,51700,12701,-957398311,352403468,259402770,331130011,13423325
ASP_1712_13,Heavy_Crude_Slate_Dec2017,2017-12-23T19:00:00Z,Dec2017,Optimal,SLATE_A,132087,127116,69194,44430,37394,56044,49450,18564,-876092209,430858839,239669083,315806284,12898418
ASP_1712_14,Light_Sweet_Slate_Dec2017,2017-12-23T20:00:00Z,Dec2017,Optimal,SLATE_F,132087,127116,69194,44430,37394,70778,48971,11819,-1092552871,402924953,266606724,319693313,13731355
ASP_1712_15,Coker_Max_Run_Dec2017,2017-12-07T18:00:00Z,Dec2017,Optimal,SLATE_F,132087,127116,69194,44430,37394,61282,51845,16253,-1108321311,433006683,310472667,356383906,13273735
ASP_1712_16,Product_Demand_High_Dec2017,2017-12-04T17:00:00Z,Dec2017,Optimal,SLATE_A,132087,127116,69194,44430,37394,69234,50145,15061,-1051347601,404204220,255760163,327106674,13601056
ASP_1712_17,Base_Case_Dec2017,2017-12-06T18:00:00Z,Dec2017,Optimal,SLATE_E,132087,127116,69194,44430,37394,60946,48540,14867,-1021162523,366357199,316805450,350575745,12575871
ASP_1712_18,High_Crude_Price_Dec2017,2017-12-25T02:00:00Z,Dec2017,Optimal,SLATE_D,132087,127116,69194,44430,37394,57922,45340,15694,-923984763,321491824,343097407,351718849,11976815
ASP_1712_19,Max_Diesel_Mode_Dec2017,2017-12-03T07:00:00Z,Dec2017,Optimal,SLATE_C,132087,127116,69194,44430,37394,55371,57546,15016,-974122854,343925423,256983950,338924076,12097397
ASP_1712_20,Min_Fuel_Oil_Dec2017,2017-12-02T00:00:00Z,Dec2017,Optimal,SLATE_D,132087,127116,69194,44430,37394,67093,48650,12600,-992443757,373848260,303728718,298064419,12103768
ASP_1712_21,Heavy_Crude_Slate_Dec2017,2017-12-02T12:00:00Z,Dec2017,Optimal,SLATE_C,132087,127116,69194,44430,37394,60085,49610,19223,-900072441,338835506,306152535,367921735,12829285
ASP_1712_22,Light_Sweet_Slate_Dec2017,2017-12-17T01:00:00Z,Dec2017,Optimal,SLATE_C,132087,127116,69194,44430,37394,68340,50376,12572,-1215653187,424195469,334292959,339758451,12842247
ASP_1712_23,Coker_Max_Run_Dec2017,2017-12-10T02:00:00Z,Dec2017,Optimal,SLATE_E,132087,127116,69194,44430,37394,64735,50344,17849,-1093612221,431337282,334056753,320118585,13343775
ASP_1712_24,Product_Demand_High_Dec2017,2017-12-02T07:00:00Z,Dec2017,Optimal,SLATE_A,132087,127116,69194,44430,37394,71731,52986,14089,-1071362354,343228576,326511035,335813372,13550803
ASP_1712_25,Base_Case_Dec2017,2017-12-25T16:00:00Z,Dec2017,Optimal,SLATE_F,132087,127116,69194,44430,37394,65094,51509,14858,-1006943825,426761998,286607238,306273617,12699028
ASP_1712_26,High_Crude_Price_Dec2017,2017-12-21T20:00:00Z,Dec2017,Optimal,SLATE_D,132087,127116,69194,44430,37394,61830,48062,16174,-890550107,345622120,267176323,368826632,13635828
ASP_1712_27,Max_Diesel_Mode_Dec2017,2017-12-15T05:00:00Z,Dec2017,Optimal,SLATE_E,132087,127116,69194,44430,37394,58046,55538,14796,-925741736,319409795,273572609,301570466,12894073
ASP_1712_28,Min_Fuel_Oil_Dec2017,2017-12-22T19:00:00Z,Dec2017,Optimal,SLATE_C,132087,127116,69194,44430,37394,67340,49086,13758,-1063167284,412652125,308323895,324713803,13488576
ASP_1712_29,Heavy_Crude_Slate_Dec2017,2017-12-18T11:00:00Z,Dec2017,Optimal,SLATE_C,132087,127116,69194,44430,37394,56088,50360,18939,-818833955,329773814,279454328,313404205,12816841
ASP_1712_30,Light_Sweet_Slate_Dec2017,2017-12-25T08:00:00Z,Dec2017,Optimal,SLATE_E,132087,127116,69194,44430,37394,70539,50008,11840,-1151385935,440044803,315447195,285284856,12753697
ASP_1712_31,Coker_Max_Run_Dec2017,2017-12-21T01:00:00Z,Dec2017,Optimal,SLATE_B,132087,127116,69194,44430,37394,64718,49629,16594,-960807609,333119790,263032683,359756723,13940951
ASP_1712_32,Product_Demand_High_Dec2017,2017-12-09T09:00:00Z,Dec2017,Optimal,SLATE_A,132087,127116,69194,44430,37394,69434,51314,15054,-1015937107,399625539,254885731,299708011,13536774
ASP_1712_33,Base_Case_Dec2017,2017-12-08T04:00:00Z,Dec2017,Optimal,SLATE_D,132087,127116,69194,44430,37394,62798,50091,16174,-877524774,311316632,264987940,314525191,13304989
ASP_1712_34,High_Crude_Price_Dec2017,2017-12-17T04:00:00Z,Dec2017,Optimal,SLATE_F,132087,127116,69194,44430,37394,59595,47423,15585,-972338369,420962874,311810609,336170763,12054714
ASP_1712_35,Max_Diesel_Mode_Dec2017,2017-12-19T21:00:00Z,Dec2017,Optimal,SLATE_A,132087,127116,69194,44430,37394,56537,58258,15405,-1048571266,321875261,339703372,349356860,12296192
ASP_1712_36,Min_Fuel_Oil_Dec2017,2017-12-18T19:00:00Z,Dec2017,Optimal,SLATE_F,132087,127116,69194,44430,37394,67294,50964,12606,-1071687367,425241732,289956625,338731828,13457013
ASP_1801_01,Base_Case_Jan2018,2018-01-13T00:00:00Z,Jan2018,Optimal,SLATE_C,173106,159372,67674,46637,34959,72484,58780,14930,-1216952782,423050773,428839394,380868905,15806290
ASP_1801_02,High_Crude_Price_Jan2018,2018-01-16T14:00:00Z,Jan2018,Optimal,SLATE_D,173106,159372,67674,46637,34959,71621,56954,16057,-1270177024,467771399,436707402,491865518,15717119
ASP_1801_03,Max_Diesel_Mode_Jan2018,2018-01-27T11:00:00Z,Jan2018,Optimal,SLATE_A,173106,159372,67674,46637,34959,67991,69520,14143,-1360282954,502796801,413546715,394477761,15313701
ASP_1801_04,Min_Fuel_Oil_Jan2018,2018-01-21T15:00:00Z,Jan2018,Optimal,SLATE_A,173106,159372,67674,46637,34959,74140,59394,13635,-1415035678,555960536,342753744,490324707,15217940
ASP_1801_05,Heavy_Crude_Slate_Jan2018,2018-01-10T22:00:00Z,Jan2018,Optimal,SLATE_E,173106,159372,67674,46637,34959,67408,57266,19403,-1067987993,416300657,360866245,424314318,14827894
ASP_1801_06,Light_Sweet_Slate_Jan2018,2018-01-07T01:00:00Z,Jan2018,Optimal,SLATE_D,173106,159372,67674,46637,34959,86256,59094,12390,-1371794661,493705853,328138022,417931065,14958278
ASP_1801_07,Coker_Max_Run_Jan2018,2018-01-11T17:00:00Z,Jan2018,Optimal,SLATE_D,173106,159372,67674,46637,34959,72053,64105,16935,-1320181773,535359862,410649026,364116464,15829496
ASP_1801_08,Product_Demand_High_Jan2018,2018-01-08T17:00:00Z,Jan2018,Optimal,SLATE_E,173106,159372,67674,46637,34959,83332,63136,15405,-1340715335,399912594,365289244,492888018,16686768
ASP_1801_09,Base_Case_Jan2018,2018-01-03T21:00:00Z,Jan2018,Optimal,SLATE_B,173106,159372,67674,46637,34959,76870,61300,15594,-1139125512,421718615,368249811,364085415,14928329
ASP_1801_10,High_Crude_Price_Jan2018,2018-01-17T20:00:00Z,Jan2018,Optimal,SLATE_C,173106,159372,67674,46637,34959,74445,57798,16327,-1142734965,469500282,399720221,388170302,15287582
ASP_1801_11,Max_Diesel_Mode_Jan2018,2018-01-06T04:00:00Z,Jan2018,Optimal,SLATE_A,173106,159372,67674,46637,34959,69638,69682,15485,-1442362406,581798241,395000714,412632441,15752914
ASP_1801_12,Min_Fuel_Oil_Jan2018,2018-01-03T18:00:00Z,Jan2018,Optimal,SLATE_A,173106,159372,67674,46637,34959,81541,60406,13318,-1278561986,538485330,333107087,386231062,16501162
ASP_1801_13,Heavy_Crude_Slate_Jan2018,2018-01-18T04:00:00Z,Jan2018,Optimal,SLATE_C,173106,159372,67674,46637,34959,67186,58593,19013,-1238876915,542214520,421154144,428410300,15249058
ASP_1801_14,Light_Sweet_Slate_Jan2018,2018-01-03T22:00:00Z,Jan2018,Optimal,SLATE_F,173106,159372,67674,46637,34959,87592,57554,12937,-1296315127,406514071,373415192,392627187,15132229
ASP_1801_15,Coker_Max_Run_Jan2018,2018-01-15T22:00:00Z,Jan2018,Optimal,SLATE_E,173106,159372,67674,46637,34959,78321,61236,17032,-1221949459,415458538,432643818,366235692,16348382
ASP_1801_16,Product_Demand_High_Jan2018,2018-01-22T02:00:00Z,Jan2018,Optimal,SLATE_D,173106,159372,67674,46637,34959,80505,64640,15101,-1392808959,570868236,362100020,373951480,17281811
ASP_1801_17,Base_Case_Jan2018,2018-01-20T03:00:00Z,Jan2018,Optimal,SLATE_D,173106,159372,67674,46637,34959,74777,60932,14942,-1445057460,600223907,383141668,477277405,15585520
ASP_1801_18,High_Crude_Price_Jan2018,2018-01-16T15:00:00Z,Jan2018,Optimal,SLATE_A,173106,159372,67674,46637,34959,74941,55622,15702,-1119271650,423462058,331473539,476866770,15202747
ASP_1801_19,Max_Diesel_Mode_Jan2018,2018-01-10T14:00:00Z,Jan2018,Optimal,SLATE_D,173106,159372,67674,46637,34959,65341,66044,14263,-1327393098,492283205,364884241,422121128,15104671
ASP_1801_20,Min_Fuel_Oil_Jan2018,2018-01-08T17:00:00Z,Jan2018,Optimal,SLATE_F,173106,159372,67674,46637,34959,78817,62716,13145,-1377796270,466392964,444953935,442086106,15766723
ASP_1801_21,Heavy_Crude_Slate_Jan2018,2018-01-18T02:00:00Z,Jan2018,Optimal,SLATE_F,173106,159372,67674,46637,34959,70487,55946,19579,-1110188268,413715757,406116453,428026350,14316039
ASP_1801_22,Light_Sweet_Slate_Jan2018,2018-01-25T16:00:00Z,Jan2018,Optimal,SLATE_B,173106,159372,67674,46637,34959,80601,55546,12627,-1558530590,589166290,356589510,460500905,14711535
ASP_1801_23,Coker_Max_Run_Jan2018,2018-01-14T13:00:00Z,Jan2018,Optimal,SLATE_D,173106,159372,67674,46637,34959,72950,62584,17704,-1366831318,545709137,418391238,391991139,16060810
ASP_1801_24,Product_Demand_High_Jan2018,2018-01-19T04:00:00Z,Jan2018,Optimal,SLATE_A,173106,159372,67674,46637,34959,79499,63883,14427,-1460205374,464362767,421867037,481867583,16055374
ASP_1801_25,Base_Case_Jan2018,2018-01-06T08:00:00Z,Jan2018,Optimal,SLATE_C,173106,159372,67674,46637,34959,74574,56587,16111,-1343165341,563551531,312241680,483222181,15850051
ASP_1801_26,High_Crude_Price_Jan2018,2018-01-20T19:00:00Z,Jan2018,Optimal,SLATE_D,173106,159372,67674,46637,34959,70276,55334,15675,-1123259314,403926619,443624091,387499265,14115938
ASP_1801_27,Max_Diesel_Mode_Jan2018,2018-01-21T20:00:00Z,Jan2018,Optimal,SLATE_B,173106,159372,67674,46637,34959,65429,65631,15124,-1141619599,403035350,328006912,370908276,14693777
ASP_1801_28,Min_Fuel_Oil_Jan2018,2018-01-13T05:00:00Z,Jan2018,Optimal,SLATE_D,173106,159372,67674,46637,34959,76212,61708,13387,-1237362236,437356474,407908046,371467409,15409369
ASP_1801_29,Heavy_Crude_Slate_Jan2018,2018-01-16T02:00:00Z,Jan2018,Optimal,SLATE_F,173106,159372,67674,46637,34959,66100,60460,19252,-1277844823,601290209,405464052,428065672,14992351
ASP_1801_30,Light_Sweet_Slate_Jan2018,2018-01-14T03:00:00Z,Jan2018,Optimal,SLATE_F,173106,159372,67674,46637,34959,86202,56138,11884,-1579981400,551426650,392282729,482995764,16007464
ASP_1801_31,Coker_Max_Run_Jan2018,2018-01-09T19:00:00Z,Jan2018,Optimal,SLATE_E,173106,159372,67674,46637,34959,78393,62375,17267,-1160455796,430928593,313895213,408021212,15143257
ASP_1801_32,Product_Demand_High_Jan2018,2018-01-11T07:00:00Z,Jan2018,Optimal,SLATE_C,173106,159372,67674,46637,34959,86232,64985,14845,-1239034914,464071639,315291577,385088052,17196718
ASP_1801_33,Base_Case_Jan2018,2018-01-23T18:00:00Z,Jan2018,Optimal,SLATE_A,173106,159372,67674,46637,34959,75394,59731,15316,-1232468378,444720034,333752567,468549148,14553371
ASP_1801_34,High_Crude_Price_Jan2018,2018-01-14T03:00:00Z,Jan2018,Optimal,SLATE_C,173106,159372,67674,46637,34959,74875,56963,15905,-1116968216,406468893,393379740,428274419,14027164
ASP_1801_35,Max_Diesel_Mode_Jan2018,2018-01-17T03:00:00Z,Jan2018,Optimal,SLATE_C,173106,159372,67674,46637,34959,67115,66265,14635,-1342141782,451689702,353256319,487716697,14432449
ASP_1801_36,Min_Fuel_Oil_Jan2018,2018-01-19T11:00:00Z,Jan2018,Optimal,SLATE_E,173106,159372,67674,46637,34959,81451,59366,13695,-1324120411,498274872,425475623,377285232,15481929
ASP_1802_01,Base_Case_Feb2018,2018-02-04T03:00:00Z,Feb2018,Optimal,SLATE_F,154979,153736,60714,49343,40334,72407,64937,14421,-1129348443,405715616,334003134,404884036,15254343
ASP_1802_02,High_Crude_Price_Feb2018,2018-02-25T13:00:00Z,Feb2018,Optimal,SLATE_E,154979,153736,60714,49343,40334,64640,64364,14464,-1132611754,502598935,342918917,401109830,15527949
ASP_1802_03,Max_Diesel_Mode_Feb2018,2018-02-22T04:00:00Z,Feb2018,Optimal,SLATE_D,154979,153736,60714,49343,40334,59903,71368,13066,-1316917537,533252036,347520647,387553362,14118866
ASP_1802_04,Min_Fuel_Oil_Feb2018,2018-02-13T21:00:00Z,Feb2018,Optimal,SLATE_A,154979,153736,60714,49343,40334,70212,68283,11993,-1131721429,364249974,321863286,428132316,15486907
ASP_1802_05,Heavy_Crude_Slate_Feb2018,2018-02-17T15:00:00Z,Feb2018,Optimal,SLATE_C,154979,153736,60714,49343,40334,62541,65740,16661,-1056780420,497352432,355264524,335868757,14285246
ASP_1802_06,Light_Sweet_Slate_Feb2018,2018-02-24T19:00:00Z,Feb2018,Optimal,SLATE_B,154979,153736,60714,49343,40334,74510,65451,11314,-1189097352,404140353,289720531,382566642,14733461
ASP_1802_07,Coker_Max_Run_Feb2018,2018-02-25T12:00:00Z,Feb2018,Optimal,SLATE_C,154979,153736,60714,49343,40334,70073,65787,16101,-1094403187,445360844,288454336,354967223,15838102
ASP_1802_08,Product_Demand_High_Feb2018,2018-02-14T09:00:00Z,Feb2018,Optimal,SLATE_B,154979,153736,60714,49343,40334,72702,70211,13508,-1124820645,375026255,341414690,340757940,15698287
ASP_1802_09,Base_Case_Feb2018,2018-02-13T04:00:00Z,Feb2018,Optimal,SLATE_E,154979,153736,60714,49343,40334,70392,61871,14698,-1213101500,513235635,382689111,332129171,14952417
ASP_1802_10,High_Crude_Price_Feb2018,2018-02-18T14:00:00Z,Feb2018,Optimal,SLATE_D,154979,153736,60714,49343,40334,65433,59402,14117,-1072898683,481412681,349885301,349422664,14526425
ASP_1802_11,Max_Diesel_Mode_Feb2018,2018-02-12T08:00:00Z,Feb2018,Optimal,SLATE_C,154979,153736,60714,49343,40334,61475,74398,13933,-1134263370,377891487,313174160,404930660,15745478
ASP_1802_12,Min_Fuel_Oil_Feb2018,2018-02-13T22:00:00Z,Feb2018,Optimal,SLATE_F,154979,153736,60714,49343,40334,67318,65565,11882,-1174719684,468132886,300195020,386607136,14430494
ASP_1802_13,Heavy_Crude_Slate_Feb2018,2018-02-25T16:00:00Z,Feb2018,Optimal,SLATE_F,154979,153736,60714,49343,40334,62231,60155,16387,-1095442663,493154506,299464803,438270741,13731535
ASP_1802_14,Light_Sweet_Slate_Feb2018,2018-02-26T09:00:00Z,Feb2018,Optimal,SLATE_E,154979,153736,60714,49343,40334,77229,62276,11876,-1292875652,493306141,306180474,370013390,15146744
ASP_1802_15,Coker_Max_Run_Feb2018,2018-02-09T17:00:00Z,Feb2018,Optimal,SLATE_F,154979,153736,60714,49343,40334,67850,69583,15844,-1152999282,450687422,303046625,392448260,15790854
ASP_1802_16,Product_Demand_High_Feb2018,2018-02-12T04:00:00Z,Feb2018,Optimal,SLATE_B,154979,153736,60714,49343,40334,72428,70014,13434,-1178392332,368997358,322618709,415933627,16445682
ASP_1802_17,Base_Case_Feb2018,2018-02-21T14:00:00Z,Feb2018,Optimal,SLATE_F,154979,153736,60714,49343,40334,70330,62232,13567,-1269666105,482065482,368546946,433389975,14336298
ASP_1802_18,High_Crude_Price_Feb2018,2018-02-08T17:00:00Z,Feb2018,Optimal,SLATE_C,154979,153736,60714,49343,40334,68681,63278,13843,-1140986689,523932112,371603594,359696975,15029758
ASP_1802_19,Max_Diesel_Mode_Feb2018,2018-02-09T19:00:00Z,Feb2018,Optimal,SLATE_D,154979,153736,60714,49343,40334,61613,75132,13199,-1152430793,371099159,312154937,429803357,15504316
ASP_1802_20,Min_Fuel_Oil_Feb2018,2018-02-19T16:00:00Z,Feb2018,Optimal,SLATE_F,154979,153736,60714,49343,40334,69517,65043,11915,-1046779591,358716270,311037447,361729538,15192389
ASP_1802_21,Heavy_Crude_Slate_Feb2018,2018-02-05T01:00:00Z,Feb2018,Optimal,SLATE_B,154979,153736,60714,49343,40334,60216,60213,16520,-1149846300,529291528,364120279,397760345,13565151
ASP_1802_22,Light_Sweet_Slate_Feb2018,2018-02-02T16:00:00Z,Feb2018,Optimal,SLATE_D,154979,153736,60714,49343,40334,76539,63415,11013,-1281972130,382594946,342175239,434997531,15149742
ASP_1802_23,Coker_Max_Run_Feb2018,2018-02-27T01:00:00Z,Feb2018,Optimal,SLATE_D,154979,153736,60714,49343,40334,68940,67937,15938,-1093182341,367137750,385619768,333950021,14960145
ASP_1802_24,Product_Demand_High_Feb2018,2018-02-24T12:00:00Z,Feb2018,Optimal,SLATE_C,154979,153736,60714,49343,40334,75799,67240,13194,-1278976581,509766243,304024963,386050922,15604553
ASP_1802_25,Base_Case_Feb2018,2018-02-12T03:00:00Z,Feb2018,Optimal,SLATE_C,154979,153736,60714,49343,40334,68507,67127,14308,-1230091588,481684181,346923922,416862174,15378689
ASP_1802_26,High_Crude_Price_Feb2018,2018-02-08T07:00:00Z,Feb2018,Optimal,SLATE_B,154979,153736,60714,49343,40334,63766,63502,14288,-1116542367,451974423,397596178,377582094,13519687
ASP_1802_27,Max_Diesel_Mode_Feb2018,2018-02-19T03:00:00Z,Feb2018,Optimal,SLATE_C,154979,153736,60714,49343,40334,61384,77055,13013,-1278614604,525062966,380639731,327257634,15232136
ASP_1802_28,Min_Fuel_Oil_Feb2018,2018-02-12T10:00:00Z,Feb2018,Optimal,SLATE_C,154979,153736,60714,49343,40334,68185,64832,11521,-1241879498,440640997,400740874,378838380,14512000
ASP_1802_29,Heavy_Crude_Slate_Feb2018,2018-02-26T11:00:00Z,Feb2018,Optimal,SLATE_B,154979,153736,60714,49343,40334,60526,65851,16473,-1163340437,511189062,395795759,400109908,14494243
ASP_1802_30,Light_Sweet_Slate_Feb2018,2018-02-15T03:00:00Z,Feb2018,Optimal,SLATE_B,154979,153736,60714,49343,40334,79016,59832,11657,-1324169228,481097887,303014933,413921792,15740658
ASP_1802_31,Coker_Max_Run_Feb2018,2018-02-06T07:00:00Z,Feb2018,Optimal,SLATE_F,154979,153736,60714,49343,40334,70587,65146,15652,-1196068649,456533413,307190494,424251387,15358971
ASP_1802_32,Product_Demand_High_Feb2018,2018-02-06T19:00:00Z,Feb2018,Optimal,SLATE_F,154979,153736,60714,49343,40334,76745,66671,13201,-1121484741,399401969,295540789,358968432,15499392
ASP_1802_33,Base_Case_Feb2018,2018-02-15T15:00:00Z,Feb2018,Optimal,SLATE_A,154979,153736,60714,49343,40334,68129,67034,14199,-1189202501,398865076,376385372,429133718,15181665
ASP_1802_34,High_Crude_Price_Feb2018,2018-02-06T05:00:00Z,Feb2018,Optimal,SLATE_D,154979,153736,60714,49343,40334,67356,63466,14768,-1086266938,403621275,375771046,415696455,14363843
ASP_1802_35,Max_Diesel_Mode_Feb2018,2018-02-15T05:00:00Z,Feb2018,Optimal,SLATE_B,154979,153736,60714,49343,40334,60701,76621,12952,-1162203308,446178213,292739068,382591487,14648474
ASP_1802_36,Min_Fuel_Oil_Feb2018,2018-02-07T17:00:00Z,Feb2018,Optimal,SLATE_F,154979,153736,60714,49343,40334,68592,66345,12698,-1177159714,430771732,365433654,361088180,14420057
ASP_1803_01,Base_Case_Mar2018,2018-03-16T18:00:00Z,Mar2018,Optimal,SLATE_E,147735,133017,61409,56422,23337,73782,58529,18570,-1070734631,441072190,322538670,322441086,15317315
ASP_1803_02,High_Crude_Price_Mar2018,2018-03-07T17:00:00Z,Mar2018,Optimal,SLATE_D,147735,133017,61409,56422,23337,69407,51547,19147,-1035169166,515782331,282196767,341540370,14335591
ASP_1803_03,Max_Diesel_Mode_Mar2018,2018-03-10T14:00:00Z,Mar2018,Optimal,SLATE_C,147735,133017,61409,56422,23337,62843,63040,18331,-1197058371,411841330,374531602,367849650,14166990
ASP_1803_04,Min_Fuel_Oil_Mar2018,2018-03-06T05:00:00Z,Mar2018,Optimal,SLATE_D,147735,133017,61409,56422,23337,75806,57822,15517,-1044370161,372460643,293680889,363864342,16054261
ASP_1803_05,Heavy_Crude_Slate_Mar2018,2018-03-12T14:00:00Z,Mar2018,Optimal,SLATE_E,147735,133017,61409,56422,23337,67380,57110,22022,-955008735,444796074,289042937,341105056,13823250
ASP_1803_06,Light_Sweet_Slate_Mar2018,2018-03-01T00:00:00Z,Mar2018,Optimal,SLATE_E,147735,133017,61409,56422,23337,81380,55589,15512,-1316350779,480569246,342785357,367956905,15998312
ASP_1803_07,Coker_Max_Run_Mar2018,2018-03-15T09:00:00Z,Mar2018,Optimal,SLATE_F,147735,133017,61409,56422,23337,70435,60998,20716,-1150496456,463042172,294112234,385197951,14414655
ASP_1803_08,Product_Demand_High_Mar2018,2018-03-05T19:00:00Z,Mar2018,Optimal,SLATE_B,147735,133017,61409,56422,23337,77732,57816,18350,-1208514243,423166630,332622127,378487038,15281125
ASP_1803_09,Base_Case_Mar2018,2018-03-03T18:00:00Z,Mar2018,Optimal,SLATE_C,147735,133017,61409,56422,23337,70992,57577,19375,-1197361359,487519664,371715371,353083998,14957674
ASP_1803_10,High_Crude_Price_Mar2018,2018-03-14T13:00:00Z,Mar2018,Optimal,SLATE_C,147735,133017,61409,56422,23337,67590,52079,20451,-931192470,352415193,287386180,386749479,14385123
ASP_1803_11,Max_Diesel_Mode_Mar2018,2018-03-14T16:00:00Z,Mar2018,Optimal,SLATE_A,147735,133017,61409,56422,23337,66280,63744,18470,-1219993670,441298449,327953530,407403984,14757229
ASP_1803_12,Min_Fuel_Oil_Mar2018,2018-03-16T04:00:00Z,Mar2018,Optimal,SLATE_E,147735,133017,61409,56422,23337,74207,55283,16921,-1037629414,383559685,283599103,355817766,15569355
ASP_1803_13,Heavy_Crude_Slate_Mar2018,2018-03-23T13:00:00Z,Mar2018,Optimal,SLATE_F,147735,133017,61409,56422,23337,62737,55345,23428,-1025890660,461443225,278646195,414182626,14393534
ASP_1803_14,Light_Sweet_Slate_Mar2018,2018-03-14T12:00:00Z,Mar2018,Optimal,SLATE_A,147735,133017,61409,56422,23337,75978,57071,16027,-1180211080,394064042,312904273,361348542,14556964
ASP_1803_15,Coker_Max_Run_Mar2018,2018-03-03T03:00:00Z,Mar2018,Optimal,SLATE_A,147735,133017,61409,56422,23337,74175,59344,21274,-1091214685,348448323,335225588,401835827,15691419
ASP_1803_16,Product_Demand_High_Mar2018,2018-03-04T02:00:00Z,Mar2018,Optimal,SLATE_A,147735,133017,61409,56422,23337,75491,58843,18302,-1282799918,469874310,330815722,402027224,14939554
ASP_1803_17,Base_Case_Mar2018,2018-03-25T06:00:00Z,Mar2018,Optimal,SLATE_B,147735,133017,61409,56422,23337,74727,56990,18715,-1099193844,397107811,342540422,374149511,14603900
ASP_1803_18,High_Crude_Price_Mar2018,2018-03-24T01:00:00Z,Mar2018,Optimal,SLATE_F,147735,133017,61409,56422,23337,69135,55626,19040,-1045200247,397185364,382386738,371466280,14951157
ASP_1803_19,Max_Diesel_Mode_Mar2018,2018-03-15T04:00:00Z,Mar2018,Optimal,SLATE_B,147735,133017,61409,56422,23337,68189,62469,18659,-1240851137,515902098,314199220,367365963,15704293
ASP_1803_20,Min_Fuel_Oil_Mar2018,2018-03-12T14:00:00Z,Mar2018,Optimal,SLATE_F,147735,133017,61409,56422,23337,74796,56616,16477,-1245467563,485240322,340587752,397792483,14428748
ASP_1803_21,Heavy_Crude_Slate_Mar2018,2018-03-11T15:00:00Z,Mar2018,Optimal,SLATE_D,147735,133017,61409,56422,23337,66184,55339,22808,-995795277,489996165,298031025,332912572,14500565
ASP_1803_22,Light_Sweet_Slate_Mar2018,2018-03-15T15:00:00Z,Mar2018,Optimal,SLATE_A,147735,133017,61409,56422,23337,79517,56947,14950,-1298056422,412133128,379659946,381735712,14549837
ASP_1803_23,Coker_Max_Run_Mar2018,2018-03-16T21:00:00Z,Mar2018,Optimal,SLATE_E,147735,133017,61409,56422,23337,68567,58549,20202,-1171336207,398103667,379514639,384839467,14088942
ASP_1803_24,Product_Demand_High_Mar2018,2018-03-27T18:00:00Z,Mar2018,Optimal,SLATE_B,147735,133017,61409,56422,23337,76181,62424,18752,-1075022589,385889273,273932266,350954639,15384891
ASP_1803_25,Base_Case_Mar2018,2018-03-11T15:00:00Z,Mar2018,Optimal,SLATE_F,147735,133017,61409,56422,23337,73583,57008,18449,-1152272880,495358548,278976657,393976664,16038989
ASP_1803_26,High_Crude_Price_Mar2018,2018-03-15T15:00:00Z,Mar2018,Optimal,SLATE_E,147735,133017,61409,56422,23337,65532,52622,20380,-1013154651,378383869,330575469,405864578,13568860
ASP_1803_27,Max_Diesel_Mode_Mar2018,2018-03-02T22:00:00Z,Mar2018,Optimal,SLATE_F,147735,133017,61409,56422,23337,66130,61646,17503,-1065526991,346028222,327379996,356129860,14750467
ASP_1803_28,Min_Fuel_Oil_Mar2018,2018-03-23T18:00:00Z,Mar2018,Optimal,SLATE_A,147735,133017,61409,56422,23337,70672,57468,15551,-1177931578,497829188,266719565,394259742,15185603
ASP_1803_29,Heavy_Crude_Slate_Mar2018,2018-03-25T09:00:00Z,Mar2018,Optimal,SLATE_C,147735,133017,61409,56422,23337,67341,57174,23634,-1000672814,355140497,360975888,410656727,14914429
ASP_1803_30,Light_Sweet_Slate_Mar2018,2018-03-15T09:00:00Z,Mar2018,Optimal,SLATE_A,147735,133017,61409,56422,23337,77983,56409,15439,-1204068752,385026515,292995199,412960538,15920866
ASP_1803_31,Coker_Max_Run_Mar2018,2018-03-02T12:00:00Z,Mar2018,Optimal,SLATE_A,147735,133017,61409,56422,23337,68935,61005,22128,-1154190442,491201365,291501238,364633958,15777304
ASP_1803_32,Product_Demand_High_Mar2018,2018-03-06T12:00:00Z,Mar2018,Optimal,SLATE_D,147735,133017,61409,56422,23337,79946,57587,17801,-1113661302,385713729,284902232,375961128,15409216
ASP_1803_33,Base_Case_Mar2018,2018-03-18T12:00:00Z,Mar2018,Optimal,SLATE_F,147735,133017,61409,56422,23337,70996,57238,19108,-1062668903,432615971,324902534,320490626,15340228
ASP_1803_34,High_Crude_Price_Mar2018,2018-03-10T08:00:00Z,Mar2018,Optimal,SLATE_D,147735,133017,61409,56422,23337,70044,53988,19451,-1035326284,435731440,315135501,389076028,14588312
ASP_1803_35,Max_Diesel_Mode_Mar2018,2018-03-25T05:00:00Z,Mar2018,Optimal,SLATE_E,147735,133017,61409,56422,23337,62817,64945,18490,-1037713746,375274235,304073098,323542838,14591365
ASP_1803_36,Min_Fuel_Oil_Mar2018,2018-03-20T17:00:00Z,Mar2018,Optimal,SLATE_E,147735,133017,61409,56422,23337,75940,55990,16388,-1175027397,417187307,333331582,405415160,15130750
ASP_1804_01,Base_Case_Apr2018,2018-04-20T08:00:00Z,Apr2018,Optimal,SLATE_F,162513,158915,75488,46830,36885,81770,64764,13640,-1139978249,392606705,377123316,386545769,16297541
ASP_1804_02,High_Crude_Price_Apr2018,2018-04-07T22:00:00Z,Apr2018,Optimal,SLATE_D,162513,158915,75488,46830,36885,74715,62172,14802,-1158093027,454845809,398777809,419918004,14744853
ASP_1804_03,Max_Diesel_Mode_Apr2018,2018-04-07T08:00:00Z,Apr2018,Optimal,SLATE_B,162513,158915,75488,46830,36885,71979,76886,13411,-1144872659,378904021,380420262,347842476,16811845
ASP_1804_04,Min_Fuel_Oil_Apr2018,2018-04-13T15:00:00Z,Apr2018,Optimal,SLATE_B,162513,158915,75488,46830,36885,84164,66829,12436,-1178749722,422340604,353430832,385995285,17349515
ASP_1804_05,Heavy_Crude_Slate_Apr2018,2018-04-18T01:00:00Z,Apr2018,Optimal,SLATE_A,162513,158915,75488,46830,36885,69914,65570,16286,-1083148391,462013719,360582423,395829076,14927005
ASP_1804_06,Light_Sweet_Slate_Apr2018,2018-04-02T18:00:00Z,Apr2018,Optimal,SLATE_F,162513,158915,75488,46830,36885,90584,64590,10970,-1302970979,485853383,323609003,371323845,17419285
ASP_1804_07,Coker_Max_Run_Apr2018,2018-04-08T17:00:00Z,Apr2018,Optimal,SLATE_F,162513,158915,75488,46830,36885,80790,68175,15193,-1191698070,512587460,317446781,354604136,16306935
ASP_1804_08,Product_Demand_High_Apr2018,2018-04-18T06:00:00Z,Apr2018,Optimal,SLATE_E,162513,158915,75488,46830,36885,88538,71098,13068,-1286592206,453710631,410570777,343481099,16473427
ASP_1804_09,Base_Case_Apr2018,2018-04-25T05:00:00Z,Apr2018,Optimal,SLATE_A,162513,158915,75488,46830,36885,78752,69722,13791,-1108931201,428776167,319233431,378417688,17496085
ASP_1804_10,High_Crude_Price_Apr2018,2018-04-07T16:00:00Z,Apr2018,Optimal,SLATE_A,162513,158915,75488,46830,36885,77814,66722,14939,-1003751256,412584314,336844640,357888980,16283960
ASP_1804_11,Max_Diesel_Mode_Apr2018,2018-04-25T17:00:00Z,Apr2018,Optimal,SLATE_B,162513,158915,75488,46830,36885,69561,80597,13771,-1280476311,435689203,360790156,439729273,16707383
ASP_1804_12,Min_Fuel_Oil_Apr2018,2018-04-12T04:00:00Z,Apr2018,Optimal,SLATE_F,162513,158915,75488,46830,36885,84242,71159,11680,-1364051872,557120007,325844700,459247889,17890390
ASP_1804_13,Heavy_Crude_Slate_Apr2018,2018-04-16T16:00:00Z,Apr2018,Optimal,SLATE_E,162513,158915,75488,46830,36885,75349,65026,16392,-1126308502,460008360,364181409,443512005,16247882
ASP_1804_14,Light_Sweet_Slate_Apr2018,2018-04-21T20:00:00Z,Apr2018,Optimal,SLATE_F,162513,158915,75488,46830,36885,84026,67054,11475,-1170317756,406370886,301311612,353932715,16688645
ASP_1804_15,Coker_Max_Run_Apr2018,2018-04-08T03:00:00Z,Apr2018,Optimal,SLATE_F,162513,158915,75488,46830,36885,75369,69633,15198,-1276622794,406339824,403302578,457978164,16029591
ASP_1804_16,Product_Demand_High_Apr2018,2018-04-17T22:00:00Z,Apr2018,Optimal,SLATE_D,162513,158915,75488,46830,36885,88263,71675,13881,-1418199779,505361609,390319046,434703952,17236663
ASP_1804_17,Base_Case_Apr2018,2018-04-21T07:00:00Z,Apr2018,Optimal,SLATE_C,162513,158915,75488,46830,36885,77558,69343,14117,-1141316675,411063457,322868952,423613379,16229113
ASP_1804_18,High_Crude_Price_Apr2018,2018-04-02T07:00:00Z,Apr2018,Optimal,SLATE_C,162513,158915,75488,46830,36885,75117,67119,15058,-1122085343,554059371,318776505,361580260,14758154
ASP_1804_19,Max_Diesel_Mode_Apr2018,2018-04-27T16:00:00Z,Apr2018,Optimal,SLATE_B,162513,158915,75488,46830,36885,74298,78046,13881,-1223634634,519745428,310256405,352585060,17220574
ASP_1804_20,Min_Fuel_Oil_Apr2018,2018-04-18T10:00:00Z,Apr2018,Optimal,SLATE_E,162513,158915,75488,46830,36885,80908,70256,11983,-1373594220,505272058,408144354,437630747,17460537
ASP_1804_21,Heavy_Crude_Slate_Apr2018,2018-04-18T18:00:00Z,Apr2018,Optimal,SLATE_A,162513,158915,75488,46830,36885,71493,69616,17217,-1175267005,534732902,374928505,411755507,15564686
ASP_1804_22,Light_Sweet_Slate_Apr2018,2018-04-02T04:00:00Z,Apr2018,Optimal,SLATE_A,162513,158915,75488,46830,36885,92832,66791,11118,-1504411301,557683191,409039935,393758279,17257029
ASP_1804_23,Coker_Max_Run_Apr2018,2018-04-19T11:00:00Z,Apr2018,Optimal,SLATE_E,162513,158915,75488,46830,36885,75430,72262,15330,-1187922510,401856800,418954092,359815090,15996070
ASP_1804_24,Product_Demand_High_Apr2018,2018-04-23T02:00:00Z,Apr2018,Optimal,SLATE_F,162513,158915,75488,46830,36885,84636,73635,13292,-1304220337,532207119,337231022,356464860,18291577
ASP_1804_25,Base_Case_Apr2018,2018-04-11T11:00:00Z,Apr2018,Optimal,SLATE_B,162513,158915,75488,46830,36885,81309,69704,13793,-1156357086,418035761,297369366,457667872,16715913
ASP_1804_26,High_Crude_Price_Apr2018,2018-04-08T16:00:00Z,Apr2018,Optimal,SLATE_A,162513,158915,75488,46830,36885,78757,65235,14516,-1128059410,558388227,325459623,358829258,16525575
ASP_1804_27,Max_Diesel_Mode_Apr2018,2018-04-11T21:00:00Z,Apr2018,Optimal,SLATE_B,162513,158915,75488,46830,36885,73382,79913,12999,-1112702588,409488440,295478886,372402311,17652886
ASP_1804_28,Min_Fuel_Oil_Apr2018,2018-04-11T17:00:00Z,Apr2018,Optimal,SLATE_B,162513,158915,75488,46830,36885,85379,66555,11847,-1416564957,550977812,396831138,444468001,16971167
ASP_1804_29,Heavy_Crude_Slate_Apr2018,2018-04-01T13:00:00Z,Apr2018,Optimal,SLATE_D,162513,158915,75488,46830,36885,74654,65974,17781,-1102792665,512518297,311078134,417173031,15444278
ASP_1804_30,Light_Sweet_Slate_Apr2018,2018-04-08T11:00:00Z,Apr2018,Optimal,SLATE_D,162513,158915,75488,46830,36885,84058,66189,11651,-1388276001,525364348,342985616,387515836,16333656
ASP_1804_31,Coker_Max_Run_Apr2018,2018-04-09T19:00:00Z,Apr2018,Optimal,SLATE_E,162513,158915,75488,46830,36885,78880,72812,16061,-1222269663,448026775,330686932,436186130,16596245
ASP_1804_32,Product_Demand_High_Apr2018,2018-04-27T20:00:00Z,Apr2018,Optimal,SLATE_B,162513,158915,75488,46830,36885,88808,72578,13201,-1328440137,429154245,405671907,412376231,17165219
ASP_1804_33,Base_Case_Apr2018,2018-04-12T05:00:00Z,Apr2018,Optimal,SLATE_B,162513,158915,75488,46830,36885,82509,65988,13943,-1290676655,551405012,409349403,346600120,16677880
ASP_1804_34,High_Crude_Price_Apr2018,2018-04-16T09:00:00Z,Apr2018,Optimal,SLATE_C,162513,158915,75488,46830,36885,74203,67944,15162,-1056083680,461086658,347680328,356206443,17056385
ASP_1804_35,Max_Diesel_Mode_Apr2018,2018-04-14T19:00:00Z,Apr2018,Optimal,SLATE_F,162513,158915,75488,46830,36885,73406,77990,13401,-1231153018,398843329,344278090,445552016,16146751
ASP_1804_36,Min_Fuel_Oil_Apr2018,2018-04-04T17:00:00Z,Apr2018,Optimal,SLATE_A,162513,158915,75488,46830,36885,79932,70763,11672,-1203674835,542987792,295603950,347310123,17285520
ASP_1805_01,Base_Case_May2018,2018-05-05T05:00:00Z,May2018,Optimal,SLATE_A,145008,136199,76764,48854,24903,66124,48501,18989,-1176769838,440352822,367620346,381598109,12801439
ASP_1805_02,High_Crude_Price_May2018,2018-05-09T18:00:00Z,May2018,Optimal,SLATE_E,145008,136199,76764,48854,24903,60363,50964,19812,-969954798,397615660,307257700,363176925,13751591
ASP_1805_03,Max_Diesel_Mode_May2018,2018-05-11T17:00:00Z,May2018,Optimal,SLATE_B,145008,136199,76764,48854,24903,57042,56977,18336,-1098509335,364040255,342665644,352629681,13136213
ASP_1805_04,Min_Fuel_Oil_May2018,2018-05-04T10:00:00Z,May2018,Optimal,SLATE_D,145008,136199,76764,48854,24903,70129,53044,16721,-1199152741,423448284,376213829,378758026,14194176
ASP_1805_05,Heavy_Crude_Slate_May2018,2018-05-25T18:00:00Z,May2018,Optimal,SLATE_D,145008,136199,76764,48854,24903,57414,48604,24504,-973946658,428223953,280287505,385809199,12157703
ASP_1805_06,Light_Sweet_Slate_May2018,2018-05-04T03:00:00Z,May2018,Optimal,SLATE_F,145008,136199,76764,48854,24903,72895,49937,15733,-1192280957,374895813,346131592,358189819,14680655
ASP_1805_07,Coker_Max_Run_May2018,2018-05-26T16:00:00Z,May2018,Optimal,SLATE_B,145008,136199,76764,48854,24903,61688,51147,21837,-1237377275,497612481,330078966,398356769,12933240
ASP_1805_08,Product_Demand_High_May2018,2018-05-08T06:00:00Z,May2018,Optimal,SLATE_D,145008,136199,76764,48854,24903,68707,55315,19307,-1143013920,438470979,309517787,324780705,14423248
ASP_1805_09,Base_Case_May2018,2018-05-18T10:00:00Z,May2018,Optimal,SLATE_A,145008,136199,76764,48854,24903,64397,49297,20341,-1179702895,499623080,360862331,332587839,13370355
ASP_1805_10,High_Crude_Price_May2018,2018-05-05T04:00:00Z,May2018,Optimal,SLATE_E,145008,136199,76764,48854,24903,63997,49311,20459,-1002246048,400076283,346952035,355710165,13340604
ASP_1805_11,Max_Diesel_Mode_May2018,2018-05-05T19:00:00Z,May2018,Optimal,SLATE_D,145008,136199,76764,48854,24903,61343,61458,19351,-1149978273,470062097,274986675,364574128,14405497
ASP_1805_12,Min_Fuel_Oil_May2018,2018-05-17T19:00:00Z,May2018,Optimal,SLATE_A,145008,136199,76764,48854,24903,67032,53339,17337,-1128984466,444315969,358479333,308008324,14702202
ASP_1805_13,Heavy_Crude_Slate_May2018,2018-05-11T06:00:00Z,May2018,Optimal,SLATE_E,145008,136199,76764,48854,24903,60081,50154,23203,-967206813,456576872,278537231,353285931,13725797
ASP_1805_14,Light_Sweet_Slate_May2018,2018-05-23T04:00:00Z,May2018,Optimal,SLATE_C,145008,136199,76764,48854,24903,75255,49529,16100,-1283134218,506327342,306349401,347861873,14883064
ASP_1805_15,Coker_Max_Run_May2018,2018-05-22T08:00:00Z,May2018,Optimal,SLATE_C,145008,136199,76764,48854,24903,62100,54457,21390,-1220755059,441558635,370877715,398171971,13789635
ASP_1805_16,Product_Demand_High_May2018,2018-05-12T05:00:00Z,May2018,Optimal,SLATE_F,145008,136199,76764,48854,24903,73879,54522,18038,-1192280359,474840306,337530660,306408733,14816403
ASP_1805_17,Base_Case_May2018,2018-05-01T06:00:00Z,May2018,Optimal,SLATE_A,145008,136199,76764,48854,24903,63472,53415,18882,-1074701712,338407240,338980934,410804918,13491380
ASP_1805_18,High_Crude_Price_May2018,2018-05-17T01:00:00Z,May2018,Optimal,SLATE_D,145008,136199,76764,48854,24903,63580,50525,20493,-998460652,343803950,362746565,392704073,13971270
ASP_1805_19,Max_Diesel_Mode_May2018,2018-05-12T22:00:00Z,May2018,Optimal,SLATE_A,145008,136199,76764,48854,24903,59574,59165,19286,-1103586714,438336430,318048968,308328217,13678649
ASP_1805_20,Min_Fuel_Oil_May2018,2018-05-06T13:00:00Z,May2018,Optimal,SLATE_A,145008,136199,76764,48854,24903,64809,51883,17286,-1171187179,449132476,306989162,394898922,13945628
ASP_1805_21,Heavy_Crude_Slate_May2018,2018-05-03T20:00:00Z,May2018,Optimal,SLATE_F,145008,136199,76764,48854,24903,61714,49923,23892,-1086385258,470771158,352818130,397055586,13550142
ASP_1805_22,Light_Sweet_Slate_May2018,2018-05-23T01:00:00Z,May2018,Optimal,SLATE_B,145008,136199,76764,48854,24903,73866,48993,16315,-1183245188,456791806,275225015,338824867,14372770
ASP_1805_23,Coker_Max_Run_May2018,2018-05-22T22:00:00Z,May2018,Optimal,SLATE_D,145008,136199,76764,48854,24903,67849,50439,22065,-1145161385,451419359,375620202,309178876,13511196
ASP_1805_24,Product_Demand_High_May2018,2018-05-20T16:00:00Z,May2018,Optimal,SLATE_D,145008,136199,76764,48854,24903,70352,54297,18953,-1049517015,385621487,274419315,325553041,13818829
ASP_1805_25,Base_Case_May2018,2018-05-20T12:00:00Z,May2018,Optimal,SLATE_E,145008,136199,76764,48854,24903,63040,51710,19789,-1000963544,384751169,287664934,341914283,13366842
ASP_1805_26,High_Crude_Price_May2018,2018-05-08T21:00:00Z,May2018,Optimal,SLATE_C,145008,136199,76764,48854,24903,62926,50155,19293,-957910554,417319924,298756888,338543177,13412865
ASP_1805_27,Max_Diesel_Mode_May2018,2018-05-04T15:00:00Z,May2018,Optimal,SLATE_A,145008,136199,76764,48854,24903,59460,57663,18188,-1148612937,427158765,354106791,326283425,13631898
ASP_1805_28,Min_Fuel_Oil_May2018,2018-05-25T16:00:00Z,May2018,Optimal,SLATE_D,145008,136199,76764,48854,24903,70094,52477,17027,-1240556924,482138098,327826698,408425164,13965761
ASP_1805_29,Heavy_Crude_Slate_May2018,2018-05-11T13:00:00Z,May2018,Optimal,SLATE_A,145008,136199,76764,48854,24903,61026,49071,22470,-1079189089,493335843,310187468,408718648,13142971
ASP_1805_30,Light_Sweet_Slate_May2018,2018-05-09T06:00:00Z,May2018,Optimal,SLATE_C,145008,136199,76764,48854,24903,73582,48087,14996,-1320882068,450699566,374576765,368342788,14260129
ASP_1805_31,Coker_Max_Run_May2018,2018-05-10T08:00:00Z,May2018,Optimal,SLATE_C,145008,136199,76764,48854,24903,65647,51038,20971,-981558522,339791435,313377573,322781807,13638538
ASP_1805_32,Product_Demand_High_May2018,2018-05-21T16:00:00Z,May2018,Optimal,SLATE_A,145008,136199,76764,48854,24903,74028,51496,17592,-1151976271,470885037,303753954,306951371,14945666
ASP_1805_33,Base_Case_May2018,2018-05-26T12:00:00Z,May2018,Optimal,SLATE_E,145008,136199,76764,48854,24903,68887,50294,19800,-1066464158,433053552,335939866,311176825,13706085
ASP_1805_34,High_Crude_Price_May2018,2018-05-22T11:00:00Z,May2018,Optimal,SLATE_E,145008,136199,76764,48854,24903,60157,48995,20730,-1129130462,497125252,370908887,372915688,13634107
ASP_1805_35,Max_Diesel_Mode_May2018,2018-05-22T11:00:00Z,May2018,Optimal,SLATE_F,145008,136199,76764,48854,24903,61258,60688,17565,-1106000639,414244942,344264910,308506650,13682560
ASP_1805_36,Min_Fuel_Oil_May2018,2018-05-04T19:00:00Z,May2018,Optimal,SLATE_D,145008,136199,76764,48854,24903,70550,52548,16110,-1093443354,397922429,303478239,373658952,13464130
ASP_1806_01,Base_Case_Jun2018,2018-06-23T17:00:00Z,Jun2018,Optimal,SLATE_A,160493,156937,67392,48529,35875,69902,52713,19270,-1348808307,501456615,406618064,455151154,14417526
ASP_1806_02,High_Crude_Price_Jun2018,2018-06-13T08:00:00Z,Jun2018,Optimal,SLATE_C,160493,156937,67392,48529,35875,62480,51780,19391,-1080435635,442346910,398912997,346507220,13380567
ASP_1806_03,Max_Diesel_Mode_Jun2018,2018-06-05T06:00:00Z,Jun2018,Optimal,SLATE_A,160493,156937,67392,48529,35875,59659,62063,19125,-1220013026,370598257,358795986,445861877,13338952
ASP_1806_04,Min_Fuel_Oil_Jun2018,2018-06-12T03:00:00Z,Jun2018,Optimal,SLATE_E,160493,156937,67392,48529,35875,67552,55766,16338,-1157777735,411379540,342845973,383998131,14167590
ASP_1806_05,Heavy_Crude_Slate_Jun2018,2018-06-20T06:00:00Z,Jun2018,Optimal,SLATE_A,160493,156937,67392,48529,35875,62206,52446,22642,-1096820106,477962160,322649975,432026888,13950016
ASP_1806_06,Light_Sweet_Slate_Jun2018,2018-06-07T11:00:00Z,Jun2018,Optimal,SLATE_C,160493,156937,67392,48529,35875,74359,51551,15343,-1367250641,508839794,292169940,433985394,14235627
ASP_1806_07,Coker_Max_Run_Jun2018,2018-06-23T15:00:00Z,Jun2018,Optimal,SLATE_C,160493,156937,67392,48529,35875,64019,58808,21020,-1216388711,423521878,368338217,414967041,14289184
ASP_1806_08,Product_Demand_High_Jun2018,2018-06-21T20:00:00Z,Jun2018,Optimal,SLATE_E,160493,156937,67392,48529,35875,72296,58185,18014,-1364111893,471541420,403814728,402155688,14445268
ASP_1806_09,Base_Case_Jun2018,2018-06-21T10:00:00Z,Jun2018,Optimal,SLATE_E,160493,156937,67392,48529,35875,63877,52142,20697,-1246788758,507509112,348720732,403900715,13341801
ASP_1806_10,High_Crude_Price_Jun2018,2018-06-06T06:00:00Z,Jun2018,Optimal,SLATE_E,160493,156937,67392,48529,35875,66403,51933,20499,-1066349868,486420498,326806427,358956165,13107146
ASP_1806_11,Max_Diesel_Mode_Jun2018,2018-06-27T16:00:00Z,Jun2018,Optimal,SLATE_D,160493,156937,67392,48529,35875,60777,65105,17842,-1327480222,558747936,333429772,386182471,14093300
ASP_1806_12,Min_Fuel_Oil_Jun2018,2018-06-15T12:00:00Z,Jun2018,Optimal,SLATE_D,160493,156937,67392,48529,35875,71082,55846,17057,-1263801712,558455546,315720732,367992762,15177086
ASP_1806_13,Heavy_Crude_Slate_Jun2018,2018-06-11T01:00:00Z,Jun2018,Optimal,SLATE_C,160493,156937,67392,48529,35875,57935,55156,23011,-1156009414,540149651,315883919,442052920,13631585
ASP_1806_14,Light_Sweet_Slate_Jun2018,2018-06-23T02:00:00Z,Jun2018,Optimal,SLATE_D,160493,156937,67392,48529,35875,76211,54244,16388,-1408654176,408612050,409976701,454506472,15368280
ASP_1806_15,Coker_Max_Run_Jun2018,2018-06-18T02:00:00Z,Jun2018,Optimal,SLATE_F,160493,156937,67392,48529,35875,67415,56127,21300,-1269414011,413578258,394208434,451498973,14762124
ASP_1806_16,Product_Demand_High_Jun2018,2018-06-08T12:00:00Z,Jun2018,Optimal,SLATE_C,160493,156937,67392,48529,35875,69730,57392,18057,-1422994313,520832898,363523130,447233171,14001872
ASP_1806_17,Base_Case_Jun2018,2018-06-06T09:00:00Z,Jun2018,Optimal,SLATE_F,160493,156937,67392,48529,35875,70064,57025,19364,-1235528305,469032483,360207739,421021482,14733399
ASP_1806_18,High_Crude_Price_Jun2018,2018-06-07T16:00:00Z,Jun2018,Optimal,SLATE_F,160493,156937,67392,48529,35875,66099,51788,19180,-1212386459,559044875,359388194,413236697,13858397
ASP_1806_19,Max_Diesel_Mode_Jun2018,2018-06-10T02:00:00Z,Jun2018,Optimal,SLATE_D,160493,156937,67392,48529,35875,60203,64586,19047,-1272082009,433531588,389573802,402784543,14383257
ASP_1806_20,Min_Fuel_Oil_Jun2018,2018-06-24T22:00:00Z,Jun2018,Optimal,SLATE_D,160493,156937,67392,48529,35875,69305,55200,17553,-1259978669,450805353,336342526,450713932,14581549
ASP_1806_21,Heavy_Crude_Slate_Jun2018,2018-06-24T15:00:00Z,Jun2018,Optimal,SLATE_F,160493,156937,67392,48529,35875,59141,55483,22657,-987678909,449962474,298626291,362105445,13273199
ASP_1806_22,Light_Sweet_Slate_Jun2018,2018-06-08T14:00:00Z,Jun2018,Optimal,SLATE_A,160493,156937,67392,48529,35875,74045,52994,16275,-1300022776,414646976,388580301,372415389,14908044
ASP_1806_23,Coker_Max_Run_Jun2018,2018-06-27T10:00:00Z,Jun2018,Optimal,SLATE_A,160493,156937,67392,48529,35875,68645,59552,21045,-1188815329,458371511,325315201,396208810,14390297
ASP_1806_24,Product_Demand_High_Jun2018,2018-06-06T06:00:00Z,Jun2018,Optimal,SLATE_A,160493,156937,67392,48529,35875,69452,58805,19365,-1251869636,514436296,291658995,367362694,14319433
ASP_1806_25,Base_Case_Jun2018,2018-06-27T14:00:00Z,Jun2018,Optimal,SLATE_C,160493,156937,67392,48529,35875,67054,52098,20349,-1306097021,521417467,372654838,425921947,13897231
ASP_1806_26,High_Crude_Price_Jun2018,2018-06-21T21:00:00Z,Jun2018,Optimal,SLATE_E,160493,156937,67392,48529,35875,62456,54664,20032,-1146424612,470791392,413838175,375081824,13597682
ASP_1806_27,Max_Diesel_Mode_Jun2018,2018-06-03T13:00:00Z,Jun2018,Optimal,SLATE_E,160493,156937,67392,48529,35875,63208,63124,18804,-1169402321,398623639,392353491,337127846,14388479
ASP_1806_28,Min_Fuel_Oil_Jun2018,2018-06-21T00:00:00Z,Jun2018,Optimal,SLATE_D,160493,156937,67392,48529,35875,69489,54711,16900,-1237314116,382488456,412891086,420831200,14934901
ASP_1806_29,Heavy_Crude_Slate_Jun2018,2018-06-14T14:00:00Z,Jun2018,Optimal,SLATE_A,160493,156937,67392,48529,35875,57919,55492,23055,-1240450508,557776207,387615786,446782259,13895909
ASP_1806_30,Light_Sweet_Slate_Jun2018,2018-06-03T02:00:00Z,Jun2018,Optimal,SLATE_D,160493,156937,67392,48529,35875,75545,52682,15196,-1439435962,534508402,384191900,381151006,14640627
ASP_1806_31,Coker_Max_Run_Jun2018,2018-06-17T19:00:00Z,Jun2018,Optimal,SLATE_C,160493,156937,67392,48529,35875,63195,57899,21138,-1192930324,415264975,369933814,397905152,13564407
ASP_1806_32,Product_Demand_High_Jun2018,2018-06-20T08:00:00Z,Jun2018,Optimal,SLATE_F,160493,156937,67392,48529,35875,70993,57365,18730,-1328375681,403273419,390166239,450968073,14430248
ASP_1806_33,Base_Case_Jun2018,2018-06-25T09:00:00Z,Jun2018,Optimal,SLATE_C,160493,156937,67392,48529,35875,66282,55593,19351,-1360740821,558919909,381122194,434050806,13352088
ASP_1806_34,High_Crude_Price_Jun2018,2018-06-14T13:00:00Z,Jun2018,Optimal,SLATE_A,160493,156937,67392,48529,35875,66002,53613,20162,-963814170,384608556,303391302,373172612,13548372
ASP_1806_35,Max_Diesel_Mode_Jun2018,2018-06-09T19:00:00Z,Jun2018,Optimal,SLATE_A,160493,156937,67392,48529,35875,60532,63609,19554,-1365870782,495422250,363352844,456793836,14739613
ASP_1806_36,Min_Fuel_Oil_Jun2018,2018-06-06T00:00:00Z,Jun2018,Optimal,SLATE_A,160493,156937,67392,48529,35875,68696,54731,16128,-1251113256,485632340,355351044,387691293,14001612
ASP_1807_01,Base_Case_Jul2018,2018-07-18T20:00:00Z,Jul2018,Optimal,SLATE_E,131361,127289,66701,41934,32540,56683,51265,13654,-1065226479,432732849,276722357,368268251,12496978
ASP_1807_02,High_Crude_Price_Jul2018,2018-07-01T05:00:00Z,Jul2018,Optimal,SLATE_B,131361,127289,66701,41934,32540,54635,48753,14868,-920897540,451482035,274908790,286745071,12160309
ASP_1807_03,Max_Diesel_Mode_Jul2018,2018-07-16T07:00:00Z,Jul2018,Optimal,SLATE_F,131361,127289,66701,41934,32540,48913,60396,13630,-1044001646,373583419,281418155,351453791,12168083
ASP_1807_04,Min_Fuel_Oil_Jul2018,2018-07-24T08:00:00Z,Jul2018,Optimal,SLATE_B,131361,127289,66701,41934,32540,57164,50922,11883,-1030582426,386257060,317927519,307875980,11495096
ASP_1807_05,Heavy_Crude_Slate_Jul2018,2018-07-20T10:00:00Z,Jul2018,Optimal,SLATE_D,131361,127289,66701,41934,32540,50827,51680,17445,-823106007,360941921,256239484,309386289,12005464
ASP_1807_06,Light_Sweet_Slate_Jul2018,2018-07-05T18:00:00Z,Jul2018,Optimal,SLATE_E,131361,127289,66701,41934,32540,61518,48311,11439,-1148716252,439686326,238841939,359308501,12197255
ASP_1807_07,Coker_Max_Run_Jul2018,2018-07-01T22:00:00Z,Jul2018,Optimal,SLATE_A,131361,127289,66701,41934,32540,56792,53339,16227,-1063124955,364631194,336340063,353586347,12278236
ASP_1807_08,Product_Demand_High_Jul2018,2018-07-24T08:00:00Z,Jul2018,Optimal,SLATE_D,131361,127289,66701,41934,32540,61733,53680,13976,-1132518054,456203719,304615748,301117922,13309561
ASP_1807_09,Base_Case_Jul2018,2018-07-14T04:00:00Z,Jul2018,Optimal,SLATE_D,131361,127289,66701,41934,32540,57626,52996,14552,-950903951,348971437,298661723,316524824,13254033
ASP_1807_10,High_Crude_Price_Jul2018,2018-07-09T20:00:00Z,Jul2018,Optimal,SLATE_E,131361,127289,66701,41934,32540,54977,50726,14701,-919612030,391354339,277878497,342578259,12232801
ASP_1807_11,Max_Diesel_Mode_Jul2018,2018-07-25T22:00:00Z,Jul2018,Optimal,SLATE_E,131361,127289,66701,41934,32540,48271,61166,13551,-947289743,354105448,251787521,308440419,12152680
ASP_1807_12,Min_Fuel_Oil_Jul2018,2018-07-07T19:00:00Z,Jul2018,Optimal,SLATE_F,131361,127289,66701,41934,32540,55683,51377,12006,-879931372,324492846,255072309,287248015,12510867
ASP_1807_13,Heavy_Crude_Slate_Jul2018,2018-07-09T04:00:00Z,Jul2018,Optimal,SLATE_C,131361,127289,66701,41934,32540,48520,48361,17310,-953595078,436366311,305355205,328900692,11072121
ASP_1807_14,Light_Sweet_Slate_Jul2018,2018-07-07T17:00:00Z,Jul2018,Optimal,SLATE_A,131361,127289,66701,41934,32540,59095,51623,11457,-996862490,321817053,263485378,317260094,12506730
ASP_1807_15,Coker_Max_Run_Jul2018,2018-07-10T16:00:00Z,Jul2018,Optimal,SLATE_F,131361,127289,66701,41934,32540,55165,55013,15379,-885964522,310661680,248270178,322093101,12432290
ASP_1807_16,Product_Demand_High_Jul2018,2018-07-02T14:00:00Z,Jul2018,Optimal,SLATE_C,131361,127289,66701,41934,32540,62752,57433,13758,-980723189,330161527,279327858,311487411,12899769
ASP_1807_17,Base_Case_Jul2018,2018-07-26T19:00:00Z,Jul2018,Optimal,SLATE_B,131361,127289,66701,41934,32540,54682,51189,14426,-967603085,339902529,339264847,300672566,12236857
ASP_1807_18,High_Crude_Price_Jul2018,2018-07-04T19:00:00Z,Jul2018,Optimal,SLATE_F,131361,127289,66701,41934,32540,54676,48527,13730,-879916478,355881523,271144690,341328038,11923296
ASP_1807_19,Max_Diesel_Mode_Jul2018,2018-07-22T06:00:00Z,Jul2018,Optimal,SLATE_E,131361,127289,66701,41934,32540,51688,58328,14029,-961729877,351867041,251064342,326152392,13150558
ASP_1807_20,Min_Fuel_Oil_Jul2018,2018-07-09T03:00:00Z,Jul2018,Optimal,SLATE_A,131361,127289,66701,41934,32540,54304,54701,11683,-935361817,322142640,289137900,308507667,11669938
ASP_1807_21,Heavy_Crude_Slate_Jul2018,2018-07-10T14:00:00Z,Jul2018,Optimal,SLATE_D,131361,127289,66701,41934,32540,48646,52222,17389,-945193044,376970773,319130441,366414060,12300780
ASP_1807_22,Light_Sweet_Slate_Jul2018,2018-07-02T11:00:00Z,Jul2018,Optimal,SLATE_C,131361,127289,66701,41934,32540,62243,49603,11597,-1198170571,428718846,314705691,338493230,12122614
ASP_1807_23,Coker_Max_Run_Jul2018,2018-07-26T00:00:00Z,Jul2018,Optimal,SLATE_A,131361,127289,66701,41934,32540,53008,55379,15126,-1070421954,444139026,283575061,333791327,12072125
ASP_1807_24,Product_Demand_High_Jul2018,2018-07-20T12:00:00Z,Jul2018,Optimal,SLATE_E,131361,127289,66701,41934,32540,60942,53143,13731,-1064285475,374942083,265365362,358433833,13291764
ASP_1807_25,Base_Case_Jul2018,2018-07-21T08:00:00Z,Jul2018,Optimal,SLATE_C,131361,127289,66701,41934,32540,58045,49446,14361,-922607701,344575582,308036223,282133810,12137914
ASP_1807_26,High_Crude_Price_Jul2018,2018-07-01T21:00:00Z,Jul2018,Optimal,SLATE_E,131361,127289,66701,41934,32540,54647,50098,14381,-893656830,355846036,254532968,373030430,12043314
ASP_1807_27,Max_Diesel_Mode_Jul2018,2018-07-09T19:00:00Z,Jul2018,Optimal,SLATE_C,131361,127289,66701,41934,32540,48576,59572,13018,-995729582,348096010,274962795,337726951,12471868
ASP_1807_28,Min_Fuel_Oil_Jul2018,2018-07-27T16:00:00Z,Jul2018,Optimal,SLATE_D,131361,127289,66701,41934,32540,57212,51910,11825,-1098813720,425404931,318493546,335547967,12637007
ASP_1807_29,Heavy_Crude_Slate_Jul2018,2018-07-05T12:00:00Z,Jul2018,Optimal,SLATE_F,131361,127289,66701,41934,32540,47739,48759,16159,-907066391,364530540,337802913,317473369,11955276
ASP_1807_30,Light_Sweet_Slate_Jul2018,2018-07-27T14:00:00Z,Jul2018,Optimal,SLATE_B,131361,127289,66701,41934,32540,59181,52203,11571,-1008567740,367538903,264866573,280609687,12508252
ASP_1807_31,Coker_Max_Run_Jul2018,2018-07-21T02:00:00Z,Jul2018,Optimal,SLATE_C,131361,127289,66701,41934,32540,56734,53603,15315,-990724218,305966834,317362334,360105160,12136075
ASP_1807_32,Product_Demand_High_Jul2018,2018-07-17T20:00:00Z,Jul2018,Optimal,SLATE_B,131361,127289,66701,41934,32540,57465,52670,14001,-1074958410,360186334,331535413,316256891,12646776
ASP_1807_33,Base_Case_Jul2018,2018-07-11T09:00:00Z,Jul2018,Optimal,SLATE_F,131361,127289,66701,41934,32540,55500,49848,13969,-1053736830,445378913,256409883,363894265,11946231
ASP_1807_34,High_Crude_Price_Jul2018,2018-07-27T09:00:00Z,Jul2018,Optimal,SLATE_E,131361,127289,66701,41934,32540,51659,49991,13937,-889677677,403104530,271854307,303392282,11310165
ASP_1807_35,Max_Diesel_Mode_Jul2018,2018-07-17T04:00:00Z,Jul2018,Optimal,SLATE_E,131361,127289,66701,41934,32540,48946,60093,12777,-971459225,336359143,319433012,281463746,12056639
ASP_1807_36,Min_Fuel_Oil_Jul2018,2018-07-20T15:00:00Z,Jul2018,Optimal,SLATE_B,131361,127289,66701,41934,32540,54824,51471,12019,-980346458,307083673,292305401,364237932,11834328
ASP_1808_01,Base_Case_Aug2018,2018-08-16T04:00:00Z,Aug2018,Optimal,SLATE_B,139915,132555,72016,37455,25497,61717,54837,18401,-1044143789,396466819,290772486,370992854,14088370
ASP_1808_02,High_Crude_Price_Aug2018,2018-08-25T05:00:00Z,Aug2018,Optimal,SLATE_B,139915,132555,72016,37455,25497,55972,56296,19524,-979106411,428655734,263391035,385551659,13352329
ASP_1808_03,Max_Diesel_Mode_Aug2018,2018-08-17T05:00:00Z,Aug2018,Optimal,SLATE_D,139915,132555,72016,37455,25497,54308,64301,17418,-997329145,355989898,281216000,326192836,13561453
ASP_1808_04,Min_Fuel_Oil_Aug2018,2018-08-02T16:00:00Z,Aug2018,Optimal,SLATE_C,139915,132555,72016,37455,25497,60706,55146,15817,-1091829411,418616970,334868875,320574211,14031501
ASP_1808_05,Heavy_Crude_Slate_Aug2018,2018-08-01T13:00:00Z,Aug2018,Optimal,SLATE_F,139915,132555,72016,37455,25497,53655,53251,21754,-1002231459,438383193,344899918,342616257,12308858
ASP_1808_06,Light_Sweet_Slate_Aug2018,2018-08-24T00:00:00Z,Aug2018,Optimal,SLATE_E,139915,132555,72016,37455,25497,65204,56126,15196,-1133232567,352452682,308888645,363498665,13025200
ASP_1808_07,Coker_Max_Run_Aug2018,2018-08-04T06:00:00Z,Aug2018,Optimal,SLATE_F,139915,132555,72016,37455,25497,58099,57046,21452,-1103775611,407672447,348985676,339174927,13700098
ASP_1808_08,Product_Demand_High_Aug2018,2018-08-05T17:00:00Z,Aug2018,Optimal,SLATE_F,139915,132555,72016,37455,25497,66446,59631,18695,-1151407420,472303249,256642609,351114730,13942606
ASP_1808_09,Base_Case_Aug2018,2018-08-06T13:00:00Z,Aug2018,Optimal,SLATE_C,139915,132555,72016,37455,25497,60872,55499,18457,-940071209,369448024,255889924,328500196,13766935
ASP_1808_10,High_Crude_Price_Aug2018,2018-08-05T11:00:00Z,Aug2018,Optimal,SLATE_A,139915,132555,72016,37455,25497,56024,52301,19608,-941509129,415594059,300367119,320374457,12956146
ASP_1808_11,Max_Diesel_Mode_Aug2018,2018-08-09T04:00:00Z,Aug2018,Optimal,SLATE_B,139915,132555,72016,37455,25497,52406,63406,17256,-1170661949,446632508,318643059,363506072,13865497
ASP_1808_12,Min_Fuel_Oil_Aug2018,2018-08-18T17:00:00Z,Aug2018,Optimal,SLATE_D,139915,132555,72016,37455,25497,58494,57260,15394,-1108593081,433937525,288927697,366965217,13526476
ASP_1808_13,Heavy_Crude_Slate_Aug2018,2018-08-16T00:00:00Z,Aug2018,Optimal,SLATE_B,139915,132555,72016,37455,25497,52094,57193,21569,-911166681,452766105,257416468,314650343,12425492
ASP_1808_14,Light_Sweet_Slate_Aug2018,2018-08-21T05:00:00Z,Aug2018,Optimal,SLATE_C,139915,132555,72016,37455,25497,64068,57427,14321,-1108201184,417671562,263010518,322532063,13748800
ASP_1808_15,Coker_Max_Run_Aug2018,2018-08-08T06:00:00Z,Aug2018,Optimal,SLATE_F,139915,132555,72016,37455,25497,58469,60914,20040,-1102286228,393760724,338697540,362409609,14195100
ASP_1808_16,Product_Demand_High_Aug2018,2018-08-15T22:00:00Z,Aug2018,Optimal,SLATE_D,139915,132555,72016,37455,25497,65906,58925,18349,-1246367743,478556371,356041762,333528348,14082274
ASP_1808_17,Base_Case_Aug2018,2018-08-27T09:00:00Z,Aug2018,Optimal,SLATE_A,139915,132555,72016,37455,25497,61648,56736,18779,-1030768065,445173352,276504704,322546088,13456079
ASP_1808_18,High_Crude_Price_Aug2018,2018-08-04T12:00:00Z,Aug2018,Optimal,SLATE_D,139915,132555,72016,37455,25497,56629,55454,19359,-1012764399,460505874,284414725,369167744,13257474
ASP_1808_19,Max_Diesel_Mode_Aug2018,2018-08-25T18:00:00Z,Aug2018,Optimal,SLATE_D,139915,132555,72016,37455,25497,55997,65548,18545,-1067249554,425854121,308951010,295358818,13735802
ASP_1808_20,Min_Fuel_Oil_Aug2018,2018-08-13T03:00:00Z,Aug2018,Optimal,SLATE_E,139915,132555,72016,37455,25497,59697,58508,16444,-1031549073,343696799,335172783,336453274,13818901
ASP_1808_21,Heavy_Crude_Slate_Aug2018,2018-08-05T21:00:00Z,Aug2018,Optimal,SLATE_A,139915,132555,72016,37455,25497,56721,55444,21956,-878259469,401665366,288120441,299036429,12978381
ASP_1808_22,Light_Sweet_Slate_Aug2018,2018-08-07T07:00:00Z,Aug2018,Optimal,SLATE_E,139915,132555,72016,37455,25497,68810,54345,14686,-1157133340,406691551,267554782,373408464,14500029
ASP_1808_23,Coker_Max_Run_Aug2018,2018-08-01T05:00:00Z,Aug2018,Optimal,SLATE_C,139915,132555,72016,37455,25497,60928,59192,19742,-1094411114,416841216,282359120,386680754,12929017
ASP_1808_24,Product_Demand_High_Aug2018,2018-08-15T13:00:00Z,Aug2018,Optimal,SLATE_E,139915,132555,72016,37455,25497,63246,61367,17856,-1077112884,393872774,278777543,338774823,14098395
ASP_1808_25,Base_Case_Aug2018,2018-08-17T02:00:00Z,Aug2018,Optimal,SLATE_D,139915,132555,72016,37455,25497,61025,55301,19161,-1061768151,475464492,268516352,331353312,13566005
ASP_1808_26,High_Crude_Price_Aug2018,2018-08-10T20:00:00Z,Aug2018,Optimal,SLATE_C,139915,132555,72016,37455,25497,55421,54972,19648,-1041812669,474985887,294691390,376284341,13556543
ASP_1808_27,Max_Diesel_Mode_Aug2018,2018-08-07T13:00:00Z,Aug2018,Optimal,SLATE_D,139915,132555,72016,37455,25497,55035,61672,18431,-1090976856,448586465,266682904,337486660,13730451
ASP_1808_28,Min_Fuel_Oil_Aug2018,2018-08-17T16:00:00Z,Aug2018,Optimal,SLATE_C,139915,132555,72016,37455,25497,64024,56079,15853,-1121237246,398435629,318091966,386253590,14201334
ASP_1808_29,Heavy_Crude_Slate_Aug2018,2018-08-02T02:00:00Z,Aug2018,Optimal,SLATE_E,139915,132555,72016,37455,25497,51655,54565,23052,-995321626,452697367,354951624,311473571,13209644
ASP_1808_30,Light_Sweet_Slate_Aug2018,2018-08-26T12:00:00Z,Aug2018,Optimal,SLATE_E,139915,132555,72016,37455,25497,65715,57359,15248,-1170083956,326064152,341358964,391559702,14265000
ASP_1808_31,Coker_Max_Run_Aug2018,2018-08-03T18:00:00Z,Aug2018,Optimal,SLATE_B,139915,132555,72016,37455,25497,61541,57876,21142,-1022102572,360090803,259326953,396234931,13591341
ASP_1808_32,Product_Demand_High_Aug2018,2018-08-16T04:00:00Z,Aug2018,Optimal,SLATE_F,139915,132555,72016,37455,25497,61797,58134,17183,-968108256,344085941,255707786,310240857,13638050
ASP_1808_33,Base_Case_Aug2018,2018-08-06T03:00:00Z,Aug2018,Optimal,SLATE_B,139915,132555,72016,37455,25497,61965,55089,18104,-964442282,363614593,290647170,323453752,13273233
ASP_1808_34,High_Crude_Price_Aug2018,2018-08-25T02:00:00Z,Aug2018,Optimal,SLATE_F,139915,132555,72016,37455,25497,59394,53985,19562,-944759310,370723256,353526904,316282787,13620653
ASP_1808_35,Max_Diesel_Mode_Aug2018,2018-08-03T03:00:00Z,Aug2018,Optimal,SLATE_E,139915,132555,72016,37455,25497,53936,63931,17026,-1121081566,438120355,258875854,384552181,13851660
ASP_1808_36,Min_Fuel_Oil_Aug2018,2018-08-01T19:00:00Z,Aug2018,Optimal,SLATE_E,139915,132555,72016,37455,25497,63619,59630,15924,-1009395580,336820651,268646144,389649334,15120420
ASP_1809_01,Base_Case_Sep2018,2018-09-19T15:00:00Z,Sep2018,Optimal,SLATE_F,146744,142546,51369,44489,40768,60877,50398,16717,-1086473926,405289645,362190557,332016220,13022496
ASP_1809_02,High_Crude_Price_Sep2018,2018-09-09T04:00:00Z,Sep2018,Optimal,SLATE_E,146744,142546,51369,44489,40768,60922,48182,17006,-1035640794,428439302,358871276,351221754,12835816
ASP_1809_03,Max_Diesel_Mode_Sep2018,2018-09-13T14:00:00Z,Sep2018,Optimal,SLATE_A,146744,142546,51369,44489,40768,57257,58445,16003,-1211630286,507637636,308960124,350503848,13168002
ASP_1809_04,Min_Fuel_Oil_Sep2018,2018-09-22T15:00:00Z,Sep2018,Optimal,SLATE_C,146744,142546,51369,44489,40768,65034,50454,14133,-1105138113,415909662,303809652,366573003,13342692
ASP_1809_05,Heavy_Crude_Slate_Sep2018,2018-09-14T17:00:00Z,Sep2018,Optimal,SLATE_E,146744,142546,51369,44489,40768,56927,47868,19807,-916510406,400925070,300002860,330549434,13132468
ASP_1809_06,Light_Sweet_Slate_Sep2018,2018-09-23T02:00:00Z,Sep2018,Optimal,SLATE_D,146744,142546,51369,44489,40768,71231,49014,13357,-1275945923,512808294,299384263,341020676,13975801
ASP_1809_07,Coker_Max_Run_Sep2018,2018-09-02T15:00:00Z,Sep2018,Optimal,SLATE_C,146744,142546,51369,44489,40768,57834,51059,17778,-935988475,344254306,266421639,320116469,13156654
ASP_1809_08,Product_Demand_High_Sep2018,2018-09-05T17:00:00Z,Sep2018,Optimal,SLATE_C,146744,142546,51369,44489,40768,68639,50418,14572,-1149508091,394845919,311243023,371538589,13268187
ASP_1809_09,Base_Case_Sep2018,2018-09-04T11:00:00Z,Sep2018,Optimal,SLATE_F,146744,142546,51369,44489,40768,60635,47362,16852,-1062201723,363413819,359675038,350990995,11878129
ASP_1809_10,High_Crude_Price_Sep2018,2018-09-21T05:00:00Z,Sep2018,Optimal,SLATE_A,146744,142546,51369,44489,40768,58703,46590,16077,-1046845531,476292566,304205358,369404960,12027306
ASP_1809_11,Max_Diesel_Mode_Sep2018,2018-09-26T09:00:00Z,Sep2018,Optimal,SLATE_D,146744,142546,51369,44489,40768,54224,55606,14942,-1270388150,454478823,370881749,397193603,12660698
ASP_1809_12,Min_Fuel_Oil_Sep2018,2018-09-01T19:00:00Z,Sep2018,Optimal,SLATE_A,146744,142546,51369,44489,40768,61713,51512,13565,-1001246310,360419559,298377328,325938352,12651442
ASP_1809_13,Heavy_Crude_Slate_Sep2018,2018-09-08T20:00:00Z,Sep2018,Optimal,SLATE_E,146744,142546,51369,44489,40768,56858,49463,19754,-1015211574,416713225,346828470,377212599,12741433
ASP_1809_14,Light_Sweet_Slate_Sep2018,2018-09-25T11:00:00Z,Sep2018,Optimal,SLATE_A,146744,142546,51369,44489,40768,64890,48653,12821,-1272854574,454641612,319148516,375039928,12352757
ASP_1809_15,Coker_Max_Run_Sep2018,2018-09-01T05:00:00Z,Sep2018,Optimal,SLATE_B,146744,142546,51369,44489,40768,63604,49187,18541,-1141264203,405408740,330530208,395431544,12484018
ASP_1809_16,Product_Demand_High_Sep2018,2018-09-04T08:00:00Z,Sep2018,Optimal,SLATE_A,146744,142546,51369,44489,40768,64854,49525,15341,-1261005939,506742184,292747876,381575620,13467588
ASP_1809_17,Base_Case_Sep2018,2018-09-27T12:00:00Z,Sep2018,Optimal,SLATE_A,146744,142546,51369,44489,40768,63487,49673,16385,-1113549227,432318664,280117319,413555952,12442708
ASP_1809_18,High_Crude_Price_Sep2018,2018-09-12T02:00:00Z,Sep2018,Optimal,SLATE_F,146744,142546,51369,44489,40768,61757,47194,16567,-1015620428,480362945,314110186,322472876,13010759
ASP_1809_19,Max_Diesel_Mode_Sep2018,2018-09-27T11:00:00Z,Sep2018,Optimal,SLATE_F,146744,142546,51369,44489,40768,56877,55301,15125,-1171393034,427273167,369197558,331815318,12673629
ASP_1809_20,Min_Fuel_Oil_Sep2018,2018-09-05T20:00:00Z,Sep2018,Optimal,SLATE_C,146744,142546,51369,44489,40768,62809,49906,13953,-1124222096,342461560,374533049,387084694,12601539
ASP_1809_21,Heavy_Crude_Slate_Sep2018,2018-09-02T08:00:00Z,Sep2018,Optimal,SLATE_C,146744,142546,51369,44489,40768,57765,48719,19345,-1006151580,431896247,346401019,352537074,12888140
ASP_1809_22,Light_Sweet_Slate_Sep2018,2018-09-14T22:00:00Z,Sep2018,Optimal,SLATE_C,146744,142546,51369,44489,40768,71041,45608,13367,-1183444189,361970624,345742780,361780050,12846856
ASP_1809_23,Coker_Max_Run_Sep2018,2018-09-19T14:00:00Z,Sep2018,Optimal,SLATE_C,146744,142546,51369,44489,40768,60524,51565,17944,-1022024437,404951618,284772370,324579715,12318960
ASP_1809_24,Product_Demand_High_Sep2018,2018-09-02T04:00:00Z,Sep2018,Optimal,SLATE_B,146744,142546,51369,44489,40768,64902,51998,15148,-1265233215,512685806,352392861,320213530,13779960
ASP_1809_25,Base_Case_Sep2018,2018-09-20T03:00:00Z,Sep2018,Optimal,SLATE_C,146744,142546,51369,44489,40768,61233,47395,15731,-1163200674,410157604,367113771,399389245,13459946
ASP_1809_26,High_Crude_Price_Sep2018,2018-09-18T20:00:00Z,Sep2018,Optimal,SLATE_D,146744,142546,51369,44489,40768,59565,44978,16809,-976410080,373106740,304163314,396676676,12631425
ASP_1809_27,Max_Diesel_Mode_Sep2018,2018-09-02T22:00:00Z,Sep2018,Optimal,SLATE_A,146744,142546,51369,44489,40768,56124,55053,15815,-1028049571,354393365,309011990,328925722,13236247
ASP_1809_28,Min_Fuel_Oil_Sep2018,2018-09-15T13:00:00Z,Sep2018,Optimal,SLATE_E,146744,142546,51369,44489,40768,61077,49575,14169,-1030920243,380382767,306552854,326238895,12281076
ASP_1809_29,Heavy_Crude_Slate_Sep2018,2018-09-01T20:00:00Z,Sep2018,Optimal,SLATE_D,146744,142546,51369,44489,40768,57605,47378,18445,-919759863,368504591,289496859,376492007,12538053
ASP_1809_30,Light_Sweet_Slate_Sep2018,2018-09-25T13:00:00Z,Sep2018,Optimal,SLATE_B,146744,142546,51369,44489,40768,68985,46050,13493,-1286828216,453090015,295577543,413136899,12850692
ASP_1809_31,Coker_Max_Run_Sep2018,2018-09-25T03:00:00Z,Sep2018,Optimal,SLATE_B,146744,142546,51369,44489,40768,58665,49646,18487,-1029160660,343551074,275840115,402915869,13326018
ASP_1809_32,Product_Demand_High_Sep2018,2018-09-11T13:00:00Z,Sep2018,Optimal,SLATE_A,146744,142546,51369,44489,40768,66849,51846,15799,-1043027341,344363462,273001344,361719183,13317932
ASP_1809_33,Base_Case_Sep2018,2018-09-14T11:00:00Z,Sep2018,Optimal,SLATE_A,146744,142546,51369,44489,40768,62538,46480,16378,-1007201042,425900946,281910222,312236755,12846881
ASP_1809_34,High_Crude_Price_Sep2018,2018-09-13T22:00:00Z,Sep2018,Optimal,SLATE_F,146744,142546,51369,44489,40768,60090,47052,16880,-932910739,343086607,367725190,315838964,12617349
ASP_1809_35,Max_Diesel_Mode_Sep2018,2018-09-06T21:00:00Z,Sep2018,Optimal,SLATE_B,146744,142546,51369,44489,40768,54467,58665,15657,-1331884539,502817705,376562956,401744874,12664069
ASP_1809_36,Min_Fuel_Oil_Sep2018,2018-09-19T18:00:00Z,Sep2018,Optimal,SLATE_C,146744,142546,51369,44489,40768,62257,50214,14192,-1069847102,397215069,286348583,368379575,13256720
ASP_1810_01,Base_Case_Oct2018,2018-10-24T21:00:00Z,Oct2018,Optimal,SLATE_A,139861,127108,57141,51416,32002,67841,57078,19555,-915386404,334869004,300771654,293874847,14129101
ASP_1810_02,High_Crude_Price_Oct2018,2018-10-14T08:00:00Z,Oct2018,Optimal,SLATE_C,139861,127108,57141,51416,32002,60235,55906,20010,-1052327450,487703143,300976242,367920483,12765683
ASP_1810_03,Max_Diesel_Mode_Oct2018,2018-10-15T09:00:00Z,Oct2018,Optimal,SLATE_B,139861,127108,57141,51416,32002,58979,66919,18538,-908671188,325903599,254866998,299308536,14678001
ASP_1810_04,Min_Fuel_Oil_Oct2018,2018-10-19T08:00:00Z,Oct2018,Optimal,SLATE_E,139861,127108,57141,51416,32002,70213,59245,16060,-1073153839,357558917,328778191,369859466,14299642
ASP_1810_05,Heavy_Crude_Slate_Oct2018,2018-10-07T06:00:00Z,Oct2018,Optimal,SLATE_B,139861,127108,57141,51416,32002,58332,58447,23852,-877434958,389762845,255100772,344033147,13969032
ASP_1810_06,Light_Sweet_Slate_Oct2018,2018-10-26T21:00:00Z,Oct2018,Optimal,SLATE_D,139861,127108,57141,51416,32002,70172,57977,15389,-1095026761,377735399,281971224,332005060,14009217
ASP_1810_07,Coker_Max_Run_Oct2018,2018-10-13T07:00:00Z,Oct2018,Optimal,SLATE_C,139861,127108,57141,51416,32002,61212,59099,22098,-995758081,342928798,274947424,372683358,14326167
ASP_1810_08,Product_Demand_High_Oct2018,2018-10-14T03:00:00Z,Oct2018,Optimal,SLATE_B,139861,127108,57141,51416,32002,72154,61260,18759,-1203335397,468732731,274200360,386702119,15435768
ASP_1810_09,Base_Case_Oct2018,2018-10-22T12:00:00Z,Oct2018,Optimal,SLATE_E,139861,127108,57141,51416,32002,68285,55157,19959,-1066440254,475280372,303642261,302182151,14664530
ASP_1810_10,High_Crude_Price_Oct2018,2018-10-03T06:00:00Z,Oct2018,Optimal,SLATE_B,139861,127108,57141,51416,32002,60322,55327,20584,-846291319,322623521,277771495,332626617,13139764
ASP_1810_11,Max_Diesel_Mode_Oct2018,2018-10-16T13:00:00Z,Oct2018,Optimal,SLATE_B,139861,127108,57141,51416,32002,61079,65565,17826,-1128008744,418193787,320763014,350094914,14757673
ASP_1810_12,Min_Fuel_Oil_Oct2018,2018-10-17T18:00:00Z,Oct2018,Optimal,SLATE_D,139861,127108,57141,51416,32002,66947,56500,16061,-1087617475,450995207,259926894,359471934,14454738
ASP_1810_13,Heavy_Crude_Slate_Oct2018,2018-10-09T16:00:00Z,Oct2018,Optimal,SLATE_E,139861,127108,57141,51416,32002,56598,57575,23930,-908993774,364944746,316033165,342800950,13785778
ASP_1810_14,Light_Sweet_Slate_Oct2018,2018-10-22T22:00:00Z,Oct2018,Optimal,SLATE_E,139861,127108,57141,51416,32002,75388,58951,14832,-1350214181,469693038,363352117,388626454,16123233
ASP_1810_15,Coker_Max_Run_Oct2018,2018-10-16T11:00:00Z,Oct2018,Optimal,SLATE_A,139861,127108,57141,51416,32002,61863,60097,22305,-1110825229,406772419,347668927,349486602,14883605
ASP_1810_16,Product_Demand_High_Oct2018,2018-10-14T17:00:00Z,Oct2018,Optimal,SLATE_A,139861,127108,57141,51416,32002,72954,58585,18196,-1098919303,432251320,297061248,303914557,15709251
ASP_1810_17,Base_Case_Oct2018,2018-10-05T11:00:00Z,Oct2018,Optimal,SLATE_B,139861,127108,57141,51416,32002,68527,59721,19057,-989877661,334163147,321243260,349496177,15024923
ASP_1810_18,High_Crude_Price_Oct2018,2018-10-22T04:00:00Z,Oct2018,Optimal,SLATE_B,139861,127108,57141,51416,32002,60464,56984,20288,-1033809941,485143304,317012586,335337155,13786587
ASP_1810_19,Max_Diesel_Mode_Oct2018,2018-10-14T11:00:00Z,Oct2018,Optimal,SLATE_D,139861,127108,57141,51416,32002,56654,66750,18198,-1191673359,423024706,362800933,362986787,13885417
ASP_1810_20,Min_Fuel_Oil_Oct2018,2018-10-15T00:00:00Z,Oct2018,Optimal,SLATE_D,139861,127108,57141,51416,32002,66770,59944,17266,-1026418948,426902582,284055689,300214642,14649662
ASP_1810_21,Heavy_Crude_Slate_Oct2018,2018-10-03T17:00:00Z,Oct2018,Optimal,SLATE_B,139861,127108,57141,51416,32002,59078,57680,24416,-1078163330,477426478,338773567,395760174,14000963
ASP_1810_22,Light_Sweet_Slate_Oct2018,2018-10-20T16:00:00Z,Oct2018,Optimal,SLATE_D,139861,127108,57141,51416,32002,74137,58629,15646,-1016623632,323657040,278618116,320491543,15067027
ASP_1810_23,Coker_Max_Run_Oct2018,2018-10-15T12:00:00Z,Oct2018,Optimal,SLATE_A,139861,127108,57141,51416,32002,61311,60153,21752,-1123649904,452920678,269215597,393793720,14312442
ASP_1810_24,Product_Demand_High_Oct2018,2018-10-22T16:00:00Z,Oct2018,Optimal,SLATE_B,139861,127108,57141,51416,32002,71855,58074,18443,-1090745991,411834670,264244447,349573404,15702529
ASP_1810_25,Base_Case_Oct2018,2018-10-21T06:00:00Z,Oct2018,Optimal,SLATE_E,139861,127108,57141,51416,32002,63993,54712,19692,-1196378656,470934699,349937625,389177480,13671148
ASP_1810_26,High_Crude_Price_Oct2018,2018-10-23T10:00:00Z,Oct2018,Optimal,SLATE_A,139861,127108,57141,51416,32002,59800,56684,20444,-1079600043,465418552,332031871,388856706,12828821
ASP_1810_27,Max_Diesel_Mode_Oct2018,2018-10-18T21:00:00Z,Oct2018,Optimal,SLATE_B,139861,127108,57141,51416,32002,57944,69292,19149,-1082404499,400692111,341403118,303526387,14760188
ASP_1810_28,Min_Fuel_Oil_Oct2018,2018-10-05T06:00:00Z,Oct2018,Optimal,SLATE_D,139861,127108,57141,51416,32002,69075,58287,15757,-1086025817,470976526,272320161,325500876,14403565
ASP_1810_29,Heavy_Crude_Slate_Oct2018,2018-10-16T18:00:00Z,Oct2018,Optimal,SLATE_F,139861,127108,57141,51416,32002,57761,53816,24332,-1007853940,479480109,327006040,327224560,13872997
ASP_1810_30,Light_Sweet_Slate_Oct2018,2018-10-19T21:00:00Z,Oct2018,Optimal,SLATE_C,139861,127108,57141,51416,32002,75240,58570,15678,-1314133810,441461420,353623036,392583535,14334232
ASP_1810_31,Coker_Max_Run_Oct2018,2018-10-26T21:00:00Z,Oct2018,Optimal,SLATE_A,139861,127108,57141,51416,32002,65302,62543,21691,-1184906945,459586402,320987051,395886113,14786090
ASP_1810_32,Product_Demand_High_Oct2018,2018-10-25T05:00:00Z,Oct2018,Optimal,SLATE_D,139861,127108,57141,51416,32002,69688,62397,18560,-1118161053,416819748,253051038,380072213,14608690
ASP_1810_33,Base_Case_Oct2018,2018-10-25T16:00:00Z,Oct2018,Optimal,SLATE_C,139861,127108,57141,51416,32002,62454,57498,20325,-1061556132,357440809,360431609,358405631,14721917
ASP_1810_34,High_Crude_Price_Oct2018,2018-10-09T12:00:00Z,Oct2018,Optimal,SLATE_C,139861,127108,57141,51416,32002,64187,54445,19352,-1077071230,465084122,324294093,395310852,13959469
ASP_1810_35,Max_Diesel_Mode_Oct2018,2018-10-04T02:00:00Z,Oct2018,Optimal,SLATE_C,139861,127108,57141,51416,32002,58514,64500,18726,-1034030084,391742393,283980511,323692713,14625060
ASP_1810_36,Min_Fuel_Oil_Oct2018,2018-10-21T20:00:00Z,Oct2018,Optimal,SLATE_B,139861,127108,57141,51416,32002,69854,56972,16664,-1086501002,395307236,329881944,344778039,15111877
ASP_1811_01,Base_Case_Nov2018,2018-11-05T20:00:00Z,Nov2018,Optimal,SLATE_D,160134,146610,62024,48342,37766,69575,53886,17792,-1282129796,516692418,414018588,365935362,14516572
ASP_1811_02,High_Crude_Price_Nov2018,2018-11-20T17:00:00Z,Nov2018,Optimal,SLATE_C,160134,146610,62024,48342,37766,67934,48341,17214,-1109053190,456127384,309368355,453263508,13266649
ASP_1811_03,Max_Diesel_Mode_Nov2018,2018-11-17T14:00:00Z,Nov2018,Optimal,SLATE_E,160134,146610,62024,48342,37766,66173,61827,17287,-1426933377,503656879,413968099,456351464,14992273
ASP_1811_04,Min_Fuel_Oil_Nov2018,2018-11-18T08:00:00Z,Nov2018,Optimal,SLATE_C,160134,146610,62024,48342,37766,73143,50901,14743,-1294337104,466223150,373612736,431114916,14312836
ASP_1811_05,Heavy_Crude_Slate_Nov2018,2018-11-21T00:00:00Z,Nov2018,Optimal,SLATE_D,160134,146610,62024,48342,37766,63878,53347,22007,-1129904954,556776907,314912953,397831358,14071269
ASP_1811_06,Light_Sweet_Slate_Nov2018,2018-11-25T16:00:00Z,Nov2018,Optimal,SLATE_D,160134,146610,62024,48342,37766,78468,50393,13933,-1383409599,545892625,294829687,408579436,14114606
ASP_1811_07,Coker_Max_Run_Nov2018,2018-11-23T05:00:00Z,Nov2018,Optimal,SLATE_E,160134,146610,62024,48342,37766,72763,53103,18740,-1161906257,378819767,364364277,410817129,14877391
ASP_1811_08,Product_Demand_High_Nov2018,2018-11-11T13:00:00Z,Nov2018,Optimal,SLATE_A,160134,146610,62024,48342,37766,73957,57499,17227,-1292057985,506693645,363418080,340705650,14467388
ASP_1811_09,Base_Case_Nov2018,2018-11-06T01:00:00Z,Nov2018,Optimal,SLATE_C,160134,146610,62024,48342,37766,68424,49727,17079,-1100915894,408003145,332020000,373859548,12966799
ASP_1811_10,High_Crude_Price_Nov2018,2018-11-24T22:00:00Z,Nov2018,Optimal,SLATE_B,160134,146610,62024,48342,37766,67527,51729,18401,-998941543,387329339,360290295,351688862,13502471
ASP_1811_11,Max_Diesel_Mode_Nov2018,2018-11-10T06:00:00Z,Nov2018,Optimal,SLATE_D,160134,146610,62024,48342,37766,65005,57188,16111,-1373731213,548985999,415623952,358054861,14349371
ASP_1811_12,Min_Fuel_Oil_Nov2018,2018-11-09T21:00:00Z,Nov2018,Optimal,SLATE_C,160134,146610,62024,48342,37766,76560,51625,15517,-1207707121,481383763,367163840,338655591,14672008
ASP_1811_13,Heavy_Crude_Slate_Nov2018,2018-11-06T01:00:00Z,Nov2018,Optimal,SLATE_E,160134,146610,62024,48342,37766,63422,51350,22067,-960499579,401411943,304042029,375992776,14224993
ASP_1811_14,Light_Sweet_Slate_Nov2018,2018-11-02T03:00:00Z,Nov2018,Optimal,SLATE_A,160134,146610,62024,48342,37766,78564,51386,14356,-1295760944,449479740,309444040,412455700,14450065
ASP_1811_15,Coker_Max_Run_Nov2018,2018-11-24T07:00:00Z,Nov2018,Optimal,SLATE_F,160134,146610,62024,48342,37766,68338,53416,19213,-1192848767,518554315,308819851,356164301,14078891
ASP_1811_16,Product_Demand_High_Nov2018,2018-11-24T17:00:00Z,Nov2018,Optimal,SLATE_D,160134,146610,62024,48342,37766,77966,54890,17352,-1431100274,526753719,388032566,426394950,16088388
ASP_1811_17,Base_Case_Nov2018,2018-11-05T16:00:00Z,Nov2018,Optimal,SLATE_D,160134,146610,62024,48342,37766,72037,53052,17549,-1122715076,429962121,310195432,397268641,14711118
ASP_1811_18,High_Crude_Price_Nov2018,2018-11-21T08:00:00Z,Nov2018,Optimal,SLATE_C,160134,146610,62024,48342,37766,71750,47516,18758,-1044831296,374895691,415556015,359041901,13807415
ASP_1811_19,Max_Diesel_Mode_Nov2018,2018-11-27T10:00:00Z,Nov2018,Optimal,SLATE_B,160134,146610,62024,48342,37766,63175,61711,17220,-1211308817,391564474,391681830,384060059,13678918
ASP_1811_20,Min_Fuel_Oil_Nov2018,2018-11-09T08:00:00Z,Nov2018,Optimal,SLATE_F,160134,146610,62024,48342,37766,71761,53297,15160,-1247322962,477672907,380228187,367895188,14803115
ASP_1811_21,Heavy_Crude_Slate_Nov2018,2018-11-16T05:00:00Z,Nov2018,Optimal,SLATE_E,160134,146610,62024,48342,37766,63550,50493,21334,-1162212422,507274254,372404586,424777682,13109386
ASP_1811_22,Light_Sweet_Slate_Nov2018,2018-11-10T22:00:00Z,Nov2018,Optimal,SLATE_F,160134,146610,62024,48342,37766,82276,49816,14664,-1442281588,509084914,381375464,412237981,14946941
ASP_1811_23,Coker_Max_Run_Nov2018,2018-11-23T11:00:00Z,Nov2018,Optimal,SLATE_D,160134,146610,62024,48342,37766,70153,56684,20059,-1253574357,531532603,322282698,389588455,14409288
ASP_1811_24,Product_Demand_High_Nov2018,2018-11-07T22:00:00Z,Nov2018,Optimal,SLATE_E,160134,146610,62024,48342,37766,76213,55079,17106,-1367994949,550846953,307339730,423917611,15442304
ASP_1811_25,Base_Case_Nov2018,2018-11-14T11:00:00Z,Nov2018,Optimal,SLATE_A,160134,146610,62024,48342,37766,72935,54562,17600,-1277544216,480064700,395797051,416147515,14465050
ASP_1811_26,High_Crude_Price_Nov2018,2018-11-07T15:00:00Z,Nov2018,Optimal,SLATE_F,160134,146610,62024,48342,37766,70080,48053,18544,-1169606555,484963399,384645612,415762661,14060199
ASP_1811_27,Max_Diesel_Mode_Nov2018,2018-11-09T05:00:00Z,Nov2018,Optimal,SLATE_C,160134,146610,62024,48342,37766,66164,60894,16949,-1186110033,398602587,311394740,433900061,14268785
ASP_1811_28,Min_Fuel_Oil_Nov2018,2018-11-20T18:00:00Z,Nov2018,Optimal,SLATE_B,160134,146610,62024,48342,37766,76939,54829,15334,-1233381188,415341773,356251131,440520434,14655873
ASP_1811_29,Heavy_Crude_Slate_Nov2018,2018-11-07T15:00:00Z,Nov2018,Optimal,SLATE_F,160134,146610,62024,48342,37766,67370,50808,21041,-1089567763,532160794,340599477,351067676,13197099
ASP_1811_30,Light_Sweet_Slate_Nov2018,2018-11-13T17:00:00Z,Nov2018,Optimal,SLATE_E,160134,146610,62024,48342,37766,78074,51428,13812,-1396452789,467234833,347735814,447504762,15642561
ASP_1811_31,Coker_Max_Run_Nov2018,2018-11-07T16:00:00Z,Nov2018,Optimal,SLATE_E,160134,146610,62024,48342,37766,70228,55647,18768,-1135774178,392976708,344994437,389956111,14423159
ASP_1811_32,Product_Demand_High_Nov2018,2018-11-05T17:00:00Z,Nov2018,Optimal,SLATE_A,160134,146610,62024,48342,37766,77651,56180,17040,-1282889801,401398504,413358285,388278558,15174420
ASP_1811_33,Base_Case_Nov2018,2018-11-22T04:00:00Z,Nov2018,Optimal,SLATE_E,160134,146610,62024,48342,37766,73516,51774,17470,-1332061273,547510630,364287344,435098933,14835634
ASP_1811_34,High_Crude_Price_Nov2018,2018-11-26T16:00:00Z,Nov2018,Optimal,SLATE_B,160134,146610,62024,48342,37766,70061,50496,17599,-1130508671,513251383,292464483,437343903,14245996
ASP_1811_35,Max_Diesel_Mode_Nov2018,2018-11-07T07:00:00Z,Nov2018,Optimal,SLATE_B,160134,146610,62024,48342,37766,62482,62571,17256,-1267009920,447418457,386383082,387182227,14307651
ASP_1811_36,Min_Fuel_Oil_Nov2018,2018-11-23T11:00:00Z,Nov2018,Optimal,SLATE_F,160134,146610,62024,48342,37766,73005,50495,14315,-1204637212,493763886,335340267,354587548,14141009
ASP_1812_01,Base_Case_Dec2018,2018-12-15T06:00:00Z,Dec2018,Optimal,SLATE_F,131463,128375,58596,52046,26087,57641,44742,10355,-932343276,360988241,295133260,287791661,11569886
ASP_1812_02,High_Crude_Price_Dec2018,2018-12-04T07:00:00Z,Dec2018,Optimal,SLATE_B,131463,128375,58596,52046,26087,58080,43338,11130,-875319722,314108319,323969504,324890533,11533875
ASP_1812_03,Max_Diesel_Mode_Dec2018,2018-12-08T11:00:00Z,Dec2018,Optimal,SLATE_B,131463,128375,58596,52046,26087,52286,51842,10618,-1117913162,436257566,326252127,313743615,11574106
ASP_1812_04,Min_Fuel_Oil_Dec2018,2018-12-09T15:00:00Z,Dec2018,Optimal,SLATE_F,131463,128375,58596,52046,26087,62506,48490,9518,-886039868,334995131,236839427,300608792,12210468
ASP_1812_05,Heavy_Crude_Slate_Dec2018,2018-12-24T17:00:00Z,Dec2018,Optimal,SLATE_C,131463,128375,58596,52046,26087,53239,46962,13422,-897691209,380190124,333323946,295228068,11307461
ASP_1812_06,Light_Sweet_Slate_Dec2018,2018-12-20T12:00:00Z,Dec2018,Optimal,SLATE_E,131463,128375,58596,52046,26087,63977,44737,8728,-1132582448,365720220,289180397,368193287,11859575
ASP_1812_07,Coker_Max_Run_Dec2018,2018-12-19T20:00:00Z,Dec2018,Optimal,SLATE_C,131463,128375,58596,52046,26087,55219,48331,11965,-966579937,407515330,264597503,286889490,11374933
ASP_1812_08,Product_Demand_High_Dec2018,2018-12-09T22:00:00Z,Dec2018,Optimal,SLATE_F,131463,128375,58596,52046,26087,60480,47560,10183,-1055495590,410883696,299616281,278588416,11777661
ASP_1812_09,Base_Case_Dec2018,2018-12-06T13:00:00Z,Dec2018,Optimal,SLATE_C,131463,128375,58596,52046,26087,57266,49014,11039,-996316336,357682564,321654651,329518513,12539392
ASP_1812_10,High_Crude_Price_Dec2018,2018-12-23T20:00:00Z,Dec2018,Optimal,SLATE_D,131463,128375,58596,52046,26087,58124,43554,11125,-1003765087,428483440,314466524,359745763,11646719
ASP_1812_11,Max_Diesel_Mode_Dec2018,2018-12-02T06:00:00Z,Dec2018,Optimal,SLATE_B,131463,128375,58596,52046,26087,52584,55503,9800,-870378241,312344270,250626354,277277060,11316025
ASP_1812_12,Min_Fuel_Oil_Dec2018,2018-12-17T00:00:00Z,Dec2018,Optimal,SLATE_B,131463,128375,58596,52046,26087,61388,47553,9545,-979708114,441173069,241691772,280345282,12037196
ASP_1812_13,Heavy_Crude_Slate_Dec2018,2018-12-25T02:00:00Z,Dec2018,Optimal,SLATE_E,131463,128375,58596,52046,26087,54541,44871,12481,-931366728,410747099,284437596,351032268,11365042
ASP_1812_14,Light_Sweet_Slate_Dec2018,2018-12-17T05:00:00Z,Dec2018,Optimal,SLATE_F,131463,128375,58596,52046,26087,66945,43987,8825,-1073648901,341579342,272763469,356814246,12541966
ASP_1812_15,Coker_Max_Run_Dec2018,2018-12-05T20:00:00Z,Dec2018,Optimal,SLATE_F,131463,128375,58596,52046,26087,56811,50486,11842,-1064687360,406365041,314170690,334989544,11714137
ASP_1812_16,Product_Demand_High_Dec2018,2018-12-13T05:00:00Z,Dec2018,Optimal,SLATE_C,131463,128375,58596,52046,26087,66374,48384,10362,-1192856752,412608095,330809667,374370449,13291218
ASP_1812_17,Base_Case_Dec2018,2018-12-23T14:00:00Z,Dec2018,Optimal,SLATE_D,131463,128375,58596,52046,26087,59650,45912,10429,-993817757,425435196,270100299,310406495,12124233
ASP_1812_18,High_Crude_Price_Dec2018,2018-12-26T11:00:00Z,Dec2018,Optimal,SLATE_F,131463,128375,58596,52046,26087,54289,46090,10928,-805850448,328648631,262595725,296372369,11692324
ASP_1812_19,Max_Diesel_Mode_Dec2018,2018-12-17T16:00:00Z,Dec2018,Optimal,SLATE_C,131463,128375,58596,52046,26087,50882,53917,9832,-1083483946,445312801,291119283,307026833,11569444
ASP_1812_20,Min_Fuel_Oil_Dec2018,2018-12-22T00:00:00Z,Dec2018,Optimal,SLATE_B,131463,128375,58596,52046,26087,59850,46311,8901,-1141072313,415336319,339043170,364826179,11368470
ASP_1812_21,Heavy_Crude_Slate_Dec2018,2018-12-05T12:00:00Z,Dec2018,Optimal,SLATE_D,131463,128375,58596,52046,26087,52792,44129,13495,-901312505,415940394,300141358,296989227,11612640
ASP_1812_22,Light_Sweet_Slate_Dec2018,2018-12-03T17:00:00Z,Dec2018,Optimal,SLATE_F,131463,128375,58596,52046,26087,66253,44812,8287,-971715363,348500521,250389481,280397000,11683999
ASP_1812_23,Coker_Max_Run_Dec2018,2018-12-18T16:00:00Z,Dec2018,Optimal,SLATE_B,131463,128375,58596,52046,26087,55736,49153,11893,-974605972,332963359,319148484,314625605,11241397
ASP_1812_24,Product_Demand_High_Dec2018,2018-12-15T03:00:00Z,Dec2018,Optimal,SLATE_F,131463,128375,58596,52046,26087,66058,50377,10379,-948664300,304187041,304015429,283871330,13680929
ASP_1812_25,Base_Case_Dec2018,2018-12-14T18:00:00Z,Dec2018,Optimal,SLATE_F,131463,128375,58596,52046,26087,59063,47622,10612,-1127943075,456103185,311039127,372499469,11698706
ASP_1812_26,High_Crude_Price_Dec2018,2018-12-18T00:00:00Z,Dec2018,Optimal,SLATE_F,131463,128375,58596,52046,26087,57485,46115,11153,-901990498,418691391,285962783,287495670,11725389
ASP_1812_27,Max_Diesel_Mode_Dec2018,2018-12-20T05:00:00Z,Dec2018,Optimal,SLATE_B,131463,128375,58596,52046,26087,52788,56350,10507,-1079387453,434587776,243145721,362907574,12653020
ASP_1812_28,Min_Fuel_Oil_Dec2018,2018-12-11T17:00:00Z,Dec2018,Optimal,SLATE_F,131463,128375,58596,52046,26087,60815,46594,9159,-889540193,314306239,244212049,316693200,11580232
ASP_1812_29,Heavy_Crude_Slate_Dec2018,2018-12-13T00:00:00Z,Dec2018,Optimal,SLATE_E,131463,128375,58596,52046,26087,51861,47120,13322,-963867291,413088033,301545166,367573250,11242792
ASP_1812_30,Light_Sweet_Slate_Dec2018,2018-12-18T22:00:00Z,Dec2018,Optimal,SLATE_D,131463,128375,58596,52046,26087,65706,45251,8334,-1028702355,327069503,276750755,326893649,12229661
ASP_1812_31,Coker_Max_Run_Dec2018,2018-12-21T22:00:00Z,Dec2018,Optimal,SLATE_F,131463,128375,58596,52046,26087,56808,50186,12222,-996815944,368486294,274730117,346073389,12019266
ASP_1812_32,Product_Demand_High_Dec2018,2018-12-17T21:00:00Z,Dec2018,Optimal,SLATE_B,131463,128375,58596,52046,26087,60308,48067,9765,-1058520909,392929335,294656403,304679504,12153289
ASP_1812_33,Base_Case_Dec2018,2018-12-20T07:00:00Z,Dec2018,Optimal,SLATE_C,131463,128375,58596,52046,26087,57205,46340,10646,-967956821,392815972,292155658,293817303,10832112
ASP_1812_34,High_Crude_Price_Dec2018,2018-12-05T01:00:00Z,Dec2018,Optimal,SLATE_E,131463,128375,58596,52046,26087,53404,44302,10481,-872403663,416619860,260180272,282693297,11228577
ASP_1812_35,Max_Diesel_Mode_Dec2018,2018-12-08T15:00:00Z,Dec2018,Optimal,SLATE_F,131463,128375,58596,52046,26087,50794,51197,10081,-1047475626,358982948,279673204,370072038,11132355
ASP_1812_36,Min_Fuel_Oil_Dec2018,2018-12-25T07:00:00Z,Dec2018,Optimal,SLATE_C,131463,128375,58596,52046,26087,60799,48476,8782,-940171046,335576296,268692160,319913464,11394496
ASP_1901_01,Base_Case_Jan2019,2019-01-09T16:00:00Z,Jan2019,Optimal,SLATE_E,145127,131099,79091,45203,29021,68331,56928,17967,-1136998057,494600807,309173925,347446916,14223591
ASP_1901_02,High_Crude_Price_Jan2019,2019-01-21T12:00:00Z,Jan2019,Optimal,SLATE_F,145127,131099,79091,45203,29021,67791,54992,17546,-975256180,412117467,344728959,317061717,13847077
ASP_1901_03,Max_Diesel_Mode_Jan2019,2019-01-22T12:00:00Z,Jan2019,Optimal,SLATE_C,145127,131099,79091,45203,29021,61130,66972,16390,-1251905736,475388396,363564533,368137657,14799408
ASP_1901_04,Min_Fuel_Oil_Jan2019,2019-01-07T17:00:00Z,Jan2019,Optimal,SLATE_A,145127,131099,79091,45203,29021,66989,59746,14429,-1101894960,343210377,352341731,388157553,13908728
ASP_1901_05,Heavy_Crude_Slate_Jan2019,2019-01-02T06:00:00Z,Jan2019,Optimal,SLATE_D,145127,131099,79091,45203,29021,60690,53907,21978,-974858598,415431718,330600977,351498634,14355108
ASP_1901_06,Light_Sweet_Slate_Jan2019,2019-01-21T00:00:00Z,Jan2019,Optimal,SLATE_C,145127,131099,79091,45203,29021,77344,57517,14270,-1277127113,495915879,267288863,392268951,15181627
ASP_1901_07,Coker_Max_Run_Jan2019,2019-01-11T08:00:00Z,Jan2019,Optimal,SLATE_F,145127,131099,79091,45203,29021,66466,57118,18948,-1054809472,351563235,350437287,346362520,14236108
ASP_1901_08,Product_Demand_High_Jan2019,2019-01-18T18:00:00Z,Jan2019,Optimal,SLATE_F,145127,131099,79091,45203,29021,71696,62306,16307,-1303195755,494581895,318792012,408312708,15023878
ASP_1901_09,Base_Case_Jan2019,2019-01-14T13:00:00Z,Jan2019,Optimal,SLATE_E,145127,131099,79091,45203,29021,71172,56504,17993,-1095839194,494078593,300224844,315527165,13991408
ASP_1901_10,High_Crude_Price_Jan2019,2019-01-23T01:00:00Z,Jan2019,Optimal,SLATE_D,145127,131099,79091,45203,29021,65495,53600,17139,-1074834946,452172294,333198854,396967960,14040253
ASP_1901_11,Max_Diesel_Mode_Jan2019,2019-01-24T00:00:00Z,Jan2019,Optimal,SLATE_D,145127,131099,79091,45203,29021,63327,65237,16794,-1217608457,446783300,342120892,385407797,14684887
ASP_1901_12,Min_Fuel_Oil_Jan2019,2019-01-18T14:00:00Z,Jan2019,Optimal,SLATE_C,145127,131099,79091,45203,29021,69683,57932,15057,-1111979688,339926190,350366953,403932045,14633257
ASP_1901_13,Heavy_Crude_Slate_Jan2019,2019-01-21T11:00:00Z,Jan2019,Optimal,SLATE_D,145127,131099,79091,45203,29021,59102,56541,21539,-1010326521,477531017,324577841,333781312,13305146
ASP_1901_14,Light_Sweet_Slate_Jan2019,2019-01-06T19:00:00Z,Jan2019,Optimal,SLATE_E,145127,131099,79091,45203,29021,75218,53406,13526,-1233100221,446497017,350257690,318608883,14381249
ASP_1901_15,Coker_Max_Run_Jan2019,2019-01-07T11:00:00Z,Jan2019,Optimal,SLATE_C,145127,131099,79091,45203,29021,64178,59081,19918,-1086725345,476058389,271570330,332720938,14932652
ASP_1901_16,Product_Demand_High_Jan2019,2019-01-02T19:00:00Z,Jan2019,Optimal,SLATE_C,145127,131099,79091,45203,29021,73667,61958,16090,-1048937235,401513589,276747529,307517906,14540843
ASP_1901_17,Base_Case_Jan2019,2019-01-17T09:00:00Z,Jan2019,Optimal,SLATE_D,145127,131099,79091,45203,29021,67031,59561,16661,-1177891048,472910421,315697857,404087647,14804877
ASP_1901_18,High_Crude_Price_Jan2019,2019-01-18T20:00:00Z,Jan2019,Optimal,SLATE_A,145127,131099,79091,45203,29021,66118,53929,17453,-1076505902,485494060,305861387,392398329,13638665
ASP_1901_19,Max_Diesel_Mode_Jan2019,2019-01-15T11:00:00Z,Jan2019,Optimal,SLATE_F,145127,131099,79091,45203,29021,59792,62669,17386,-1249201698,497854700,364195247,341493567,13827611
ASP_1901_20,Min_Fuel_Oil_Jan2019,2019-01-22T16:00:00Z,Jan2019,Optimal,SLATE_A,145127,131099,79091,45203,29021,66351,55720,14993,-1227299164,446531043,368866461,389730312,13575229
ASP_1901_21,Heavy_Crude_Slate_Jan2019,2019-01-14T06:00:00Z,Jan2019,Optimal,SLATE_E,145127,131099,79091,45203,29021,58993,55313,20484,-1108647666,468811907,367288361,409057460,13326988
ASP_1901_22,Light_Sweet_Slate_Jan2019,2019-01-17T03:00:00Z,Jan2019,Optimal,SLATE_C,145127,131099,79091,45203,29021,75969,55833,14112,-1226066430,490356532,297779577,322304802,15738741
ASP_1901_23,Coker_Max_Run_Jan2019,2019-01-11T22:00:00Z,Jan2019,Optimal,SLATE_A,145127,131099,79091,45203,29021,66716,58373,18454,-1177099820,439069502,320672486,408341597,14064153
ASP_1901_24,Product_Demand_High_Jan2019,2019-01-06T00:00:00Z,Jan2019,Optimal,SLATE_B,145127,131099,79091,45203,29021,76522,58962,16032,-1192193964,366240937,363971635,388343186,14672458
ASP_1901_25,Base_Case_Jan2019,2019-01-03T21:00:00Z,Jan2019,Optimal,SLATE_D,145127,131099,79091,45203,29021,68609,58719,17528,-1098083722,363250912,354258006,395318701,14743897
ASP_1901_26,High_Crude_Price_Jan2019,2019-01-03T09:00:00Z,Jan2019,Optimal,SLATE_D,145127,131099,79091,45203,29021,61999,53216,17608,-986961970,431749994,289445086,364926764,13337093
ASP_1901_27,Max_Diesel_Mode_Jan2019,2019-01-23T14:00:00Z,Jan2019,Optimal,SLATE_C,145127,131099,79091,45203,29021,62347,66438,16073,-1208989715,506878748,327091132,332358237,14909340
ASP_1901_28,Min_Fuel_Oil_Jan2019,2019-01-24T14:00:00Z,Jan2019,Optimal,SLATE_E,145127,131099,79091,45203,29021,67531,57915,15405,-1166501464,501672942,309672750,335553177,14373175
ASP_1901_29,Heavy_Crude_Slate_Jan2019,2019-01-17T11:00:00Z,Jan2019,Optimal,SLATE_C,145127,131099,79091,45203,29021,59190,54328,20034,-942341932,445616306,269767173,344930963,13267850
ASP_1901_30,Light_Sweet_Slate_Jan2019,2019-01-26T16:00:00Z,Jan2019,Optimal,SLATE_A,145127,131099,79091,45203,29021,71130,57116,13811,-1281152774,401403416,352977284,403864150,14358444
ASP_1901_31,Coker_Max_Run_Jan2019,2019-01-01T03:00:00Z,Jan2019,Optimal,SLATE_C,145127,131099,79091,45203,29021,68746,60580,19720,-1101881424,458651969,321076912,316027813,15480788
ASP_1901_32,Product_Demand_High_Jan2019,2019-01-16T01:00:00Z,Jan2019,Optimal,SLATE_E,145127,131099,79091,45203,29021,73988,63729,16678,-1180636058,484113599,282877653,342429432,16239148
ASP_1901_33,Base_Case_Jan2019,2019-01-08T15:00:00Z,Jan2019,Optimal,SLATE_F,145127,131099,79091,45203,29021,70911,57795,17015,-1114607035,419762719,327575691,381267493,13998868
ASP_1901_34,High_Crude_Price_Jan2019,2019-01-09T05:00:00Z,Jan2019,Optimal,SLATE_D,145127,131099,79091,45203,29021,67660,55020,17461,-992007530,430796310,351728118,310281822,14537195
ASP_1901_35,Max_Diesel_Mode_Jan2019,2019-01-26T11:00:00Z,Jan2019,Optimal,SLATE_A,145127,131099,79091,45203,29021,62317,66144,17343,-1205994837,426756094,350947637,385971140,15108359
ASP_1901_36,Min_Fuel_Oil_Jan2019,2019-01-11T18:00:00Z,Jan2019,Optimal,SLATE_E,145127,131099,79091,45203,29021,67042,55813,14894,-1144010496,372627972,364381905,387835480,14155555
ASP_1902_01,Base_Case_Feb2019,2019-02-13T14:00:00Z,Feb2019,Optimal,SLATE_D,152132,141150,58645,51069,36306,72945,55688,14047,-1094113493,446788220,338623935,322240289,13538951
ASP_1902_02,High_Crude_Price_Feb2019,2019-02-24T14:00:00Z,Feb2019,Optimal,SLATE_E,152132,141150,58645,51069,36306,67333,51615,14547,-1116724694,499858737,344679788,382235007,12942342
ASP_1902_03,Max_Diesel_Mode_Feb2019,2019-02-17T12:00:00Z,Feb2019,Optimal,SLATE_B,152132,141150,58645,51069,36306,60168,64632,13178,-1211357357,480275254,331290223,355966913,13858716
ASP_1902_04,Min_Fuel_Oil_Feb2019,2019-02-18T03:00:00Z,Feb2019,Optimal,SLATE_D,152132,141150,58645,51069,36306,71794,54635,11196,-1179641610,401374067,364204599,393460281,13755830
ASP_1902_05,Heavy_Crude_Slate_Feb2019,2019-02-08T04:00:00Z,Feb2019,Optimal,SLATE_A,152132,141150,58645,51069,36306,61486,54655,16420,-948164481,372469725,275936960,418496776,13387371
ASP_1902_06,Light_Sweet_Slate_Feb2019,2019-02-12T13:00:00Z,Feb2019,Optimal,SLATE_A,152132,141150,58645,51069,36306,80087,53545,11274,-1200106026,447684151,300725010,337283937,14169860
ASP_1902_07,Coker_Max_Run_Feb2019,2019-02-21T21:00:00Z,Feb2019,Optimal,SLATE_E,152132,141150,58645,51069,36306,65832,55553,15875,-1102473824,353708481,379702017,360638913,13192720
ASP_1902_08,Product_Demand_High_Feb2019,2019-02-25T15:00:00Z,Feb2019,Optimal,SLATE_C,152132,141150,58645,51069,36306,78854,58540,13706,-1179587003,408556506,353340193,346069124,15755635
ASP_1902_09,Base_Case_Feb2019,2019-02-25T18:00:00Z,Feb2019,Optimal,SLATE_C,152132,141150,58645,51069,36306,70845,52458,13790,-1135396349,354413073,375476496,419602276,14095496
ASP_1902_10,High_Crude_Price_Feb2019,2019-02-10T02:00:00Z,Feb2019,Optimal,SLATE_C,152132,141150,58645,51069,36306,67316,50577,14427,-1216524604,517936720,393202569,424149821,12979757
ASP_1902_11,Max_Diesel_Mode_Feb2019,2019-02-17T21:00:00Z,Feb2019,Optimal,SLATE_A,152132,141150,58645,51069,36306,64820,65412,12528,-1202115419,436516699,379271840,343161650,14078361
ASP_1902_12,Min_Fuel_Oil_Feb2019,2019-02-05T05:00:00Z,Feb2019,Optimal,SLATE_D,152132,141150,58645,51069,36306,73674,58361,11620,-1296329117,465748654,393002329,414586628,14765652
ASP_1902_13,Heavy_Crude_Slate_Feb2019,2019-02-22T07:00:00Z,Feb2019,Optimal,SLATE_C,152132,141150,58645,51069,36306,62042,50963,15846,-1022937496,471950894,336922719,340628837,12905232
ASP_1902_14,Light_Sweet_Slate_Feb2019,2019-02-17T11:00:00Z,Feb2019,Optimal,SLATE_E,152132,141150,58645,51069,36306,78869,54905,11085,-1494418352,530721808,386998251,431168358,14586317
ASP_1902_15,Coker_Max_Run_Feb2019,2019-02-23T17:00:00Z,Feb2019,Optimal,SLATE_F,152132,141150,58645,51069,36306,69047,54459,14597,-1195695512,474295219,318948102,393268420,14261239
ASP_1902_16,Product_Demand_High_Feb2019,2019-02-11T22:00:00Z,Feb2019,Optimal,SLATE_F,152132,141150,58645,51069,36306,74419,58920,12565,-1323070068,475510317,367196205,396634842,14276486
ASP_1902_17,Base_Case_Feb2019,2019-02-07T01:00:00Z,Feb2019,Optimal,SLATE_C,152132,141150,58645,51069,36306,70920,54473,14307,-1257877413,495043767,390885444,386265667,14317465
ASP_1902_18,High_Crude_Price_Feb2019,2019-02-11T15:00:00Z,Feb2019,Optimal,SLATE_A,152132,141150,58645,51069,36306,66092,51604,13886,-1059588587,499875993,321780291,342695698,12625256
ASP_1902_19,Max_Diesel_Mode_Feb2019,2019-02-09T04:00:00Z,Feb2019,Optimal,SLATE_B,152132,141150,58645,51069,36306,64230,62390,13462,-1276165915,524406491,314870308,389515336,13396025
ASP_1902_20,Min_Fuel_Oil_Feb2019,2019-02-17T04:00:00Z,Feb2019,Optimal,SLATE_E,152132,141150,58645,51069,36306,68603,57795,11581,-1246208228,512279750,359471897,352776257,14617003
ASP_1902_21,Heavy_Crude_Slate_Feb2019,2019-02-07T14:00:00Z,Feb2019,Optimal,SLATE_A,152132,141150,58645,51069,36306,65546,52005,16917,-963026728,404004086,325333672,353801559,13109619
ASP_1902_22,Light_Sweet_Slate_Feb2019,2019-02-04T04:00:00Z,Feb2019,Optimal,SLATE_A,152132,141150,58645,51069,36306,73859,51041,11012,-1300278371,481346855,326426619,367042683,13853325
ASP_1902_23,Coker_Max_Run_Feb2019,2019-02-19T02:00:00Z,Feb2019,Optimal,SLATE_C,152132,141150,58645,51069,36306,70850,59684,15142,-1211095931,505721701,340458476,355026593,13857818
ASP_1902_24,Product_Demand_High_Feb2019,2019-02-15T05:00:00Z,Feb2019,Optimal,SLATE_F,152132,141150,58645,51069,36306,79084,58107,13034,-1314944268,445610304,375773886,410899682,14742883
ASP_1902_25,Base_Case_Feb2019,2019-02-20T15:00:00Z,Feb2019,Optimal,SLATE_B,152132,141150,58645,51069,36306,70434,55721,13318,-1199202800,437709251,365226355,410129391,13862197
ASP_1902_26,High_Crude_Price_Feb2019,2019-02-21T21:00:00Z,Feb2019,Optimal,SLATE_C,152132,141150,58645,51069,36306,65375,53153,13717,-1100699487,423562836,386623239,399636897,13410486
ASP_1902_27,Max_Diesel_Mode_Feb2019,2019-02-21T10:00:00Z,Feb2019,Optimal,SLATE_C,152132,141150,58645,51069,36306,61859,61100,13358,-1226737373,431100509,334424645,416831882,14035728
ASP_1902_28,Min_Fuel_Oil_Feb2019,2019-02-13T06:00:00Z,Feb2019,Optimal,SLATE_B,152132,141150,58645,51069,36306,69148,54615,11590,-1083158115,380379617,317560522,366704757,13035075
ASP_1902_29,Heavy_Crude_Slate_Feb2019,2019-02-19T10:00:00Z,Feb2019,Optimal,SLATE_F,152132,141150,58645,51069,36306,61184,54695,16094,-980386765,395280717,279882679,427803462,13648230
ASP_1902_30,Light_Sweet_Slate_Feb2019,2019-02-23T18:00:00Z,Feb2019,Optimal,SLATE_D,152132,141150,58645,51069,36306,76140,53401,11194,-1325737339,515530255,360571902,322085301,14493405
ASP_1902_31,Coker_Max_Run_Feb2019,2019-02-27T03:00:00Z,Feb2019,Optimal,SLATE_A,152132,141150,58645,51069,36306,65170,57441,15430,-1176968939,504115666,326984503,336698814,13907866
ASP_1902_32,Product_Demand_High_Feb2019,2019-02-12T17:00:00Z,Feb2019,Optimal,SLATE_C,152132,141150,58645,51069,36306,72074,56894,13205,-1163424703,429595670,332415568,328653436,13419578
ASP_1902_33,Base_Case_Feb2019,2019-02-25T07:00:00Z,Feb2019,Optimal,SLATE_D,152132,141150,58645,51069,36306,70943,51997,13877,-1108482398,357988672,346039379,417913074,13458727
ASP_1902_34,High_Crude_Price_Feb2019,2019-02-23T10:00:00Z,Feb2019,Optimal,SLATE_F,152132,141150,58645,51069,36306,69135,51216,14583,-1050138035,350301129,381380371,423262992,13490106
ASP_1902_35,Max_Diesel_Mode_Feb2019,2019-02-08T07:00:00Z,Feb2019,Optimal,SLATE_F,152132,141150,58645,51069,36306,65172,65376,13115,-1091421180,412619740,310095507,331274991,14541495
ASP_1902_36,Min_Fuel_Oil_Feb2019,2019-02-13T06:00:00Z,Feb2019,Optimal,SLATE_B,152132,141150,58645,51069,36306,72366,57578,11178,-1149394241,409225807,350463799,371045695,14818562
ASP_1903_01,Base_Case_Mar2019,2019-03-03T09:00:00Z,Mar2019,Optimal,SLATE_E,137403,135543,56664,48710,20962,65584,48049,16703,-1066811540,447066215,295515813,337321147,13091635
ASP_1903_02,High_Crude_Price_Mar2019,2019-03-17T00:00:00Z,Mar2019,Optimal,SLATE_C,137403,135543,56664,48710,20962,61819,45919,16136,-865420269,344763325,316168676,291935923,12193718
ASP_1903_03,Max_Diesel_Mode_Mar2019,2019-03-23T17:00:00Z,Mar2019,Optimal,SLATE_E,137403,135543,56664,48710,20962,55985,55915,15345,-993371002,339409050,277846017,341861724,13049170
ASP_1903_04,Min_Fuel_Oil_Mar2019,2019-03-16T05:00:00Z,Mar2019,Optimal,SLATE_D,137403,135543,56664,48710,20962,67508,48614,13716,-1109565653,412552604,319743638,358797385,13845420
ASP_1903_05,Heavy_Crude_Slate_Mar2019,2019-03-04T04:00:00Z,Mar2019,Optimal,SLATE_F,137403,135543,56664,48710,20962,59667,48456,20302,-867194349,342069658,280782570,352848462,12151413
ASP_1903_06,Light_Sweet_Slate_Mar2019,2019-03-01T15:00:00Z,Mar2019,Optimal,SLATE_A,137403,135543,56664,48710,20962,66409,45956,12753,-1178715848,440259799,331255351,294526099,13616384
ASP_1903_07,Coker_Max_Run_Mar2019,2019-03-15T19:00:00Z,Mar2019,Optimal,SLATE_C,137403,135543,56664,48710,20962,61370,48236,17271,-1065579853,368627015,327862011,361722373,13525268
ASP_1903_08,Product_Demand_High_Mar2019,2019-03-22T22:00:00Z,Mar2019,Optimal,SLATE_D,137403,135543,56664,48710,20962,70854,48693,15813,-1113514674,415527548,279208985,350027272,13731699
ASP_1903_09,Base_Case_Mar2019,2019-03-02T14:00:00Z,Mar2019,Optimal,SLATE_A,137403,135543,56664,48710,20962,65041,47100,16739,-1072093567,448676022,292124006,344347996,13054457
ASP_1903_10,High_Crude_Price_Mar2019,2019-03-24T05:00:00Z,Mar2019,Optimal,SLATE_C,137403,135543,56664,48710,20962,59552,45309,17665,-939907034,414883065,314350465,305116846,12712295
ASP_1903_11,Max_Diesel_Mode_Mar2019,2019-03-11T13:00:00Z,Mar2019,Optimal,SLATE_D,137403,135543,56664,48710,20962,54434,53046,15501,-1019099795,384262085,279063821,319299397,12054069
ASP_1903_12,Min_Fuel_Oil_Mar2019,2019-03-04T14:00:00Z,Mar2019,Optimal,SLATE_D,137403,135543,56664,48710,20962,67517,46362,14455,-913605893,353468527,249253350,296806833,12532697
ASP_1903_13,Heavy_Crude_Slate_Mar2019,2019-03-18T18:00:00Z,Mar2019,Optimal,SLATE_B,137403,135543,56664,48710,20962,54547,46781,19656,-973594903,411088381,305096278,378043447,12455991
ASP_1903_14,Light_Sweet_Slate_Mar2019,2019-03-15T07:00:00Z,Mar2019,Optimal,SLATE_E,137403,135543,56664,48710,20962,71037,44103,12556,-1159822462,476180504,254552115,317314926,12491775
ASP_1903_15,Coker_Max_Run_Mar2019,2019-03-24T07:00:00Z,Mar2019,Optimal,SLATE_C,137403,135543,56664,48710,20962,61270,46820,17998,-989779182,342281942,276573336,363710569,12194099
ASP_1903_16,Product_Demand_High_Mar2019,2019-03-16T02:00:00Z,Mar2019,Optimal,SLATE_A,137403,135543,56664,48710,20962,66280,49728,16080,-1147980365,475511396,302988883,297118608,12674104
ASP_1903_17,Base_Case_Mar2019,2019-03-05T03:00:00Z,Mar2019,Optimal,SLATE_F,137403,135543,56664,48710,20962,66038,48933,16691,-964979963,334268309,277615681,365635866,12539893
ASP_1903_18,High_Crude_Price_Mar2019,2019-03-11T22:00:00Z,Mar2019,Optimal,SLATE_A,137403,135543,56664,48710,20962,62982,43421,17645,-910527919,396473027,261399334,344145332,12313433
ASP_1903_19,Max_Diesel_Mode_Mar2019,2019-03-09T06:00:00Z,Mar2019,Optimal,SLATE_A,137403,135543,56664,48710,20962,54151,56762,15649,-1131221534,441226534,317844823,330868151,12585666
ASP_1903_20,Min_Fuel_Oil_Mar2019,2019-03-03T06:00:00Z,Mar2019,Optimal,SLATE_B,137403,135543,56664,48710,20962,65120,46611,13649,-1166938360,438896018,354150175,352972245,13068573
ASP_1903_21,Heavy_Crude_Slate_Mar2019,2019-03-25T18:00:00Z,Mar2019,Optimal,SLATE_B,137403,135543,56664,48710,20962,57311,44160,19753,-878338359,341919672,323269338,323630059,12887558
ASP_1903_22,Light_Sweet_Slate_Mar2019,2019-03-08T06:00:00Z,Mar2019,Optimal,SLATE_F,137403,135543,56664,48710,20962,67335,46547,13077,-1160835537,429801272,255509921,363425778,12276670
ASP_1903_23,Coker_Max_Run_Mar2019,2019-03-13T13:00:00Z,Mar2019,Optimal,SLATE_F,137403,135543,56664,48710,20962,60729,47337,18697,-980658231,356250811,322476393,295257284,12554849
ASP_1903_24,Product_Demand_High_Mar2019,2019-03-10T08:00:00Z,Mar2019,Optimal,SLATE_F,137403,135543,56664,48710,20962,67487,51628,15545,-1035798294,321178908,277784791,374174100,14065304
ASP_1903_25,Base_Case_Mar2019,2019-03-14T09:00:00Z,Mar2019,Optimal,SLATE_C,137403,135543,56664,48710,20962,61807,46451,17298,-994387159,339147357,330951541,336690620,12402359
ASP_1903_26,High_Crude_Price_Mar2019,2019-03-21T21:00:00Z,Mar2019,Optimal,SLATE_C,137403,135543,56664,48710,20962,57575,46323,17547,-1025729115,469820930,298657360,358288856,11844194
ASP_1903_27,Max_Diesel_Mode_Mar2019,2019-03-08T11:00:00Z,Mar2019,Optimal,SLATE_D,137403,135543,56664,48710,20962,58682,55651,15244,-1059630289,385464937,263244226,373426414,12963873
ASP_1903_28,Min_Fuel_Oil_Mar2019,2019-03-21T05:00:00Z,Mar2019,Optimal,SLATE_F,137403,135543,56664,48710,20962,62491,48359,14043,-1013207694,416469300,274632764,306011765,13417038
ASP_1903_29,Heavy_Crude_Slate_Mar2019,2019-03-04T14:00:00Z,Mar2019,Optimal,SLATE_F,137403,135543,56664,48710,20962,55308,46346,19968,-927210568,439448698,300789239,302588722,12592694
ASP_1903_30,Light_Sweet_Slate_Mar2019,2019-03-09T02:00:00Z,Mar2019,Optimal,SLATE_E,137403,135543,56664,48710,20962,68861,47526,13251,-1231373211,465148193,346176297,300660234,12544357
ASP_1903_31,Coker_Max_Run_Mar2019,2019-03-11T03:00:00Z,Mar2019,Optimal,SLATE_E,137403,135543,56664,48710,20962,59215,49207,18118,-1118685326,448678822,276983145,384216326,13127973
ASP_1903_32,Product_Demand_High_Mar2019,2019-03-19T04:00:00Z,Mar2019,Optimal,SLATE_D,137403,135543,56664,48710,20962,65791,48763,15665,-1028446316,395366030,279882456,289530266,12513644
ASP_1903_33,Base_Case_Mar2019,2019-03-26T11:00:00Z,Mar2019,Optimal,SLATE_E,137403,135543,56664,48710,20962,62762,47386,15844,-1066077155,412763417,279713930,386616822,13017014
ASP_1903_34,High_Crude_Price_Mar2019,2019-03-01T04:00:00Z,Mar2019,Optimal,SLATE_C,137403,135543,56664,48710,20962,57572,46456,16053,-961464308,419048168,343342220,295136813,12457300
ASP_1903_35,Max_Diesel_Mode_Mar2019,2019-03-06T14:00:00Z,Mar2019,Optimal,SLATE_F,137403,135543,56664,48710,20962,56632,54646,15723,-1108199783,398077060,287107206,382818737,12574638
ASP_1903_36,Min_Fuel_Oil_Mar2019,2019-03-12T04:00:00Z,Mar2019,Optimal,SLATE_B,137403,135543,56664,48710,20962,64315,46145,14335,-1055029952,445538403,265751825,325949457,12938760
ASP_1904_01,Base_Case_Apr2019,2019-04-20T20:00:00Z,Apr2019,Optimal,SLATE_A,154605,148371,84394,48042,39488,69411,61997,16804,-1155234425,463947481,357107271,349569589,15389916
ASP_1904_02,High_Crude_Price_Apr2019,2019-04-17T05:00:00Z,Apr2019,Optimal,SLATE_A,154605,148371,84394,48042,39488,72144,63731,16735,-1012384996,355813855,379953344,379548443,14897168
ASP_1904_03,Max_Diesel_Mode_Apr2019,2019-04-21T07:00:00Z,Apr2019,Optimal,SLATE_F,154605,148371,84394,48042,39488,66679,71856,15096,-1179590814,412005924,362746048,364266902,15599051
ASP_1904_04,Min_Fuel_Oil_Apr2019,2019-04-07T15:00:00Z,Apr2019,Optimal,SLATE_C,154605,148371,84394,48042,39488,74981,67865,14017,-1388009484,530261338,397408899,436222192,16310405
ASP_1904_05,Heavy_Crude_Slate_Apr2019,2019-04-13T10:00:00Z,Apr2019,Optimal,SLATE_F,154605,148371,84394,48042,39488,63675,62358,18448,-1091100479,503312261,293421787,429830710,14230892
ASP_1904_06,Light_Sweet_Slate_Apr2019,2019-04-26T14:00:00Z,Apr2019,Optimal,SLATE_D,154605,148371,84394,48042,39488,78123,63782,13230,-1203331366,362512903,321154144,406722773,15986814
ASP_1904_07,Coker_Max_Run_Apr2019,2019-04-24T14:00:00Z,Apr2019,Optimal,SLATE_E,154605,148371,84394,48042,39488,68844,67098,18559,-1030948212,408631190,281488217,335914421,15300286
ASP_1904_08,Product_Demand_High_Apr2019,2019-04-08T06:00:00Z,Apr2019,Optimal,SLATE_B,154605,148371,84394,48042,39488,79774,66033,14876,-1259359678,531125544,318948497,331842485,15842750
ASP_1904_09,Base_Case_Apr2019,2019-04-11T01:00:00Z,Apr2019,Optimal,SLATE_F,154605,148371,84394,48042,39488,70791,61653,16694,-1108086239,389503865,324750946,408944303,15112875
ASP_1904_10,High_Crude_Price_Apr2019,2019-04-06T16:00:00Z,Apr2019,Optimal,SLATE_E,154605,148371,84394,48042,39488,68149,62746,17009,-1187825092,528644467,349393682,428806737,15730655
ASP_1904_11,Max_Diesel_Mode_Apr2019,2019-04-27T19:00:00Z,Apr2019,Optimal,SLATE_C,154605,148371,84394,48042,39488,67276,75228,15008,-1144081034,497284991,280793034,328111638,16588678
ASP_1904_12,Min_Fuel_Oil_Apr2019,2019-04-16T02:00:00Z,Apr2019,Optimal,SLATE_C,154605,148371,84394,48042,39488,77170,68735,13067,-1222109167,506678600,343501681,351952676,15619202
ASP_1904_13,Heavy_Crude_Slate_Apr2019,2019-04-26T04:00:00Z,Apr2019,Optimal,SLATE_C,154605,148371,84394,48042,39488,62603,63974,20008,-1042474230,414240879,390154464,369398380,15489022
ASP_1904_14,Light_Sweet_Slate_Apr2019,2019-04-19T08:00:00Z,Apr2019,Optimal,SLATE_C,154605,148371,84394,48042,39488,76881,61173,13092,-1242394049,398338611,398164159,328106750,15329119
ASP_1904_15,Coker_Max_Run_Apr2019,2019-04-16T18:00:00Z,Apr2019,Optimal,SLATE_D,154605,148371,84394,48042,39488,73347,65174,17116,-1145791591,419528909,303095355,416670563,15969737
ASP_1904_16,Product_Demand_High_Apr2019,2019-04-10T20:00:00Z,Apr2019,Optimal,SLATE_D,154605,148371,84394,48042,39488,80525,71330,15463,-1255899730,461500850,315314041,402781008,16725778
ASP_1904_17,Base_Case_Apr2019,2019-04-03T06:00:00Z,Apr2019,Optimal,SLATE_C,154605,148371,84394,48042,39488,71457,67114,16201,-1062559839,436725756,285751800,355545070,15462787
ASP_1904_18,High_Crude_Price_Apr2019,2019-04-25T19:00:00Z,Apr2019,Optimal,SLATE_E,154605,148371,84394,48042,39488,67187,62472,17275,-1038206872,431489700,377361099,335019615,15384683
ASP_1904_19,Max_Diesel_Mode_Apr2019,2019-04-17T22:00:00Z,Apr2019,Optimal,SLATE_A,154605,148371,84394,48042,39488,62280,71486,15948,-1156114145,483808617,287922664,345355894,16026084
ASP_1904_20,Min_Fuel_Oil_Apr2019,2019-04-18T17:00:00Z,Apr2019,Optimal,SLATE_F,154605,148371,84394,48042,39488,76663,69154,13161,-1192946993,493458467,350674073,330093159,16024734
ASP_1904_21,Heavy_Crude_Slate_Apr2019,2019-04-12T16:00:00Z,Apr2019,Optimal,SLATE_C,154605,148371,84394,48042,39488,62219,66374,19453,-1090227254,503635386,386728238,335860538,14860546
ASP_1904_22,Light_Sweet_Slate_Apr2019,2019-04-27T07:00:00Z,Apr2019,Optimal,SLATE_A,154605,148371,84394,48042,39488,81598,61832,12778,-1370807754,436663917,401223545,402427616,16379583
ASP_1904_23,Coker_Max_Run_Apr2019,2019-04-23T13:00:00Z,Apr2019,Optimal,SLATE_A,154605,148371,84394,48042,39488,69750,64076,17474,-1117690223,445796523,319126579,345167609,14315982
ASP_1904_24,Product_Demand_High_Apr2019,2019-04-08T05:00:00Z,Apr2019,Optimal,SLATE_B,154605,148371,84394,48042,39488,77397,71517,15197,-1301399475,447839173,392767685,380609290,16216634
ASP_1904_25,Base_Case_Apr2019,2019-04-03T08:00:00Z,Apr2019,Optimal,SLATE_D,154605,148371,84394,48042,39488,71179,63793,15652,-1267939547,512215969,368316634,402381258,14974314
ASP_1904_26,High_Crude_Price_Apr2019,2019-04-08T03:00:00Z,Apr2019,Optimal,SLATE_C,154605,148371,84394,48042,39488,71931,59766,16943,-1068871680,456408586,365171210,355971330,15734082
ASP_1904_27,Max_Diesel_Mode_Apr2019,2019-04-11T19:00:00Z,Apr2019,Optimal,SLATE_F,154605,148371,84394,48042,39488,68217,70836,15023,-1201443850,454190848,279391430,427053049,16403088
ASP_1904_28,Min_Fuel_Oil_Apr2019,2019-04-17T15:00:00Z,Apr2019,Optimal,SLATE_D,154605,148371,84394,48042,39488,74639,62893,14370,-1220188253,379611395,379399899,440409025,14771529
ASP_1904_29,Heavy_Crude_Slate_Apr2019,2019-04-12T21:00:00Z,Apr2019,Optimal,SLATE_F,154605,148371,84394,48042,39488,65677,60491,20075,-1032296119,459393648,328598101,374482206,15478267
ASP_1904_30,Light_Sweet_Slate_Apr2019,2019-04-17T00:00:00Z,Apr2019,Optimal,SLATE_C,154605,148371,84394,48042,39488,82402,61464,12517,-1425248396,481145320,396286150,410517498,15405757
ASP_1904_31,Coker_Max_Run_Apr2019,2019-04-09T17:00:00Z,Apr2019,Optimal,SLATE_F,154605,148371,84394,48042,39488,71265,65921,17757,-1156269801,375113992,365057791,409476634,16050572
ASP_1904_32,Product_Demand_High_Apr2019,2019-04-02T02:00:00Z,Apr2019,Optimal,SLATE_D,154605,148371,84394,48042,39488,78444,65412,15112,-1166196702,446612117,304827747,344563631,16191733
ASP_1904_33,Base_Case_Apr2019,2019-04-10T08:00:00Z,Apr2019,Optimal,SLATE_E,154605,148371,84394,48042,39488,74056,63654,15398,-1176905411,463133766,397640250,331758488,15627093
ASP_1904_34,High_Crude_Price_Apr2019,2019-04-07T05:00:00Z,Apr2019,Optimal,SLATE_C,154605,148371,84394,48042,39488,71860,58917,16520,-1036151379,401641863,394570184,345106932,15067480
ASP_1904_35,Max_Diesel_Mode_Apr2019,2019-04-26T04:00:00Z,Apr2019,Optimal,SLATE_F,154605,148371,84394,48042,39488,64724,71310,15408,-1220027458,513703852,328524268,334415719,14712926
ASP_1904_36,Min_Fuel_Oil_Apr2019,2019-04-17T03:00:00Z,Apr2019,Optimal,SLATE_D,154605,148371,84394,48042,39488,71380,66185,14237,-1217997331,455760108,331413226,410277034,14928687
ASP_1905_01,Base_Case_May2019,2019-05-21T21:00:00Z,May2019,Optimal,SLATE_E,179374,171300,73241,52152,38874,81463,65063,20312,-1307114741,430420262,406024778,488472849,17803148
ASP_1905_02,High_Crude_Price_May2019,2019-05-02T12:00:00Z,May2019,Optimal,SLATE_A,179374,171300,73241,52152,38874,77074,62835,20466,-1236033166,508039179,441128070,410463303,16116241
ASP_1905_03,Max_Diesel_Mode_May2019,2019-05-14T06:00:00Z,May2019,Optimal,SLATE_C,179374,171300,73241,52152,38874,75071,70473,18413,-1281624918,430707214,359626498,446762475,16501027
ASP_1905_04,Min_Fuel_Oil_May2019,2019-05-22T00:00:00Z,May2019,Optimal,SLATE_B,179374,171300,73241,52152,38874,80037,62847,16999,-1423384241,593487093,403184513,401145563,15890721
ASP_1905_05,Heavy_Crude_Slate_May2019,2019-05-21T22:00:00Z,May2019,Optimal,SLATE_D,179374,171300,73241,52152,38874,73033,62360,24111,-1327875742,622372430,394687667,474845399,16488004
ASP_1905_06,Light_Sweet_Slate_May2019,2019-05-16T19:00:00Z,May2019,Optimal,SLATE_E,179374,171300,73241,52152,38874,90361,60015,15749,-1307240514,420575849,371218312,392340317,16955447
ASP_1905_07,Coker_Max_Run_May2019,2019-05-05T22:00:00Z,May2019,Optimal,SLATE_A,179374,171300,73241,52152,38874,81831,67868,21290,-1238509917,436036347,410991404,384380775,17183117
ASP_1905_08,Product_Demand_High_May2019,2019-05-15T17:00:00Z,May2019,Optimal,SLATE_C,179374,171300,73241,52152,38874,88733,69001,18740,-1347483201,544617254,335024751,386081408,18053782
ASP_1905_09,Base_Case_May2019,2019-05-11T22:00:00Z,May2019,Optimal,SLATE_E,179374,171300,73241,52152,38874,80894,63731,20697,-1342226161,524899164,390383715,442999682,16056400
ASP_1905_10,High_Crude_Price_May2019,2019-05-10T14:00:00Z,May2019,Optimal,SLATE_C,179374,171300,73241,52152,38874,77975,63250,21381,-1422470373,621153203,464796416,476462184,16248354
ASP_1905_11,Max_Diesel_Mode_May2019,2019-05-09T12:00:00Z,May2019,Optimal,SLATE_B,179374,171300,73241,52152,38874,74563,70491,18601,-1461812767,532930472,412038380,463473691,16239907
ASP_1905_12,Min_Fuel_Oil_May2019,2019-05-20T11:00:00Z,May2019,Optimal,SLATE_C,179374,171300,73241,52152,38874,78983,67008,17629,-1334867794,501685378,345689258,464757387,16143873
ASP_1905_13,Heavy_Crude_Slate_May2019,2019-05-08T22:00:00Z,May2019,Optimal,SLATE_B,179374,171300,73241,52152,38874,71280,63133,24176,-1138886296,453959753,340480134,487003063,16013732
ASP_1905_14,Light_Sweet_Slate_May2019,2019-05-14T00:00:00Z,May2019,Optimal,SLATE_E,179374,171300,73241,52152,38874,83705,62468,15924,-1577559100,525941493,396679593,502836841,16923016
ASP_1905_15,Coker_Max_Run_May2019,2019-05-16T01:00:00Z,May2019,Optimal,SLATE_A,179374,171300,73241,52152,38874,77847,64257,22780,-1572288515,623442274,458707155,475481476,16171576
ASP_1905_16,Product_Demand_High_May2019,2019-05-11T21:00:00Z,May2019,Optimal,SLATE_A,179374,171300,73241,52152,38874,89032,68489,18881,-1453675647,512894000,356967190,494862446,18727666
ASP_1905_17,Base_Case_May2019,2019-05-05T13:00:00Z,May2019,Optimal,SLATE_D,179374,171300,73241,52152,38874,81348,63567,21017,-1315530641,434403006,388207618,510023651,17103634
ASP_1905_18,High_Crude_Price_May2019,2019-05-10T07:00:00Z,May2019,Optimal,SLATE_C,179374,171300,73241,52152,38874,72405,59106,21399,-1279574196,585978888,331465377,489020955,15623702
ASP_1905_19,Max_Diesel_Mode_May2019,2019-05-08T10:00:00Z,May2019,Optimal,SLATE_F,179374,171300,73241,52152,38874,74945,74554,19505,-1354308635,476277199,385996939,445436309,17892699
ASP_1905_20,Min_Fuel_Oil_May2019,2019-05-01T09:00:00Z,May2019,Optimal,SLATE_E,179374,171300,73241,52152,38874,82838,65893,16915,-1509267236,534242028,443978426,503118631,16031088
ASP_1905_21,Heavy_Crude_Slate_May2019,2019-05-09T07:00:00Z,May2019,Optimal,SLATE_F,179374,171300,73241,52152,38874,72285,60057,24187,-1190495525,559645664,358480947,420096908,15450713
ASP_1905_22,Light_Sweet_Slate_May2019,2019-05-04T08:00:00Z,May2019,Optimal,SLATE_A,179374,171300,73241,52152,38874,85102,64694,16008,-1381789333,429624007,343146450,477585501,16615482
ASP_1905_23,Coker_Max_Run_May2019,2019-05-17T22:00:00Z,May2019,Optimal,SLATE_E,179374,171300,73241,52152,38874,75643,63288,22048,-1470636133,586371253,404258009,467417291,16246422
ASP_1905_24,Product_Demand_High_May2019,2019-05-06T21:00:00Z,May2019,Optimal,SLATE_E,179374,171300,73241,52152,38874,88502,68522,19308,-1344636637,534713306,324186132,404809730,18675244
ASP_1905_25,Base_Case_May2019,2019-05-24T02:00:00Z,May2019,Optimal,SLATE_D,179374,171300,73241,52152,38874,78222,66385,21101,-1265907730,505166474,378285984,399362839,16907567
ASP_1905_26,High_Crude_Price_May2019,2019-05-11T16:00:00Z,May2019,Optimal,SLATE_D,179374,171300,73241,52152,38874,76790,61076,19693,-1210915656,493943141,425430185,412119766,15280422
ASP_1905_27,Max_Diesel_Mode_May2019,2019-05-10T06:00:00Z,May2019,Optimal,SLATE_C,179374,171300,73241,52152,38874,72055,75933,19555,-1341519586,472701590,412266610,409661715,16992214
ASP_1905_28,Min_Fuel_Oil_May2019,2019-05-06T12:00:00Z,May2019,Optimal,SLATE_B,179374,171300,73241,52152,38874,78351,66146,17058,-1375583588,593965622,324888192,432004113,15339880
ASP_1905_29,Heavy_Crude_Slate_May2019,2019-05-09T19:00:00Z,May2019,Optimal,SLATE_A,179374,171300,73241,52152,38874,73162,60428,23417,-1156790050,423558885,401939955,475494470,15671032
ASP_1905_30,Light_Sweet_Slate_May2019,2019-05-24T15:00:00Z,May2019,Optimal,SLATE_A,179374,171300,73241,52152,38874,91734,62692,16600,-1536384222,510050309,388619306,490135065,17033053
ASP_1905_31,Coker_Max_Run_May2019,2019-05-20T02:00:00Z,May2019,Optimal,SLATE_B,179374,171300,73241,52152,38874,79760,66956,21894,-1390062579,495597681,415161445,468470408,16423084
ASP_1905_32,Product_Demand_High_May2019,2019-05-01T01:00:00Z,May2019,Optimal,SLATE_B,179374,171300,73241,52152,38874,89128,69597,19352,-1321361440,486501037,344190705,411597732,18806659
ASP_1905_33,Base_Case_May2019,2019-05-12T03:00:00Z,May2019,Optimal,SLATE_F,179374,171300,73241,52152,38874,83625,61759,19666,-1260021135,484704195,361014311,430587652,16285023
ASP_1905_34,High_Crude_Price_May2019,2019-05-26T03:00:00Z,May2019,Optimal,SLATE_C,179374,171300,73241,52152,38874,79262,59221,20109,-1066399155,430713653,336893256,407081733,15559125
ASP_1905_35,Max_Diesel_Mode_May2019,2019-05-25T11:00:00Z,May2019,Optimal,SLATE_C,179374,171300,73241,52152,38874,72371,75385,18533,-1407003516,500315249,370358095,486542713,17212708
ASP_1905_36,Min_Fuel_Oil_May2019,2019-05-19T17:00:00Z,May2019,Optimal,SLATE_C,179374,171300,73241,52152,38874,82192,63220,17229,-1205620956,440014761,326996118,420818243,17323339
ASP_1906_01,Base_Case_Jun2019,2019-06-24T08:00:00Z,Jun2019,Optimal,SLATE_C,136736,127856,55699,40949,27782,54580,54524,14384,-992986559,341092383,300770316,364039543,12915683
ASP_1906_02,High_Crude_Price_Jun2019,2019-06-19T04:00:00Z,Jun2019,Optimal,SLATE_C,136736,127856,55699,40949,27782,52630,53654,14356,-875832010,326752910,316448717,320345721,11556032
ASP_1906_03,Max_Diesel_Mode_Jun2019,2019-06-27T21:00:00Z,Jun2019,Optimal,SLATE_B,136736,127856,55699,40949,27782,50040,66133,14270,-1208788618,445849630,345163223,373137491,12923088
ASP_1906_04,Min_Fuel_Oil_Jun2019,2019-06-17T11:00:00Z,Jun2019,Optimal,SLATE_D,136736,127856,55699,40949,27782,55339,55253,11873,-1121969696,446460874,289443458,365698841,12312206
ASP_1906_05,Heavy_Crude_Slate_Jun2019,2019-06-13T03:00:00Z,Jun2019,Optimal,SLATE_F,136736,127856,55699,40949,27782,51930,56546,16908,-966768725,451204256,335194060,300094823,12305666
ASP_1906_06,Light_Sweet_Slate_Jun2019,2019-06-27T14:00:00Z,Jun2019,Optimal,SLATE_F,136736,127856,55699,40949,27782,64246,52147,11710,-1175442443,401484897,300951628,360064202,12998545
ASP_1906_07,Coker_Max_Run_Jun2019,2019-06-01T00:00:00Z,Jun2019,Optimal,SLATE_D,136736,127856,55699,40949,27782,55057,55954,15500,-1027316887,346114032,322784030,350412628,12137271
ASP_1906_08,Product_Demand_High_Jun2019,2019-06-19T22:00:00Z,Jun2019,Optimal,SLATE_D,136736,127856,55699,40949,27782,63177,57656,13341,-1094154475,333084856,339261385,354482361,13722606
ASP_1906_09,Base_Case_Jun2019,2019-06-22T15:00:00Z,Jun2019,Optimal,SLATE_D,136736,127856,55699,40949,27782,56683,55674,14837,-997281060,385304679,292961562,331356913,12342094
ASP_1906_10,High_Crude_Price_Jun2019,2019-06-11T22:00:00Z,Jun2019,Optimal,SLATE_F,136736,127856,55699,40949,27782,55203,51614,14583,-871794271,381406201,261384545,316854123,12042400
ASP_1906_11,Max_Diesel_Mode_Jun2019,2019-06-02T10:00:00Z,Jun2019,Optimal,SLATE_E,136736,127856,55699,40949,27782,52687,64275,13534,-977260794,360443620,275829835,307989497,13538386
ASP_1906_12,Min_Fuel_Oil_Jun2019,2019-06-21T07:00:00Z,Jun2019,Optimal,SLATE_E,136736,127856,55699,40949,27782,58573,53911,12345,-1129576810,455196781,272038202,383003112,13561580
ASP_1906_13,Heavy_Crude_Slate_Jun2019,2019-06-14T09:00:00Z,Jun2019,Optimal,SLATE_F,136736,127856,55699,40949,27782,48756,53556,17575,-995733150,450792623,291324240,376209437,11956133
ASP_1906_14,Light_Sweet_Slate_Jun2019,2019-06-24T02:00:00Z,Jun2019,Optimal,SLATE_E,136736,127856,55699,40949,27782,60581,55786,11023,-1094989777,374194830,320476583,296030963,13032932
ASP_1906_15,Coker_Max_Run_Jun2019,2019-06-25T10:00:00Z,Jun2019,Optimal,SLATE_A,136736,127856,55699,40949,27782,53721,59265,15244,-898831515,355080251,249177594,289655332,12705809
ASP_1906_16,Product_Demand_High_Jun2019,2019-06-15T19:00:00Z,Jun2019,Optimal,SLATE_A,136736,127856,55699,40949,27782,58473,57406,13903,-1170304183,468628451,291875044,336542852,13431362
ASP_1906_17,Base_Case_Jun2019,2019-06-27T07:00:00Z,Jun2019,Optimal,SLATE_E,136736,127856,55699,40949,27782,58933,53202,14589,-1119400208,396329194,353668459,382522215,13119660
ASP_1906_18,High_Crude_Price_Jun2019,2019-06-22T00:00:00Z,Jun2019,Optimal,SLATE_E,136736,127856,55699,40949,27782,51113,53801,13977,-912815886,442185547,269432266,292887413,12314045
ASP_1906_19,Max_Diesel_Mode_Jun2019,2019-06-06T08:00:00Z,Jun2019,Optimal,SLATE_C,136736,127856,55699,40949,27782,52085,63989,13868,-1083658837,400631506,337948581,306829538,13353589
ASP_1906_20,Min_Fuel_Oil_Jun2019,2019-06-14T11:00:00Z,Jun2019,Optimal,SLATE_F,136736,127856,55699,40949,27782,56611,54851,11734,-1092416655,370796158,323998627,378112219,12308309
ASP_1906_21,Heavy_Crude_Slate_Jun2019,2019-06-02T17:00:00Z,Jun2019,Optimal,SLATE_E,136736,127856,55699,40949,27782,50556,56536,16700,-888366604,334405177,301014725,363356681,11702578
ASP_1906_22,Light_Sweet_Slate_Jun2019,2019-06-02T10:00:00Z,Jun2019,Optimal,SLATE_B,136736,127856,55699,40949,27782,59363,51785,11929,-1217328965,451330771,311961398,336188144,12579451
ASP_1906_23,Coker_Max_Run_Jun2019,2019-06-11T20:00:00Z,Jun2019,Optimal,SLATE_B,136736,127856,55699,40949,27782,55938,55217,15588,-965704527,326867342,263005511,369299885,12403593
ASP_1906_24,Product_Demand_High_Jun2019,2019-06-23T02:00:00Z,Jun2019,Optimal,SLATE_A,136736,127856,55699,40949,27782,60432,59079,13794,-1190159415,415312617,347074043,352952774,13339975
ASP_1906_25,Base_Case_Jun2019,2019-06-12T18:00:00Z,Jun2019,Optimal,SLATE_D,136736,127856,55699,40949,27782,57923,54110,13996,-988614084,351753561,310595072,339086010,12820559
ASP_1906_26,High_Crude_Price_Jun2019,2019-06-04T13:00:00Z,Jun2019,Optimal,SLATE_A,136736,127856,55699,40949,27782,53361,52373,15412,-1008301139,464297455,275406296,368885417,12609669
ASP_1906_27,Max_Diesel_Mode_Jun2019,2019-06-20T09:00:00Z,Jun2019,Optimal,SLATE_D,136736,127856,55699,40949,27782,50693,61691,13736,-1188590350,432521463,335960621,375900003,12391277
ASP_1906_28,Min_Fuel_Oil_Jun2019,2019-06-25T15:00:00Z,Jun2019,Optimal,SLATE_C,136736,127856,55699,40949,27782,57304,58563,12227,-1055454945,428112479,247442459,362262293,13103692
ASP_1906_29,Heavy_Crude_Slate_Jun2019,2019-06-16T00:00:00Z,Jun2019,Optimal,SLATE_E,136736,127856,55699,40949,27782,49351,52803,17280,-895802680,374455194,308112654,324093918,11325454
ASP_1906_30,Light_Sweet_Slate_Jun2019,2019-06-23T04:00:00Z,Jun2019,Optimal,SLATE_E,136736,127856,55699,40949,27782,59220,54754,11847,-962254613,327390314,249338424,295548265,13121098
ASP_1906_31,Coker_Max_Run_Jun2019,2019-06-15T05:00:00Z,Jun2019,Optimal,SLATE_F,136736,127856,55699,40949,27782,55816,59405,15222,-1089068240,438701451,294731400,346956797,12675687
ASP_1906_32,Product_Demand_High_Jun2019,2019-06-12T13:00:00Z,Jun2019,Optimal,SLATE_F,136736,127856,55699,40949,27782,57866,55902,13819,-1118458693,356691364,303867511,388195896,13144870
ASP_1906_33,Base_Case_Jun2019,2019-06-11T13:00:00Z,Jun2019,Optimal,SLATE_D,136736,127856,55699,40949,27782,53727,52339,14336,-916845508,366949399,262453069,299790621,12347581
ASP_1906_34,High_Crude_Price_Jun2019,2019-06-19T12:00:00Z,Jun2019,Optimal,SLATE_F,136736,127856,55699,40949,27782,52275,51018,15250,-969111281,432049721,294671490,337707432,11046815
ASP_1906_35,Max_Diesel_Mode_Jun2019,2019-06-21T20:00:00Z,Jun2019,Optimal,SLATE_A,136736,127856,55699,40949,27782,51773,66170,13564,-1039924557,332864859,284281284,386683728,13425531
ASP_1906_36,Min_Fuel_Oil_Jun2019,2019-06-27T09:00:00Z,Jun2019,Optimal,SLATE_C,136736,127856,55699,40949,27782,56259,54962,12416,-1090050344,399974491,340614976,330049715,12337877
ASP_1907_01,Base_Case_Jul2019,2019-07-03T18:00:00Z,Jul2019,Optimal,SLATE_D,173234,172075,71285,45319,46308,74366,61465,17842,-1224313859,426069823,361590570,451231764,14578298
ASP_1907_02,High_Crude_Price_Jul2019,2019-07-08T10:00:00Z,Jul2019,Optimal,SLATE_C,173234,172075,71285,45319,46308,66103,57776,18767,-1126967502,488646183,349544361,401166575,14392442
ASP_1907_03,Max_Diesel_Mode_Jul2019,2019-07-23T16:00:00Z,Jul2019,Optimal,SLATE_B,173234,172075,71285,45319,46308,65808,71365,17426,-1431838804,514840340,389384335,475449290,16017961
ASP_1907_04,Min_Fuel_Oil_Jul2019,2019-07-06T11:00:00Z,Jul2019,Optimal,SLATE_E,173234,172075,71285,45319,46308,76127,63549,15190,-1346640714,475362422,394044665,453195982,15184900
ASP_1907_05,Heavy_Crude_Slate_Jul2019,2019-07-05T16:00:00Z,Jul2019,Optimal,SLATE_F,173234,172075,71285,45319,46308,68684,59460,22554,-1292109229,585087828,402615352,462242201,14268459
ASP_1907_06,Light_Sweet_Slate_Jul2019,2019-07-01T05:00:00Z,Jul2019,Optimal,SLATE_B,173234,172075,71285,45319,46308,82102,57778,15023,-1386244354,417400156,427890496,407839190,15411668
ASP_1907_07,Coker_Max_Run_Jul2019,2019-07-26T18:00:00Z,Jul2019,Optimal,SLATE_B,173234,172075,71285,45319,46308,68230,63327,20657,-1217825843,438897434,326349593,444711952,16012074
ASP_1907_08,Product_Demand_High_Jul2019,2019-07-10T15:00:00Z,Jul2019,Optimal,SLATE_F,173234,172075,71285,45319,46308,79739,65717,18068,-1421951294,559162687,334550815,440254348,17346281
ASP_1907_09,Base_Case_Jul2019,2019-07-24T03:00:00Z,Jul2019,Optimal,SLATE_B,173234,172075,71285,45319,46308,71437,60840,18741,-1323690078,489774586,434081972,415258609,15425089
ASP_1907_10,High_Crude_Price_Jul2019,2019-07-20T21:00:00Z,Jul2019,Optimal,SLATE_C,173234,172075,71285,45319,46308,68135,55187,17949,-1165826352,456496341,349200255,475701220,14195259
ASP_1907_11,Max_Diesel_Mode_Jul2019,2019-07-27T10:00:00Z,Jul2019,Optimal,SLATE_A,173234,172075,71285,45319,46308,67490,70188,17014,-1414754665,568564962,384755745,409208460,15143771
ASP_1907_12,Min_Fuel_Oil_Jul2019,2019-07-07T03:00:00Z,Jul2019,Optimal,SLATE_C,173234,172075,71285,45319,46308,76837,58852,14650,-1158648351,420698506,337930945,382393009,16121148
ASP_1907_13,Heavy_Crude_Slate_Jul2019,2019-07-22T22:00:00Z,Jul2019,Optimal,SLATE_D,173234,172075,71285,45319,46308,66673,56774,21721,-1351050971,598273767,443628966,473927097,14662084
ASP_1907_14,Light_Sweet_Slate_Jul2019,2019-07-22T04:00:00Z,Jul2019,Optimal,SLATE_A,173234,172075,71285,45319,46308,78726,60049,14308,-1633100349,602411205,421712428,449164354,15162675
ASP_1907_15,Coker_Max_Run_Jul2019,2019-07-20T02:00:00Z,Jul2019,Optimal,SLATE_C,173234,172075,71285,45319,46308,72595,62106,19576,-1431101351,558553185,368926226,490365456,14804326
ASP_1907_16,Product_Demand_High_Jul2019,2019-07-19T21:00:00Z,Jul2019,Optimal,SLATE_B,173234,172075,71285,45319,46308,76843,60741,17294,-1193642056,417180211,321455099,382633350,16044534
ASP_1907_17,Base_Case_Jul2019,2019-07-14T09:00:00Z,Jul2019,Optimal,SLATE_F,173234,172075,71285,45319,46308,75885,56510,18599,-1394101356,525617944,450395036,432728369,14639993
ASP_1907_18,High_Crude_Price_Jul2019,2019-07-24T12:00:00Z,Jul2019,Optimal,SLATE_B,173234,172075,71285,45319,46308,72331,55047,18304,-1330195170,578807601,421048581,461048864,15040730
ASP_1907_19,Max_Diesel_Mode_Jul2019,2019-07-05T05:00:00Z,Jul2019,Optimal,SLATE_E,173234,172075,71285,45319,46308,65998,68610,16922,-1202763183,417153978,361440468,382659654,15765354
ASP_1907_20,Min_Fuel_Oil_Jul2019,2019-07-08T10:00:00Z,Jul2019,Optimal,SLATE_A,173234,172075,71285,45319,46308,73035,60342,15540,-1362712462,588405890,341613024,407679496,14676602
ASP_1907_21,Heavy_Crude_Slate_Jul2019,2019-07-10T10:00:00Z,Jul2019,Optimal,SLATE_E,173234,172075,71285,45319,46308,62805,57492,22428,-1255598845,596189271,339375447,472776704,13231594
ASP_1907_22,Light_Sweet_Slate_Jul2019,2019-07-16T11:00:00Z,Jul2019,Optimal,SLATE_F,173234,172075,71285,45319,46308,78663,60110,14205,-1357781112,454879935,396664318,377270291,16509979
ASP_1907_23,Coker_Max_Run_Jul2019,2019-07-25T08:00:00Z,Jul2019,Optimal,SLATE_D,173234,172075,71285,45319,46308,74168,64730,20639,-1474538970,571348433,435703099,454477365,15902455
ASP_1907_24,Product_Demand_High_Jul2019,2019-07-24T12:00:00Z,Jul2019,Optimal,SLATE_F,173234,172075,71285,45319,46308,80427,62269,17899,-1360994502,480015651,386225331,410489036,16549923
ASP_1907_25,Base_Case_Jul2019,2019-07-10T02:00:00Z,Jul2019,Optimal,SLATE_B,173234,172075,71285,45319,46308,74308,59685,17427,-1423079335,593823614,398130981,445734766,14610026
ASP_1907_26,High_Crude_Price_Jul2019,2019-07-09T20:00:00Z,Jul2019,Optimal,SLATE_C,173234,172075,71285,45319,46308,67088,59349,19007,-1112776230,460296259,326134300,437963999,14855177
ASP_1907_27,Max_Diesel_Mode_Jul2019,2019-07-05T18:00:00Z,Jul2019,Optimal,SLATE_B,173234,172075,71285,45319,46308,69028,71443,16506,-1335800310,458989079,399011088,430157919,15967314
ASP_1907_28,Min_Fuel_Oil_Jul2019,2019-07-12T13:00:00Z,Jul2019,Optimal,SLATE_C,173234,172075,71285,45319,46308,72281,61797,15102,-1232198005,421392211,349183870,441574464,15841802
ASP_1907_29,Heavy_Crude_Slate_Jul2019,2019-07-02T15:00:00Z,Jul2019,Optimal,SLATE_F,173234,172075,71285,45319,46308,66362,58648,21158,-1128350366,424596187,385591539,457929613,14394710
ASP_1907_30,Light_Sweet_Slate_Jul2019,2019-07-18T17:00:00Z,Jul2019,Optimal,SLATE_F,173234,172075,71285,45319,46308,79970,59754,14515,-1357656512,464552064,393197730,370206832,15763311
ASP_1907_31,Coker_Max_Run_Jul2019,2019-07-06T10:00:00Z,Jul2019,Optimal,SLATE_D,173234,172075,71285,45319,46308,70499,60403,20433,-1427695986,587221325,427053247,401082993,15655617
ASP_1907_32,Product_Demand_High_Jul2019,2019-07-04T12:00:00Z,Jul2019,Optimal,SLATE_A,173234,172075,71285,45319,46308,80338,64873,17992,-1262430871,405646065,393682295,385748138,16159024
ASP_1907_33,Base_Case_Jul2019,2019-07-17T06:00:00Z,Jul2019,Optimal,SLATE_D,173234,172075,71285,45319,46308,76153,61477,17553,-1202585757,532862375,313224683,372103944,15605245
ASP_1907_34,High_Crude_Price_Jul2019,2019-07-15T10:00:00Z,Jul2019,Optimal,SLATE_E,173234,172075,71285,45319,46308,70513,54758,18953,-1190032454,401423828,444471196,461563991,13945478
ASP_1907_35,Max_Diesel_Mode_Jul2019,2019-07-27T03:00:00Z,Jul2019,Optimal,SLATE_B,173234,172075,71285,45319,46308,63614,70344,17884,-1170518118,398975057,347645148,382560694,14401739
ASP_1907_36,Min_Fuel_Oil_Jul2019,2019-07-02T05:00:00Z,Jul2019,Optimal,SLATE_A,173234,172075,71285,45319,46308,72780,57970,14865,-1482589914,587276760,432561801,434177855,14608732
ASP_1908_01,Base_Case_Aug2019,2019-08-10T17:00:00Z,Aug2019,Optimal,SLATE_B,134936,126370,68252,53801,31165,57919,49046,14547,-1058446930,424511621,327180871,318618928,11864490
ASP_1908_02,High_Crude_Price_Aug2019,2019-08-02T21:00:00Z,Aug2019,Optimal,SLATE_A,134936,126370,68252,53801,31165,54244,47420,15098,-904006833,373352395,316463400,304685137,11884809
ASP_1908_03,Max_Diesel_Mode_Aug2019,2019-08-19T19:00:00Z,Aug2019,Optimal,SLATE_C,134936,126370,68252,53801,31165,52581,57133,13474,-1037496981,380958577,262398536,356929897,12194647
ASP_1908_04,Min_Fuel_Oil_Aug2019,2019-08-25T12:00:00Z,Aug2019,Optimal,SLATE_B,134936,126370,68252,53801,31165,59708,48359,12391,-1040493440,405121280,271658709,345919434,12511617
ASP_1908_05,Heavy_Crude_Slate_Aug2019,2019-08-14T02:00:00Z,Aug2019,Optimal,SLATE_F,134936,126370,68252,53801,31165,52276,47595,17670,-947241405,466594066,291069294,306477499,11650408
ASP_1908_06,Light_Sweet_Slate_Aug2019,2019-08-26T20:00:00Z,Aug2019,Optimal,SLATE_C,134936,126370,68252,53801,31165,67854,48367,12118,-1134520120,410173366,245516361,371159978,13885312
ASP_1908_07,Coker_Max_Run_Aug2019,2019-08-20T18:00:00Z,Aug2019,Optimal,SLATE_D,134936,126370,68252,53801,31165,59008,51117,15949,-934044271,323019661,285856007,319114811,12260801
ASP_1908_08,Product_Demand_High_Aug2019,2019-08-14T17:00:00Z,Aug2019,Optimal,SLATE_A,134936,126370,68252,53801,31165,65426,50579,13790,-1185865971,465147447,273098742,373182064,13404205
ASP_1908_09,Base_Case_Aug2019,2019-08-17T13:00:00Z,Aug2019,Optimal,SLATE_C,134936,126370,68252,53801,31165,57433,46748,14972,-1014069039,335830304,349255397,341520121,12536783
ASP_1908_10,High_Crude_Price_Aug2019,2019-08-04T17:00:00Z,Aug2019,Optimal,SLATE_A,134936,126370,68252,53801,31165,54664,46896,14964,-940156253,442387638,267236732,323474769,11190168
ASP_1908_11,Max_Diesel_Mode_Aug2019,2019-08-15T04:00:00Z,Aug2019,Optimal,SLATE_D,134936,126370,68252,53801,31165,53908,56116,13185,-1152009422,468574627,268617198,372439482,12479476
ASP_1908_12,Min_Fuel_Oil_Aug2019,2019-08-27T10:00:00Z,Aug2019,Optimal,SLATE_A,134936,126370,68252,53801,31165,62677,48396,12423,-1049513547,368325317,306093495,357092064,12565684
ASP_1908_13,Heavy_Crude_Slate_Aug2019,2019-08-27T05:00:00Z,Aug2019,Optimal,SLATE_C,134936,126370,68252,53801,31165,51124,47563,16552,-937410975,433333781,301597492,317908477,11272000
ASP_1908_14,Light_Sweet_Slate_Aug2019,2019-08-25T06:00:00Z,Aug2019,Optimal,SLATE_E,134936,126370,68252,53801,31165,63040,48444,11819,-1152749432,436378887,257322911,347711941,12173174
ASP_1908_15,Coker_Max_Run_Aug2019,2019-08-10T20:00:00Z,Aug2019,Optimal,SLATE_B,134936,126370,68252,53801,31165,57120,52297,15685,-1127676703,431643917,322950181,363479890,12508592
ASP_1908_16,Product_Demand_High_Aug2019,2019-08-11T07:00:00Z,Aug2019,Optimal,SLATE_C,134936,126370,68252,53801,31165,65562,52825,13805,-1092933535,451937195,253441625,320223650,13626974
ASP_1908_17,Base_Case_Aug2019,2019-08-23T04:00:00Z,Aug2019,Optimal,SLATE_B,134936,126370,68252,53801,31165,61748,47933,13872,-971585611,366164592,253289991,364681875,12550847
ASP_1908_18,High_Crude_Price_Aug2019,2019-08-11T16:00:00Z,Aug2019,Optimal,SLATE_C,134936,126370,68252,53801,31165,59146,44166,15433,-924942823,378046983,328177108,311351265,12202722
ASP_1908_19,Max_Diesel_Mode_Aug2019,2019-08-17T19:00:00Z,Aug2019,Optimal,SLATE_C,134936,126370,68252,53801,31165,51269,58022,13585,-1093933991,431314689,268983923,353749066,12205781
ASP_1908_20,Min_Fuel_Oil_Aug2019,2019-08-18T00:00:00Z,Aug2019,Optimal,SLATE_C,134936,126370,68252,53801,31165,59692,48106,12088,-1011818325,385503696,286589020,322503784,12248611
ASP_1908_21,Heavy_Crude_Slate_Aug2019,2019-08-06T19:00:00Z,Aug2019,Optimal,SLATE_F,134936,126370,68252,53801,31165,51643,47477,16749,-897824892,392891645,244369979,372267590,11946000
ASP_1908_22,Light_Sweet_Slate_Aug2019,2019-08-02T11:00:00Z,Aug2019,Optimal,SLATE_E,134936,126370,68252,53801,31165,67967,49447,11478,-1118490495,373717751,294607575,344092443,13765541
ASP_1908_23,Coker_Max_Run_Aug2019,2019-08-03T01:00:00Z,Aug2019,Optimal,SLATE_F,134936,126370,68252,53801,31165,57211,51414,15578,-1027826432,353294318,298526449,367651345,11799139
ASP_1908_24,Product_Demand_High_Aug2019,2019-08-04T08:00:00Z,Aug2019,Optimal,SLATE_A,134936,126370,68252,53801,31165,63411,52287,13525,-1017760786,379180321,288484065,287354648,12647935
ASP_1908_25,Base_Case_Aug2019,2019-08-18T04:00:00Z,Aug2019,Optimal,SLATE_D,134936,126370,68252,53801,31165,60080,50197,15073,-954704809,370016967,244539547,352601563,12453268
ASP_1908_26,High_Crude_Price_Aug2019,2019-08-17T21:00:00Z,Aug2019,Optimal,SLATE_C,134936,126370,68252,53801,31165,55134,44606,14063,-842092936,330547765,263682810,331957016,10869182
ASP_1908_27,Max_Diesel_Mode_Aug2019,2019-08-24T00:00:00Z,Aug2019,Optimal,SLATE_A,134936,126370,68252,53801,31165,54723,54834,13945,-1106212908,408145859,304232192,353623003,12464951
ASP_1908_28,Min_Fuel_Oil_Aug2019,2019-08-13T09:00:00Z,Aug2019,Optimal,SLATE_A,134936,126370,68252,53801,31165,62854,49128,12698,-929325177,317737854,252212783,345419179,13112362
ASP_1908_29,Heavy_Crude_Slate_Aug2019,2019-08-07T08:00:00Z,Aug2019,Optimal,SLATE_F,134936,126370,68252,53801,31165,54521,45395,16965,-1011194988,449822921,317224414,369065658,12563006
ASP_1908_30,Light_Sweet_Slate_Aug2019,2019-08-12T16:00:00Z,Aug2019,Optimal,SLATE_E,134936,126370,68252,53801,31165,64237,45763,11316,-1186086420,463722971,310033951,297954666,12705855
ASP_1908_31,Coker_Max_Run_Aug2019,2019-08-04T19:00:00Z,Aug2019,Optimal,SLATE_C,134936,126370,68252,53801,31165,60649,47576,16039,-956415975,319198371,294024525,336417060,11977235
ASP_1908_32,Product_Demand_High_Aug2019,2019-08-06T10:00:00Z,Aug2019,Optimal,SLATE_E,134936,126370,68252,53801,31165,66833,49104,14225,-1179854539,388819743,335540721,380765360,12667917
ASP_1908_33,Base_Case_Aug2019,2019-08-26T18:00:00Z,Aug2019,Optimal,SLATE_D,134936,126370,68252,53801,31165,61534,48310,15130,-1015019235,376291012,325700544,326056423,13028744
ASP_1908_34,High_Crude_Price_Aug2019,2019-08-08T11:00:00Z,Aug2019,Optimal,SLATE_E,134936,126370,68252,53801,31165,54529,46431,14416,-900943815,410824103,285317588,294194404,11049339
ASP_1908_35,Max_Diesel_Mode_Aug2019,2019-08-02T11:00:00Z,Aug2019,Optimal,SLATE_A,134936,126370,68252,53801,31165,54539,52778,13600,-1069189850,458705101,256164755,315155587,11749395
ASP_1908_36,Min_Fuel_Oil_Aug2019,2019-08-24T17:00:00Z,Aug2019,Optimal,SLATE_F,134936,126370,68252,53801,31165,57855,50438,12525,-993268485,340274677,255018096,382174415,13128853
ASP_1909_01,Base_Case_Sep2019,2019-09-21T02:00:00Z,Sep2019,Optimal,SLATE_F,175056,171943,81509,55999,26920,81675,67269,21084,-1164085509,459347808,343872450,378195012,17329761
ASP_1909_02,High_Crude_Price_Sep2019,2019-09-25T22:00:00Z,Sep2019,Optimal,SLATE_C,175056,171943,81509,55999,26920,78606,63720,20313,-1223888903,530298797,376383673,439528468,15896913
ASP_1909_03,Max_Diesel_Mode_Sep2019,2019-09-10T11:00:00Z,Sep2019,Optimal,SLATE_E,175056,171943,81509,55999,26920,74976,75820,19524,-1359286615,531624363,404018797,376435868,17520347
ASP_1909_04,Min_Fuel_Oil_Sep2019,2019-09-17T14:00:00Z,Sep2019,Optimal,SLATE_A,175056,171943,81509,55999,26920,81400,72634,17933,-1302539039,515679091,354890316,411542735,17511133
ASP_1909_05,Heavy_Crude_Slate_Sep2019,2019-09-24T06:00:00Z,Sep2019,Optimal,SLATE_C,175056,171943,81509,55999,26920,70002,70472,23251,-1018594606,426934417,350519620,370533459,16215711
ASP_1909_06,Light_Sweet_Slate_Sep2019,2019-09-27T13:00:00Z,Sep2019,Optimal,SLATE_C,175056,171943,81509,55999,26920,94363,69142,15749,-1508646880,574259655,395654343,394224015,17131870
ASP_1909_07,Coker_Max_Run_Sep2019,2019-09-25T17:00:00Z,Sep2019,Optimal,SLATE_F,175056,171943,81509,55999,26920,79137,68458,23167,-1248090193,409799073,354433104,476661277,17275617
ASP_1909_08,Product_Demand_High_Sep2019,2019-09-02T07:00:00Z,Sep2019,Optimal,SLATE_F,175056,171943,81509,55999,26920,89455,72505,18987,-1361993796,468019865,357031389,454845974,18791861
ASP_1909_09,Base_Case_Sep2019,2019-09-19T18:00:00Z,Sep2019,Optimal,SLATE_B,175056,171943,81509,55999,26920,77747,69372,20058,-1391018597,530583856,406880347,470429429,16875035
ASP_1909_10,High_Crude_Price_Sep2019,2019-09-05T21:00:00Z,Sep2019,Optimal,SLATE_D,175056,171943,81509,55999,26920,78964,64806,20116,-1150788906,495369861,332763075,439947619,17223048
ASP_1909_11,Max_Diesel_Mode_Sep2019,2019-09-16T20:00:00Z,Sep2019,Optimal,SLATE_C,175056,171943,81509,55999,26920,73426,82351,18407,-1366534726,607795177,332112388,379622360,18068281
ASP_1909_12,Min_Fuel_Oil_Sep2019,2019-09-17T16:00:00Z,Sep2019,Optimal,SLATE_F,175056,171943,81509,55999,26920,80656,73186,16295,-1482908980,599067547,424267520,434012758,17630368
ASP_1909_13,Heavy_Crude_Slate_Sep2019,2019-09-05T00:00:00Z,Sep2019,Optimal,SLATE_A,175056,171943,81509,55999,26920,75249,69815,24636,-1090108149,484767743,344756996,398596030,16889492
ASP_1909_14,Light_Sweet_Slate_Sep2019,2019-09-06T04:00:00Z,Sep2019,Optimal,SLATE_E,175056,171943,81509,55999,26920,87100,69796,16465,-1399859015,525167318,330308099,411277622,16878918
ASP_1909_15,Coker_Max_Run_Sep2019,2019-09-08T17:00:00Z,Sep2019,Optimal,SLATE_F,175056,171943,81509,55999,26920,80315,71249,21547,-1444878577,612306974,386124039,436371918,18255306
ASP_1909_16,Product_Demand_High_Sep2019,2019-09-13T15:00:00Z,Sep2019,Optimal,SLATE_C,175056,171943,81509,55999,26920,87825,75558,19553,-1462101280,590944513,330396682,450360827,17904540
ASP_1909_17,Base_Case_Sep2019,2019-09-24T06:00:00Z,Sep2019,Optimal,SLATE_F,175056,171943,81509,55999,26920,79181,66364,19872,-1324495663,465721997,416699912,458664948,16591194
ASP_1909_18,High_Crude_Price_Sep2019,2019-09-17T12:00:00Z,Sep2019,Optimal,SLATE_C,175056,171943,81509,55999,26920,80425,68338,20027,-1281573582,580287647,433951767,396130911,17355561
ASP_1909_19,Max_Diesel_Mode_Sep2019,2019-09-26T09:00:00Z,Sep2019,Optimal,SLATE_D,175056,171943,81509,55999,26920,74286,80921,18266,-1229351943,439706804,326494494,421491351,16881274
ASP_1909_20,Min_Fuel_Oil_Sep2019,2019-09-02T11:00:00Z,Sep2019,Optimal,SLATE_D,175056,171943,81509,55999,26920,83815,69470,16554,-1490056846,591388634,440966795,432674341,18372637
ASP_1909_21,Heavy_Crude_Slate_Sep2019,2019-09-06T01:00:00Z,Sep2019,Optimal,SLATE_F,175056,171943,81509,55999,26920,75454,68265,23974,-1089492404,440514090,411365159,375627769,16959902
ASP_1909_22,Light_Sweet_Slate_Sep2019,2019-09-08T17:00:00Z,Sep2019,Optimal,SLATE_E,175056,171943,81509,55999,26920,93432,64534,16911,-1460314797,555552601,389859681,375562938,17122722
ASP_1909_23,Coker_Max_Run_Sep2019,2019-09-01T22:00:00Z,Sep2019,Optimal,SLATE_F,175056,171943,81509,55999,26920,83893,75237,22939,-1354529490,533092806,428826268,384295210,18244195
ASP_1909_24,Product_Demand_High_Sep2019,2019-09-11T13:00:00Z,Sep2019,Optimal,SLATE_A,175056,171943,81509,55999,26920,87277,75755,19744,-1510006421,584752457,343146378,489240116,18984857
ASP_1909_25,Base_Case_Sep2019,2019-09-19T08:00:00Z,Sep2019,Optimal,SLATE_A,175056,171943,81509,55999,26920,82822,67226,20921,-1243469521,558859415,315665368,387141368,18196630
ASP_1909_26,High_Crude_Price_Sep2019,2019-09-20T03:00:00Z,Sep2019,Optimal,SLATE_D,175056,171943,81509,55999,26920,77613,69196,20150,-1108978508,486040860,358438778,377656477,16724693
ASP_1909_27,Max_Diesel_Mode_Sep2019,2019-09-05T00:00:00Z,Sep2019,Optimal,SLATE_E,175056,171943,81509,55999,26920,76372,79173,18596,-1282049227,425646667,382301983,430295650,17245036
ASP_1909_28,Min_Fuel_Oil_Sep2019,2019-09-08T11:00:00Z,Sep2019,Optimal,SLATE_C,175056,171943,81509,55999,26920,85458,69242,16623,-1266128593,447148460,386420560,413202104,17520062
ASP_1909_29,Heavy_Crude_Slate_Sep2019,2019-09-22T12:00:00Z,Sep2019,Optimal,SLATE_E,175056,171943,81509,55999,26920,75575,70704,24663,-1083129659,474768476,370681951,375995385,17968413
ASP_1909_30,Light_Sweet_Slate_Sep2019,2019-09-07T20:00:00Z,Sep2019,Optimal,SLATE_F,175056,171943,81509,55999,26920,89241,68885,16413,-1464461229,520695829,381087865,424192550,18421575
ASP_1909_31,Coker_Max_Run_Sep2019,2019-09-14T19:00:00Z,Sep2019,Optimal,SLATE_B,175056,171943,81509,55999,26920,76616,72548,21804,-1341412320,462285751,405326036,464458143,16959812
ASP_1909_32,Product_Demand_High_Sep2019,2019-09-11T15:00:00Z,Sep2019,Optimal,SLATE_E,175056,171943,81509,55999,26920,84249,72878,19638,-1396043979,464010469,420590679,426290100,18257934
ASP_1909_33,Base_Case_Sep2019,2019-09-27T08:00:00Z,Sep2019,Optimal,SLATE_D,175056,171943,81509,55999,26920,83125,72312,20655,-1231173276,404494381,418169384,426736538,18227027
ASP_1909_34,High_Crude_Price_Sep2019,2019-09-02T02:00:00Z,Sep2019,Optimal,SLATE_E,175056,171943,81509,55999,26920,78114,67205,20871,-1241222936,487050526,452095640,426206900,16197700
ASP_1909_35,Max_Diesel_Mode_Sep2019,2019-09-21T16:00:00Z,Sep2019,Optimal,SLATE_F,175056,171943,81509,55999,26920,70076,80738,18671,-1397767900,521282577,347260686,480321048,17656787
ASP_1909_36,Min_Fuel_Oil_Sep2019,2019-09-17T13:00:00Z,Sep2019,Optimal,SLATE_A,175056,171943,81509,55999,26920,87016,72768,16691,-1381565972,512729322,399956998,446656175,18016308
ASP_1910_01,Base_Case_Oct2019,2019-10-15T02:00:00Z,Oct2019,Optimal,SLATE_F,157397,147489,72016,54291,38169,69780,58913,16552,-1133837512,397048253,352088326,400091892,15390959
ASP_1910_02,High_Crude_Price_Oct2019,2019-10-16T12:00:00Z,Oct2019,Optimal,SLATE_D,157397,147489,72016,54291,38169,64250,56629,17335,-1102152130,459912538,306716309,445609933,14247334
ASP_1910_03,Max_Diesel_Mode_Oct2019,2019-10-23T21:00:00Z,Oct2019,Optimal,SLATE_E,157397,147489,72016,54291,38169,60526,70910,15856,-1145526169,373585089,318277776,413987366,14872927
ASP_1910_04,Min_Fuel_Oil_Oct2019,2019-10-23T03:00:00Z,Oct2019,Optimal,SLATE_B,157397,147489,72016,54291,38169,67177,58654,13964,-1202238163,478034495,366217251,337633062,14663290
ASP_1910_05,Heavy_Crude_Slate_Oct2019,2019-10-15T20:00:00Z,Oct2019,Optimal,SLATE_A,157397,147489,72016,54291,38169,59437,60419,19259,-1062007911,491804963,360026268,343075086,14897527
ASP_1910_06,Light_Sweet_Slate_Oct2019,2019-10-01T12:00:00Z,Oct2019,Optimal,SLATE_D,157397,147489,72016,54291,38169,78432,57151,12766,-1278296810,418225912,301472149,437092194,15453817
ASP_1910_07,Coker_Max_Run_Oct2019,2019-10-02T06:00:00Z,Oct2019,Optimal,SLATE_F,157397,147489,72016,54291,38169,69999,62333,17805,-1105433353,393858007,338911971,365778256,14790044
ASP_1910_08,Product_Demand_High_Oct2019,2019-10-24T15:00:00Z,Oct2019,Optimal,SLATE_C,157397,147489,72016,54291,38169,76755,62902,15196,-1347184293,491257093,406659327,365136346,15659902
ASP_1910_09,Base_Case_Oct2019,2019-10-12T01:00:00Z,Oct2019,Optimal,SLATE_A,157397,147489,72016,54291,38169,68652,59105,16546,-1111135186,378940346,381888563,364202932,13896655
ASP_1910_10,High_Crude_Price_Oct2019,2019-10-24T08:00:00Z,Oct2019,Optimal,SLATE_F,157397,147489,72016,54291,38169,62695,59857,17767,-1059577447,511151227,310409294,344965965,14811869
ASP_1910_11,Max_Diesel_Mode_Oct2019,2019-10-20T09:00:00Z,Oct2019,Optimal,SLATE_B,157397,147489,72016,54291,38169,62389,69436,15398,-1230501146,457969942,335025627,394140677,15230392
ASP_1910_12,Min_Fuel_Oil_Oct2019,2019-10-16T13:00:00Z,Oct2019,Optimal,SLATE_C,157397,147489,72016,54291,38169,70478,63175,14069,-1214281356,391933160,375180068,426665087,14864377
ASP_1910_13,Heavy_Crude_Slate_Oct2019,2019-10-22T18:00:00Z,Oct2019,Optimal,SLATE_A,157397,147489,72016,54291,38169,63921,58858,19263,-997028997,413549879,292008373,416963661,14711916
ASP_1910_14,Light_Sweet_Slate_Oct2019,2019-10-20T07:00:00Z,Oct2019,Optimal,SLATE_C,157397,147489,72016,54291,38169,74194,56883,13093,-1202129971,366386752,293039959,428789973,14886352
ASP_1910_15,Coker_Max_Run_Oct2019,2019-10-21T19:00:00Z,Oct2019,Optimal,SLATE_F,157397,147489,72016,54291,38169,67009,63636,17438,-1269419177,478647555,363041151,417689013,14849114
ASP_1910_16,Product_Demand_High_Oct2019,2019-10-03T08:00:00Z,Oct2019,Optimal,SLATE_D,157397,147489,72016,54291,38169,76534,64658,15874,-1356899345,503188079,352700073,417444556,16944425
ASP_1910_17,Base_Case_Oct2019,2019-10-10T07:00:00Z,Oct2019,Optimal,SLATE_B,157397,147489,72016,54291,38169,67459,62243,16745,-1154605995,514320382,305422961,350590318,15727666
ASP_1910_18,High_Crude_Price_Oct2019,2019-10-24T22:00:00Z,Oct2019,Optimal,SLATE_C,157397,147489,72016,54291,38169,63564,54912,17399,-1162269132,536470001,300155276,440549466,13838729
ASP_1910_19,Max_Diesel_Mode_Oct2019,2019-10-21T00:00:00Z,Oct2019,Optimal,SLATE_E,157397,147489,72016,54291,38169,60652,71203,15901,-1216187036,456656227,335477455,381217963,15078277
ASP_1910_20,Min_Fuel_Oil_Oct2019,2019-10-19T16:00:00Z,Oct2019,Optimal,SLATE_A,157397,147489,72016,54291,38169,69248,63141,13464,-1247940109,418899846,385952620,420996598,14256725
ASP_1910_21,Heavy_Crude_Slate_Oct2019,2019-10-13T11:00:00Z,Oct2019,Optimal,SLATE_B,157397,147489,72016,54291,38169,63240,58850,20663,-1083167249,447531947,359160139,410134475,13307395
ASP_1910_22,Light_Sweet_Slate_Oct2019,2019-10-25T22:00:00Z,Oct2019,Optimal,SLATE_B,157397,147489,72016,54291,38169,71368,57144,12762,-1450639008,529116642,352985587,427318886,14207715
ASP_1910_23,Coker_Max_Run_Oct2019,2019-10-21T03:00:00Z,Oct2019,Optimal,SLATE_D,157397,147489,72016,54291,38169,68837,61118,17775,-1169333019,535516969,287874742,338738609,15725399
ASP_1910_24,Product_Demand_High_Oct2019,2019-10-19T12:00:00Z,Oct2019,Optimal,SLATE_C,157397,147489,72016,54291,38169,71454,62919,15535,-1366836428,503289009,361194601,416439929,15334253
ASP_1910_25,Base_Case_Oct2019,2019-10-01T12:00:00Z,Oct2019,Optimal,SLATE_B,157397,147489,72016,54291,38169,65998,57888,16557,-1161647446,537046435,292205064,347427362,15031415
ASP_1910_26,High_Crude_Price_Oct2019,2019-10-22T01:00:00Z,Oct2019,Optimal,SLATE_C,157397,147489,72016,54291,38169,63704,59140,16852,-1174762876,459592681,406256388,425350268,14283167
ASP_1910_27,Max_Diesel_Mode_Oct2019,2019-10-04T01:00:00Z,Oct2019,Optimal,SLATE_F,157397,147489,72016,54291,38169,58731,65435,15574,-1192215454,411330049,291989557,446383129,14259445
ASP_1910_28,Min_Fuel_Oil_Oct2019,2019-10-12T07:00:00Z,Oct2019,Optimal,SLATE_A,157397,147489,72016,54291,38169,69100,58934,13642,-1182300265,434539242,359581195,368423305,14679407
ASP_1910_29,Heavy_Crude_Slate_Oct2019,2019-10-23T12:00:00Z,Oct2019,Optimal,SLATE_B,157397,147489,72016,54291,38169,59027,56413,20429,-994629485,451464092,314237451,353104193,13661863
ASP_1910_30,Light_Sweet_Slate_Oct2019,2019-10-17T13:00:00Z,Oct2019,Optimal,SLATE_E,157397,147489,72016,54291,38169,76067,60280,12644,-1419860188,512006613,409158352,362262404,15695058
ASP_1910_31,Coker_Max_Run_Oct2019,2019-10-06T18:00:00Z,Oct2019,Optimal,SLATE_A,157397,147489,72016,54291,38169,69797,60521,17889,-1265231554,459466683,389577175,405536182,14156947
ASP_1910_32,Product_Demand_High_Oct2019,2019-10-18T21:00:00Z,Oct2019,Optimal,SLATE_F,157397,147489,72016,54291,38169,75001,61838,15326,-1332674975,513334658,319600048,416550382,15526777
ASP_1910_33,Base_Case_Oct2019,2019-10-01T09:00:00Z,Oct2019,Optimal,SLATE_B,157397,147489,72016,54291,38169,66606,61276,16978,-1244468626,513097451,370293969,375523060,14445854
ASP_1910_34,High_Crude_Price_Oct2019,2019-10-04T07:00:00Z,Oct2019,Optimal,SLATE_A,157397,147489,72016,54291,38169,64924,54893,16135,-1050337023,387842062,323556877,444184750,13913011
ASP_1910_35,Max_Diesel_Mode_Oct2019,2019-10-19T20:00:00Z,Oct2019,Optimal,SLATE_C,157397,147489,72016,54291,38169,61941,69753,15798,-1269168466,483241388,302968758,436993004,14471277
ASP_1910_36,Min_Fuel_Oil_Oct2019,2019-10-02T16:00:00Z,Oct2019,Optimal,SLATE_E,157397,147489,72016,54291,38169,68503,58295,14696,-1166810117,468472664,341479188,337202597,14329092
ASP_1911_01,Base_Case_Nov2019,2019-11-27T00:00:00Z,Nov2019,Optimal,SLATE_F,171242,157258,74944,66198,33854,74250,69631,21302,-1313515382,507775333,366034356,456294081,16588388
ASP_1911_02,High_Crude_Price_Nov2019,2019-11-10T01:00:00Z,Nov2019,Optimal,SLATE_C,171242,157258,74944,66198,33854,71478,68037,22714,-1173129154,537685871,358516012,395853550,16915048
ASP_1911_03,Max_Diesel_Mode_Nov2019,2019-11-22T14:00:00Z,Nov2019,Optimal,SLATE_D,171242,157258,74944,66198,33854,64929,80081,21097,-1499436021,521338015,438032637,485763164,17099510
ASP_1911_04,Min_Fuel_Oil_Nov2019,2019-11-15T19:00:00Z,Nov2019,Optimal,SLATE_E,171242,157258,74944,66198,33854,75043,73263,18073,-1278195189,517932085,356122986,382811554,15900422
ASP_1911_05,Heavy_Crude_Slate_Nov2019,2019-11-04T15:00:00Z,Nov2019,Optimal,SLATE_A,171242,157258,74944,66198,33854,61856,67931,25710,-1106486619,500568252,365237796,378989427,15365898
ASP_1911_06,Light_Sweet_Slate_Nov2019,2019-11-01T19:00:00Z,Nov2019,Optimal,SLATE_C,171242,157258,74944,66198,33854,82681,66626,17966,-1340696017,443392432,361812702,407802369,15957487
ASP_1911_07,Coker_Max_Run_Nov2019,2019-11-23T03:00:00Z,Nov2019,Optimal,SLATE_D,171242,157258,74944,66198,33854,72569,71675,23103,-1374812837,497189079,418899200,448075896,16308452
ASP_1911_08,Product_Demand_High_Nov2019,2019-11-20T08:00:00Z,Nov2019,Optimal,SLATE_A,171242,157258,74944,66198,33854,80954,69793,20710,-1277678295,509037879,315159718,377221953,18384091
ASP_1911_09,Base_Case_Nov2019,2019-11-10T05:00:00Z,Nov2019,Optimal,SLATE_B,171242,157258,74944,66198,33854,71486,65665,22369,-1284232150,520530925,350494858,428908477,15702110
ASP_1911_10,High_Crude_Price_Nov2019,2019-11-15T15:00:00Z,Nov2019,Optimal,SLATE_C,171242,157258,74944,66198,33854,67893,64596,21770,-1276872250,504649399,443242363,455238969,15226111
ASP_1911_11,Max_Diesel_Mode_Nov2019,2019-11-10T10:00:00Z,Nov2019,Optimal,SLATE_A,171242,157258,74944,66198,33854,66251,80522,21435,-1358662488,496043428,377419172,436892415,16390740
ASP_1911_12,Min_Fuel_Oil_Nov2019,2019-11-20T06:00:00Z,Nov2019,Optimal,SLATE_E,171242,157258,74944,66198,33854,74132,72362,17889,-1414005470,566619463,386598515,436547025,16944158
ASP_1911_13,Heavy_Crude_Slate_Nov2019,2019-11-19T20:00:00Z,Nov2019,Optimal,SLATE_E,171242,157258,74944,66198,33854,67927,67956,25765,-1190320888,447000348,406453446,485565900,16440929
ASP_1911_14,Light_Sweet_Slate_Nov2019,2019-11-01T11:00:00Z,Nov2019,Optimal,SLATE_F,171242,157258,74944,66198,33854,82947,69461,18121,-1345284476,470362771,385234342,363391834,17842093
ASP_1911_15,Coker_Max_Run_Nov2019,2019-11-25T14:00:00Z,Nov2019,Optimal,SLATE_D,171242,157258,74944,66198,33854,69665,73805,23251,-1427131903,486833990,441658024,486710385,16053474
ASP_1911_16,Product_Demand_High_Nov2019,2019-11-17T03:00:00Z,Nov2019,Optimal,SLATE_B,171242,157258,74944,66198,33854,74700,75187,20867,-1330166146,448290905,374185482,425689665,16530731
ASP_1911_17,Base_Case_Nov2019,2019-11-09T04:00:00Z,Nov2019,Optimal,SLATE_A,171242,157258,74944,66198,33854,71624,72295,21667,-1446003250,545963151,443339485,474144717,17444103
ASP_1911_18,High_Crude_Price_Nov2019,2019-11-20T14:00:00Z,Nov2019,Optimal,SLATE_E,171242,157258,74944,66198,33854,67504,65474,21510,-1135237921,533298738,338285506,378003044,15633026
ASP_1911_19,Max_Diesel_Mode_Nov2019,2019-11-06T20:00:00Z,Nov2019,Optimal,SLATE_B,171242,157258,74944,66198,33854,67574,80971,20982,-1371256709,527066441,356788383,439112909,17008962
ASP_1911_20,Min_Fuel_Oil_Nov2019,2019-11-01T01:00:00Z,Nov2019,Optimal,SLATE_E,171242,157258,74944,66198,33854,75546,72052,19305,-1196088406,446172124,312580900,418995851,16497995
ASP_1911_21,Heavy_Crude_Slate_Nov2019,2019-11-21T03:00:00Z,Nov2019,Optimal,SLATE_D,171242,157258,74944,66198,33854,63997,66253,27124,-1156527259,490389437,399066372,410738360,15163881
ASP_1911_22,Light_Sweet_Slate_Nov2019,2019-11-07T06:00:00Z,Nov2019,Optimal,SLATE_E,171242,157258,74944,66198,33854,76416,70603,18309,-1332821465,397266657,365263962,443736743,16248196
ASP_1911_23,Coker_Max_Run_Nov2019,2019-11-19T19:00:00Z,Nov2019,Optimal,SLATE_B,171242,157258,74944,66198,33854,68903,74651,23593,-1276770131,568082658,338749338,361466811,16563384
ASP_1911_24,Product_Demand_High_Nov2019,2019-11-17T08:00:00Z,Nov2019,Optimal,SLATE_E,171242,157258,74944,66198,33854,74863,75339,21558,-1239961591,443553768,326812112,395253447,17506742
ASP_1911_25,Base_Case_Nov2019,2019-11-14T12:00:00Z,Nov2019,Optimal,SLATE_A,171242,157258,74944,66198,33854,71325,67341,20975,-1305993386,453766408,432806071,435997227,16576320
ASP_1911_26,High_Crude_Price_Nov2019,2019-11-19T05:00:00Z,Nov2019,Optimal,SLATE_B,171242,157258,74944,66198,33854,71208,68277,21676,-1052832575,403174508,369332936,387763779,15887989
ASP_1911_27,Max_Diesel_Mode_Nov2019,2019-11-25T14:00:00Z,Nov2019,Optimal,SLATE_C,171242,157258,74944,66198,33854,63697,77977,20965,-1324124487,455495264,392901607,428790133,16116064
ASP_1911_28,Min_Fuel_Oil_Nov2019,2019-11-11T12:00:00Z,Nov2019,Optimal,SLATE_B,171242,157258,74944,66198,33854,72426,68653,19206,-1327503600,416747013,431229069,457086131,16223766
ASP_1911_29,Heavy_Crude_Slate_Nov2019,2019-11-14T18:00:00Z,Nov2019,Optimal,SLATE_F,171242,157258,74944,66198,33854,61808,70392,26147,-1241669327,506865405,435078929,453354729,15666477
ASP_1911_30,Light_Sweet_Slate_Nov2019,2019-11-12T22:00:00Z,Nov2019,Optimal,SLATE_F,171242,157258,74944,66198,33854,77806,64471,17529,-1480911720,477676575,410708808,450117092,16259867
ASP_1911_31,Coker_Max_Run_Nov2019,2019-11-14T04:00:00Z,Nov2019,Optimal,SLATE_B,171242,157258,74944,66198,33854,73365,70973,23469,-1277961993,487314860,310206542,472724517,17342004
ASP_1911_32,Product_Demand_High_Nov2019,2019-11-24T09:00:00Z,Nov2019,Optimal,SLATE_F,171242,157258,74944,66198,33854,79388,70379,20005,-1531627362,545582568,420283362,469454173,17146619
ASP_1911_33,Base_Case_Nov2019,2019-11-16T15:00:00Z,Nov2019,Optimal,SLATE_A,171242,157258,74944,66198,33854,70587,66043,22784,-1262378076,499320715,400237072,379078347,16258058
ASP_1911_34,High_Crude_Price_Nov2019,2019-11-22T19:00:00Z,Nov2019,Optimal,SLATE_F,171242,157258,74944,66198,33854,71017,66483,22196,-1278318986,494376302,440019840,470083515,15002498
ASP_1911_35,Max_Diesel_Mode_Nov2019,2019-11-12T15:00:00Z,Nov2019,Optimal,SLATE_D,171242,157258,74944,66198,33854,64718,80622,20229,-1291305773,518389886,311893368,416198902,16667134
ASP_1911_36,Min_Fuel_Oil_Nov2019,2019-11-20T01:00:00Z,Nov2019,Optimal,SLATE_B,171242,157258,74944,66198,33854,70370,73474,19204,-1306495849,543375732,311327346,430699033,16959539
ASP_1912_01,Base_Case_Dec2019,2019-12-19T04:00:00Z,Dec2019,Optimal,SLATE_B,147624,134590,61637,46162,35515,58725,57962,20755,-1017829570,387596992,297087588,346966955,13821965
ASP_1912_02,High_Crude_Price_Dec2019,2019-12-27T05:00:00Z,Dec2019,Optimal,SLATE_B,147624,134590,61637,46162,35515,56938,59176,21062,-1014341105,458735386,299021535,358358221,13570462
ASP_1912_03,Max_Diesel_Mode_Dec2019,2019-12-24T04:00:00Z,Dec2019,Optimal,SLATE_C,147624,134590,61637,46162,35515,55997,70556,18746,-1146030827,437232281,354282789,313640829,13697968
ASP_1912_04,Min_Fuel_Oil_Dec2019,2019-12-11T19:00:00Z,Dec2019,Optimal,SLATE_E,147624,134590,61637,46162,35515,60191,62513,17630,-1058521793,344937111,281873609,415719212,14838870
ASP_1912_05,Heavy_Crude_Slate_Dec2019,2019-12-09T06:00:00Z,Dec2019,Optimal,SLATE_A,147624,134590,61637,46162,35515,57597,57789,23136,-914459673,365075964,342275328,322113127,13398115
ASP_1912_06,Light_Sweet_Slate_Dec2019,2019-12-22T16:00:00Z,Dec2019,Optimal,SLATE_A,147624,134590,61637,46162,35515,66180,55970,16945,-1288498271,405522978,342280644,416051313,13410050
ASP_1912_07,Coker_Max_Run_Dec2019,2019-12-16T10:00:00Z,Dec2019,Optimal,SLATE_B,147624,134590,61637,46162,35515,62384,60171,22256,-1142569716,379067250,379256310,376085446,14242617
ASP_1912_08,Product_Demand_High_Dec2019,2019-12-05T04:00:00Z,Dec2019,Optimal,SLATE_F,147624,134590,61637,46162,35515,64899,64043,19163,-1038305632,340371132,277476213,358681385,15134626
ASP_1912_09,Base_Case_Dec2019,2019-12-14T03:00:00Z,Dec2019,Optimal,SLATE_B,147624,134590,61637,46162,35515,60700,58921,20946,-1123760546,462026283,282198616,393748816,14213169
ASP_1912_10,High_Crude_Price_Dec2019,2019-12-23T12:00:00Z,Dec2019,Optimal,SLATE_B,147624,134590,61637,46162,35515,60345,59186,20778,-951566430,402007044,318124796,328218207,14038710
ASP_1912_11,Max_Diesel_Mode_Dec2019,2019-12-11T03:00:00Z,Dec2019,Optimal,SLATE_D,147624,134590,61637,46162,35515,56568,67090,18351,-1178991292,408790201,375113757,353359960,14415068
ASP_1912_12,Min_Fuel_Oil_Dec2019,2019-12-25T01:00:00Z,Dec2019,Optimal,SLATE_A,147624,134590,61637,46162,35515,62655,63493,17648,-1177855174,489543775,304372910,363956146,14324118
ASP_1912_13,Heavy_Crude_Slate_Dec2019,2019-12-06T20:00:00Z,Dec2019,Optimal,SLATE_B,147624,134590,61637,46162,35515,56556,60706,23204,-1115129255,502349074,361627168,388272243,13215979
ASP_1912_14,Light_Sweet_Slate_Dec2019,2019-12-25T09:00:00Z,Dec2019,Optimal,SLATE_E,147624,134590,61637,46162,35515,63886,61221,16377,-1219891013,381582139,339803367,382869530,15066631
ASP_1912_15,Coker_Max_Run_Dec2019,2019-12-03T02:00:00Z,Dec2019,Optimal,SLATE_E,147624,134590,61637,46162,35515,58188,61542,21662,-1132658973,457953313,323597116,343079644,14180099
ASP_1912_16,Product_Demand_High_Dec2019,2019-12-07T11:00:00Z,Dec2019,Optimal,SLATE_C,147624,134590,61637,46162,35515,67261,61544,19437,-1226876751,450476231,290129810,410993443,15602492
ASP_1912_17,Base_Case_Dec2019,2019-12-11T18:00:00Z,Dec2019,Optimal,SLATE_C,147624,134590,61637,46162,35515,61616,57655,20501,-1075803700,452369796,302413352,335186820,14166268
ASP_1912_18,High_Crude_Price_Dec2019,2019-12-03T05:00:00Z,Dec2019,Optimal,SLATE_A,147624,134590,61637,46162,35515,59029,55227,20596,-993936750,387187657,298897859,408274967,13994450
ASP_1912_19,Max_Diesel_Mode_Dec2019,2019-12-19T10:00:00Z,Dec2019,Optimal,SLATE_E,147624,134590,61637,46162,35515,56105,72282,20039,-1056520395,348716148,353612472,318513928,14632648
ASP_1912_20,Min_Fuel_Oil_Dec2019,2019-12-12T12:00:00Z,Dec2019,Optimal,SLATE_A,147624,134590,61637,46162,35515,61792,61610,16515,-1166948379,515046345,272848034,359509320,14444107
ASP_1912_21,Heavy_Crude_Slate_Dec2019,2019-12-24T14:00:00Z,Dec2019,Optimal,SLATE_E,147624,134590,61637,46162,35515,53998,58757,23525,-1113221383,504760954,325278836,420367561,13494703
ASP_1912_22,Light_Sweet_Slate_Dec2019,2019-12-21T09:00:00Z,Dec2019,Optimal,SLATE_D,147624,134590,61637,46162,35515,64690,61293,15456,-1232197031,377978844,323267105,413422689,14492717
ASP_1912_23,Coker_Max_Run_Dec2019,2019-12-23T07:00:00Z,Dec2019,Optimal,SLATE_E,147624,134590,61637,46162,35515,61111,61890,22549,-1092453661,340014960,342432958,403121486,14536403
ASP_1912_24,Product_Demand_High_Dec2019,2019-12-12T02:00:00Z,Dec2019,Optimal,SLATE_F,147624,134590,61637,46162,35515,67927,65207,19188,-1180326590,493997284,270363673,343528736,14994702
ASP_1912_25,Base_Case_Dec2019,2019-12-22T14:00:00Z,Dec2019,Optimal,SLATE_A,147624,134590,61637,46162,35515,60514,57928,19291,-1198609616,487225086,305385278,419939248,13939996
ASP_1912_26,High_Crude_Price_Dec2019,2019-12-12T14:00:00Z,Dec2019,Optimal,SLATE_F,147624,134590,61637,46162,35515,56694,57323,21095,-1023259176,349245754,380452538,396241082,13701139
ASP_1912_27,Max_Diesel_Mode_Dec2019,2019-12-14T09:00:00Z,Dec2019,Optimal,SLATE_F,147624,134590,61637,46162,35515,55367,66279,18213,-1225999204,501617602,343329111,336428848,13757271
ASP_1912_28,Min_Fuel_Oil_Dec2019,2019-12-03T22:00:00Z,Dec2019,Optimal,SLATE_F,147624,134590,61637,46162,35515,63054,61323,17793,-1153434415,456717229,357040018,320830498,14748507
ASP_1912_29,Heavy_Crude_Slate_Dec2019,2019-12-18T00:00:00Z,Dec2019,Optimal,SLATE_E,147624,134590,61637,46162,35515,53209,56653,24328,-1110624931,508938098,319760500,418705680,13376576
ASP_1912_30,Light_Sweet_Slate_Dec2019,2019-12-25T04:00:00Z,Dec2019,Optimal,SLATE_D,147624,134590,61637,46162,35515,69800,59951,15564,-1254424159,492869658,301570148,341097004,15515239
ASP_1912_31,Coker_Max_Run_Dec2019,2019-12-15T02:00:00Z,Dec2019,Optimal,SLATE_B,147624,134590,61637,46162,35515,60476,64704,22681,-1232524101,494466018,328473170,400707418,15289644
ASP_1912_32,Product_Demand_High_Dec2019,2019-12-01T05:00:00Z,Dec2019,Optimal,SLATE_F,147624,134590,61637,46162,35515,67799,65416,19388,-1140005446,393632673,365274897,311274225,14621196
ASP_1912_33,Base_Case_Dec2019,2019-12-21T08:00:00Z,Dec2019,Optimal,SLATE_D,147624,134590,61637,46162,35515,58635,59285,20884,-1132155567,385200735,356710670,403711081,13466919
ASP_1912_34,High_Crude_Price_Dec2019,2019-12-21T10:00:00Z,Dec2019,Optimal,SLATE_C,147624,134590,61637,46162,35515,60181,60401,21105,-942309775,400909228,287943400,349586453,14189325
ASP_1912_35,Max_Diesel_Mode_Dec2019,2019-12-18T16:00:00Z,Dec2019,Optimal,SLATE_A,147624,134590,61637,46162,35515,55928,67392,19265,-1147986064,369248691,369677218,368351928,13957776
ASP_1912_36,Min_Fuel_Oil_Dec2019,2019-12-05T20:00:00Z,Dec2019,Optimal,SLATE_A,147624,134590,61637,46162,35515,64046,58932,17124,-1300481070,515393610,378073672,384013286,14877587
ASP_2001_01,Base_Case_Jan2020,2020-01-07T15:00:00Z,Jan2020,Optimal,SLATE_C,132452,120682,64417,33981,23865,52298,53108,15857,-1019484745,411746766,314659945,304900176,11822142
ASP_2001_02,High_Crude_Price_Jan2020,2020-01-14T19:00:00Z,Jan2020,Optimal,SLATE_E,132452,120682,64417,33981,23865,49828,47015,15924,-1031082651,449260219,331077220,352545280,12140706
ASP_2001_03,Max_Diesel_Mode_Jan2020,2020-01-17T06:00:00Z,Jan2020,Optimal,SLATE_F,132452,120682,64417,33981,23865,47310,61205,14741,-1059359996,426241126,284991734,309825202,12143780
ASP_2001_04,Min_Fuel_Oil_Jan2020,2020-01-10T07:00:00Z,Jan2020,Optimal,SLATE_D,132452,120682,64417,33981,23865,56176,50154,13953,-1006221079,361370047,316792321,310883285,12131984
ASP_2001_05,Heavy_Crude_Slate_Jan2020,2020-01-24T05:00:00Z,Jan2020,Optimal,SLATE_F,132452,120682,64417,33981,23865,48657,51027,20029,-877933610,418377328,246066266,323217550,12179355
ASP_2001_06,Light_Sweet_Slate_Jan2020,2020-01-02T02:00:00Z,Jan2020,Optimal,SLATE_D,132452,120682,64417,33981,23865,58857,51825,12360,-1052687632,366835634,239868714,346558426,13363102
ASP_2001_07,Coker_Max_Run_Jan2020,2020-01-23T20:00:00Z,Jan2020,Optimal,SLATE_D,132452,120682,64417,33981,23865,52280,51576,17659,-1118277345,454477145,292075733,362560041,12762580
ASP_2001_08,Product_Demand_High_Jan2020,2020-01-26T20:00:00Z,Jan2020,Optimal,SLATE_F,132452,120682,64417,33981,23865,57694,51600,15084,-1155939098,425219724,326470000,330345281,11721025
ASP_2001_09,Base_Case_Jan2020,2020-01-03T08:00:00Z,Jan2020,Optimal,SLATE_D,132452,120682,64417,33981,23865,55616,49136,16551,-1087488867,432110814,339341769,328596917,12560633
ASP_2001_10,High_Crude_Price_Jan2020,2020-01-12T10:00:00Z,Jan2020,Optimal,SLATE_E,132452,120682,64417,33981,23865,50219,47249,16528,-899418874,326310912,315649121,347398667,11729489
ASP_2001_11,Max_Diesel_Mode_Jan2020,2020-01-25T12:00:00Z,Jan2020,Optimal,SLATE_C,132452,120682,64417,33981,23865,48629,56961,14969,-1110134400,454390732,307905819,307542184,12567877
ASP_2001_12,Min_Fuel_Oil_Jan2020,2020-01-26T18:00:00Z,Jan2020,Optimal,SLATE_D,132452,120682,64417,33981,23865,54422,53612,13593,-935820637,336682945,269552976,314787496,12459691
ASP_2001_13,Heavy_Crude_Slate_Jan2020,2020-01-07T20:00:00Z,Jan2020,Optimal,SLATE_C,132452,120682,64417,33981,23865,46417,51400,19317,-956211780,454293690,257632664,362168609,11637429
ASP_2001_14,Light_Sweet_Slate_Jan2020,2020-01-15T21:00:00Z,Jan2020,Optimal,SLATE_A,132452,120682,64417,33981,23865,60770,49135,12319,-1029790083,370909354,270847710,290060816,12362448
ASP_2001_15,Coker_Max_Run_Jan2020,2020-01-10T04:00:00Z,Jan2020,Optimal,SLATE_F,132452,120682,64417,33981,23865,50610,51090,18267,-938803898,337865479,299892061,294135608,11497169
ASP_2001_16,Product_Demand_High_Jan2020,2020-01-06T22:00:00Z,Jan2020,Optimal,SLATE_B,132452,120682,64417,33981,23865,57407,54131,15156,-1025551495,411526081,260585335,290476508,13003206
ASP_2001_17,Base_Case_Jan2020,2020-01-07T20:00:00Z,Jan2020,Optimal,SLATE_A,132452,120682,64417,33981,23865,50992,52461,15849,-1072759031,425422643,344316497,315037810,12017919
ASP_2001_18,High_Crude_Price_Jan2020,2020-01-05T01:00:00Z,Jan2020,Optimal,SLATE_F,132452,120682,64417,33981,23865,49970,46481,16295,-894616094,342164906,301578714,339714540,11049362
ASP_2001_19,Max_Diesel_Mode_Jan2020,2020-01-08T03:00:00Z,Jan2020,Optimal,SLATE_B,132452,120682,64417,33981,23865,50167,56506,14797,-978086099,373756549,258220658,311781606,12248242
ASP_2001_20,Min_Fuel_Oil_Jan2020,2020-01-01T17:00:00Z,Jan2020,Optimal,SLATE_B,132452,120682,64417,33981,23865,57340,50891,13634,-1134329850,460363980,311992170,341542521,12607554
ASP_2001_21,Heavy_Crude_Slate_Jan2020,2020-01-17T18:00:00Z,Jan2020,Optimal,SLATE_C,132452,120682,64417,33981,23865,47997,47711,19062,-861473614,420255831,262503841,285707997,11274764
ASP_2001_22,Light_Sweet_Slate_Jan2020,2020-01-09T05:00:00Z,Jan2020,Optimal,SLATE_F,132452,120682,64417,33981,23865,57241,50858,13313,-1027039932,356452374,247229530,325314728,11996692
ASP_2001_23,Coker_Max_Run_Jan2020,2020-01-17T20:00:00Z,Jan2020,Optimal,SLATE_F,132452,120682,64417,33981,23865,54029,52165,17090,-991138237,336050378,340204147,307770858,12321229
ASP_2001_24,Product_Demand_High_Jan2020,2020-01-12T11:00:00Z,Jan2020,Optimal,SLATE_E,132452,120682,64417,33981,23865,57850,52755,15813,-1089288290,372642984,330376925,318482849,12902489
ASP_2001_25,Base_Case_Jan2020,2020-01-23T00:00:00Z,Jan2020,Optimal,SLATE_A,132452,120682,64417,33981,23865,53794,49010,16155,-1020802221,386892500,290866477,355131526,12088282
ASP_2001_26,High_Crude_Price_Jan2020,2020-01-09T06:00:00Z,Jan2020,Optimal,SLATE_C,132452,120682,64417,33981,23865,50182,49477,16706,-1010651802,451824073,329918790,329146385,12354680
ASP_2001_27,Max_Diesel_Mode_Jan2020,2020-01-19T22:00:00Z,Jan2020,Optimal,SLATE_C,132452,120682,64417,33981,23865,47799,57908,15882,-1014933514,397590043,250530635,330770784,12288115
ASP_2001_28,Min_Fuel_Oil_Jan2020,2020-01-06T04:00:00Z,Jan2020,Optimal,SLATE_B,132452,120682,64417,33981,23865,55566,50302,13666,-1067753025,396817144,331480269,320523825,12167815
ASP_2001_29,Heavy_Crude_Slate_Jan2020,2020-01-23T06:00:00Z,Jan2020,Optimal,SLATE_C,132452,120682,64417,33981,23865,48360,51382,18304,-825918424,354416276,246995575,328796535,12521248
ASP_2001_30,Light_Sweet_Slate_Jan2020,2020-01-01T15:00:00Z,Jan2020,Optimal,SLATE_D,132452,120682,64417,33981,23865,58073,49613,12273,-1159058658,411125081,296568588,339592433,12412300
ASP_2001_31,Coker_Max_Run_Jan2020,2020-01-07T00:00:00Z,Jan2020,Optimal,SLATE_B,132452,120682,64417,33981,23865,53489,53759,18282,-926765381,341962647,253094573,325976743,12440452
ASP_2001_32,Product_Demand_High_Jan2020,2020-01-08T15:00:00Z,Jan2020,Optimal,SLATE_A,132452,120682,64417,33981,23865,55677,55047,14711,-965088453,318703048,307336860,280577294,13016782
ASP_2001_33,Base_Case_Jan2020,2020-01-02T10:00:00Z,Jan2020,Optimal,SLATE_A,132452,120682,64417,33981,23865,55332,50739,15251,-1010626626,455636182,288903698,278493018,12406272
ASP_2001_34,High_Crude_Price_Jan2020,2020-01-04T22:00:00Z,Jan2020,Optimal,SLATE_E,132452,120682,64417,33981,23865,48718,48966,17038,-830093718,345316594,265162810,303226754,11430377
ASP_2001_35,Max_Diesel_Mode_Jan2020,2020-01-03T00:00:00Z,Jan2020,Optimal,SLATE_A,132452,120682,64417,33981,23865,50406,59931,15363,-1031248549,426186937,253341497,314772142,12159100
ASP_2001_36,Min_Fuel_Oil_Jan2020,2020-01-17T02:00:00Z,Jan2020,Optimal,SLATE_B,132452,120682,64417,33981,23865,53652,50865,13663,-1127289588,448166252,293578537,364291473,11580351
ASP_2002_01,Base_Case_Feb2020,2020-02-24T19:00:00Z,Feb2020,Optimal,SLATE_E,136620,130806,68896,50537,32027,68347,52829,17765,-1016561823,361022157,281975245,388375742,14811321
ASP_2002_02,High_Crude_Price_Feb2020,2020-02-27T08:00:00Z,Feb2020,Optimal,SLATE_F,136620,130806,68896,50537,32027,60418,52733,17989,-1032589834,453220782,354238170,327941699,13020396
ASP_2002_03,Max_Diesel_Mode_Feb2020,2020-02-27T10:00:00Z,Feb2020,Optimal,SLATE_F,136620,130806,68896,50537,32027,59401,61223,16272,-1004627295,328636967,335423582,306957448,14230097
ASP_2002_04,Min_Fuel_Oil_Feb2020,2020-02-22T04:00:00Z,Feb2020,Optimal,SLATE_E,136620,130806,68896,50537,32027,69206,56853,14652,-1125726319,395396763,325407647,385617652,13483888
ASP_2002_05,Heavy_Crude_Slate_Feb2020,2020-02-07T05:00:00Z,Feb2020,Optimal,SLATE_A,136620,130806,68896,50537,32027,62088,51438,20591,-915981604,315656754,336491568,379770224,14161208
ASP_2002_06,Light_Sweet_Slate_Feb2020,2020-02-27T07:00:00Z,Feb2020,Optimal,SLATE_F,136620,130806,68896,50537,32027,74434,52399,13916,-1231517631,404622621,343447949,365416855,13918111
ASP_2002_07,Coker_Max_Run_Feb2020,2020-02-12T08:00:00Z,Feb2020,Optimal,SLATE_A,136620,130806,68896,50537,32027,63283,56474,19695,-1145459292,459958887,336502800,339883319,13345700
ASP_2002_08,Product_Demand_High_Feb2020,2020-02-27T01:00:00Z,Feb2020,Optimal,SLATE_F,136620,130806,68896,50537,32027,69697,56295,16644,-1105969348,407354232,273100368,359051745,15460652
ASP_2002_09,Base_Case_Feb2020,2020-02-23T19:00:00Z,Feb2020,Optimal,SLATE_B,136620,130806,68896,50537,32027,62943,55551,18085,-953977573,318273466,271628581,378729391,14653865
ASP_2002_10,High_Crude_Price_Feb2020,2020-02-23T16:00:00Z,Feb2020,Optimal,SLATE_D,136620,130806,68896,50537,32027,60132,53973,17979,-948131909,430950418,292947950,320156288,13476493
ASP_2002_11,Max_Diesel_Mode_Feb2020,2020-02-13T22:00:00Z,Feb2020,Optimal,SLATE_A,136620,130806,68896,50537,32027,61344,62216,16165,-1030846169,339689600,269975386,387010751,14917480
ASP_2002_12,Min_Fuel_Oil_Feb2020,2020-02-10T17:00:00Z,Feb2020,Optimal,SLATE_D,136620,130806,68896,50537,32027,66178,53394,15537,-989293630,317887211,281788843,375006079,14202880
ASP_2002_13,Heavy_Crude_Slate_Feb2020,2020-02-23T00:00:00Z,Feb2020,Optimal,SLATE_C,136620,130806,68896,50537,32027,62014,51453,21854,-1037829637,444453490,338802167,383233910,13345525
ASP_2002_14,Light_Sweet_Slate_Feb2020,2020-02-22T12:00:00Z,Feb2020,Optimal,SLATE_A,136620,130806,68896,50537,32027,69289,52188,13934,-1250744880,463711113,283554566,382717283,13246462
ASP_2002_15,Coker_Max_Run_Feb2020,2020-02-12T05:00:00Z,Feb2020,Optimal,SLATE_A,136620,130806,68896,50537,32027,67213,56053,18995,-886893462,338159223,249687948,296287335,14631111
ASP_2002_16,Product_Demand_High_Feb2020,2020-02-04T12:00:00Z,Feb2020,Optimal,SLATE_F,136620,130806,68896,50537,32027,70243,55258,17435,-1090128488,364204408,342229898,318328913,15384989
ASP_2002_17,Base_Case_Feb2020,2020-02-11T08:00:00Z,Feb2020,Optimal,SLATE_C,136620,130806,68896,50537,32027,63097,57249,16971,-1145926341,454306189,334635004,371336564,14351416
ASP_2002_18,High_Crude_Price_Feb2020,2020-02-26T20:00:00Z,Feb2020,Optimal,SLATE_B,136620,130806,68896,50537,32027,59746,54483,17930,-828665184,320086231,247272657,345885300,12521161
ASP_2002_19,Max_Diesel_Mode_Feb2020,2020-02-27T04:00:00Z,Feb2020,Optimal,SLATE_D,136620,130806,68896,50537,32027,58819,63705,16523,-1083903724,439223689,310404540,297513657,14852625
ASP_2002_20,Min_Fuel_Oil_Feb2020,2020-02-05T06:00:00Z,Feb2020,Optimal,SLATE_D,136620,130806,68896,50537,32027,66826,54693,15447,-1043646028,409173211,283723020,334702771,14350431
ASP_2002_21,Heavy_Crude_Slate_Feb2020,2020-02-21T01:00:00Z,Feb2020,Optimal,SLATE_C,136620,130806,68896,50537,32027,61334,55366,20895,-962482125,476380328,290254398,317088428,14298570
ASP_2002_22,Light_Sweet_Slate_Feb2020,2020-02-12T04:00:00Z,Feb2020,Optimal,SLATE_E,136620,130806,68896,50537,32027,72650,56054,14864,-1044995227,332666319,300086738,314934092,14655696
ASP_2002_23,Coker_Max_Run_Feb2020,2020-02-13T18:00:00Z,Feb2020,Optimal,SLATE_A,136620,130806,68896,50537,32027,63884,55174,20142,-1044207030,437460837,259851110,341036166,14615730
ASP_2002_24,Product_Demand_High_Feb2020,2020-02-19T21:00:00Z,Feb2020,Optimal,SLATE_C,136620,130806,68896,50537,32027,74241,56014,17331,-1240109595,442902464,334768345,384903146,14324330
ASP_2002_25,Base_Case_Feb2020,2020-02-10T04:00:00Z,Feb2020,Optimal,SLATE_B,136620,130806,68896,50537,32027,66751,55170,18666,-962472051,355269747,300158842,321258742,14215280
ASP_2002_26,High_Crude_Price_Feb2020,2020-02-20T19:00:00Z,Feb2020,Optimal,SLATE_B,136620,130806,68896,50537,32027,60058,53046,19008,-891951198,357165772,247246804,378147830,13048234
ASP_2002_27,Max_Diesel_Mode_Feb2020,2020-02-15T20:00:00Z,Feb2020,Optimal,SLATE_A,136620,130806,68896,50537,32027,60105,61093,16599,-1105077827,472022227,252097965,342833344,14498462
ASP_2002_28,Min_Fuel_Oil_Feb2020,2020-02-11T22:00:00Z,Feb2020,Optimal,SLATE_A,136620,130806,68896,50537,32027,64034,55385,15114,-937287778,323012122,250786196,348942113,12752297
ASP_2002_29,Heavy_Crude_Slate_Feb2020,2020-02-04T02:00:00Z,Feb2020,Optimal,SLATE_D,136620,130806,68896,50537,32027,58419,55649,22158,-1056035927,453579977,354947969,378395413,13550106
ASP_2002_30,Light_Sweet_Slate_Feb2020,2020-02-05T21:00:00Z,Feb2020,Optimal,SLATE_B,136620,130806,68896,50537,32027,75793,54776,14779,-1232300672,450598067,286246810,377583899,14160318
ASP_2002_31,Coker_Max_Run_Feb2020,2020-02-01T10:00:00Z,Feb2020,Optimal,SLATE_A,136620,130806,68896,50537,32027,64776,55039,20193,-1027047619,332971043,315037168,373445960,14544740
ASP_2002_32,Product_Demand_High_Feb2020,2020-02-11T03:00:00Z,Feb2020,Optimal,SLATE_B,136620,130806,68896,50537,32027,71129,56289,16916,-1160070472,468870587,288295476,332465407,15492144
ASP_2002_33,Base_Case_Feb2020,2020-02-06T01:00:00Z,Feb2020,Optimal,SLATE_F,136620,130806,68896,50537,32027,68301,54606,18114,-1099254356,470332286,338908354,304501790,14488074
ASP_2002_34,High_Crude_Price_Feb2020,2020-02-09T01:00:00Z,Feb2020,Optimal,SLATE_C,136620,130806,68896,50537,32027,59785,53312,18795,-804579341,333308495,252907515,302136171,13809419
ASP_2002_35,Max_Diesel_Mode_Feb2020,2020-02-10T21:00:00Z,Feb2020,Optimal,SLATE_D,136620,130806,68896,50537,32027,58267,65342,16096,-1141122392,409739026,354230577,337172398,14358770
ASP_2002_36,Min_Fuel_Oil_Feb2020,2020-02-16T13:00:00Z,Feb2020,Optimal,SLATE_D,136620,130806,68896,50537,32027,65985,56107,15301,-925238598,336184947,248593131,327715087,14203264
ASP_2003_01,Base_Case_Mar2020,2020-03-25T02:00:00Z,Mar2020,Optimal,SLATE_E,143627,137227,55925,45537,40304,62957,59018,19263,-1149775749,441742845,336599280,385337405,13903781
ASP_2003_02,High_Crude_Price_Mar2020,2020-03-27T04:00:00Z,Mar2020,Optimal,SLATE_E,143627,137227,55925,45537,40304,59546,56603,19082,-962221411,401908564,323028248,334370650,13414623
ASP_2003_03,Max_Diesel_Mode_Mar2020,2020-03-27T01:00:00Z,Mar2020,Optimal,SLATE_B,143627,137227,55925,45537,40304,54748,65194,18095,-1007691880,377278306,281063391,315474249,14109393
ASP_2003_04,Min_Fuel_Oil_Mar2020,2020-03-02T21:00:00Z,Mar2020,Optimal,SLATE_F,143627,137227,55925,45537,40304,64209,60923,16904,-1115472626,448308098,264257065,385576011,15158041
ASP_2003_05,Heavy_Crude_Slate_Mar2020,2020-03-02T06:00:00Z,Mar2020,Optimal,SLATE_B,143627,137227,55925,45537,40304,56009,56414,24238,-919677947,433549303,283687438,317769928,13142283
ASP_2003_06,Light_Sweet_Slate_Mar2020,2020-03-11T22:00:00Z,Mar2020,Optimal,SLATE_F,143627,137227,55925,45537,40304,71248,58976,15112,-1282025580,426654861,360650264,371383126,14022554
ASP_2003_07,Coker_Max_Run_Mar2020,2020-03-06T21:00:00Z,Mar2020,Optimal,SLATE_A,143627,137227,55925,45537,40304,62465,58720,20488,-1104614641,405687827,300471597,391810097,15013990
ASP_2003_08,Product_Demand_High_Mar2020,2020-03-08T14:00:00Z,Mar2020,Optimal,SLATE_A,143627,137227,55925,45537,40304,70686,58984,19040,-1208880710,484462555,299983557,350022129,15134250
ASP_2003_09,Base_Case_Mar2020,2020-03-07T19:00:00Z,Mar2020,Optimal,SLATE_B,143627,137227,55925,45537,40304,65402,59356,19278,-1140093604,470338657,364263760,320684856,15193669
ASP_2003_10,High_Crude_Price_Mar2020,2020-03-09T03:00:00Z,Mar2020,Optimal,SLATE_F,143627,137227,55925,45537,40304,59897,55414,19424,-1075226528,497789144,300715962,383234545,13015163
ASP_2003_11,Max_Diesel_Mode_Mar2020,2020-03-13T02:00:00Z,Mar2020,Optimal,SLATE_B,143627,137227,55925,45537,40304,57042,63156,19393,-1217511272,472240777,293454897,408528269,14689398
ASP_2003_12,Min_Fuel_Oil_Mar2020,2020-03-24T06:00:00Z,Mar2020,Optimal,SLATE_F,143627,137227,55925,45537,40304,66528,57851,16225,-1147963750,498002486,303964758,326976580,14415911
ASP_2003_13,Heavy_Crude_Slate_Mar2020,2020-03-25T08:00:00Z,Mar2020,Optimal,SLATE_E,143627,137227,55925,45537,40304,57028,55427,23767,-995603285,460948204,334236925,324638285,13597541
ASP_2003_14,Light_Sweet_Slate_Mar2020,2020-03-01T09:00:00Z,Mar2020,Optimal,SLATE_E,143627,137227,55925,45537,40304,70487,58963,16297,-1192092258,336438957,342879149,400283179,15233197
ASP_2003_15,Coker_Max_Run_Mar2020,2020-03-13T06:00:00Z,Mar2020,Optimal,SLATE_D,143627,137227,55925,45537,40304,60137,60807,20860,-1075224251,442507126,299940141,326045400,14351244
ASP_2003_16,Product_Demand_High_Mar2020,2020-03-17T09:00:00Z,Mar2020,Optimal,SLATE_E,143627,137227,55925,45537,40304,67528,60648,19252,-1192575502,380955556,334588335,403807060,15114375
ASP_2003_17,Base_Case_Mar2020,2020-03-04T12:00:00Z,Mar2020,Optimal,SLATE_E,143627,137227,55925,45537,40304,61343,59639,19432,-1193509969,474051726,342181055,391392494,14115306
ASP_2003_18,High_Crude_Price_Mar2020,2020-03-02T18:00:00Z,Mar2020,Optimal,SLATE_F,143627,137227,55925,45537,40304,57579,56877,20669,-1098813393,442577118,373148895,391716050,13079679
ASP_2003_19,Max_Diesel_Mode_Mar2020,2020-03-16T11:00:00Z,Mar2020,Optimal,SLATE_E,143627,137227,55925,45537,40304,58943,63573,17700,-1150077061,478362452,319716627,310496554,13264146
ASP_2003_20,Min_Fuel_Oil_Mar2020,2020-03-04T07:00:00Z,Mar2020,Optimal,SLATE_B,143627,137227,55925,45537,40304,66090,57092,17258,-1112737951,461903606,293877828,337880985,13334311
ASP_2003_21,Heavy_Crude_Slate_Mar2020,2020-03-19T14:00:00Z,Mar2020,Optimal,SLATE_F,143627,137227,55925,45537,40304,55541,56250,23542,-1046027203,491216368,300690469,383449815,13104204
ASP_2003_22,Light_Sweet_Slate_Mar2020,2020-03-09T13:00:00Z,Mar2020,Optimal,SLATE_E,143627,137227,55925,45537,40304,68486,54894,14988,-1246326337,462220190,350171649,314609541,14210007
ASP_2003_23,Coker_Max_Run_Mar2020,2020-03-24T20:00:00Z,Mar2020,Optimal,SLATE_F,143627,137227,55925,45537,40304,62197,60216,22530,-1169188557,436133794,315731984,408165764,13768250
ASP_2003_24,Product_Demand_High_Mar2020,2020-03-22T15:00:00Z,Mar2020,Optimal,SLATE_C,143627,137227,55925,45537,40304,66981,64180,18050,-1077909102,335130981,305436961,372955419,15459377
ASP_2003_25,Base_Case_Mar2020,2020-03-24T11:00:00Z,Mar2020,Optimal,SLATE_A,143627,137227,55925,45537,40304,60792,58417,18706,-1160844888,435315819,353060841,387206701,14738473
ASP_2003_26,High_Crude_Price_Mar2020,2020-03-14T22:00:00Z,Mar2020,Optimal,SLATE_C,143627,137227,55925,45537,40304,59410,57837,19539,-969442433,410130285,261174175,396313307,13875991
ASP_2003_27,Max_Diesel_Mode_Mar2020,2020-03-10T05:00:00Z,Mar2020,Optimal,SLATE_F,143627,137227,55925,45537,40304,57094,68017,18695,-1164160252,496894427,273636707,352509645,14316729
ASP_2003_28,Min_Fuel_Oil_Mar2020,2020-03-15T11:00:00Z,Mar2020,Optimal,SLATE_E,143627,137227,55925,45537,40304,64401,58382,16710,-1076365548,357182804,302911714,398736714,13816136
ASP_2003_29,Heavy_Crude_Slate_Mar2020,2020-03-10T15:00:00Z,Mar2020,Optimal,SLATE_D,143627,137227,55925,45537,40304,57856,56204,24201,-1045144729,424228146,359063697,391676031,13695952
ASP_2003_30,Light_Sweet_Slate_Mar2020,2020-03-15T02:00:00Z,Mar2020,Optimal,SLATE_F,143627,137227,55925,45537,40304,70397,58291,15386,-1255159572,427634237,333727317,373365481,14048845
ASP_2003_31,Coker_Max_Run_Mar2020,2020-03-02T12:00:00Z,Mar2020,Optimal,SLATE_A,143627,137227,55925,45537,40304,61963,59307,21752,-1109724828,401909843,295855398,404498307,14298030
ASP_2003_32,Product_Demand_High_Mar2020,2020-03-02T19:00:00Z,Mar2020,Optimal,SLATE_E,143627,137227,55925,45537,40304,67788,61479,18821,-1170212636,385384392,312154547,401919943,15928663
ASP_2003_33,Base_Case_Mar2020,2020-03-01T07:00:00Z,Mar2020,Optimal,SLATE_E,143627,137227,55925,45537,40304,64203,56600,19710,-1112612544,399873084,357231045,369812368,14303953
ASP_2003_34,High_Crude_Price_Mar2020,2020-03-24T11:00:00Z,Mar2020,Optimal,SLATE_E,143627,137227,55925,45537,40304,62642,54347,19723,-1048905630,479638875,292258841,382069879,13852779
ASP_2003_35,Max_Diesel_Mode_Mar2020,2020-03-11T09:00:00Z,Mar2020,Optimal,SLATE_C,143627,137227,55925,45537,40304,59566,68630,17697,-959703366,344221014,275329217,308430159,13977184
ASP_2003_36,Min_Fuel_Oil_Mar2020,2020-03-09T11:00:00Z,Mar2020,Optimal,SLATE_C,143627,137227,55925,45537,40304,66440,59464,15969,-1080255117,430457343,258789567,374123172,14578706
ASP_2004_01,Base_Case_Apr2020,2020-04-13T08:00:00Z,Apr2020,Optimal,SLATE_A,130086,118964,49980,50496,37040,63793,42847,13166,-906008812,316369940,282156485,319435161,11952774
ASP_2004_02,High_Crude_Price_Apr2020,2020-04-13T21:00:00Z,Apr2020,Optimal,SLATE_B,130086,118964,49980,50496,37040,61275,44646,13463,-923659599,398192375,326727510,290653425,11595484
ASP_2004_03,Max_Diesel_Mode_Apr2020,2020-04-21T05:00:00Z,Apr2020,Optimal,SLATE_A,130086,118964,49980,50496,37040,59601,52927,13236,-1031985622,408422365,308917570,278430453,12926938
ASP_2004_04,Min_Fuel_Oil_Apr2020,2020-04-01T16:00:00Z,Apr2020,Optimal,SLATE_D,130086,118964,49980,50496,37040,63410,46549,12079,-1109446595,425964304,297928216,365072411,11832314
ASP_2004_05,Heavy_Crude_Slate_Apr2020,2020-04-09T02:00:00Z,Apr2020,Optimal,SLATE_D,130086,118964,49980,50496,37040,54846,45244,16635,-946998269,409956888,303395303,350756988,11888880
ASP_2004_06,Light_Sweet_Slate_Apr2020,2020-04-07T15:00:00Z,Apr2020,Optimal,SLATE_B,130086,118964,49980,50496,37040,67044,44723,10881,-1050524071,409460395,245741408,296131562,13365444
ASP_2004_07,Coker_Max_Run_Apr2020,2020-04-08T18:00:00Z,Apr2020,Optimal,SLATE_E,130086,118964,49980,50496,37040,62925,45718,14782,-1013526643,311742315,327908703,366502986,12500432
ASP_2004_08,Product_Demand_High_Apr2020,2020-04-06T20:00:00Z,Apr2020,Optimal,SLATE_A,130086,118964,49980,50496,37040,66752,45684,12916,-1074036178,450390574,279885783,277112917,12911331
ASP_2004_09,Base_Case_Apr2020,2020-04-12T03:00:00Z,Apr2020,Optimal,SLATE_B,130086,118964,49980,50496,37040,60821,45824,13471,-965987371,358303194,265465278,353928620,11709721
ASP_2004_10,High_Crude_Price_Apr2020,2020-04-20T05:00:00Z,Apr2020,Optimal,SLATE_D,130086,118964,49980,50496,37040,59128,44406,14563,-803318328,328383933,235682154,321396064,12290055
ASP_2004_11,Max_Diesel_Mode_Apr2020,2020-04-19T02:00:00Z,Apr2020,Optimal,SLATE_A,130086,118964,49980,50496,37040,59528,51873,13187,-947796229,335938772,246462085,333343755,13081536
ASP_2004_12,Min_Fuel_Oil_Apr2020,2020-04-26T01:00:00Z,Apr2020,Optimal,SLATE_E,130086,118964,49980,50496,37040,66051,45388,11090,-1104371364,451915685,313349536,319035425,12095438
ASP_2004_13,Heavy_Crude_Slate_Apr2020,2020-04-25T19:00:00Z,Apr2020,Optimal,SLATE_B,130086,118964,49980,50496,37040,59110,46018,16263,-861054222,357094419,328398707,283258848,12025060
ASP_2004_14,Light_Sweet_Slate_Apr2020,2020-04-17T19:00:00Z,Apr2020,Optimal,SLATE_B,130086,118964,49980,50496,37040,67169,43146,10697,-1072277456,379227937,241789740,347983762,11610853
ASP_2004_15,Coker_Max_Run_Apr2020,2020-04-10T03:00:00Z,Apr2020,Optimal,SLATE_D,130086,118964,49980,50496,37040,61519,46225,14735,-947842046,350513716,302549923,288616644,12423375
ASP_2004_16,Product_Demand_High_Apr2020,2020-04-13T12:00:00Z,Apr2020,Optimal,SLATE_F,130086,118964,49980,50496,37040,66367,45781,12474,-1016678430,328590760,335065905,289777696,12065444
ASP_2004_17,Base_Case_Apr2020,2020-04-19T12:00:00Z,Apr2020,Optimal,SLATE_A,130086,118964,49980,50496,37040,62409,44412,13629,-995394574,379119541,288527081,339417699,11669747
ASP_2004_18,High_Crude_Price_Apr2020,2020-04-14T21:00:00Z,Apr2020,Optimal,SLATE_B,130086,118964,49980,50496,37040,60811,44924,14296,-819854792,331283269,251302471,321029778,12469004
ASP_2004_19,Max_Diesel_Mode_Apr2020,2020-04-12T22:00:00Z,Apr2020,Optimal,SLATE_E,130086,118964,49980,50496,37040,54744,49420,13065,-1054650236,330440087,337028131,348487552,11526973
ASP_2004_20,Min_Fuel_Oil_Apr2020,2020-04-27T06:00:00Z,Apr2020,Optimal,SLATE_C,130086,118964,49980,50496,37040,67850,45480,12055,-1047957263,435323762,288309489,306053077,12252092
ASP_2004_21,Heavy_Crude_Slate_Apr2020,2020-04-15T02:00:00Z,Apr2020,Optimal,SLATE_E,130086,118964,49980,50496,37040,55354,43721,15983,-793346785,352620509,251291655,289312857,11728593
ASP_2004_22,Light_Sweet_Slate_Apr2020,2020-04-09T22:00:00Z,Apr2020,Optimal,SLATE_E,130086,118964,49980,50496,37040,67286,44530,11343,-1030899583,368705500,285012050,278886960,12158453
ASP_2004_23,Coker_Max_Run_Apr2020,2020-04-17T15:00:00Z,Apr2020,Optimal,SLATE_A,130086,118964,49980,50496,37040,59537,46059,15276,-955849012,365312548,259538090,324659191,12402954
ASP_2004_24,Product_Demand_High_Apr2020,2020-04-01T13:00:00Z,Apr2020,Optimal,SLATE_D,130086,118964,49980,50496,37040,66217,47345,12683,-1042397047,450279839,235579257,291582002,12258647
ASP_2004_25,Base_Case_Apr2020,2020-04-11T05:00:00Z,Apr2020,Optimal,SLATE_F,130086,118964,49980,50496,37040,62625,45232,13834,-1063458013,443647213,270034527,362069746,12293473
ASP_2004_26,High_Crude_Price_Apr2020,2020-04-01T20:00:00Z,Apr2020,Optimal,SLATE_C,130086,118964,49980,50496,37040,61962,45183,14215,-967976058,444794129,270415831,349682226,12744296
ASP_2004_27,Max_Diesel_Mode_Apr2020,2020-04-15T04:00:00Z,Apr2020,Optimal,SLATE_A,130086,118964,49980,50496,37040,55889,51045,13045,-1113327921,451596978,324754770,295290353,11329795
ASP_2004_28,Min_Fuel_Oil_Apr2020,2020-04-21T12:00:00Z,Apr2020,Optimal,SLATE_E,130086,118964,49980,50496,37040,63064,46176,11688,-1006657460,366732655,255831480,366908222,12135017
ASP_2004_29,Heavy_Crude_Slate_Apr2020,2020-04-16T02:00:00Z,Apr2020,Optimal,SLATE_F,130086,118964,49980,50496,37040,56293,41783,16973,-918908606,360274962,316573583,355767814,11606796
ASP_2004_30,Light_Sweet_Slate_Apr2020,2020-04-26T16:00:00Z,Apr2020,Optimal,SLATE_A,130086,118964,49980,50496,37040,66472,41875,10876,-1159535756,429661634,324782184,292493513,11637548
ASP_2004_31,Coker_Max_Run_Apr2020,2020-04-15T19:00:00Z,Apr2020,Optimal,SLATE_C,130086,118964,49980,50496,37040,65282,46085,15212,-1063784643,440318637,248546898,366859397,12798811
ASP_2004_32,Product_Demand_High_Apr2020,2020-04-25T03:00:00Z,Apr2020,Optimal,SLATE_B,130086,118964,49980,50496,37040,69187,49011,13461,-1071713545,452243507,268936774,283717564,12570488
ASP_2004_33,Base_Case_Apr2020,2020-04-20T11:00:00Z,Apr2020,Optimal,SLATE_C,130086,118964,49980,50496,37040,64102,46139,13415,-938903743,415820630,243050802,293301544,13269233
ASP_2004_34,High_Crude_Price_Apr2020,2020-04-20T08:00:00Z,Apr2020,Optimal,SLATE_A,130086,118964,49980,50496,37040,62753,45122,13943,-872489393,308729021,337694870,313891137,11956992
ASP_2004_35,Max_Diesel_Mode_Apr2020,2020-04-18T06:00:00Z,Apr2020,Optimal,SLATE_E,130086,118964,49980,50496,37040,57081,52289,13544,-1000057795,308326752,338169750,319149349,13209855
ASP_2004_36,Min_Fuel_Oil_Apr2020,2020-04-02T08:00:00Z,Apr2020,Optimal,SLATE_F,130086,118964,49980,50496,37040,65248,47695,11664,-932098656,319893803,313560179,284031637,12535467
ASP_2005_01,Base_Case_May2020,2020-05-06T06:00:00Z,May2020,Optimal,SLATE_D,149403,141091,76979,58932,25867,69369,59604,14381,-1076359973,418893213,357526791,313966324,14026355
ASP_2005_02,High_Crude_Price_May2020,2020-05-22T02:00:00Z,May2020,Optimal,SLATE_D,149403,141091,76979,58932,25867,65095,55612,13779,-986527323,373461287,341090290,370705292,12944561
ASP_2005_03,Max_Diesel_Mode_May2020,2020-05-06T03:00:00Z,May2020,Optimal,SLATE_C,149403,141091,76979,58932,25867,65023,66149,12782,-1210875292,509814114,282802126,374649895,14051571
ASP_2005_04,Min_Fuel_Oil_May2020,2020-05-27T04:00:00Z,May2020,Optimal,SLATE_A,149403,141091,76979,58932,25867,72017,56337,12267,-1098154831,395600965,349404398,334831661,13667285
ASP_2005_05,Heavy_Crude_Slate_May2020,2020-05-27T08:00:00Z,May2020,Optimal,SLATE_B,149403,141091,76979,58932,25867,61554,54477,16610,-938953508,378528497,284498179,393586686,13331686
ASP_2005_06,Light_Sweet_Slate_May2020,2020-05-03T12:00:00Z,May2020,Optimal,SLATE_D,149403,141091,76979,58932,25867,74724,55191,11301,-1337059608,520012389,285203664,403669591,15082422
ASP_2005_07,Coker_Max_Run_May2020,2020-05-18T03:00:00Z,May2020,Optimal,SLATE_C,149403,141091,76979,58932,25867,68729,56736,15098,-1107786005,483568418,300923486,316500948,14928141
ASP_2005_08,Product_Demand_High_May2020,2020-05-07T01:00:00Z,May2020,Optimal,SLATE_D,149403,141091,76979,58932,25867,79935,62021,12865,-1316020269,492107271,352415462,390488167,16473613
ASP_2005_09,Base_Case_May2020,2020-05-07T19:00:00Z,May2020,Optimal,SLATE_F,149403,141091,76979,58932,25867,72950,55833,14434,-1287776428,521865937,376021984,404791447,14902940
ASP_2005_10,High_Crude_Price_May2020,2020-05-17T12:00:00Z,May2020,Optimal,SLATE_F,149403,141091,76979,58932,25867,66640,56850,14655,-1005867978,380610828,302559335,424038317,13873721
ASP_2005_11,Max_Diesel_Mode_May2020,2020-05-14T18:00:00Z,May2020,Optimal,SLATE_F,149403,141091,76979,58932,25867,61506,67164,12764,-1222868455,487969737,299334570,391844595,14512278
ASP_2005_12,Min_Fuel_Oil_May2020,2020-05-17T18:00:00Z,May2020,Optimal,SLATE_E,149403,141091,76979,58932,25867,75628,60610,12280,-1203182131,495481483,372126887,316049417,15519795
ASP_2005_13,Heavy_Crude_Slate_May2020,2020-05-08T10:00:00Z,May2020,Optimal,SLATE_C,149403,141091,76979,58932,25867,63672,58076,16337,-989796060,403187132,365738827,345005267,14157826
ASP_2005_14,Light_Sweet_Slate_May2020,2020-05-26T04:00:00Z,May2020,Optimal,SLATE_E,149403,141091,76979,58932,25867,76285,56416,11201,-1249473792,390774555,331362797,407799558,14335310
ASP_2005_15,Coker_Max_Run_May2020,2020-05-02T02:00:00Z,May2020,Optimal,SLATE_D,149403,141091,76979,58932,25867,69159,59661,15449,-1196100941,447453676,354458504,385273720,14537918
ASP_2005_16,Product_Demand_High_May2020,2020-05-16T06:00:00Z,May2020,Optimal,SLATE_A,149403,141091,76979,58932,25867,77540,58345,13346,-1155702471,418964451,321223266,344826725,14919561
ASP_2005_17,Base_Case_May2020,2020-05-15T16:00:00Z,May2020,Optimal,SLATE_C,149403,141091,76979,58932,25867,70673,54267,13984,-1186585019,498713689,325747990,375432847,13309507
ASP_2005_18,High_Crude_Price_May2020,2020-05-09T15:00:00Z,May2020,Optimal,SLATE_F,149403,141091,76979,58932,25867,68129,56976,13785,-1005552550,501282297,274242899,331672525,14205818
ASP_2005_19,Max_Diesel_Mode_May2020,2020-05-02T21:00:00Z,May2020,Optimal,SLATE_D,149403,141091,76979,58932,25867,64572,65778,13731,-1132317564,401786028,323273391,367814561,14476300
ASP_2005_20,Min_Fuel_Oil_May2020,2020-05-09T19:00:00Z,May2020,Optimal,SLATE_B,149403,141091,76979,58932,25867,74234,57058,11963,-1280465650,510856454,322351381,424529487,14566788
ASP_2005_21,Heavy_Crude_Slate_May2020,2020-05-17T18:00:00Z,May2020,Optimal,SLATE_D,149403,141091,76979,58932,25867,65893,58646,16531,-1050642591,478259275,379131183,324136125,14145926
ASP_2005_22,Light_Sweet_Slate_May2020,2020-05-01T00:00:00Z,May2020,Optimal,SLATE_A,149403,141091,76979,58932,25867,80462,58551,10849,-1264768164,421535899,344767131,379339477,16385217
ASP_2005_23,Coker_Max_Run_May2020,2020-05-10T22:00:00Z,May2020,Optimal,SLATE_B,149403,141091,76979,58932,25867,68756,60605,14909,-1063082610,364290536,351368078,340362227,13782988
ASP_2005_24,Product_Demand_High_May2020,2020-05-13T02:00:00Z,May2020,Optimal,SLATE_F,149403,141091,76979,58932,25867,73667,61860,13291,-1079184469,349497861,315821977,349890574,15965533
ASP_2005_25,Base_Case_May2020,2020-05-15T17:00:00Z,May2020,Optimal,SLATE_C,149403,141091,76979,58932,25867,72414,59449,14691,-1085238356,366630558,322055346,411046252,14493800
ASP_2005_26,High_Crude_Price_May2020,2020-05-12T17:00:00Z,May2020,Optimal,SLATE_C,149403,141091,76979,58932,25867,70492,53435,14886,-1020491676,390972824,350424464,382136392,14303597
ASP_2005_27,Max_Diesel_Mode_May2020,2020-05-17T20:00:00Z,May2020,Optimal,SLATE_E,149403,141091,76979,58932,25867,65387,67667,13460,-1191311025,431456181,322250704,395536604,14661560
ASP_2005_28,Min_Fuel_Oil_May2020,2020-05-26T19:00:00Z,May2020,Optimal,SLATE_C,149403,141091,76979,58932,25867,73286,57440,12065,-1003375961,349036376,311945016,327746237,14576210
ASP_2005_29,Heavy_Crude_Slate_May2020,2020-05-14T22:00:00Z,May2020,Optimal,SLATE_F,149403,141091,76979,58932,25867,65231,57313,16574,-1088851410,517201788,380428820,325521072,13316780
ASP_2005_30,Light_Sweet_Slate_May2020,2020-05-10T06:00:00Z,May2020,Optimal,SLATE_D,149403,141091,76979,58932,25867,80829,55781,10940,-1298081280,506618578,333755581,333882964,15255980
ASP_2005_31,Coker_Max_Run_May2020,2020-05-03T19:00:00Z,May2020,Optimal,SLATE_E,149403,141091,76979,58932,25867,72915,57387,15840,-1152373601,402470933,379239852,363375044,15307788
ASP_2005_32,Product_Demand_High_May2020,2020-05-01T05:00:00Z,May2020,Optimal,SLATE_E,149403,141091,76979,58932,25867,76046,61971,13854,-1196314044,488349693,310908632,323453433,15013569
ASP_2005_33,Base_Case_May2020,2020-05-19T18:00:00Z,May2020,Optimal,SLATE_C,149403,141091,76979,58932,25867,72456,57334,14615,-1209191898,441703675,385270414,396362669,14144860
ASP_2005_34,High_Crude_Price_May2020,2020-05-25T04:00:00Z,May2020,Optimal,SLATE_E,149403,141091,76979,58932,25867,69738,54711,13827,-1011801535,358158638,370405474,385296274,14076108
ASP_2005_35,Max_Diesel_Mode_May2020,2020-05-22T05:00:00Z,May2020,Optimal,SLATE_B,149403,141091,76979,58932,25867,61308,62423,13204,-1085355544,415962869,269624005,361382037,13296964
ASP_2005_36,Min_Fuel_Oil_May2020,2020-05-08T02:00:00Z,May2020,Optimal,SLATE_F,149403,141091,76979,58932,25867,74937,57142,11915,-1160146483,404093295,340797859,396158968,14694313
ASP_2006_01,Base_Case_Jun2020,2020-06-02T01:00:00Z,Jun2020,Optimal,SLATE_C,147719,139535,68272,43523,29413,70729,60224,11621,-1049746734,373294429,330080304,360914777,14542776
ASP_2006_02,High_Crude_Price_Jun2020,2020-06-11T02:00:00Z,Jun2020,Optimal,SLATE_D,147719,139535,68272,43523,29413,64252,58842,11840,-883660034,361151637,281307779,331658542,13617920
ASP_2006_03,Max_Diesel_Mode_Jun2020,2020-06-03T21:00:00Z,Jun2020,Optimal,SLATE_F,147719,139535,68272,43523,29413,65778,66108,11262,-1108212288,466934653,277227644,326867753,15589775
ASP_2006_04,Min_Fuel_Oil_Jun2020,2020-06-01T07:00:00Z,Jun2020,Optimal,SLATE_C,147719,139535,68272,43523,29413,69584,59792,10503,-1046378560,434610304,273168226,321979219,13856234
ASP_2006_05,Heavy_Crude_Slate_Jun2020,2020-06-13T11:00:00Z,Jun2020,Optimal,SLATE_E,147719,139535,68272,43523,29413,65733,56896,14093,-969337241,415529142,280809985,393787333,13085081
ASP_2006_06,Light_Sweet_Slate_Jun2020,2020-06-11T17:00:00Z,Jun2020,Optimal,SLATE_F,147719,139535,68272,43523,29413,74041,57684,10211,-1197541675,478077782,275721084,330300473,14865700
ASP_2006_07,Coker_Max_Run_Jun2020,2020-06-02T13:00:00Z,Jun2020,Optimal,SLATE_D,147719,139535,68272,43523,29413,68242,63043,13318,-1172138835,476983510,268042659,419362319,15232767
ASP_2006_08,Product_Demand_High_Jun2020,2020-06-17T10:00:00Z,Jun2020,Optimal,SLATE_B,147719,139535,68272,43523,29413,77261,60419,11530,-1156590317,367991664,311706774,407149092,15930569
ASP_2006_09,Base_Case_Jun2020,2020-06-01T06:00:00Z,Jun2020,Optimal,SLATE_B,147719,139535,68272,43523,29413,72497,60126,11888,-1038598417,354508987,374631388,324382986,14924944
ASP_2006_10,High_Crude_Price_Jun2020,2020-06-12T22:00:00Z,Jun2020,Optimal,SLATE_A,147719,139535,68272,43523,29413,67481,56170,12484,-1069994443,435066315,372561032,368783742,13373650
ASP_2006_11,Max_Diesel_Mode_Jun2020,2020-06-15T19:00:00Z,Jun2020,Optimal,SLATE_C,147719,139535,68272,43523,29413,61083,68958,11624,-1189046439,386690482,370583755,389442091,14291148
ASP_2006_12,Min_Fuel_Oil_Jun2020,2020-06-23T02:00:00Z,Jun2020,Optimal,SLATE_D,147719,139535,68272,43523,29413,74311,61020,10626,-1162756429,468288566,277103114,398462414,14964357
ASP_2006_13,Heavy_Crude_Slate_Jun2020,2020-06-16T13:00:00Z,Jun2020,Optimal,SLATE_B,147719,139535,68272,43523,29413,65772,59604,14993,-996496249,439409044,296507473,385105647,13804109
ASP_2006_14,Light_Sweet_Slate_Jun2020,2020-06-14T21:00:00Z,Jun2020,Optimal,SLATE_D,147719,139535,68272,43523,29413,81726,59407,9799,-1094872862,387444328,279855461,325031586,14766319
ASP_2006_15,Coker_Max_Run_Jun2020,2020-06-08T01:00:00Z,Jun2020,Optimal,SLATE_B,147719,139535,68272,43523,29413,72736,60823,12881,-1214854748,423389182,377316482,405685053,15356650
ASP_2006_16,Product_Demand_High_Jun2020,2020-06-15T04:00:00Z,Jun2020,Optimal,SLATE_C,147719,139535,68272,43523,29413,78845,59195,11770,-1100288925,377474530,290247531,367570748,16506767
ASP_2006_17,Base_Case_Jun2020,2020-06-18T11:00:00Z,Jun2020,Optimal,SLATE_A,147719,139535,68272,43523,29413,72098,58728,11634,-1102302206,360166068,358963212,397632668,14459742
ASP_2006_18,High_Crude_Price_Jun2020,2020-06-12T16:00:00Z,Jun2020,Optimal,SLATE_C,147719,139535,68272,43523,29413,67653,53814,12869,-1145410406,488405677,373522925,397085844,14003135
ASP_2006_19,Max_Diesel_Mode_Jun2020,2020-06-07T07:00:00Z,Jun2020,Optimal,SLATE_C,147719,139535,68272,43523,29413,66165,65645,11684,-1273822226,484223643,373634490,369661695,14355803
ASP_2006_20,Min_Fuel_Oil_Jun2020,2020-06-26T04:00:00Z,Jun2020,Optimal,SLATE_A,147719,139535,68272,43523,29413,73233,61342,9993,-1200708144,482633464,292872632,404696698,14466731
ASP_2006_21,Heavy_Crude_Slate_Jun2020,2020-06-15T13:00:00Z,Jun2020,Optimal,SLATE_C,147719,139535,68272,43523,29413,66279,59297,14477,-885517439,381762016,296796246,319926094,14576090
ASP_2006_22,Light_Sweet_Slate_Jun2020,2020-06-11T03:00:00Z,Jun2020,Optimal,SLATE_B,147719,139535,68272,43523,29413,77970,59057,9938,-1269577646,408592745,335019155,405055389,15115819
ASP_2006_23,Coker_Max_Run_Jun2020,2020-06-12T19:00:00Z,Jun2020,Optimal,SLATE_D,147719,139535,68272,43523,29413,71570,63865,12821,-1127088206,346942267,355128768,416964019,14046616
ASP_2006_24,Product_Demand_High_Jun2020,2020-06-09T15:00:00Z,Jun2020,Optimal,SLATE_F,147719,139535,68272,43523,29413,72655,62163,11420,-1082619221,340602260,353497674,322806363,14481092
ASP_2006_25,Base_Case_Jun2020,2020-06-20T00:00:00Z,Jun2020,Optimal,SLATE_A,147719,139535,68272,43523,29413,72362,59152,11818,-1090021621,415801763,309848660,379153807,14782609
ASP_2006_26,High_Crude_Price_Jun2020,2020-06-09T10:00:00Z,Jun2020,Optimal,SLATE_A,147719,139535,68272,43523,29413,65565,56043,12695,-1006153500,403152905,341044281,363795173,14347250
ASP_2006_27,Max_Diesel_Mode_Jun2020,2020-06-10T03:00:00Z,Jun2020,Optimal,SLATE_F,147719,139535,68272,43523,29413,60756,69291,11126,-1275814375,513868440,378147068,337563072,14517270
ASP_2006_28,Min_Fuel_Oil_Jun2020,2020-06-03T08:00:00Z,Jun2020,Optimal,SLATE_E,147719,139535,68272,43523,29413,71257,58587,10405,-1233601353,512859924,319107750,380576486,14872943
ASP_2006_29,Heavy_Crude_Slate_Jun2020,2020-06-08T05:00:00Z,Jun2020,Optimal,SLATE_A,147719,139535,68272,43523,29413,64467,59559,14456,-878451259,362411870,299585412,329188014,15128341
ASP_2006_30,Light_Sweet_Slate_Jun2020,2020-06-11T22:00:00Z,Jun2020,Optimal,SLATE_C,147719,139535,68272,43523,29413,79183,55552,9330,-1192814210,423532799,335441489,320696541,14658141
ASP_2006_31,Coker_Max_Run_Jun2020,2020-06-22T07:00:00Z,Jun2020,Optimal,SLATE_C,147719,139535,68272,43523,29413,67414,62333,13230,-1271604274,511222257,344847264,405501416,14900080
ASP_2006_32,Product_Demand_High_Jun2020,2020-06-05T17:00:00Z,Jun2020,Optimal,SLATE_D,147719,139535,68272,43523,29413,77796,63242,11354,-1268591659,502989437,301520991,385974688,15863209
ASP_2006_33,Base_Case_Jun2020,2020-06-08T09:00:00Z,Jun2020,Optimal,SLATE_F,147719,139535,68272,43523,29413,71879,55910,12450,-1088841358,426313564,275483437,401710116,14665759
ASP_2006_34,High_Crude_Price_Jun2020,2020-06-12T14:00:00Z,Jun2020,Optimal,SLATE_B,147719,139535,68272,43523,29413,68775,54975,12874,-1082600163,493704163,358039693,338803035,13807583
ASP_2006_35,Max_Diesel_Mode_Jun2020,2020-06-21T07:00:00Z,Jun2020,Optimal,SLATE_C,147719,139535,68272,43523,29413,63987,65154,10991,-1286821095,464189773,356994316,417864218,13504407
ASP_2006_36,Min_Fuel_Oil_Jun2020,2020-06-07T15:00:00Z,Jun2020,Optimal,SLATE_D,147719,139535,68272,43523,29413,72166,58452,10760,-1077304680,398907403,308658227,352116872,13755628
ASP_2007_01,Base_Case_Jul2020,2020-07-13T07:00:00Z,Jul2020,Optimal,SLATE_C,146555,137776,77911,53402,42368,70566,57376,17994,-1133649630,441687376,337645132,368933366,14616244
ASP_2007_02,High_Crude_Price_Jul2020,2020-07-10T09:00:00Z,Jul2020,Optimal,SLATE_E,146555,137776,77911,53402,42368,67462,54760,18253,-959644819,359439274,306139292,392201613,14687984
ASP_2007_03,Max_Diesel_Mode_Jul2020,2020-07-21T03:00:00Z,Jul2020,Optimal,SLATE_B,146555,137776,77911,53402,42368,62360,66160,17831,-1119439905,403980481,307629859,369010555,14487652
ASP_2007_04,Min_Fuel_Oil_Jul2020,2020-07-18T07:00:00Z,Jul2020,Optimal,SLATE_A,146555,137776,77911,53402,42368,67273,60533,16329,-985961653,337910912,326035835,308539875,15242298
ASP_2007_05,Heavy_Crude_Slate_Jul2020,2020-07-18T05:00:00Z,Jul2020,Optimal,SLATE_F,146555,137776,77911,53402,42368,63248,59177,21671,-989962383,442771546,289649992,382059467,14522801
ASP_2007_06,Light_Sweet_Slate_Jul2020,2020-07-08T12:00:00Z,Jul2020,Optimal,SLATE_C,146555,137776,77911,53402,42368,76887,58777,14163,-1330159513,493869992,340474813,368069210,14771592
ASP_2007_07,Coker_Max_Run_Jul2020,2020-07-22T03:00:00Z,Jul2020,Optimal,SLATE_B,146555,137776,77911,53402,42368,68732,62560,20445,-1181335552,434454892,326639952,413365594,16288328
ASP_2007_08,Product_Demand_High_Jul2020,2020-07-02T14:00:00Z,Jul2020,Optimal,SLATE_C,146555,137776,77911,53402,42368,73869,59333,17987,-1125839401,451517121,267617617,337999931,14690779
ASP_2007_09,Base_Case_Jul2020,2020-07-15T00:00:00Z,Jul2020,Optimal,SLATE_D,146555,137776,77911,53402,42368,64975,58337,17467,-1149020170,475820377,331074621,356314107,14188935
ASP_2007_10,High_Crude_Price_Jul2020,2020-07-17T08:00:00Z,Jul2020,Optimal,SLATE_C,146555,137776,77911,53402,42368,63916,56923,18971,-1011037095,360381642,373775326,379143918,14347521
ASP_2007_11,Max_Diesel_Mode_Jul2020,2020-07-22T15:00:00Z,Jul2020,Optimal,SLATE_A,146555,137776,77911,53402,42368,61248,67933,17623,-1207954839,446770517,339846556,378487799,14671692
ASP_2007_12,Min_Fuel_Oil_Jul2020,2020-07-06T22:00:00Z,Jul2020,Optimal,SLATE_D,146555,137776,77911,53402,42368,68564,56795,16029,-1144020533,402497540,341927605,381030590,14756188
ASP_2007_13,Heavy_Crude_Slate_Jul2020,2020-07-04T09:00:00Z,Jul2020,Optimal,SLATE_F,146555,137776,77911,53402,42368,59537,56114,23040,-917861022,431359708,292845421,308611437,12970985
ASP_2007_14,Light_Sweet_Slate_Jul2020,2020-07-17T22:00:00Z,Jul2020,Optimal,SLATE_B,146555,137776,77911,53402,42368,73773,58811,14570,-1217837899,431398604,321378770,349912268,15334375
ASP_2007_15,Coker_Max_Run_Jul2020,2020-07-26T21:00:00Z,Jul2020,Optimal,SLATE_B,146555,137776,77911,53402,42368,67695,62538,19519,-1236752895,491342295,325014072,411019057,14872585
ASP_2007_16,Product_Demand_High_Jul2020,2020-07-24T19:00:00Z,Jul2020,Optimal,SLATE_D,146555,137776,77911,53402,42368,73920,61126,17662,-1242418099,482290795,288426504,395694485,16024655
ASP_2007_17,Base_Case_Jul2020,2020-07-06T20:00:00Z,Jul2020,Optimal,SLATE_F,146555,137776,77911,53402,42368,65561,59771,19230,-1057861081,426636490,304096534,342304952,15176895
ASP_2007_18,High_Crude_Price_Jul2020,2020-07-11T05:00:00Z,Jul2020,Optimal,SLATE_E,146555,137776,77911,53402,42368,65879,55026,18562,-876254920,365725568,288126221,312736268,14137056
ASP_2007_19,Max_Diesel_Mode_Jul2020,2020-07-20T16:00:00Z,Jul2020,Optimal,SLATE_C,146555,137776,77911,53402,42368,63348,68270,17494,-1153560423,421234959,380900286,310952524,14458794
ASP_2007_20,Min_Fuel_Oil_Jul2020,2020-07-14T12:00:00Z,Jul2020,Optimal,SLATE_E,146555,137776,77911,53402,42368,71544,59047,14855,-1242263032,498484412,327755980,394056128,14215906
ASP_2007_21,Heavy_Crude_Slate_Jul2020,2020-07-21T13:00:00Z,Jul2020,Optimal,SLATE_C,146555,137776,77911,53402,42368,58787,56963,20960,-990037339,424702742,320525892,368058658,13245804
ASP_2007_22,Light_Sweet_Slate_Jul2020,2020-07-21T07:00:00Z,Jul2020,Optimal,SLATE_F,146555,137776,77911,53402,42368,75185,59694,14528,-1130745712,401334361,273589018,349593659,14922652
ASP_2007_23,Coker_Max_Run_Jul2020,2020-07-11T16:00:00Z,Jul2020,Optimal,SLATE_E,146555,137776,77911,53402,42368,68366,60573,20408,-1040976247,370880385,311087752,353968068,15371256
ASP_2007_24,Product_Demand_High_Jul2020,2020-07-13T12:00:00Z,Jul2020,Optimal,SLATE_A,146555,137776,77911,53402,42368,69984,64731,17647,-1288563180,479761943,329451299,398725770,14824956
ASP_2007_25,Base_Case_Jul2020,2020-07-26T01:00:00Z,Jul2020,Optimal,SLATE_E,146555,137776,77911,53402,42368,67474,58194,17927,-1208890730,494018447,330351243,398644009,14122969
ASP_2007_26,High_Crude_Price_Jul2020,2020-07-23T13:00:00Z,Jul2020,Optimal,SLATE_B,146555,137776,77911,53402,42368,63203,55039,18260,-1084358468,444574190,364632608,383687122,14243411
ASP_2007_27,Max_Diesel_Mode_Jul2020,2020-07-24T05:00:00Z,Jul2020,Optimal,SLATE_E,146555,137776,77911,53402,42368,61817,65407,17821,-1198728294,447791552,361512844,346952664,14611065
ASP_2007_28,Min_Fuel_Oil_Jul2020,2020-07-07T03:00:00Z,Jul2020,Optimal,SLATE_D,146555,137776,77911,53402,42368,72251,59404,15813,-1153031859,475875419,275152137,382952673,14531822
ASP_2007_29,Heavy_Crude_Slate_Jul2020,2020-07-27T00:00:00Z,Jul2020,Optimal,SLATE_B,146555,137776,77911,53402,42368,61832,58726,22198,-992901924,398676131,341643287,376965766,14060823
ASP_2007_30,Light_Sweet_Slate_Jul2020,2020-07-09T00:00:00Z,Jul2020,Optimal,SLATE_D,146555,137776,77911,53402,42368,72006,57182,14350,-1168887358,470432541,278386958,310015040,15185112
ASP_2007_31,Coker_Max_Run_Jul2020,2020-07-01T18:00:00Z,Jul2020,Optimal,SLATE_D,146555,137776,77911,53402,42368,67865,61787,19891,-1123335477,388820647,325306042,401702156,14519553
ASP_2007_32,Product_Demand_High_Jul2020,2020-07-24T12:00:00Z,Jul2020,Optimal,SLATE_C,146555,137776,77911,53402,42368,71774,61797,18023,-1198213962,384047220,368339618,372037922,14967387
ASP_2007_33,Base_Case_Jul2020,2020-07-07T10:00:00Z,Jul2020,Optimal,SLATE_B,146555,137776,77911,53402,42368,66389,56261,18431,-1008139519,338585134,296965377,387182825,14593817
ASP_2007_34,High_Crude_Price_Jul2020,2020-07-01T02:00:00Z,Jul2020,Optimal,SLATE_D,146555,137776,77911,53402,42368,64849,54082,18767,-1052409100,477121040,355342010,325409511,13949626
ASP_2007_35,Max_Diesel_Mode_Jul2020,2020-07-16T22:00:00Z,Jul2020,Optimal,SLATE_F,146555,137776,77911,53402,42368,59384,69175,17505,-1119659532,438212332,311177104,332111280,15158304
ASP_2007_36,Min_Fuel_Oil_Jul2020,2020-07-18T01:00:00Z,Jul2020,Optimal,SLATE_B,146555,137776,77911,53402,42368,71941,57202,15702,-1177632346,375419488,369510391,412853171,14450675
ASP_2008_01,Base_Case_Aug2020,2020-08-25T00:00:00Z,Aug2020,Optimal,SLATE_F,173000,170038,61419,55778,49955,72060,60457,17466,-1414695697,595725950,436161422,398387633,15579308
ASP_2008_02,High_Crude_Price_Aug2020,2020-08-26T14:00:00Z,Aug2020,Optimal,SLATE_C,173000,170038,61419,55778,49955,74933,61038,17639,-1151204970,398288600,407861771,460033950,14874570
ASP_2008_03,Max_Diesel_Mode_Aug2020,2020-08-12T20:00:00Z,Aug2020,Optimal,SLATE_F,173000,170038,61419,55778,49955,68373,70725,16321,-1394757926,428317709,444248265,470494049,14719141
ASP_2008_04,Min_Fuel_Oil_Aug2020,2020-08-17T05:00:00Z,Aug2020,Optimal,SLATE_F,173000,170038,61419,55778,49955,77951,63618,14023,-1255073702,432455285,390831954,411306300,16075381
ASP_2008_05,Heavy_Crude_Slate_Aug2020,2020-08-16T08:00:00Z,Aug2020,Optimal,SLATE_B,173000,170038,61419,55778,49955,68993,59762,21499,-1216408184,508998382,429372837,428302337,15108907
ASP_2008_06,Light_Sweet_Slate_Aug2020,2020-08-05T10:00:00Z,Aug2020,Optimal,SLATE_D,173000,170038,61419,55778,49955,85290,58918,14087,-1320897497,425900249,311593024,457509931,15630438
ASP_2008_07,Coker_Max_Run_Aug2020,2020-08-21T01:00:00Z,Aug2020,Optimal,SLATE_F,173000,170038,61419,55778,49955,71081,68532,19773,-1248831078,410629808,426749622,403342398,16377633
ASP_2008_08,Product_Demand_High_Aug2020,2020-08-08T21:00:00Z,Aug2020,Optimal,SLATE_B,173000,170038,61419,55778,49955,84340,63527,16828,-1319765963,461227414,389894945,388327000,17443837
ASP_2008_09,Base_Case_Aug2020,2020-08-27T05:00:00Z,Aug2020,Optimal,SLATE_E,173000,170038,61419,55778,49955,76821,65190,16853,-1482042200,599054927,411409296,486977521,15399544
ASP_2008_10,High_Crude_Price_Aug2020,2020-08-14T06:00:00Z,Aug2020,Optimal,SLATE_B,173000,170038,61419,55778,49955,70287,58431,17640,-1183900213,568173110,323587991,410399315,15312358
ASP_2008_11,Max_Diesel_Mode_Aug2020,2020-08-16T06:00:00Z,Aug2020,Optimal,SLATE_B,173000,170038,61419,55778,49955,64939,69175,15933,-1366739598,529153206,396853796,391496547,15846789
ASP_2008_12,Min_Fuel_Oil_Aug2020,2020-08-01T06:00:00Z,Aug2020,Optimal,SLATE_C,173000,170038,61419,55778,49955,77710,62115,15325,-1250072933,404834326,371832047,451619961,14623292
ASP_2008_13,Heavy_Crude_Slate_Aug2020,2020-08-16T17:00:00Z,Aug2020,Optimal,SLATE_F,173000,170038,61419,55778,49955,65265,64752,20503,-1199976377,591108902,354823033,402626738,15251587
ASP_2008_14,Light_Sweet_Slate_Aug2020,2020-08-21T15:00:00Z,Aug2020,Optimal,SLATE_E,173000,170038,61419,55778,49955,82527,63898,13613,-1372109334,430944817,384929625,425553129,16329951
ASP_2008_15,Coker_Max_Run_Aug2020,2020-08-26T21:00:00Z,Aug2020,Optimal,SLATE_A,173000,170038,61419,55778,49955,73589,62944,18747,-1283916648,410268722,420827379,442426030,14780319
ASP_2008_16,Product_Demand_High_Aug2020,2020-08-04T12:00:00Z,Aug2020,Optimal,SLATE_F,173000,170038,61419,55778,49955,82949,66575,15833,-1372383694,486981912,364256706,437053108,17566083
ASP_2008_17,Base_Case_Aug2020,2020-08-11T05:00:00Z,Aug2020,Optimal,SLATE_A,173000,170038,61419,55778,49955,78634,61271,17199,-1174676629,441595942,377667169,371960392,16546874
ASP_2008_18,High_Crude_Price_Aug2020,2020-08-17T15:00:00Z,Aug2020,Optimal,SLATE_C,173000,170038,61419,55778,49955,70606,58440,17978,-1104110010,433220735,316772075,465423029,15296262
ASP_2008_19,Max_Diesel_Mode_Aug2020,2020-08-13T10:00:00Z,Aug2020,Optimal,SLATE_C,173000,170038,61419,55778,49955,69082,71232,16789,-1268740309,514432152,341108629,368528841,15745518
ASP_2008_20,Min_Fuel_Oil_Aug2020,2020-08-19T03:00:00Z,Aug2020,Optimal,SLATE_C,173000,170038,61419,55778,49955,73846,66398,14827,-1303423657,578466789,334547938,367951220,15506085
ASP_2008_21,Heavy_Crude_Slate_Aug2020,2020-08-04T12:00:00Z,Aug2020,Optimal,SLATE_E,173000,170038,61419,55778,49955,64953,63910,19910,-1110181464,423762167,368090055,456260997,14578258
ASP_2008_22,Light_Sweet_Slate_Aug2020,2020-08-27T14:00:00Z,Aug2020,Optimal,SLATE_E,173000,170038,61419,55778,49955,85515,59881,13650,-1354112885,467824259,319774364,437098526,15667787
ASP_2008_23,Coker_Max_Run_Aug2020,2020-08-24T04:00:00Z,Aug2020,Optimal,SLATE_A,173000,170038,61419,55778,49955,70895,67761,18809,-1459089645,559309647,429548979,457853142,16231723
ASP_2008_24,Product_Demand_High_Aug2020,2020-08-18T21:00:00Z,Aug2020,Optimal,SLATE_E,173000,170038,61419,55778,49955,80313,64710,16108,-1459564542,582537332,371079940,414650225,16818847
ASP_2008_25,Base_Case_Aug2020,2020-08-18T21:00:00Z,Aug2020,Optimal,SLATE_E,173000,170038,61419,55778,49955,72874,64674,17683,-1409184319,584518427,374340505,465768170,15442783
ASP_2008_26,High_Crude_Price_Aug2020,2020-08-17T21:00:00Z,Aug2020,Optimal,SLATE_A,173000,170038,61419,55778,49955,73724,62699,17714,-1153317999,441824033,391981312,434962650,15161474
ASP_2008_27,Max_Diesel_Mode_Aug2020,2020-08-11T05:00:00Z,Aug2020,Optimal,SLATE_F,173000,170038,61419,55778,49955,64734,74680,16521,-1422853180,510958549,388176680,471610223,15647185
ASP_2008_28,Min_Fuel_Oil_Aug2020,2020-08-25T00:00:00Z,Aug2020,Optimal,SLATE_B,173000,170038,61419,55778,49955,74893,65168,15206,-1343991535,462334684,389208256,470045085,16741874
ASP_2008_29,Heavy_Crude_Slate_Aug2020,2020-08-06T22:00:00Z,Aug2020,Optimal,SLATE_F,173000,170038,61419,55778,49955,67883,62462,20103,-1182863538,471128794,444900338,414406911,16143222
ASP_2008_30,Light_Sweet_Slate_Aug2020,2020-08-18T19:00:00Z,Aug2020,Optimal,SLATE_E,173000,170038,61419,55778,49955,80362,61602,13201,-1547211627,595382065,368993266,432280253,15216631
ASP_2008_31,Coker_Max_Run_Aug2020,2020-08-20T20:00:00Z,Aug2020,Optimal,SLATE_E,173000,170038,61419,55778,49955,76931,64484,18422,-1274241084,419174013,361859904,484835519,16613471
ASP_2008_32,Product_Demand_High_Aug2020,2020-08-25T13:00:00Z,Aug2020,Optimal,SLATE_A,173000,170038,61419,55778,49955,83378,68720,15835,-1482288684,564036254,355830753,469066309,16443793
ASP_2008_33,Base_Case_Aug2020,2020-08-07T14:00:00Z,Aug2020,Optimal,SLATE_E,173000,170038,61419,55778,49955,75140,60393,17853,-1227034388,441277374,436306445,364851960,15401391
ASP_2008_34,High_Crude_Price_Aug2020,2020-08-19T00:00:00Z,Aug2020,Optimal,SLATE_B,173000,170038,61419,55778,49955,71861,57734,16923,-1166930065,494607406,391234297,397414982,14854440
ASP_2008_35,Max_Diesel_Mode_Aug2020,2020-08-18T17:00:00Z,Aug2020,Optimal,SLATE_E,173000,170038,61419,55778,49955,68414,71561,15621,-1386588974,563912740,383507259,388228278,15087349
ASP_2008_36,Min_Fuel_Oil_Aug2020,2020-08-03T01:00:00Z,Aug2020,Optimal,SLATE_F,173000,170038,61419,55778,49955,76009,66931,14930,-1298007463,481515253,346073764,447791345,15178941
ASP_2009_01,Base_Case_Sep2020,2020-09-03T18:00:00Z,Sep2020,Optimal,SLATE_E,151924,149500,66254,52700,26577,63534,59658,13263,-1018004347,380217802,323200205,328993129,14406789
ASP_2009_02,High_Crude_Price_Sep2020,2020-09-25T09:00:00Z,Sep2020,Optimal,SLATE_A,151924,149500,66254,52700,26577,65070,61244,14484,-1074425038,386327380,390898428,405182537,14555042
ASP_2009_03,Max_Diesel_Mode_Sep2020,2020-09-03T02:00:00Z,Sep2020,Optimal,SLATE_E,151924,149500,66254,52700,26577,60505,75750,13275,-1184882766,385529328,334668820,423611231,15349601
ASP_2009_04,Min_Fuel_Oil_Sep2020,2020-09-07T17:00:00Z,Sep2020,Optimal,SLATE_A,151924,149500,66254,52700,26577,67918,63490,11351,-1147255002,402447954,302247702,424363013,15218861
ASP_2009_05,Heavy_Crude_Slate_Sep2020,2020-09-02T09:00:00Z,Sep2020,Optimal,SLATE_B,151924,149500,66254,52700,26577,61776,61754,16742,-928630366,352574815,320504450,372285643,13553390
ASP_2009_06,Light_Sweet_Slate_Sep2020,2020-09-26T17:00:00Z,Sep2020,Optimal,SLATE_C,151924,149500,66254,52700,26577,75367,63146,11213,-1224811012,361798252,372806628,373524110,14547729
ASP_2009_07,Coker_Max_Run_Sep2020,2020-09-16T18:00:00Z,Sep2020,Optimal,SLATE_E,151924,149500,66254,52700,26577,65876,68117,15534,-1090653601,417183571,287152093,380856914,15924341
ASP_2009_08,Product_Demand_High_Sep2020,2020-09-02T17:00:00Z,Sep2020,Optimal,SLATE_F,151924,149500,66254,52700,26577,68299,63896,13191,-1392671085,519580954,351417775,432831100,14319565
ASP_2009_09,Base_Case_Sep2020,2020-09-27T16:00:00Z,Sep2020,Optimal,SLATE_C,151924,149500,66254,52700,26577,68190,62862,14095,-1117008017,434296240,338274715,359383215,14946153
ASP_2009_10,High_Crude_Price_Sep2020,2020-09-10T10:00:00Z,Sep2020,Optimal,SLATE_D,151924,149500,66254,52700,26577,61352,63259,13810,-1150238249,519343938,356605586,388018458,13709015
ASP_2009_11,Max_Diesel_Mode_Sep2020,2020-09-19T11:00:00Z,Sep2020,Optimal,SLATE_A,151924,149500,66254,52700,26577,59631,70539,13100,-1234985005,498469339,330272542,362154060,14719745
ASP_2009_12,Min_Fuel_Oil_Sep2020,2020-09-04T14:00:00Z,Sep2020,Optimal,SLATE_C,151924,149500,66254,52700,26577,64857,63774,12111,-1242466344,504991864,286480259,429662998,14857117
ASP_2009_13,Heavy_Crude_Slate_Sep2020,2020-09-14T22:00:00Z,Sep2020,Optimal,SLATE_C,151924,149500,66254,52700,26577,57999,60654,16254,-945869385,376860251,281646510,406640259,14181036
ASP_2009_14,Light_Sweet_Slate_Sep2020,2020-09-07T00:00:00Z,Sep2020,Optimal,SLATE_A,151924,149500,66254,52700,26577,70267,62546,10616,-1267740994,380287269,349244390,416436005,14056062
ASP_2009_15,Coker_Max_Run_Sep2020,2020-09-12T06:00:00Z,Sep2020,Optimal,SLATE_C,151924,149500,66254,52700,26577,67407,65276,14656,-1237206097,519868808,330003569,378131327,15056550
ASP_2009_16,Product_Demand_High_Sep2020,2020-09-26T10:00:00Z,Sep2020,Optimal,SLATE_B,151924,149500,66254,52700,26577,70914,65263,13122,-1280162377,423986852,368871119,407921250,15443686
ASP_2009_17,Base_Case_Sep2020,2020-09-19T09:00:00Z,Sep2020,Optimal,SLATE_B,151924,149500,66254,52700,26577,63100,65194,13669,-1002698580,370681524,285351468,361372066,14706478
ASP_2009_18,High_Crude_Price_Sep2020,2020-09-01T12:00:00Z,Sep2020,Optimal,SLATE_F,151924,149500,66254,52700,26577,66089,60349,13593,-1052158062,389751412,341691703,426444885,14237932
ASP_2009_19,Max_Diesel_Mode_Sep2020,2020-09-24T20:00:00Z,Sep2020,Optimal,SLATE_C,151924,149500,66254,52700,26577,60822,73122,13289,-1245676007,422187468,358511376,420618394,14959136
ASP_2009_20,Min_Fuel_Oil_Sep2020,2020-09-15T17:00:00Z,Sep2020,Optimal,SLATE_E,151924,149500,66254,52700,26577,68022,63996,11207,-1178292118,506009248,328310974,324757225,15104516
ASP_2009_21,Heavy_Crude_Slate_Sep2020,2020-09-09T22:00:00Z,Sep2020,Optimal,SLATE_C,151924,149500,66254,52700,26577,60459,58683,17148,-960005430,416785156,324092623,340077583,14282662
ASP_2009_22,Light_Sweet_Slate_Sep2020,2020-09-06T09:00:00Z,Sep2020,Optimal,SLATE_C,151924,149500,66254,52700,26577,72077,62987,10813,-1362167210,520799854,364543282,345355559,14477971
ASP_2009_23,Coker_Max_Run_Sep2020,2020-09-09T18:00:00Z,Sep2020,Optimal,SLATE_F,151924,149500,66254,52700,26577,65542,63128,14765,-1137505663,423763065,323629009,382234194,14424637
ASP_2009_24,Product_Demand_High_Sep2020,2020-09-20T13:00:00Z,Sep2020,Optimal,SLATE_F,151924,149500,66254,52700,26577,74598,69094,12467,-1072356018,367464117,286295646,354238009,15075533
ASP_2009_25,Base_Case_Sep2020,2020-09-09T10:00:00Z,Sep2020,Optimal,SLATE_D,151924,149500,66254,52700,26577,64675,59661,13102,-1127509208,436700461,312013259,392647933,13852445
ASP_2009_26,High_Crude_Price_Sep2020,2020-09-21T14:00:00Z,Sep2020,Optimal,SLATE_D,151924,149500,66254,52700,26577,62537,57272,14089,-1025115414,395122627,314732870,418017594,13617206
ASP_2009_27,Max_Diesel_Mode_Sep2020,2020-09-22T19:00:00Z,Sep2020,Optimal,SLATE_F,151924,149500,66254,52700,26577,62070,74649,12649,-1233231409,458531801,323314745,407361105,14701547
ASP_2009_28,Min_Fuel_Oil_Sep2020,2020-09-21T03:00:00Z,Sep2020,Optimal,SLATE_E,151924,149500,66254,52700,26577,68291,61725,11925,-1079227433,373635276,354781163,334696413,15319227
ASP_2009_29,Heavy_Crude_Slate_Sep2020,2020-09-03T11:00:00Z,Sep2020,Optimal,SLATE_F,151924,149500,66254,52700,26577,59585,60052,16129,-984040482,403226362,363241121,340387661,13476830
ASP_2009_30,Light_Sweet_Slate_Sep2020,2020-09-01T03:00:00Z,Sep2020,Optimal,SLATE_D,151924,149500,66254,52700,26577,74404,60578,11050,-1110086370,364474229,293419293,347890655,14635632
ASP_2009_31,Coker_Max_Run_Sep2020,2020-09-23T17:00:00Z,Sep2020,Optimal,SLATE_A,151924,149500,66254,52700,26577,65536,67020,15276,-1120284379,416424307,319701089,377350347,15157724
ASP_2009_32,Product_Demand_High_Sep2020,2020-09-12T05:00:00Z,Sep2020,Optimal,SLATE_F,151924,149500,66254,52700,26577,70130,63897,12761,-1370779047,492768845,381545910,410852797,15927693
ASP_2009_33,Base_Case_Sep2020,2020-09-26T15:00:00Z,Sep2020,Optimal,SLATE_C,151924,149500,66254,52700,26577,69122,62901,13491,-1206240074,527963823,351147630,341683840,14555219
ASP_2009_34,High_Crude_Price_Sep2020,2020-09-05T12:00:00Z,Sep2020,Optimal,SLATE_C,151924,149500,66254,52700,26577,65543,62150,13692,-1044744106,460821213,363240421,326499841,14970055
ASP_2009_35,Max_Diesel_Mode_Sep2020,2020-09-20T16:00:00Z,Sep2020,Optimal,SLATE_E,151924,149500,66254,52700,26577,57909,75140,12597,-1129228875,402486528,367349966,320199989,14580411
ASP_2009_36,Min_Fuel_Oil_Sep2020,2020-09-17T15:00:00Z,Sep2020,Optimal,SLATE_D,151924,149500,66254,52700,26577,69787,67058,11908,-1236360099,508293459,372555143,335150948,15649939
ASP_2010_01,Base_Case_Oct2020,2020-10-27T18:00:00Z,Oct2020,Optimal,SLATE_C,165722,165624,89461,53156,45684,80181,62306,15986,-1087453881,427848632,300116007,376545476,17056234
ASP_2010_02,High_Crude_Price_Oct2020,2020-10-26T17:00:00Z,Oct2020,Optimal,SLATE_F,165722,165624,89461,53156,45684,71853,62701,16888,-1139926994,513125939,346156590,395260856,15492304
ASP_2010_03,Max_Diesel_Mode_Oct2020,2020-10-14T01:00:00Z,Oct2020,Optimal,SLATE_F,165722,165624,89461,53156,45684,68809,74080,15859,-1438840383,561692955,386409614,438268782,16047176
ASP_2010_04,Min_Fuel_Oil_Oct2020,2020-10-01T05:00:00Z,Oct2020,Optimal,SLATE_A,165722,165624,89461,53156,45684,82608,66836,13886,-1356742860,574394267,403481396,356233386,16882971
ASP_2010_05,Heavy_Crude_Slate_Oct2020,2020-10-07T05:00:00Z,Oct2020,Optimal,SLATE_C,165722,165624,89461,53156,45684,71653,64861,19337,-1179654026,498594717,373393020,454888573,16149614
ASP_2010_06,Light_Sweet_Slate_Oct2020,2020-10-19T09:00:00Z,Oct2020,Optimal,SLATE_B,165722,165624,89461,53156,45684,87216,67132,13653,-1380916135,455873509,417647917,376126081,16686672
ASP_2010_07,Coker_Max_Run_Oct2020,2020-10-11T18:00:00Z,Oct2020,Optimal,SLATE_A,165722,165624,89461,53156,45684,79310,65854,18128,-1274870890,445032592,410392294,412133251,17684715
ASP_2010_08,Product_Demand_High_Oct2020,2020-10-09T19:00:00Z,Oct2020,Optimal,SLATE_A,165722,165624,89461,53156,45684,84405,69363,15824,-1405004260,560645130,384758253,372192505,16666017
ASP_2010_09,Base_Case_Oct2020,2020-10-07T03:00:00Z,Oct2020,Optimal,SLATE_C,165722,165624,89461,53156,45684,77070,67957,16127,-1203333290,510675377,335370948,373752613,16465648
ASP_2010_10,High_Crude_Price_Oct2020,2020-10-09T05:00:00Z,Oct2020,Optimal,SLATE_B,165722,165624,89461,53156,45684,73604,62718,17484,-1093264583,418555394,419360237,365893119,15477681
ASP_2010_11,Max_Diesel_Mode_Oct2020,2020-10-27T15:00:00Z,Oct2020,Optimal,SLATE_F,165722,165624,89461,53156,45684,68708,75072,16398,-1303306699,522574576,352674862,382333860,16338822
ASP_2010_12,Min_Fuel_Oil_Oct2020,2020-10-22T19:00:00Z,Oct2020,Optimal,SLATE_B,165722,165624,89461,53156,45684,77432,63854,14289,-1320546675,471152898,415127081,411170082,15365910
ASP_2010_13,Heavy_Crude_Slate_Oct2020,2020-10-06T13:00:00Z,Oct2020,Optimal,SLATE_E,165722,165624,89461,53156,45684,72095,62147,19541,-1108070866,536598725,309367311,400409149,15185333
ASP_2010_14,Light_Sweet_Slate_Oct2020,2020-10-26T19:00:00Z,Oct2020,Optimal,SLATE_A,165722,165624,89461,53156,45684,82701,63410,13868,-1463556822,558820854,393385984,370927466,16387141
ASP_2010_15,Coker_Max_Run_Oct2020,2020-10-03T15:00:00Z,Oct2020,Optimal,SLATE_F,165722,165624,89461,53156,45684,80614,68570,18767,-1144940480,413921895,351524014,373533672,16488914
ASP_2010_16,Product_Demand_High_Oct2020,2020-10-15T12:00:00Z,Oct2020,Optimal,SLATE_C,165722,165624,89461,53156,45684,81947,66374,16065,-1572528079,572356088,430197760,470330897,16840227
ASP_2010_17,Base_Case_Oct2020,2020-10-16T14:00:00Z,Oct2020,Optimal,SLATE_A,165722,165624,89461,53156,45684,75346,62205,16129,-1336571586,547602931,395833040,408397933,15262318
ASP_2010_18,High_Crude_Price_Oct2020,2020-10-22T20:00:00Z,Oct2020,Optimal,SLATE_B,165722,165624,89461,53156,45684,74792,61714,16742,-1156137272,435327442,427353489,409024054,15034037
ASP_2010_19,Max_Diesel_Mode_Oct2020,2020-10-10T03:00:00Z,Oct2020,Optimal,SLATE_C,165722,165624,89461,53156,45684,70752,73789,16287,-1302310399,476790982,356072493,423974123,16541979
ASP_2010_20,Min_Fuel_Oil_Oct2020,2020-10-05T07:00:00Z,Oct2020,Optimal,SLATE_F,165722,165624,89461,53156,45684,79073,66789,14153,-1363907863,511250531,385629242,443962312,16659693
ASP_2010_21,Heavy_Crude_Slate_Oct2020,2020-10-01T08:00:00Z,Oct2020,Optimal,SLATE_C,165722,165624,89461,53156,45684,69528,67194,19747,-1142378575,530556757,354411725,399347630,15006584
ASP_2010_22,Light_Sweet_Slate_Oct2020,2020-10-16T02:00:00Z,Oct2020,Optimal,SLATE_A,165722,165624,89461,53156,45684,83969,67109,13194,-1446325641,503924647,410101321,394838522,17502310
ASP_2010_23,Coker_Max_Run_Oct2020,2020-10-07T07:00:00Z,Oct2020,Optimal,SLATE_D,165722,165624,89461,53156,45684,75593,67876,18131,-1321022364,497255455,367990530,446127234,16253254
ASP_2010_24,Product_Demand_High_Oct2020,2020-10-01T06:00:00Z,Oct2020,Optimal,SLATE_D,165722,165624,89461,53156,45684,81332,68075,15654,-1327481904,510762328,333788906,401025785,16427107
ASP_2010_25,Base_Case_Oct2020,2020-10-11T02:00:00Z,Oct2020,Optimal,SLATE_F,165722,165624,89461,53156,45684,78374,62476,16500,-1193707948,460672570,317161697,432784545,16910864
ASP_2010_26,High_Crude_Price_Oct2020,2020-10-13T12:00:00Z,Oct2020,Optimal,SLATE_F,165722,165624,89461,53156,45684,72564,62796,17513,-1107856472,455462014,380320391,383393641,14984228
ASP_2010_27,Max_Diesel_Mode_Oct2020,2020-10-26T01:00:00Z,Oct2020,Optimal,SLATE_A,165722,165624,89461,53156,45684,73065,74892,16398,-1231728433,392876591,416243375,381135934,17181201
ASP_2010_28,Min_Fuel_Oil_Oct2020,2020-10-19T08:00:00Z,Oct2020,Optimal,SLATE_F,165722,165624,89461,53156,45684,80163,65616,14362,-1224114627,422464314,427724545,354554521,16282577
ASP_2010_29,Heavy_Crude_Slate_Oct2020,2020-10-19T17:00:00Z,Oct2020,Optimal,SLATE_C,165722,165624,89461,53156,45684,67333,65150,20143,-1067013445,484850167,336860720,379791018,15931410
ASP_2010_30,Light_Sweet_Slate_Oct2020,2020-10-24T21:00:00Z,Oct2020,Optimal,SLATE_B,165722,165624,89461,53156,45684,87958,64438,13129,-1225668529,408797579,306155714,396143914,16750306
ASP_2010_31,Coker_Max_Run_Oct2020,2020-10-26T09:00:00Z,Oct2020,Optimal,SLATE_B,165722,165624,89461,53156,45684,73046,68646,18491,-1172609665,396644798,366626196,402556432,16210107
ASP_2010_32,Product_Demand_High_Oct2020,2020-10-08T19:00:00Z,Oct2020,Optimal,SLATE_E,165722,165624,89461,53156,45684,83616,69803,15203,-1187438500,404443849,328783454,383790553,17537763
ASP_2010_33,Base_Case_Oct2020,2020-10-07T19:00:00Z,Oct2020,Optimal,SLATE_B,165722,165624,89461,53156,45684,81905,67763,16030,-1229082692,466290565,399085665,379797994,16091532
ASP_2010_34,High_Crude_Price_Oct2020,2020-10-11T22:00:00Z,Oct2020,Optimal,SLATE_D,165722,165624,89461,53156,45684,73200,62322,17944,-1077666713,427551038,323905589,435232015,15311780
ASP_2010_35,Max_Diesel_Mode_Oct2020,2020-10-15T04:00:00Z,Oct2020,Optimal,SLATE_E,165722,165624,89461,53156,45684,73195,71887,15473,-1336699102,533000832,356406447,399157239,15517754
ASP_2010_36,Min_Fuel_Oil_Oct2020,2020-10-26T14:00:00Z,Oct2020,Optimal,SLATE_A,165722,165624,89461,53156,45684,82914,66040,13663,-1376262694,574947268,382366646,395224029,16360570
ASP_2011_01,Base_Case_Nov2020,2020-11-07T09:00:00Z,Nov2020,Optimal,SLATE_A,137150,129220,74671,53717,38243,57639,51317,11920,-1101045329,468002215,268623115,376319626,11899627
ASP_2011_02,High_Crude_Price_Nov2020,2020-11-09T01:00:00Z,Nov2020,Optimal,SLATE_F,137150,129220,74671,53717,38243,59017,47636,13273,-869024195,340747931,280390136,335553985,12100535
ASP_2011_03,Max_Diesel_Mode_Nov2020,2020-11-17T06:00:00Z,Nov2020,Optimal,SLATE_C,137150,129220,74671,53717,38243,52749,61849,11976,-1079296869,476974332,270028791,293721759,12823102
ASP_2011_04,Min_Fuel_Oil_Nov2020,2020-11-14T13:00:00Z,Nov2020,Optimal,SLATE_A,137150,129220,74671,53717,38243,59281,51583,10517,-1013966700,380694024,290138641,326040709,12439684
ASP_2011_05,Heavy_Crude_Slate_Nov2020,2020-11-16T04:00:00Z,Nov2020,Optimal,SLATE_C,137150,129220,74671,53717,38243,53896,52913,15642,-915318495,382033651,355386086,291582747,11981933
ASP_2011_06,Light_Sweet_Slate_Nov2020,2020-11-15T07:00:00Z,Nov2020,Optimal,SLATE_D,137150,129220,74671,53717,38243,67347,51686,9717,-1157873507,433849090,259501100,353389871,12924429
ASP_2011_07,Coker_Max_Run_Nov2020,2020-11-05T17:00:00Z,Nov2020,Optimal,SLATE_B,137150,129220,74671,53717,38243,59364,55037,13929,-1103056347,432389099,307469466,355202958,13633731
ASP_2011_08,Product_Demand_High_Nov2020,2020-11-04T20:00:00Z,Nov2020,Optimal,SLATE_E,137150,129220,74671,53717,38243,62739,57600,11985,-1032442463,361076453,285047706,323672566,13831481
ASP_2011_09,Base_Case_Nov2020,2020-11-05T21:00:00Z,Nov2020,Optimal,SLATE_D,137150,129220,74671,53717,38243,58628,51120,12056,-1101058158,455370312,350587510,306894302,11793966
ASP_2011_10,High_Crude_Price_Nov2020,2020-11-09T21:00:00Z,Nov2020,Optimal,SLATE_B,137150,129220,74671,53717,38243,53895,51723,13061,-930526963,438217859,293634970,291402489,11812966
ASP_2011_11,Max_Diesel_Mode_Nov2020,2020-11-13T10:00:00Z,Nov2020,Optimal,SLATE_E,137150,129220,74671,53717,38243,53024,61906,11975,-1023099025,323030847,324455643,339286726,12393192
ASP_2011_12,Min_Fuel_Oil_Nov2020,2020-11-14T04:00:00Z,Nov2020,Optimal,SLATE_C,137150,129220,74671,53717,38243,63005,53256,10925,-1100494387,432798867,262111888,385824447,12294049
ASP_2011_13,Heavy_Crude_Slate_Nov2020,2020-11-23T07:00:00Z,Nov2020,Optimal,SLATE_D,137150,129220,74671,53717,38243,52154,52884,14326,-1009577594,467708696,299246921,366858448,12061182
ASP_2011_14,Light_Sweet_Slate_Nov2020,2020-11-05T04:00:00Z,Nov2020,Optimal,SLATE_A,137150,129220,74671,53717,38243,66653,50497,10368,-1162879174,441713905,306263370,303440748,13133046
ASP_2011_15,Coker_Max_Run_Nov2020,2020-11-18T17:00:00Z,Nov2020,Optimal,SLATE_E,137150,129220,74671,53717,38243,58143,56365,13271,-1065469124,426579255,335309511,295676124,12987317
ASP_2011_16,Product_Demand_High_Nov2020,2020-11-01T11:00:00Z,Nov2020,Optimal,SLATE_A,137150,129220,74671,53717,38243,63939,57288,11466,-1213142722,441930173,335795757,359453564,13899195
ASP_2011_17,Base_Case_Nov2020,2020-11-15T18:00:00Z,Nov2020,Optimal,SLATE_E,137150,129220,74671,53717,38243,61884,53576,11965,-918340085,359185626,248945526,322452816,12243883
ASP_2011_18,High_Crude_Price_Nov2020,2020-11-09T06:00:00Z,Nov2020,Optimal,SLATE_F,137150,129220,74671,53717,38243,55396,48903,12119,-1065900210,478120885,332697910,359538432,11770042
ASP_2011_19,Max_Diesel_Mode_Nov2020,2020-11-12T07:00:00Z,Nov2020,Optimal,SLATE_B,137150,129220,74671,53717,38243,51776,56975,11871,-1078401661,382408322,266554285,389645644,11559050
ASP_2011_20,Min_Fuel_Oil_Nov2020,2020-11-02T04:00:00Z,Nov2020,Optimal,SLATE_D,137150,129220,74671,53717,38243,61984,55503,10488,-949780224,335179771,299863705,300150444,13077197
ASP_2011_21,Heavy_Crude_Slate_Nov2020,2020-11-02T21:00:00Z,Nov2020,Optimal,SLATE_D,137150,129220,74671,53717,38243,51690,51727,14300,-987962709,472013526,294533203,343379260,12189645
ASP_2011_22,Light_Sweet_Slate_Nov2020,2020-11-13T15:00:00Z,Nov2020,Optimal,SLATE_F,137150,129220,74671,53717,38243,63972,53012,10374,-1119603311,381825051,250618500,379782863,12580600
ASP_2011_23,Coker_Max_Run_Nov2020,2020-11-18T08:00:00Z,Nov2020,Optimal,SLATE_B,137150,129220,74671,53717,38243,56724,53925,14214,-1139294958,438480990,337816841,353504641,12846630
ASP_2011_24,Product_Demand_High_Nov2020,2020-11-15T07:00:00Z,Nov2020,Optimal,SLATE_B,137150,129220,74671,53717,38243,61544,55235,12213,-1192500742,444015034,296172095,377352711,13372486
ASP_2011_25,Base_Case_Nov2020,2020-11-12T19:00:00Z,Nov2020,Optimal,SLATE_F,137150,129220,74671,53717,38243,60857,53981,12857,-898906393,337839298,271610879,301967921,12511705
ASP_2011_26,High_Crude_Price_Nov2020,2020-11-24T13:00:00Z,Nov2020,Optimal,SLATE_D,137150,129220,74671,53717,38243,54011,49253,12686,-977825773,444689122,265404718,364554404,11794142
ASP_2011_27,Max_Diesel_Mode_Nov2020,2020-11-27T09:00:00Z,Nov2020,Optimal,SLATE_D,137150,129220,74671,53717,38243,53140,57246,11887,-974746306,350145308,281085332,309179428,12080252
ASP_2011_28,Min_Fuel_Oil_Nov2020,2020-11-06T15:00:00Z,Nov2020,Optimal,SLATE_A,137150,129220,74671,53717,38243,63328,53667,10323,-1008146909,354652086,347961523,288751146,12581348
ASP_2011_29,Heavy_Crude_Slate_Nov2020,2020-11-08T02:00:00Z,Nov2020,Optimal,SLATE_F,137150,129220,74671,53717,38243,52499,48775,14442,-970747164,477828304,308163270,304606973,11990586
ASP_2011_30,Light_Sweet_Slate_Nov2020,2020-11-20T06:00:00Z,Nov2020,Optimal,SLATE_F,137150,129220,74671,53717,38243,67069,51281,10129,-1238857950,474042731,351116937,294216593,13253091
ASP_2011_31,Coker_Max_Run_Nov2020,2020-11-05T18:00:00Z,Nov2020,Optimal,SLATE_F,137150,129220,74671,53717,38243,55671,51426,13647,-996803404,355858822,298421007,335685944,12707533
ASP_2011_32,Product_Demand_High_Nov2020,2020-11-10T07:00:00Z,Nov2020,Optimal,SLATE_B,137150,129220,74671,53717,38243,64462,55746,11415,-1066305975,341556448,283919220,375672188,13827508
ASP_2011_33,Base_Case_Nov2020,2020-11-17T14:00:00Z,Nov2020,Optimal,SLATE_E,137150,129220,74671,53717,38243,58103,51335,12267,-1066820044,382029909,355088640,342243418,12541923
ASP_2011_34,High_Crude_Price_Nov2020,2020-11-09T04:00:00Z,Nov2020,Optimal,SLATE_F,137150,129220,74671,53717,38243,59212,51609,12623,-991299545,444854205,297549574,348133911,13038184
ASP_2011_35,Max_Diesel_Mode_Nov2020,2020-11-10T14:00:00Z,Nov2020,Optimal,SLATE_B,137150,129220,74671,53717,38243,55557,58908,11916,-1090476011,399265640,346764352,305951934,13433344
ASP_2011_36,Min_Fuel_Oil_Nov2020,2020-11-10T16:00:00Z,Nov2020,Optimal,SLATE_C,137150,129220,74671,53717,38243,58590,54753,11063,-1067156771,361709319,330065772,356605256,12305812
ASP_2012_01,Base_Case_Dec2020,2020-12-08T19:00:00Z,Dec2020,Optimal,SLATE_D,172722,164896,67709,55520,31227,79475,62294,14665,-1391627163,525994438,398130443,482478764,14976482
ASP_2012_02,High_Crude_Price_Dec2020,2020-12-27T10:00:00Z,Dec2020,Optimal,SLATE_C,172722,164896,67709,55520,31227,78699,62623,14855,-1319864009,586062401,421433355,443097525,15958488
ASP_2012_03,Max_Diesel_Mode_Dec2020,2020-12-26T19:00:00Z,Dec2020,Optimal,SLATE_B,172722,164896,67709,55520,31227,72401,73023,13815,-1330594560,447077751,424656057,411977028,16477921
ASP_2012_04,Min_Fuel_Oil_Dec2020,2020-12-21T20:00:00Z,Dec2020,Optimal,SLATE_D,172722,164896,67709,55520,31227,84908,66853,12533,-1484824574,535268196,445651161,476451743,15793843
ASP_2012_05,Heavy_Crude_Slate_Dec2020,2020-12-03T10:00:00Z,Dec2020,Optimal,SLATE_E,172722,164896,67709,55520,31227,72606,65620,17415,-1160399128,449193240,446890952,408653165,15404992
ASP_2012_06,Light_Sweet_Slate_Dec2020,2020-12-12T14:00:00Z,Dec2020,Optimal,SLATE_B,172722,164896,67709,55520,31227,91577,61703,11207,-1414752911,545816079,370030285,363413718,16087840
ASP_2012_07,Coker_Max_Run_Dec2020,2020-12-26T11:00:00Z,Dec2020,Optimal,SLATE_B,172722,164896,67709,55520,31227,80324,63599,16451,-1274416159,444804830,343409728,477132136,15919087
ASP_2012_08,Product_Demand_High_Dec2020,2020-12-23T08:00:00Z,Dec2020,Optimal,SLATE_E,172722,164896,67709,55520,31227,88658,69016,13902,-1381689329,458618812,346524381,491386775,17187996
ASP_2012_09,Base_Case_Dec2020,2020-12-19T18:00:00Z,Dec2020,Optimal,SLATE_F,172722,164896,67709,55520,31227,80472,63228,14453,-1243982982,403384481,412793758,443214439,15409696
ASP_2012_10,High_Crude_Price_Dec2020,2020-12-21T21:00:00Z,Dec2020,Optimal,SLATE_B,172722,164896,67709,55520,31227,73373,61163,14945,-1206699808,531032119,371865570,424672226,15939688
ASP_2012_11,Max_Diesel_Mode_Dec2020,2020-12-07T16:00:00Z,Dec2020,Optimal,SLATE_A,172722,164896,67709,55520,31227,71508,74578,13012,-1453017056,563713533,393432485,443309203,16629453
ASP_2012_12,Min_Fuel_Oil_Dec2020,2020-12-21T12:00:00Z,Dec2020,Optimal,SLATE_C,172722,164896,67709,55520,31227,80816,66255,12558,-1343756881,474022069,354547280,491528962,15479979
ASP_2012_13,Heavy_Crude_Slate_Dec2020,2020-12-16T01:00:00Z,Dec2020,Optimal,SLATE_C,172722,164896,67709,55520,31227,70067,60825,17331,-1167923817,464153304,408047876,440001424,14509473
ASP_2012_14,Light_Sweet_Slate_Dec2020,2020-12-16T19:00:00Z,Dec2020,Optimal,SLATE_A,172722,164896,67709,55520,31227,90173,66031,10989,-1384317277,482707761,404273715,366796361,17780268
ASP_2012_15,Coker_Max_Run_Dec2020,2020-12-13T10:00:00Z,Dec2020,Optimal,SLATE_A,172722,164896,67709,55520,31227,75880,69573,15410,-1266011779,439121909,340488676,477538883,15961449
ASP_2012_16,Product_Demand_High_Dec2020,2020-12-17T03:00:00Z,Dec2020,Optimal,SLATE_C,172722,164896,67709,55520,31227,84115,68471,13674,-1543161301,601289273,385784950,459711418,17932584
ASP_2012_17,Base_Case_Dec2020,2020-12-15T19:00:00Z,Dec2020,Optimal,SLATE_F,172722,164896,67709,55520,31227,76320,62998,14664,-1111949791,430959010,321719624,375345529,16074372
ASP_2012_18,High_Crude_Price_Dec2020,2020-12-19T03:00:00Z,Dec2020,Optimal,SLATE_C,172722,164896,67709,55520,31227,73629,59891,14926,-1127731938,441990364,311394880,488139645,15729304
ASP_2012_19,Max_Diesel_Mode_Dec2020,2020-12-07T21:00:00Z,Dec2020,Optimal,SLATE_B,172722,164896,67709,55520,31227,70011,71657,14014,-1368935368,485667600,344408485,489691794,16019909
ASP_2012_20,Min_Fuel_Oil_Dec2020,2020-12-21T13:00:00Z,Dec2020,Optimal,SLATE_F,172722,164896,67709,55520,31227,79173,63800,12520,-1263381275,416694060,347078203,478505150,15693650
ASP_2012_21,Heavy_Crude_Slate_Dec2020,2020-12-19T22:00:00Z,Dec2020,Optimal,SLATE_C,172722,164896,67709,55520,31227,71562,65371,16360,-1150783785,501807135,364745488,427004099,14908071
ASP_2012_22,Light_Sweet_Slate_Dec2020,2020-12-26T20:00:00Z,Dec2020,Optimal,SLATE_B,172722,164896,67709,55520,31227,91078,65408,10954,-1497775876,448067844,426738414,480404931,17911299
ASP_2012_23,Coker_Max_Run_Dec2020,2020-12-24T18:00:00Z,Dec2020,Optimal,SLATE_C,172722,164896,67709,55520,31227,78682,69280,15973,-1254519949,435785772,386551377,424806242,17221872
ASP_2012_24,Product_Demand_High_Dec2020,2020-12-26T01:00:00Z,Dec2020,Optimal,SLATE_B,172722,164896,67709,55520,31227,88492,69025,13588,-1371773589,526301894,342317370,418969821,17428354
ASP_2012_25,Base_Case_Dec2020,2020-12-10T06:00:00Z,Dec2020,Optimal,SLATE_F,172722,164896,67709,55520,31227,81259,61258,14303,-1302049723,529104258,368874649,420631303,16560487
ASP_2012_26,High_Crude_Price_Dec2020,2020-12-08T15:00:00Z,Dec2020,Optimal,SLATE_F,172722,164896,67709,55520,31227,72557,59016,15098,-1004244625,414739944,321654968,370196467,15021134
ASP_2012_27,Max_Diesel_Mode_Dec2020,2020-12-16T02:00:00Z,Dec2020,Optimal,SLATE_E,172722,164896,67709,55520,31227,71386,73378,13887,-1333625791,449074308,430370737,406145688,15470932
ASP_2012_28,Min_Fuel_Oil_Dec2020,2020-12-07T07:00:00Z,Dec2020,Optimal,SLATE_D,172722,164896,67709,55520,31227,79000,66176,12294,-1381674124,559172247,314113061,484432400,16286519
ASP_2012_29,Heavy_Crude_Slate_Dec2020,2020-12-21T14:00:00Z,Dec2020,Optimal,SLATE_C,172722,164896,67709,55520,31227,68401,60668,17605,-1226859867,514443161,400863863,463043764,15173157
ASP_2012_30,Light_Sweet_Slate_Dec2020,2020-12-04T07:00:00Z,Dec2020,Optimal,SLATE_A,172722,164896,67709,55520,31227,89314,62464,11356,-1493179047,545189048,363149588,442774733,17917791
ASP_2012_31,Coker_Max_Run_Dec2020,2020-12-18T11:00:00Z,Dec2020,Optimal,SLATE_F,172722,164896,67709,55520,31227,78039,65222,16298,-1282618592,459450733,381643312,432552644,16177481
ASP_2012_32,Product_Demand_High_Dec2020,2020-12-10T08:00:00Z,Dec2020,Optimal,SLATE_D,172722,164896,67709,55520,31227,87995,70555,13869,-1360613751,466226332,438164391,372791618,17354793
ASP_2012_33,Base_Case_Dec2020,2020-12-22T19:00:00Z,Dec2020,Optimal,SLATE_E,172722,164896,67709,55520,31227,77571,65695,13919,-1331943304,529317822,332368453,486586410,16329381
ASP_2012_34,High_Crude_Price_Dec2020,2020-12-24T15:00:00Z,Dec2020,Optimal,SLATE_C,172722,164896,67709,55520,31227,72590,63884,13900,-1276232165,516496833,442919013,443085714,15292684
ASP_2012_35,Max_Diesel_Mode_Dec2020,2020-12-06T21:00:00Z,Dec2020,Optimal,SLATE_E,172722,164896,67709,55520,31227,74175,72736,14213,-1340634294,481361675,341599239,469939132,16105480
ASP_2012_36,Min_Fuel_Oil_Dec2020,2020-12-11T04:00:00Z,Dec2020,Optimal,SLATE_F,172722,164896,67709,55520,31227,78831,66300,12458,-1244052160,474375869,367009603,382767308,16335148
ASP_2101_01,Base_Case_Jan2021,2021-01-05T17:00:00Z,Jan2021,Optimal,SLATE_C,139803,132747,59849,49637,28554,56461,47638,17504,-908822413,339800771,281325416,299621513,11925287
ASP_2101_02,High_Crude_Price_Jan2021,2021-01-18T00:00:00Z,Jan2021,Optimal,SLATE_F,139803,132747,59849,49637,28554,53585,46579,17030,-929840372,396322753,271099333,354561622,11287651
ASP_2101_03,Max_Diesel_Mode_Jan2021,2021-01-10T18:00:00Z,Jan2021,Optimal,SLATE_B,139803,132747,59849,49637,28554,50073,51335,16603,-1084805175,354428912,301955424,388777395,12013945
ASP_2101_04,Min_Fuel_Oil_Jan2021,2021-01-13T20:00:00Z,Jan2021,Optimal,SLATE_E,139803,132747,59849,49637,28554,58035,47585,14228,-960112982,356218979,253568199,334647540,12286191
ASP_2101_05,Heavy_Crude_Slate_Jan2021,2021-01-09T21:00:00Z,Jan2021,Optimal,SLATE_B,139803,132747,59849,49637,28554,50009,44426,20054,-1016287025,474508766,279023280,386695188,11019428
ASP_2101_06,Light_Sweet_Slate_Jan2021,2021-01-26T14:00:00Z,Jan2021,Optimal,SLATE_E,139803,132747,59849,49637,28554,65513,47748,13547,-1178621233,389644942,278120094,397976016,13400665
ASP_2101_07,Coker_Max_Run_Jan2021,2021-01-02T16:00:00Z,Jan2021,Optimal,SLATE_B,139803,132747,59849,49637,28554,57525,46213,18828,-1011889823,335177671,285546562,383143521,11818907
ASP_2101_08,Product_Demand_High_Jan2021,2021-01-24T18:00:00Z,Jan2021,Optimal,SLATE_E,139803,132747,59849,49637,28554,63754,47515,15787,-1153843841,445197570,293392205,343394843,13610691
ASP_2101_09,Base_Case_Jan2021,2021-01-06T14:00:00Z,Jan2021,Optimal,SLATE_B,139803,132747,59849,49637,28554,60709,46380,17833,-1109829748,452929867,334003645,334748823,11852587
ASP_2101_10,High_Crude_Price_Jan2021,2021-01-10T19:00:00Z,Jan2021,Optimal,SLATE_C,139803,132747,59849,49637,28554,57734,44918,18146,-1065112784,473318902,315503112,381461397,12552124
ASP_2101_11,Max_Diesel_Mode_Jan2021,2021-01-17T21:00:00Z,Jan2021,Optimal,SLATE_C,139803,132747,59849,49637,28554,53176,54109,16522,-1066573902,325049411,321529101,381428872,12222715
ASP_2101_12,Min_Fuel_Oil_Jan2021,2021-01-22T19:00:00Z,Jan2021,Optimal,SLATE_E,139803,132747,59849,49637,28554,58672,48777,15221,-1063890520,414738848,261449820,369546149,12831399
ASP_2101_13,Heavy_Crude_Slate_Jan2021,2021-01-23T07:00:00Z,Jan2021,Optimal,SLATE_E,139803,132747,59849,49637,28554,54371,45267,20975,-888527982,366809754,275128973,356584007,11269420
ASP_2101_14,Light_Sweet_Slate_Jan2021,2021-01-21T20:00:00Z,Jan2021,Optimal,SLATE_E,139803,132747,59849,49637,28554,66952,47582,14134,-1088297985,360494379,297362790,327383690,13546229
ASP_2101_15,Coker_Max_Run_Jan2021,2021-01-24T08:00:00Z,Jan2021,Optimal,SLATE_E,139803,132747,59849,49637,28554,56653,46747,19043,-1126331615,473347277,307621517,335611037,12333149
ASP_2101_16,Product_Demand_High_Jan2021,2021-01-22T11:00:00Z,Jan2021,Optimal,SLATE_B,139803,132747,59849,49637,28554,63411,47506,16383,-1158082007,477362288,255881020,351531394,12476547
ASP_2101_17,Base_Case_Jan2021,2021-01-26T13:00:00Z,Jan2021,Optimal,SLATE_B,139803,132747,59849,49637,28554,58563,45349,16332,-1128829302,477025981,303861995,360338625,12397299
ASP_2101_18,High_Crude_Price_Jan2021,2021-01-11T09:00:00Z,Jan2021,Optimal,SLATE_F,139803,132747,59849,49637,28554,55158,44165,18277,-892269467,350427611,291901268,339795915,12266677
ASP_2101_19,Max_Diesel_Mode_Jan2021,2021-01-25T11:00:00Z,Jan2021,Optimal,SLATE_F,139803,132747,59849,49637,28554,53206,52361,15730,-960396886,355001670,271643634,299582143,11563746
ASP_2101_20,Min_Fuel_Oil_Jan2021,2021-01-09T16:00:00Z,Jan2021,Optimal,SLATE_A,139803,132747,59849,49637,28554,58024,48142,14500,-1141774875,430828537,331598562,358158676,12066478
ASP_2101_21,Heavy_Crude_Slate_Jan2021,2021-01-14T13:00:00Z,Jan2021,Optimal,SLATE_F,139803,132747,59849,49637,28554,50515,44535,20443,-888144615,388181382,280939021,329217468,11510520
ASP_2101_22,Light_Sweet_Slate_Jan2021,2021-01-01T02:00:00Z,Jan2021,Optimal,SLATE_F,139803,132747,59849,49637,28554,62062,47322,13282,-1272856537,470325312,358171181,320584753,12602195
ASP_2101_23,Coker_Max_Run_Jan2021,2021-01-10T12:00:00Z,Jan2021,Optimal,SLATE_D,139803,132747,59849,49637,28554,56120,47683,19031,-1020176286,384328575,315113049,313675388,12944182
ASP_2101_24,Product_Demand_High_Jan2021,2021-01-16T10:00:00Z,Jan2021,Optimal,SLATE_C,139803,132747,59849,49637,28554,64907,47252,16063,-1045638894,380886890,285184268,315447923,13334919
ASP_2101_25,Base_Case_Jan2021,2021-01-05T15:00:00Z,Jan2021,Optimal,SLATE_C,139803,132747,59849,49637,28554,56782,46884,16643,-1090641517,477468028,285498553,339759053,12084117
ASP_2101_26,High_Crude_Price_Jan2021,2021-01-18T01:00:00Z,Jan2021,Optimal,SLATE_A,139803,132747,59849,49637,28554,57647,45265,16872,-1019449104,393350329,355044818,372103237,12401531
ASP_2101_27,Max_Diesel_Mode_Jan2021,2021-01-25T11:00:00Z,Jan2021,Optimal,SLATE_D,139803,132747,59849,49637,28554,52491,51474,16059,-1139289187,438291512,330817437,327869288,11940916
ASP_2101_28,Min_Fuel_Oil_Jan2021,2021-01-20T03:00:00Z,Jan2021,Optimal,SLATE_B,139803,132747,59849,49637,28554,57235,46002,14213,-1099078908,408230206,359040699,312418101,12622105
ASP_2101_29,Heavy_Crude_Slate_Jan2021,2021-01-03T10:00:00Z,Jan2021,Optimal,SLATE_D,139803,132747,59849,49637,28554,53399,45398,19859,-869423957,372866906,301803934,302495063,11139284
ASP_2101_30,Light_Sweet_Slate_Jan2021,2021-01-19T10:00:00Z,Jan2021,Optimal,SLATE_F,139803,132747,59849,49637,28554,65693,44433,13150,-1313436885,448928046,360369496,375562452,12148489
ASP_2101_31,Coker_Max_Run_Jan2021,2021-01-07T17:00:00Z,Jan2021,Optimal,SLATE_C,139803,132747,59849,49637,28554,55093,47527,18521,-1041459670,334683252,335815830,362082789,11542978
ASP_2101_32,Product_Demand_High_Jan2021,2021-01-24T12:00:00Z,Jan2021,Optimal,SLATE_A,139803,132747,59849,49637,28554,62071,51717,16950,-1132263370,371658952,311627292,378255682,13149916
ASP_2101_33,Base_Case_Jan2021,2021-01-17T06:00:00Z,Jan2021,Optimal,SLATE_A,139803,132747,59849,49637,28554,56860,45935,17923,-1065792427,459633415,316923550,301924667,12689205
ASP_2101_34,High_Crude_Price_Jan2021,2021-01-07T19:00:00Z,Jan2021,Optimal,SLATE_F,139803,132747,59849,49637,28554,56031,45250,17989,-993668299,422068170,339765271,329803990,11563192
ASP_2101_35,Max_Diesel_Mode_Jan2021,2021-01-19T13:00:00Z,Jan2021,Optimal,SLATE_B,139803,132747,59849,49637,28554,53295,51733,16782,-1223419299,469814934,310627329,396658460,11939485
ASP_2101_36,Min_Fuel_Oil_Jan2021,2021-01-17T19:00:00Z,Jan2021,Optimal,SLATE_E,139803,132747,59849,49637,28554,57499,49770,14739,-1050733686,339724481,319244415,373495190,12334293
ASP_2102_01,Base_Case_Feb2021,2021-02-10T02:00:00Z,Feb2021,Optimal,SLATE_D,164037,160401,82698,53939,35037,74584,60099,20290,-1310732100,476412489,402560994,446680160,14921543
ASP_2102_02,High_Crude_Price_Feb2021,2021-02-07T09:00:00Z,Feb2021,Optimal,SLATE_F,164037,160401,82698,53939,35037,72237,53631,19628,-1110449982,410619284,416075570,394046725,13730728
ASP_2102_03,Max_Diesel_Mode_Feb2021,2021-02-14T16:00:00Z,Feb2021,Optimal,SLATE_D,164037,160401,82698,53939,35037,67048,67746,18148,-1279794084,453130080,343877219,437423203,15578993
ASP_2102_04,Min_Fuel_Oil_Feb2021,2021-02-14T19:00:00Z,Feb2021,Optimal,SLATE_B,164037,160401,82698,53939,35037,83242,62802,16095,-1345305977,552438928,309390849,460953519,16660988
ASP_2102_05,Heavy_Crude_Slate_Feb2021,2021-02-07T01:00:00Z,Feb2021,Optimal,SLATE_D,164037,160401,82698,53939,35037,67047,59159,24816,-1219837369,571545999,418658291,380219343,15048778
ASP_2102_06,Light_Sweet_Slate_Feb2021,2021-02-06T22:00:00Z,Feb2021,Optimal,SLATE_F,164037,160401,82698,53939,35037,86029,56679,15827,-1419672667,565165608,351884086,365814281,15299093
ASP_2102_07,Coker_Max_Run_Feb2021,2021-02-17T19:00:00Z,Feb2021,Optimal,SLATE_C,164037,160401,82698,53939,35037,77603,62200,20800,-1183251402,467265944,351691681,357160362,16067592
ASP_2102_08,Product_Demand_High_Feb2021,2021-02-17T01:00:00Z,Feb2021,Optimal,SLATE_F,164037,160401,82698,53939,35037,82273,61573,18275,-1431901935,548598697,380311754,414299869,17375195
ASP_2102_09,Base_Case_Feb2021,2021-02-16T04:00:00Z,Feb2021,Optimal,SLATE_E,164037,160401,82698,53939,35037,79077,55809,20060,-1287017473,529615678,332542697,439452082,14592984
ASP_2102_10,High_Crude_Price_Feb2021,2021-02-08T02:00:00Z,Feb2021,Optimal,SLATE_B,164037,160401,82698,53939,35037,70907,54535,19406,-1119376814,455926710,402167209,373876409,15256399
ASP_2102_11,Max_Diesel_Mode_Feb2021,2021-02-14T07:00:00Z,Feb2021,Optimal,SLATE_C,164037,160401,82698,53939,35037,73074,70081,19034,-1400448758,542851939,419772850,387180933,16045000
ASP_2102_12,Min_Fuel_Oil_Feb2021,2021-02-02T01:00:00Z,Feb2021,Optimal,SLATE_E,164037,160401,82698,53939,35037,80449,60451,16932,-1236583758,509027145,350595736,356490836,15546961
ASP_2102_13,Heavy_Crude_Slate_Feb2021,2021-02-09T04:00:00Z,Feb2021,Optimal,SLATE_D,164037,160401,82698,53939,35037,72084,58029,22617,-1120330837,517119419,344017508,398742064,15066949
ASP_2102_14,Light_Sweet_Slate_Feb2021,2021-02-26T02:00:00Z,Feb2021,Optimal,SLATE_B,164037,160401,82698,53939,35037,81690,55019,15229,-1417221472,494717818,417795376,368351057,15487936
ASP_2102_15,Coker_Max_Run_Feb2021,2021-02-09T06:00:00Z,Feb2021,Optimal,SLATE_B,164037,160401,82698,53939,35037,76527,63066,22143,-1172139539,434236676,340237698,391204779,16522742
ASP_2102_16,Product_Demand_High_Feb2021,2021-02-11T21:00:00Z,Feb2021,Optimal,SLATE_D,164037,160401,82698,53939,35037,87792,62039,19488,-1428310159,493220214,390989516,454564107,16264430
ASP_2102_17,Base_Case_Feb2021,2021-02-25T17:00:00Z,Feb2021,Optimal,SLATE_A,164037,160401,82698,53939,35037,77674,60620,18949,-1229211180,542147876,354098399,348644317,15679412
ASP_2102_18,High_Crude_Price_Feb2021,2021-02-25T09:00:00Z,Feb2021,Optimal,SLATE_E,164037,160401,82698,53939,35037,71157,54373,21043,-1132445385,493355566,367390362,384170114,13997145
ASP_2102_19,Max_Diesel_Mode_Feb2021,2021-02-11T07:00:00Z,Feb2021,Optimal,SLATE_D,164037,160401,82698,53939,35037,70896,64201,19384,-1203097691,481157056,303827437,375800166,14977334
ASP_2102_20,Min_Fuel_Oil_Feb2021,2021-02-25T16:00:00Z,Feb2021,Optimal,SLATE_A,164037,160401,82698,53939,35037,76393,60095,17567,-1379044157,548569848,425296707,379966891,14955623
ASP_2102_21,Heavy_Crude_Slate_Feb2021,2021-02-24T06:00:00Z,Feb2021,Optimal,SLATE_C,164037,160401,82698,53939,35037,72183,59190,23148,-1162810159,565792592,325698911,415584022,15064237
ASP_2102_22,Light_Sweet_Slate_Feb2021,2021-02-21T19:00:00Z,Feb2021,Optimal,SLATE_D,164037,160401,82698,53939,35037,89395,56050,15218,-1429060352,481936000,410933583,400314536,17237376
ASP_2102_23,Coker_Max_Run_Feb2021,2021-02-08T04:00:00Z,Feb2021,Optimal,SLATE_D,164037,160401,82698,53939,35037,72428,61414,22154,-1244631295,498394157,350783393,387333690,16284480
ASP_2102_24,Product_Demand_High_Feb2021,2021-02-20T13:00:00Z,Feb2021,Optimal,SLATE_B,164037,160401,82698,53939,35037,83660,60028,18801,-1222389721,445639339,332084227,370753302,16634533
ASP_2102_25,Base_Case_Feb2021,2021-02-20T02:00:00Z,Feb2021,Optimal,SLATE_D,164037,160401,82698,53939,35037,80711,60630,18866,-1177796652,396726801,409121563,387203650,15255362
ASP_2102_26,High_Crude_Price_Feb2021,2021-02-26T06:00:00Z,Feb2021,Optimal,SLATE_A,164037,160401,82698,53939,35037,72162,54111,19401,-1130454206,472100455,375196145,395216730,13758758
ASP_2102_27,Max_Diesel_Mode_Feb2021,2021-02-18T01:00:00Z,Feb2021,Optimal,SLATE_A,164037,160401,82698,53939,35037,67080,66413,18539,-1370949365,569271414,315697626,435783660,15086638
ASP_2102_28,Min_Fuel_Oil_Feb2021,2021-02-02T14:00:00Z,Feb2021,Optimal,SLATE_E,164037,160401,82698,53939,35037,76735,60109,17261,-1374308316,558271366,336934181,455339665,16265293
ASP_2102_29,Heavy_Crude_Slate_Feb2021,2021-02-21T12:00:00Z,Feb2021,Optimal,SLATE_E,164037,160401,82698,53939,35037,68250,60010,23408,-1064932335,473285249,369422702,356137263,15587064
ASP_2102_30,Light_Sweet_Slate_Feb2021,2021-02-21T04:00:00Z,Feb2021,Optimal,SLATE_B,164037,160401,82698,53939,35037,87520,57800,15948,-1410737784,425127107,396296477,454653627,16489903
ASP_2102_31,Coker_Max_Run_Feb2021,2021-02-24T11:00:00Z,Feb2021,Optimal,SLATE_C,164037,160401,82698,53939,35037,78634,60522,21193,-1348353427,550985088,423117267,364423865,16611095
ASP_2102_32,Product_Demand_High_Feb2021,2021-02-14T19:00:00Z,Feb2021,Optimal,SLATE_C,164037,160401,82698,53939,35037,87122,59184,19226,-1352876126,532014033,340317141,396639087,16307181
ASP_2102_33,Base_Case_Feb2021,2021-02-06T11:00:00Z,Feb2021,Optimal,SLATE_C,164037,160401,82698,53939,35037,76617,61263,19104,-1290197408,452742709,425324473,428969689,16839463
ASP_2102_34,High_Crude_Price_Feb2021,2021-02-04T07:00:00Z,Feb2021,Optimal,SLATE_F,164037,160401,82698,53939,35037,74419,58285,20726,-1053061255,412236533,356655605,390641607,14901946
ASP_2102_35,Max_Diesel_Mode_Feb2021,2021-02-12T16:00:00Z,Feb2021,Optimal,SLATE_A,164037,160401,82698,53939,35037,71988,66580,18948,-1448703210,547521184,423776159,424583739,16163739
ASP_2102_36,Min_Fuel_Oil_Feb2021,2021-02-11T17:00:00Z,Feb2021,Optimal,SLATE_E,164037,160401,82698,53939,35037,82483,57629,15991,-1322509908,506619423,424858506,367976749,15464476
ASP_2103_01,Base_Case_Mar2021,2021-03-03T12:00:00Z,Mar2021,Optimal,SLATE_C,179427,162801,86953,58855,43826,79770,62019,23558,-1482479470,567971099,427477770,503729443,16698842
ASP_2103_02,High_Crude_Price_Mar2021,2021-03-24T05:00:00Z,Mar2021,Optimal,SLATE_C,179427,162801,86953,58855,43826,77015,60515,24552,-1280812473,522307644,430140025,456098292,16358490
ASP_2103_03,Max_Diesel_Mode_Mar2021,2021-03-19T00:00:00Z,Mar2021,Optimal,SLATE_D,179427,162801,86953,58855,43826,72836,69875,21938,-1381914503,462496277,421278754,449127797,16793777
ASP_2103_04,Min_Fuel_Oil_Mar2021,2021-03-18T03:00:00Z,Mar2021,Optimal,SLATE_B,179427,162801,86953,58855,43826,81674,64373,19924,-1523593003,621210497,393931651,480590359,16515999
ASP_2103_05,Heavy_Crude_Slate_Mar2021,2021-03-19T01:00:00Z,Mar2021,Optimal,SLATE_C,179427,162801,86953,58855,43826,68757,62947,27472,-1140724361,491249931,351420745,440312752,15511915
ASP_2103_06,Light_Sweet_Slate_Mar2021,2021-03-07T16:00:00Z,Mar2021,Optimal,SLATE_E,179427,162801,86953,58855,43826,86053,59801,19369,-1583201244,615541285,404746535,410887970,17603250
ASP_2103_07,Coker_Max_Run_Mar2021,2021-03-03T16:00:00Z,Mar2021,Optimal,SLATE_E,179427,162801,86953,58855,43826,78776,62313,25191,-1429993360,561549716,371459114,484804976,15859531
ASP_2103_08,Product_Demand_High_Mar2021,2021-03-11T07:00:00Z,Mar2021,Optimal,SLATE_B,179427,162801,86953,58855,43826,82495,62958,22398,-1655966462,614030785,461823381,473405478,15957364
ASP_2103_09,Base_Case_Mar2021,2021-03-03T00:00:00Z,Mar2021,Optimal,SLATE_C,179427,162801,86953,58855,43826,80821,61545,24060,-1235067366,460713916,371718929,419643973,17009452
ASP_2103_10,High_Crude_Price_Mar2021,2021-03-07T14:00:00Z,Mar2021,Optimal,SLATE_C,179427,162801,86953,58855,43826,75901,59268,24408,-1346411296,623011331,410900225,445514882,15935898
ASP_2103_11,Max_Diesel_Mode_Mar2021,2021-03-06T13:00:00Z,Mar2021,Optimal,SLATE_B,179427,162801,86953,58855,43826,73907,74308,21572,-1398137786,527462313,413509127,407672847,17084490
ASP_2103_12,Min_Fuel_Oil_Mar2021,2021-03-18T19:00:00Z,Mar2021,Optimal,SLATE_D,179427,162801,86953,58855,43826,79240,66516,20365,-1460667343,586624112,349236226,498440725,16177429
ASP_2103_13,Heavy_Crude_Slate_Mar2021,2021-03-23T20:00:00Z,Mar2021,Optimal,SLATE_F,179427,162801,86953,58855,43826,72583,58279,29478,-1150537047,441175540,363164119,489968608,15933770
ASP_2103_14,Light_Sweet_Slate_Mar2021,2021-03-25T00:00:00Z,Mar2021,Optimal,SLATE_E,179427,162801,86953,58855,43826,88111,59204,18677,-1422312419,453985355,336826357,496832530,17722439
ASP_2103_15,Coker_Max_Run_Mar2021,2021-03-01T04:00:00Z,Mar2021,Optimal,SLATE_E,179427,162801,86953,58855,43826,75568,68068,25538,-1489268985,608900082,376477870,492258542,17568861
ASP_2103_16,Product_Demand_High_Mar2021,2021-03-16T13:00:00Z,Mar2021,Optimal,SLATE_B,179427,162801,86953,58855,43826,86898,67401,21968,-1268277244,447701217,326866012,417631529,17867976
ASP_2103_17,Base_Case_Mar2021,2021-03-08T05:00:00Z,Mar2021,Optimal,SLATE_E,179427,162801,86953,58855,43826,79560,59824,22787,-1288591479,471933935,434526555,398736226,16605237
ASP_2103_18,High_Crude_Price_Mar2021,2021-03-19T07:00:00Z,Mar2021,Optimal,SLATE_C,179427,162801,86953,58855,43826,73073,57361,23832,-1388031964,610067044,419263096,495157969,15757713
ASP_2103_19,Max_Diesel_Mode_Mar2021,2021-03-26T05:00:00Z,Mar2021,Optimal,SLATE_B,179427,162801,86953,58855,43826,72465,75188,22690,-1344946142,540819485,376934708,380336718,17189823
ASP_2103_20,Min_Fuel_Oil_Mar2021,2021-03-24T14:00:00Z,Mar2021,Optimal,SLATE_E,179427,162801,86953,58855,43826,82598,61902,19799,-1300908350,418288125,400479401,460003095,15752805
ASP_2103_21,Heavy_Crude_Slate_Mar2021,2021-03-12T02:00:00Z,Mar2021,Optimal,SLATE_C,179427,162801,86953,58855,43826,68527,58985,29066,-1172187158,533681068,398671653,385172981,15095526
ASP_2103_22,Light_Sweet_Slate_Mar2021,2021-03-02T16:00:00Z,Mar2021,Optimal,SLATE_F,179427,162801,86953,58855,43826,82593,63724,18579,-1434131835,438965606,400869536,457451701,16811990
ASP_2103_23,Coker_Max_Run_Mar2021,2021-03-08T10:00:00Z,Mar2021,Optimal,SLATE_C,179427,162801,86953,58855,43826,75801,65505,26911,-1407197833,472037512,456376291,467532869,16340953
ASP_2103_24,Product_Demand_High_Mar2021,2021-03-25T12:00:00Z,Mar2021,Optimal,SLATE_C,179427,162801,86953,58855,43826,87165,64400,23174,-1642442500,617635418,436464020,484248766,17568111
ASP_2103_25,Base_Case_Mar2021,2021-03-17T05:00:00Z,Mar2021,Optimal,SLATE_E,179427,162801,86953,58855,43826,74782,62579,23463,-1293101366,516882916,327307882,465743432,16832864
ASP_2103_26,High_Crude_Price_Mar2021,2021-03-04T13:00:00Z,Mar2021,Optimal,SLATE_F,179427,162801,86953,58855,43826,77922,57232,25010,-1303513888,538551078,464726363,428612187,15026706
ASP_2103_27,Max_Diesel_Mode_Mar2021,2021-03-27T13:00:00Z,Mar2021,Optimal,SLATE_B,179427,162801,86953,58855,43826,73464,73036,22402,-1424425361,484651845,405376171,483218057,16650491
ASP_2103_28,Min_Fuel_Oil_Mar2021,2021-03-19T09:00:00Z,Mar2021,Optimal,SLATE_A,179427,162801,86953,58855,43826,78890,63962,19108,-1335352193,449013056,460285993,402334743,15175352
ASP_2103_29,Heavy_Crude_Slate_Mar2021,2021-03-21T17:00:00Z,Mar2021,Optimal,SLATE_B,179427,162801,86953,58855,43826,68452,58760,27438,-1233658858,488272977,410288937,487616075,15445924
ASP_2103_30,Light_Sweet_Slate_Mar2021,2021-03-14T01:00:00Z,Mar2021,Optimal,SLATE_D,179427,162801,86953,58855,43826,88393,62943,19199,-1571145820,585246637,410285532,425550687,18274088
ASP_2103_31,Coker_Max_Run_Mar2021,2021-03-27T18:00:00Z,Mar2021,Optimal,SLATE_F,179427,162801,86953,58855,43826,74522,65687,24530,-1454599961,596987168,463858475,381177647,15944896
ASP_2103_32,Product_Demand_High_Mar2021,2021-03-23T06:00:00Z,Mar2021,Optimal,SLATE_A,179427,162801,86953,58855,43826,81125,68770,21509,-1338817144,521920904,350461000,385658789,18395189
ASP_2103_33,Base_Case_Mar2021,2021-03-17T12:00:00Z,Mar2021,Optimal,SLATE_C,179427,162801,86953,58855,43826,79181,59618,23951,-1417761219,477791762,447062279,508323454,15416276
ASP_2103_34,High_Crude_Price_Mar2021,2021-03-02T10:00:00Z,Mar2021,Optimal,SLATE_D,179427,162801,86953,58855,43826,73905,58469,22849,-1101353283,430231555,351626379,431751956,16486756
ASP_2103_35,Max_Diesel_Mode_Mar2021,2021-03-15T17:00:00Z,Mar2021,Optimal,SLATE_C,179427,162801,86953,58855,43826,73693,73912,21429,-1411157809,468096414,410302984,481736605,16176184
ASP_2103_36,Min_Fuel_Oil_Mar2021,2021-03-19T00:00:00Z,Mar2021,Optimal,SLATE_D,179427,162801,86953,58855,43826,79186,61511,20643,-1314463105,431408221,428915517,431959222,16105188
ASP_2104_01,Base_Case_Apr2021,2021-04-18T21:00:00Z,Apr2021,Optimal,SLATE_D,173803,166204,95004,51386,30064,81881,60555,19455,-1229227561,436687626,434688844,374202964,16351873
ASP_2104_02,High_Crude_Price_Apr2021,2021-04-25T02:00:00Z,Apr2021,Optimal,SLATE_D,173803,166204,95004,51386,30064,80067,57840,21594,-1217941894,500735275,401247602,436849663,14982655
ASP_2104_03,Max_Diesel_Mode_Apr2021,2021-04-19T13:00:00Z,Apr2021,Optimal,SLATE_C,173803,166204,95004,51386,30064,75178,67758,19228,-1382958346,583278357,331198425,419815195,17188790
ASP_2104_04,Min_Fuel_Oil_Apr2021,2021-04-21T09:00:00Z,Apr2021,Optimal,SLATE_C,173803,166204,95004,51386,30064,87631,57955,16990,-1380382875,542776314,378451749,435944445,16994959
ASP_2104_05,Heavy_Crude_Slate_Apr2021,2021-04-24T17:00:00Z,Apr2021,Optimal,SLATE_E,173803,166204,95004,51386,30064,76613,59754,23503,-1071127492,436405300,330615914,439486351,16365907
ASP_2104_06,Light_Sweet_Slate_Apr2021,2021-04-21T03:00:00Z,Apr2021,Optimal,SLATE_A,173803,166204,95004,51386,30064,93813,57203,16623,-1389046881,450459331,330488790,476048449,16776140
ASP_2104_07,Coker_Max_Run_Apr2021,2021-04-23T04:00:00Z,Apr2021,Optimal,SLATE_E,173803,166204,95004,51386,30064,86337,64044,23170,-1268524314,450536799,422766159,388674256,18325925
ASP_2104_08,Product_Demand_High_Apr2021,2021-04-02T06:00:00Z,Apr2021,Optimal,SLATE_F,173803,166204,95004,51386,30064,96270,61309,18458,-1459599545,458816035,428025294,483218605,18578873
ASP_2104_09,Base_Case_Apr2021,2021-04-21T13:00:00Z,Apr2021,Optimal,SLATE_E,173803,166204,95004,51386,30064,83132,61353,21236,-1277811000,572035900,353157363,369088651,16470914
ASP_2104_10,High_Crude_Price_Apr2021,2021-04-18T13:00:00Z,Apr2021,Optimal,SLATE_A,173803,166204,95004,51386,30064,82834,55756,21424,-1138194709,504674488,378587616,370121378,16215320
ASP_2104_11,Max_Diesel_Mode_Apr2021,2021-04-08T21:00:00Z,Apr2021,Optimal,SLATE_B,173803,166204,95004,51386,30064,77244,66505,20195,-1243863963,401793171,321581975,477907104,16649904
ASP_2104_12,Min_Fuel_Oil_Apr2021,2021-04-01T10:00:00Z,Apr2021,Optimal,SLATE_D,173803,166204,95004,51386,30064,84546,62890,17166,-1353859799,499295763,388470541,442955734,16295048
ASP_2104_13,Heavy_Crude_Slate_Apr2021,2021-04-01T21:00:00Z,Apr2021,Optimal,SLATE_D,173803,166204,95004,51386,30064,75531,55942,23718,-1124347566,430855793,411199183,422962114,15742016
ASP_2104_14,Light_Sweet_Slate_Apr2021,2021-04-17T05:00:00Z,Apr2021,Optimal,SLATE_A,173803,166204,95004,51386,30064,94742,56800,15456,-1496702594,529527672,356598028,467612173,17396271
ASP_2104_15,Coker_Max_Run_Apr2021,2021-04-12T21:00:00Z,Apr2021,Optimal,SLATE_A,173803,166204,95004,51386,30064,83144,59543,23267,-1271385150,426058524,360867041,476807117,17276652
ASP_2104_16,Product_Demand_High_Apr2021,2021-04-01T08:00:00Z,Apr2021,Optimal,SLATE_F,173803,166204,95004,51386,30064,96408,59987,18646,-1422267739,540628732,333386499,461574842,18675499
ASP_2104_17,Base_Case_Apr2021,2021-04-04T11:00:00Z,Apr2021,Optimal,SLATE_A,173803,166204,95004,51386,30064,88528,60841,19937,-1255668902,410117751,431173274,431063978,16686101
ASP_2104_18,High_Crude_Price_Apr2021,2021-04-25T21:00:00Z,Apr2021,Optimal,SLATE_D,173803,166204,95004,51386,30064,78380,54846,20559,-1114660262,406655800,369938166,449783292,14790016
ASP_2104_19,Max_Diesel_Mode_Apr2021,2021-04-04T22:00:00Z,Apr2021,Optimal,SLATE_D,173803,166204,95004,51386,30064,78457,65568,18708,-1507316478,600963011,384698961,467078163,17200632
ASP_2104_20,Min_Fuel_Oil_Apr2021,2021-04-06T05:00:00Z,Apr2021,Optimal,SLATE_D,173803,166204,95004,51386,30064,90357,62380,16998,-1359823255,585433199,383454250,368526602,17197298
ASP_2104_21,Heavy_Crude_Slate_Apr2021,2021-04-02T21:00:00Z,Apr2021,Optimal,SLATE_E,173803,166204,95004,51386,30064,77763,59486,24572,-1231503172,584811271,380835448,419069617,16379478
ASP_2104_22,Light_Sweet_Slate_Apr2021,2021-04-11T09:00:00Z,Apr2021,Optimal,SLATE_F,173803,166204,95004,51386,30064,97004,60321,16393,-1340489137,475318612,321528370,417242830,17224511
ASP_2104_23,Coker_Max_Run_Apr2021,2021-04-07T18:00:00Z,Apr2021,Optimal,SLATE_C,173803,166204,95004,51386,30064,81665,62911,22300,-1332838922,422572000,436391270,464003779,16262223
ASP_2104_24,Product_Demand_High_Apr2021,2021-04-19T17:00:00Z,Apr2021,Optimal,SLATE_C,173803,166204,95004,51386,30064,92735,60788,18541,-1312468470,443353082,388587075,401223854,17915427
ASP_2104_25,Base_Case_Apr2021,2021-04-20T06:00:00Z,Apr2021,Optimal,SLATE_D,173803,166204,95004,51386,30064,88907,59187,19655,-1357035789,462455561,440561870,470984250,16965892
ASP_2104_26,High_Crude_Price_Apr2021,2021-04-26T04:00:00Z,Apr2021,Optimal,SLATE_D,173803,166204,95004,51386,30064,85094,56796,19952,-1274948164,579950716,392253388,429475236,15866118
ASP_2104_27,Max_Diesel_Mode_Apr2021,2021-04-26T15:00:00Z,Apr2021,Optimal,SLATE_A,173803,166204,95004,51386,30064,75081,69801,19687,-1346924400,428398237,384652913,486378179,16644186
ASP_2104_28,Min_Fuel_Oil_Apr2021,2021-04-26T14:00:00Z,Apr2021,Optimal,SLATE_B,173803,166204,95004,51386,30064,85629,62649,17274,-1471290077,551625096,427425654,466745649,17359431
ASP_2104_29,Heavy_Crude_Slate_Apr2021,2021-04-18T08:00:00Z,Apr2021,Optimal,SLATE_B,173803,166204,95004,51386,30064,74385,54932,25463,-1130830850,458428176,363227353,450450824,15627630
ASP_2104_30,Light_Sweet_Slate_Apr2021,2021-04-25T22:00:00Z,Apr2021,Optimal,SLATE_E,173803,166204,95004,51386,30064,90384,58833,15821,-1403497664,420356221,365856605,483909283,16999194
ASP_2104_31,Coker_Max_Run_Apr2021,2021-04-02T06:00:00Z,Apr2021,Optimal,SLATE_E,173803,166204,95004,51386,30064,86808,64068,21518,-1252512961,469769974,387084569,389613226,18513885
ASP_2104_32,Product_Demand_High_Apr2021,2021-04-14T15:00:00Z,Apr2021,Optimal,SLATE_B,173803,166204,95004,51386,30064,96827,62622,19739,-1406139980,444150870,404121011,471744783,18035201
ASP_2104_33,Base_Case_Apr2021,2021-04-23T21:00:00Z,Apr2021,Optimal,SLATE_B,173803,166204,95004,51386,30064,88698,59750,19264,-1279082303,504314617,407887359,384399710,17519383
ASP_2104_34,High_Crude_Price_Apr2021,2021-04-03T15:00:00Z,Apr2021,Optimal,SLATE_F,173803,166204,95004,51386,30064,81731,58027,20260,-1239593972,538303620,346164314,479329467,16412648
ASP_2104_35,Max_Diesel_Mode_Apr2021,2021-04-24T09:00:00Z,Apr2021,Optimal,SLATE_B,173803,166204,95004,51386,30064,73884,65410,19774,-1302746691,435114951,401199982,419680216,15284014
ASP_2104_36,Min_Fuel_Oil_Apr2021,2021-04-03T19:00:00Z,Apr2021,Optimal,SLATE_F,173803,166204,95004,51386,30064,84438,59765,17178,-1392947002,543395982,366305330,459643224,16968805
ASP_2105_01,Base_Case_May2021,2021-05-27T07:00:00Z,May2021,Optimal,SLATE_F,133568,127165,63456,48128,33648,65283,53255,15187,-1012948954,340749143,334870591,351273356,13944136
ASP_2105_02,High_Crude_Price_May2021,2021-05-14T00:00:00Z,May2021,Optimal,SLATE_D,133568,127165,63456,48128,33648,62459,53911,15233,-998300730,389961674,330354987,378656437,13863608
ASP_2105_03,Max_Diesel_Mode_May2021,2021-05-24T04:00:00Z,May2021,Optimal,SLATE_C,133568,127165,63456,48128,33648,58039,62284,14271,-1083577324,456024620,259770404,330299021,14115641
ASP_2105_04,Min_Fuel_Oil_May2021,2021-05-02T03:00:00Z,May2021,Optimal,SLATE_B,133568,127165,63456,48128,33648,65961,56884,13506,-1137262237,414519563,323881210,379156276,13418954
ASP_2105_05,Heavy_Crude_Slate_May2021,2021-05-07T09:00:00Z,May2021,Optimal,SLATE_E,133568,127165,63456,48128,33648,57787,51907,17684,-879115338,386646815,255184028,348064866,13100889
ASP_2105_06,Light_Sweet_Slate_May2021,2021-05-07T22:00:00Z,May2021,Optimal,SLATE_A,133568,127165,63456,48128,33648,67741,55567,11838,-1216329963,454074986,267384871,378494176,13945137
ASP_2105_07,Coker_Max_Run_May2021,2021-05-20T20:00:00Z,May2021,Optimal,SLATE_C,133568,127165,63456,48128,33648,62387,56334,16268,-1105949515,429675157,318937859,349331850,13680635
ASP_2105_08,Product_Demand_High_May2021,2021-05-09T20:00:00Z,May2021,Optimal,SLATE_C,133568,127165,63456,48128,33648,65839,61330,14768,-1029780502,318267961,306588804,343045399,14401699
ASP_2105_09,Base_Case_May2021,2021-05-25T15:00:00Z,May2021,Optimal,SLATE_D,133568,127165,63456,48128,33648,61072,53049,15106,-931699250,329080361,262865254,352679148,12925513
ASP_2105_10,High_Crude_Price_May2021,2021-05-26T02:00:00Z,May2021,Optimal,SLATE_D,133568,127165,63456,48128,33648,60589,53169,15819,-949052953,380442705,307334183,357076503,13274094
ASP_2105_11,Max_Diesel_Mode_May2021,2021-05-06T03:00:00Z,May2021,Optimal,SLATE_D,133568,127165,63456,48128,33648,57754,65737,14450,-1076624863,413888581,289763530,335515619,13810717
ASP_2105_12,Min_Fuel_Oil_May2021,2021-05-01T22:00:00Z,May2021,Optimal,SLATE_F,133568,127165,63456,48128,33648,65807,53559,13048,-1176859111,446930442,342100867,366714803,13164450
ASP_2105_13,Heavy_Crude_Slate_May2021,2021-05-03T14:00:00Z,May2021,Optimal,SLATE_A,133568,127165,63456,48128,33648,55840,53042,18070,-863407200,361145090,244649801,366696027,13149584
ASP_2105_14,Light_Sweet_Slate_May2021,2021-05-14T16:00:00Z,May2021,Optimal,SLATE_D,133568,127165,63456,48128,33648,73168,54042,12255,-1096519077,336944145,281387422,376074054,15370730
ASP_2105_15,Coker_Max_Run_May2021,2021-05-23T00:00:00Z,May2021,Optimal,SLATE_E,133568,127165,63456,48128,33648,64639,58151,16822,-977042457,357707947,280771504,333580194,14174883
ASP_2105_16,Product_Demand_High_May2021,2021-05-03T18:00:00Z,May2021,Optimal,SLATE_B,133568,127165,63456,48128,33648,69139,56652,15004,-1048938917,337507986,291991135,355951439,14210822
ASP_2105_17,Base_Case_May2021,2021-05-19T09:00:00Z,May2021,Optimal,SLATE_E,133568,127165,63456,48128,33648,64242,54345,15506,-960596235,352044004,284002042,338517391,13967202
ASP_2105_18,High_Crude_Price_May2021,2021-05-06T01:00:00Z,May2021,Optimal,SLATE_C,133568,127165,63456,48128,33648,61359,52412,16280,-902875608,355279221,343917846,295667793,13478329
ASP_2105_19,Max_Diesel_Mode_May2021,2021-05-02T19:00:00Z,May2021,Optimal,SLATE_E,133568,127165,63456,48128,33648,58706,66456,14518,-1071856098,361824707,320937361,351877433,13824169
ASP_2105_20,Min_Fuel_Oil_May2021,2021-05-01T09:00:00Z,May2021,Optimal,SLATE_D,133568,127165,63456,48128,33648,64890,53635,12767,-955257413,375565837,259351076,306732574,14215105
ASP_2105_21,Heavy_Crude_Slate_May2021,2021-05-18T03:00:00Z,May2021,Optimal,SLATE_D,133568,127165,63456,48128,33648,56256,52891,19136,-989679553,445827074,308169472,359114650,13467248
ASP_2105_22,Light_Sweet_Slate_May2021,2021-05-24T17:00:00Z,May2021,Optimal,SLATE_B,133568,127165,63456,48128,33648,67821,56337,11892,-1032999253,398584024,250545971,286790552,13599785
ASP_2105_23,Coker_Max_Run_May2021,2021-05-10T06:00:00Z,May2021,Optimal,SLATE_A,133568,127165,63456,48128,33648,64812,59192,17428,-943479955,361803987,269427725,307675850,13927213
ASP_2105_24,Product_Demand_High_May2021,2021-05-19T05:00:00Z,May2021,Optimal,SLATE_D,133568,127165,63456,48128,33648,69250,60000,15040,-1123488018,451737435,283583612,319019281,14073644
ASP_2105_25,Base_Case_May2021,2021-05-04T03:00:00Z,May2021,Optimal,SLATE_A,133568,127165,63456,48128,33648,65922,53772,15930,-1102559232,465773412,278376136,371813067,13403383
ASP_2105_26,High_Crude_Price_May2021,2021-05-01T10:00:00Z,May2021,Optimal,SLATE_F,133568,127165,63456,48128,33648,60495,54822,15349,-874768940,344205297,333534676,286264544,13168712
ASP_2105_27,Max_Diesel_Mode_May2021,2021-05-25T18:00:00Z,May2021,Optimal,SLATE_E,133568,127165,63456,48128,33648,58994,61745,14200,-1162449802,428168742,320879988,371860445,13814125
ASP_2105_28,Min_Fuel_Oil_May2021,2021-05-24T12:00:00Z,May2021,Optimal,SLATE_A,133568,127165,63456,48128,33648,67611,54110,12385,-1103717360,383408223,339516939,362340583,13695492
ASP_2105_29,Heavy_Crude_Slate_May2021,2021-05-07T02:00:00Z,May2021,Optimal,SLATE_D,133568,127165,63456,48128,33648,54820,53994,18325,-833354749,323912893,269745726,344135163,11844060
ASP_2105_30,Light_Sweet_Slate_May2021,2021-05-13T03:00:00Z,May2021,Optimal,SLATE_A,133568,127165,63456,48128,33648,67755,54408,12293,-1060129404,311494278,340185906,309095765,14231838
ASP_2105_31,Coker_Max_Run_May2021,2021-05-18T20:00:00Z,May2021,Optimal,SLATE_C,133568,127165,63456,48128,33648,60352,57506,17595,-1050226082,352985318,333312889,356798885,13463678
ASP_2105_32,Product_Demand_High_May2021,2021-05-01T11:00:00Z,May2021,Optimal,SLATE_F,133568,127165,63456,48128,33648,66097,56796,14760,-1050409833,426374406,275670046,284815395,14258149
ASP_2105_33,Base_Case_May2021,2021-05-22T05:00:00Z,May2021,Optimal,SLATE_E,133568,127165,63456,48128,33648,62148,52590,15948,-1015451212,443478094,276824285,308033942,12885109
ASP_2105_34,High_Crude_Price_May2021,2021-05-09T20:00:00Z,May2021,Optimal,SLATE_A,133568,127165,63456,48128,33648,61431,52863,15693,-896945524,309109539,313101647,365622381,12892780
ASP_2105_35,Max_Diesel_Mode_May2021,2021-05-17T00:00:00Z,May2021,Optimal,SLATE_D,133568,127165,63456,48128,33648,59998,63960,14403,-1104278305,460797299,261725019,343597774,14426468
ASP_2105_36,Min_Fuel_Oil_May2021,2021-05-25T14:00:00Z,May2021,Optimal,SLATE_D,133568,127165,63456,48128,33648,62376,54874,12805,-957266105,312012530,319714419,311023818,13366199
ASP_2106_01,Base_Case_Jun2021,2021-06-13T17:00:00Z,Jun2021,Optimal,SLATE_C,147056,134030,77634,50218,39757,59948,54985,18132,-1095821588,402920234,311361924,394711343,13171913
ASP_2106_02,High_Crude_Price_Jun2021,2021-06-03T00:00:00Z,Jun2021,Optimal,SLATE_E,147056,134030,77634,50218,39757,58910,51797,18108,-980899053,463862039,290075790,325495185,13238391
ASP_2106_03,Max_Diesel_Mode_Jun2021,2021-06-15T09:00:00Z,Jun2021,Optimal,SLATE_C,147056,134030,77634,50218,39757,56647,58909,15896,-1200731800,402899085,354924232,398096789,12366010
ASP_2106_04,Min_Fuel_Oil_Jun2021,2021-06-19T04:00:00Z,Jun2021,Optimal,SLATE_D,147056,134030,77634,50218,39757,61941,56523,14036,-1099540422,453973164,271752527,355856026,14066744
ASP_2106_05,Heavy_Crude_Slate_Jun2021,2021-06-23T03:00:00Z,Jun2021,Optimal,SLATE_D,147056,134030,77634,50218,39757,53123,52093,20169,-927303128,373583928,355195023,314212459,12654601
ASP_2106_06,Light_Sweet_Slate_Jun2021,2021-06-20T06:00:00Z,Jun2021,Optimal,SLATE_F,147056,134030,77634,50218,39757,66094,52927,14477,-1287117237,484186008,284182411,395293826,14450426
ASP_2106_07,Coker_Max_Run_Jun2021,2021-06-21T11:00:00Z,Jun2021,Optimal,SLATE_E,147056,134030,77634,50218,39757,61224,55749,19946,-1061378556,355229864,307793552,390963749,13419953
ASP_2106_08,Product_Demand_High_Jun2021,2021-06-20T01:00:00Z,Jun2021,Optimal,SLATE_B,147056,134030,77634,50218,39757,64734,58811,16243,-1168704361,379872222,365884173,350901910,14524637
ASP_2106_09,Base_Case_Jun2021,2021-06-21T18:00:00Z,Jun2021,Optimal,SLATE_C,147056,134030,77634,50218,39757,57484,54651,18163,-1110517822,452300026,339051010,331839112,12672326
ASP_2106_10,High_Crude_Price_Jun2021,2021-06-15T13:00:00Z,Jun2021,Optimal,SLATE_A,147056,134030,77634,50218,39757,54568,51260,18508,-988206528,452883613,266089418,367729729,12565229
ASP_2106_11,Max_Diesel_Mode_Jun2021,2021-06-17T12:00:00Z,Jun2021,Optimal,SLATE_F,147056,134030,77634,50218,39757,53378,63609,16218,-1147781430,509053763,266762727,330954013,13645331
ASP_2106_12,Min_Fuel_Oil_Jun2021,2021-06-13T07:00:00Z,Jun2021,Optimal,SLATE_F,147056,134030,77634,50218,39757,60139,53209,14431,-1092879117,351073714,361252738,362085841,13364606
ASP_2106_13,Heavy_Crude_Slate_Jun2021,2021-06-06T00:00:00Z,Jun2021,Optimal,SLATE_F,147056,134030,77634,50218,39757,55989,52139,19966,-897608312,383222145,273571793,353027961,12479330
ASP_2106_14,Light_Sweet_Slate_Jun2021,2021-06-07T09:00:00Z,Jun2021,Optimal,SLATE_E,147056,134030,77634,50218,39757,63677,53255,14153,-1233000166,464316593,320130399,330588886,14142872
ASP_2106_15,Coker_Max_Run_Jun2021,2021-06-14T06:00:00Z,Jun2021,Optimal,SLATE_E,147056,134030,77634,50218,39757,62172,56032,19446,-1102243774,427810323,351402315,315537127,14118614
ASP_2106_16,Product_Demand_High_Jun2021,2021-06-05T01:00:00Z,Jun2021,Optimal,SLATE_D,147056,134030,77634,50218,39757,62135,55366,17055,-1088346189,343791714,312645642,365107443,13816846
ASP_2106_17,Base_Case_Jun2021,2021-06-27T15:00:00Z,Jun2021,Optimal,SLATE_B,147056,134030,77634,50218,39757,61600,53662,16632,-1191043704,453710028,365691732,385274113,13632169
ASP_2106_18,High_Crude_Price_Jun2021,2021-06-01T17:00:00Z,Jun2021,Optimal,SLATE_C,147056,134030,77634,50218,39757,58640,48595,17844,-943073684,355225317,313932549,368336638,12414412
ASP_2106_19,Max_Diesel_Mode_Jun2021,2021-06-18T15:00:00Z,Jun2021,Optimal,SLATE_D,147056,134030,77634,50218,39757,52257,62171,16106,-1206631959,484798267,273364487,403630548,12620007
ASP_2106_20,Min_Fuel_Oil_Jun2021,2021-06-01T03:00:00Z,Jun2021,Optimal,SLATE_C,147056,134030,77634,50218,39757,62236,55661,14057,-1005757894,375451713,281370407,332511699,12869844
ASP_2106_21,Heavy_Crude_Slate_Jun2021,2021-06-12T18:00:00Z,Jun2021,Optimal,SLATE_E,147056,134030,77634,50218,39757,54124,50316,20815,-1145330199,496598716,380374375,407791683,12175663
ASP_2106_22,Light_Sweet_Slate_Jun2021,2021-06-16T06:00:00Z,Jun2021,Optimal,SLATE_D,147056,134030,77634,50218,39757,69270,54199,14143,-1331710920,428603698,373145411,401448140,14169641
ASP_2106_23,Coker_Max_Run_Jun2021,2021-06-04T13:00:00Z,Jun2021,Optimal,SLATE_E,147056,134030,77634,50218,39757,59699,53504,18423,-1093172068,339453551,338551998,406930263,13198490
ASP_2106_24,Product_Demand_High_Jun2021,2021-06-27T22:00:00Z,Jun2021,Optimal,SLATE_B,147056,134030,77634,50218,39757,65341,57203,16380,-1209537453,448837585,350843457,334825019,14563974
ASP_2106_25,Base_Case_Jun2021,2021-06-12T21:00:00Z,Jun2021,Optimal,SLATE_A,147056,134030,77634,50218,39757,59063,54348,17475,-1013562952,403421070,306061064,317617422,13536604
ASP_2106_26,High_Crude_Price_Jun2021,2021-06-10T13:00:00Z,Jun2021,Optimal,SLATE_F,147056,134030,77634,50218,39757,57694,51524,18504,-989147398,432520719,317921802,338236501,13518806
ASP_2106_27,Max_Diesel_Mode_Jun2021,2021-06-16T00:00:00Z,Jun2021,Optimal,SLATE_D,147056,134030,77634,50218,39757,54752,59046,16478,-1066569236,385066010,316999405,326146782,12431972
ASP_2106_28,Min_Fuel_Oil_Jun2021,2021-06-25T17:00:00Z,Jun2021,Optimal,SLATE_C,147056,134030,77634,50218,39757,64502,55293,15162,-1040725135,425049209,270127499,328290293,13054248
ASP_2106_29,Heavy_Crude_Slate_Jun2021,2021-06-03T11:00:00Z,Jun2021,Optimal,SLATE_F,147056,134030,77634,50218,39757,52544,50089,20061,-989125126,385528696,314004878,411818938,12324594
ASP_2106_30,Light_Sweet_Slate_Jun2021,2021-06-05T05:00:00Z,Jun2021,Optimal,SLATE_C,147056,134030,77634,50218,39757,67279,54064,13410,-1232449276,439202949,350222729,325545063,14569601
ASP_2106_31,Coker_Max_Run_Jun2021,2021-06-26T21:00:00Z,Jun2021,Optimal,SLATE_D,147056,134030,77634,50218,39757,59216,55692,18914,-1120578714,360287095,352499185,398636183,12815880
ASP_2106_32,Product_Demand_High_Jun2021,2021-06-26T19:00:00Z,Jun2021,Optimal,SLATE_F,147056,134030,77634,50218,39757,67348,56699,16790,-1221116921,449847875,368007077,327152968,14344104
ASP_2106_33,Base_Case_Jun2021,2021-06-20T18:00:00Z,Jun2021,Optimal,SLATE_C,147056,134030,77634,50218,39757,59828,53624,18129,-1123382868,431887546,352259310,352221970,12985958
ASP_2106_34,High_Crude_Price_Jun2021,2021-06-20T05:00:00Z,Jun2021,Optimal,SLATE_B,147056,134030,77634,50218,39757,54685,50053,16868,-1072391628,456413848,335389838,386669985,12830597
ASP_2106_35,Max_Diesel_Mode_Jun2021,2021-06-25T12:00:00Z,Jun2021,Optimal,SLATE_F,147056,134030,77634,50218,39757,54489,63884,15771,-1102862764,455745142,283850201,324223036,13472889
ASP_2106_36,Min_Fuel_Oil_Jun2021,2021-06-01T06:00:00Z,Jun2021,Optimal,SLATE_C,147056,134030,77634,50218,39757,60437,54282,15083,-1166413294,462314827,342988012,340515196,13377943
ASP_2107_01,Base_Case_Jul2021,2021-07-21T12:00:00Z,Jul2021,Optimal,SLATE_F,141084,138513,63205,47306,27970,66228,46788,19185,-1052846212,423867275,316525614,326059377,13606054
ASP_2107_02,High_Crude_Price_Jul2021,2021-07-01T15:00:00Z,Jul2021,Optimal,SLATE_B,141084,138513,63205,47306,27970,61565,45023,20377,-1035317484,416771471,324080563,397216991,12723933
ASP_2107_03,Max_Diesel_Mode_Jul2021,2021-07-12T13:00:00Z,Jul2021,Optimal,SLATE_C,141084,138513,63205,47306,27970,61553,50216,18495,-1173099244,451403296,340360851,339134300,13661071
ASP_2107_04,Min_Fuel_Oil_Jul2021,2021-07-22T17:00:00Z,Jul2021,Optimal,SLATE_E,141084,138513,63205,47306,27970,69442,46539,16504,-1035643510,367239413,262802908,387859469,12422654
ASP_2107_05,Heavy_Crude_Slate_Jul2021,2021-07-05T18:00:00Z,Jul2021,Optimal,SLATE_E,141084,138513,63205,47306,27970,59885,45861,24511,-1017858612,432407575,334869209,376695007,13017777
ASP_2107_06,Light_Sweet_Slate_Jul2021,2021-07-14T14:00:00Z,Jul2021,Optimal,SLATE_E,141084,138513,63205,47306,27970,74961,44627,15307,-1303231258,434411762,343659632,399192602,13664658
ASP_2107_07,Coker_Max_Run_Jul2021,2021-07-10T05:00:00Z,Jul2021,Optimal,SLATE_D,141084,138513,63205,47306,27970,63674,49476,21286,-1236671850,472271596,357888747,395336563,13073523
ASP_2107_08,Product_Demand_High_Jul2021,2021-07-19T17:00:00Z,Jul2021,Optimal,SLATE_A,141084,138513,63205,47306,27970,74513,50410,19287,-1217101000,468230937,271613011,401741665,14640242
ASP_2107_09,Base_Case_Jul2021,2021-07-20T19:00:00Z,Jul2021,Optimal,SLATE_E,141084,138513,63205,47306,27970,71503,46103,20400,-1053540278,436880106,266978123,363996679,14314630
ASP_2107_10,High_Crude_Price_Jul2021,2021-07-20T09:00:00Z,Jul2021,Optimal,SLATE_D,141084,138513,63205,47306,27970,65258,42219,19822,-936882790,349725439,306864470,374721316,12960366
ASP_2107_11,Max_Diesel_Mode_Jul2021,2021-07-20T15:00:00Z,Jul2021,Optimal,SLATE_D,141084,138513,63205,47306,27970,61961,54213,18963,-1126690240,379882702,330916850,375942684,13703912
ASP_2107_12,Min_Fuel_Oil_Jul2021,2021-07-19T19:00:00Z,Jul2021,Optimal,SLATE_E,141084,138513,63205,47306,27970,70479,47119,16318,-1097001833,360477274,352172321,365488332,13087603
ASP_2107_13,Heavy_Crude_Slate_Jul2021,2021-07-06T10:00:00Z,Jul2021,Optimal,SLATE_F,141084,138513,63205,47306,27970,58841,43584,24275,-904588351,342656044,298717858,376212762,12488496
ASP_2107_14,Light_Sweet_Slate_Jul2021,2021-07-26T06:00:00Z,Jul2021,Optimal,SLATE_F,141084,138513,63205,47306,27970,76362,45338,16470,-1053454631,340321395,294501429,319947487,14185819
ASP_2107_15,Coker_Max_Run_Jul2021,2021-07-04T06:00:00Z,Jul2021,Optimal,SLATE_C,141084,138513,63205,47306,27970,69290,46376,20942,-1148925641,454045161,313388740,372623391,13659604
ASP_2107_16,Product_Demand_High_Jul2021,2021-07-18T10:00:00Z,Jul2021,Optimal,SLATE_D,141084,138513,63205,47306,27970,71395,48233,18480,-1106101984,368175907,336475839,333910121,14393363
ASP_2107_17,Base_Case_Jul2021,2021-07-16T06:00:00Z,Jul2021,Optimal,SLATE_D,141084,138513,63205,47306,27970,70306,44167,18725,-1059933501,403079332,319882356,350406410,13434597
ASP_2107_18,High_Crude_Price_Jul2021,2021-07-17T09:00:00Z,Jul2021,Optimal,SLATE_F,141084,138513,63205,47306,27970,63066,43531,20952,-1031649744,423244181,352598814,357724685,12209262
ASP_2107_19,Max_Diesel_Mode_Jul2021,2021-07-07T08:00:00Z,Jul2021,Optimal,SLATE_E,141084,138513,63205,47306,27970,59298,51270,19499,-1007928653,346327616,287968193,338520692,12884450
ASP_2107_20,Min_Fuel_Oil_Jul2021,2021-07-06T21:00:00Z,Jul2021,Optimal,SLATE_C,141084,138513,63205,47306,27970,68749,44495,16911,-1115707607,468274263,297451339,330153440,12667773
ASP_2107_21,Heavy_Crude_Slate_Jul2021,2021-07-27T05:00:00Z,Jul2021,Optimal,SLATE_C,141084,138513,63205,47306,27970,61201,46366,22995,-981279609,423242524,290995011,389379669,13306527
ASP_2107_22,Light_Sweet_Slate_Jul2021,2021-07-01T00:00:00Z,Jul2021,Optimal,SLATE_D,141084,138513,63205,47306,27970,78643,44147,15342,-1183773799,429454944,279313834,361810728,13638614
ASP_2107_23,Coker_Max_Run_Jul2021,2021-07-01T04:00:00Z,Jul2021,Optimal,SLATE_F,141084,138513,63205,47306,27970,65411,49738,21823,-1131240038,410829342,319303472,392750994,13824947
ASP_2107_24,Product_Demand_High_Jul2021,2021-07-25T15:00:00Z,Jul2021,Optimal,SLATE_A,141084,138513,63205,47306,27970,72500,48796,18717,-1079121450,377158926,334791503,301368674,14132575
ASP_2107_25,Base_Case_Jul2021,2021-07-02T00:00:00Z,Jul2021,Optimal,SLATE_D,141084,138513,63205,47306,27970,69962,46145,20658,-1032611920,417547638,271209616,357870455,14015789
ASP_2107_26,High_Crude_Price_Jul2021,2021-07-08T22:00:00Z,Jul2021,Optimal,SLATE_F,141084,138513,63205,47306,27970,62170,45611,20473,-972340964,437877922,322448419,310109314,13543302
ASP_2107_27,Max_Diesel_Mode_Jul2021,2021-07-04T10:00:00Z,Jul2021,Optimal,SLATE_F,141084,138513,63205,47306,27970,63154,52386,19453,-1070007471,332296387,356387531,344027436,13656619
ASP_2107_28,Min_Fuel_Oil_Jul2021,2021-07-11T13:00:00Z,Jul2021,Optimal,SLATE_C,141084,138513,63205,47306,27970,70871,46085,17309,-1127309198,361724309,346047898,400677350,13974607
ASP_2107_29,Heavy_Crude_Slate_Jul2021,2021-07-19T13:00:00Z,Jul2021,Optimal,SLATE_F,141084,138513,63205,47306,27970,60065,42744,23856,-926161750,388794969,337667524,314637648,12031529
ASP_2107_30,Light_Sweet_Slate_Jul2021,2021-07-14T13:00:00Z,Jul2021,Optimal,SLATE_D,141084,138513,63205,47306,27970,74458,45604,15385,-1142434576,345199739,321307771,366794855,13271493
ASP_2107_31,Coker_Max_Run_Jul2021,2021-07-13T19:00:00Z,Jul2021,Optimal,SLATE_F,141084,138513,63205,47306,27970,69582,48895,22555,-1211524384,474179300,363479638,364559646,14449580
ASP_2107_32,Product_Demand_High_Jul2021,2021-07-10T06:00:00Z,Jul2021,Optimal,SLATE_B,141084,138513,63205,47306,27970,71256,48641,19378,-1120519218,444938310,303785638,302988065,14194218
ASP_2107_33,Base_Case_Jul2021,2021-07-18T12:00:00Z,Jul2021,Optimal,SLATE_A,141084,138513,63205,47306,27970,65215,48127,20553,-1083336517,400989484,359404759,336519867,13577593
ASP_2107_34,High_Crude_Price_Jul2021,2021-07-01T02:00:00Z,Jul2021,Optimal,SLATE_B,141084,138513,63205,47306,27970,65595,45698,19463,-1007331454,391713993,350294025,365288563,12371087
ASP_2107_35,Max_Diesel_Mode_Jul2021,2021-07-23T21:00:00Z,Jul2021,Optimal,SLATE_E,141084,138513,63205,47306,27970,63933,53772,19516,-1255371860,482324783,359814900,366158751,12706186
ASP_2107_36,Min_Fuel_Oil_Jul2021,2021-07-06T20:00:00Z,Jul2021,Optimal,SLATE_E,141084,138513,63205,47306,27970,72862,48500,16177,-1161238099,472351893,267997231,400401079,13334572
ASP_2108_01,Base_Case_Aug2021,2021-08-12T03:00:00Z,Aug2021,Optimal,SLATE_B,142503,141519,61270,51542,35847,63626,57388,13655,-1022307669,401877287,320325776,314051146,13946540
ASP_2108_02,High_Crude_Price_Aug2021,2021-08-18T08:00:00Z,Aug2021,Optimal,SLATE_F,142503,141519,61270,51542,35847,55805,58167,13790,-913217613,371075238,290929640,343705126,13082163
ASP_2108_03,Max_Diesel_Mode_Aug2021,2021-08-05T13:00:00Z,Aug2021,Optimal,SLATE_F,142503,141519,61270,51542,35847,55202,68723,13478,-1055541062,451163078,260729256,307754482,14369614
ASP_2108_04,Min_Fuel_Oil_Aug2021,2021-08-21T18:00:00Z,Aug2021,Optimal,SLATE_C,142503,141519,61270,51542,35847,65037,58549,12118,-1156810111,405579441,356383582,375657660,14504070
ASP_2108_05,Heavy_Crude_Slate_Aug2021,2021-08-23T10:00:00Z,Aug2021,Optimal,SLATE_C,142503,141519,61270,51542,35847,56579,54627,17226,-943809886,478695577,263380044,319231644,12629613
ASP_2108_06,Light_Sweet_Slate_Aug2021,2021-08-26T06:00:00Z,Aug2021,Optimal,SLATE_B,142503,141519,61270,51542,35847,70337,58052,11237,-1243561590,421572897,308280346,394397624,13928018
ASP_2108_07,Coker_Max_Run_Aug2021,2021-08-09T05:00:00Z,Aug2021,Optimal,SLATE_B,142503,141519,61270,51542,35847,58049,59899,15442,-1160793265,400087670,364274702,386388425,12718184
ASP_2108_08,Product_Demand_High_Aug2021,2021-08-03T02:00:00Z,Aug2021,Optimal,SLATE_F,142503,141519,61270,51542,35847,68955,60455,13252,-1125288990,378845130,357074910,319908755,13894545
ASP_2108_09,Base_Case_Aug2021,2021-08-20T05:00:00Z,Aug2021,Optimal,SLATE_F,142503,141519,61270,51542,35847,62076,59833,13479,-1037242579,363096518,344590357,342582517,13026813
ASP_2108_10,High_Crude_Price_Aug2021,2021-08-10T05:00:00Z,Aug2021,Optimal,SLATE_A,142503,141519,61270,51542,35847,59409,57680,14381,-1018898558,442504032,313780766,364743418,13529783
ASP_2108_11,Max_Diesel_Mode_Aug2021,2021-08-08T07:00:00Z,Aug2021,Optimal,SLATE_A,142503,141519,61270,51542,35847,56630,68082,13276,-1126900248,460678951,324782374,302045809,14268802
ASP_2108_12,Min_Fuel_Oil_Aug2021,2021-08-16T03:00:00Z,Aug2021,Optimal,SLATE_A,142503,141519,61270,51542,35847,60958,59250,11577,-1125095621,410779026,330881745,363978409,13313334
ASP_2108_13,Heavy_Crude_Slate_Aug2021,2021-08-08T04:00:00Z,Aug2021,Optimal,SLATE_D,142503,141519,61270,51542,35847,53614,55554,17005,-909211929,382908383,311556243,328183977,12413126
ASP_2108_14,Light_Sweet_Slate_Aug2021,2021-08-09T04:00:00Z,Aug2021,Optimal,SLATE_C,142503,141519,61270,51542,35847,69855,58895,10928,-1279667835,446342485,332781128,377700199,14263245
ASP_2108_15,Coker_Max_Run_Aug2021,2021-08-11T04:00:00Z,Aug2021,Optimal,SLATE_F,142503,141519,61270,51542,35847,59873,58133,15590,-978487190,343783138,325267680,303518727,13268378
ASP_2108_16,Product_Demand_High_Aug2021,2021-08-17T21:00:00Z,Aug2021,Optimal,SLATE_B,142503,141519,61270,51542,35847,63124,61531,13816,-1019306783,337110294,290216760,330369401,13893878
ASP_2108_17,Base_Case_Aug2021,2021-08-01T05:00:00Z,Aug2021,Optimal,SLATE_C,142503,141519,61270,51542,35847,61677,56675,13387,-1051339813,449316611,300388901,314282774,12648473
ASP_2108_18,High_Crude_Price_Aug2021,2021-08-17T01:00:00Z,Aug2021,Optimal,SLATE_F,142503,141519,61270,51542,35847,60805,56072,13599,-983501363,427965346,275264432,378226255,12432812
ASP_2108_19,Max_Diesel_Mode_Aug2021,2021-08-07T15:00:00Z,Aug2021,Optimal,SLATE_F,142503,141519,61270,51542,35847,55790,64662,13820,-1112620031,433268356,301602836,338382788,13615855
ASP_2108_20,Min_Fuel_Oil_Aug2021,2021-08-26T11:00:00Z,Aug2021,Optimal,SLATE_B,142503,141519,61270,51542,35847,62845,58941,11717,-1132457998,398960230,321168787,392756890,13412122
ASP_2108_21,Heavy_Crude_Slate_Aug2021,2021-08-25T14:00:00Z,Aug2021,Optimal,SLATE_E,142503,141519,61270,51542,35847,56460,54543,17306,-881632206,401576103,288150768,302824323,12959854
ASP_2108_22,Light_Sweet_Slate_Aug2021,2021-08-27T10:00:00Z,Aug2021,Optimal,SLATE_A,142503,141519,61270,51542,35847,70137,57911,11395,-1180712776,453771712,261683582,352960298,14207756
ASP_2108_23,Coker_Max_Run_Aug2021,2021-08-19T12:00:00Z,Aug2021,Optimal,SLATE_B,142503,141519,61270,51542,35847,59837,63261,16012,-1065608457,375885527,367463197,314602195,13236745
ASP_2108_24,Product_Demand_High_Aug2021,2021-08-11T16:00:00Z,Aug2021,Optimal,SLATE_C,142503,141519,61270,51542,35847,64746,60179,12726,-1138070582,442918131,310861454,314734211,14744738
ASP_2108_25,Base_Case_Aug2021,2021-08-04T00:00:00Z,Aug2021,Optimal,SLATE_A,142503,141519,61270,51542,35847,62165,61183,13458,-1014905882,348608180,330480549,350347198,14530045
ASP_2108_26,High_Crude_Price_Aug2021,2021-08-08T13:00:00Z,Aug2021,Optimal,SLATE_E,142503,141519,61270,51542,35847,55946,55703,13722,-873466327,353954295,262328526,345568253,12431153
ASP_2108_27,Max_Diesel_Mode_Aug2021,2021-08-01T05:00:00Z,Aug2021,Optimal,SLATE_C,142503,141519,61270,51542,35847,57254,70265,13523,-1083632618,404462601,265319436,377337488,15088460
ASP_2108_28,Min_Fuel_Oil_Aug2021,2021-08-22T15:00:00Z,Aug2021,Optimal,SLATE_A,142503,141519,61270,51542,35847,62920,57475,12138,-1177599226,456611684,342848141,357476067,13635672
ASP_2108_29,Heavy_Crude_Slate_Aug2021,2021-08-12T09:00:00Z,Aug2021,Optimal,SLATE_E,142503,141519,61270,51542,35847,53213,55253,17122,-985582376,338930161,366342077,402360883,12541592
ASP_2108_30,Light_Sweet_Slate_Aug2021,2021-08-13T18:00:00Z,Aug2021,Optimal,SLATE_B,142503,141519,61270,51542,35847,68646,54834,11616,-1149923616,388417435,310075439,341622917,13398276
ASP_2108_31,Coker_Max_Run_Aug2021,2021-08-11T07:00:00Z,Aug2021,Optimal,SLATE_E,142503,141519,61270,51542,35847,58782,63278,15766,-1006201768,368144698,315406732,316876032,13955140
ASP_2108_32,Product_Demand_High_Aug2021,2021-08-18T02:00:00Z,Aug2021,Optimal,SLATE_F,142503,141519,61270,51542,35847,66501,60190,13513,-1196508068,452792959,325570683,344156111,14641912
ASP_2108_33,Base_Case_Aug2021,2021-08-13T09:00:00Z,Aug2021,Optimal,SLATE_B,142503,141519,61270,51542,35847,58610,58839,13813,-1076899536,419374000,352628818,318420099,13523381
ASP_2108_34,High_Crude_Price_Aug2021,2021-08-12T05:00:00Z,Aug2021,Optimal,SLATE_D,142503,141519,61270,51542,35847,58148,57960,14346,-1081214957,485280097,356541115,346119187,12706750
ASP_2108_35,Max_Diesel_Mode_Aug2021,2021-08-16T18:00:00Z,Aug2021,Optimal,SLATE_D,142503,141519,61270,51542,35847,54416,65017,13684,-1050375155,374203142,257515731,382775180,14136762
ASP_2108_36,Min_Fuel_Oil_Aug2021,2021-08-15T19:00:00Z,Aug2021,Optimal,SLATE_E,142503,141519,61270,51542,35847,64701,61690,11439,-1278764608,493985605,359235394,403062235,14764197
ASP_2109_01,Base_Case_Sep2021,2021-09-19T20:00:00Z,Sep2021,Optimal,SLATE_D,148902,146388,54983,50985,37950,71302,61197,14330,-1113408108,416399525,367204588,344241616,14437621
ASP_2109_02,High_Crude_Price_Sep2021,2021-09-26T03:00:00Z,Sep2021,Optimal,SLATE_C,148902,146388,54983,50985,37950,71839,59131,14006,-1004673489,466741126,310281840,330443417,15429981
ASP_2109_03,Max_Diesel_Mode_Sep2021,2021-09-22T08:00:00Z,Sep2021,Optimal,SLATE_E,148902,146388,54983,50985,37950,66882,68393,13338,-1054492500,403038050,287045657,328830586,14635721
ASP_2109_04,Min_Fuel_Oil_Sep2021,2021-09-18T04:00:00Z,Sep2021,Optimal,SLATE_B,148902,146388,54983,50985,37950,76267,60884,11516,-1053135869,443025232,277323267,317609405,15495895
ASP_2109_05,Heavy_Crude_Slate_Sep2021,2021-09-17T11:00:00Z,Sep2021,Optimal,SLATE_F,148902,146388,54983,50985,37950,67823,60579,16707,-1048055427,474546904,350677916,353081862,13800652
ASP_2109_06,Light_Sweet_Slate_Sep2021,2021-09-16T16:00:00Z,Sep2021,Optimal,SLATE_D,148902,146388,54983,50985,37950,80556,62457,11426,-1164888894,391309684,301998268,362579715,15808297
ASP_2109_07,Coker_Max_Run_Sep2021,2021-09-09T00:00:00Z,Sep2021,Optimal,SLATE_F,148902,146388,54983,50985,37950,68500,66199,16157,-1206757289,466317994,308535966,424244983,16003561
ASP_2109_08,Product_Demand_High_Sep2021,2021-09-05T15:00:00Z,Sep2021,Optimal,SLATE_D,148902,146388,54983,50985,37950,78070,65554,13633,-1063391458,347561138,325743051,327355405,16037873
ASP_2109_09,Base_Case_Sep2021,2021-09-18T00:00:00Z,Sep2021,Optimal,SLATE_D,148902,146388,54983,50985,37950,73237,60861,14226,-1139208766,383194043,379333393,392439992,15758662
ASP_2109_10,High_Crude_Price_Sep2021,2021-09-02T11:00:00Z,Sep2021,Optimal,SLATE_B,148902,146388,54983,50985,37950,67384,58353,14224,-1028913598,439678000,333480399,359768167,14542220
ASP_2109_11,Max_Diesel_Mode_Sep2021,2021-09-13T11:00:00Z,Sep2021,Optimal,SLATE_C,148902,146388,54983,50985,37950,66722,67475,12871,-1176412059,444715884,278602688,411611736,14537870
ASP_2109_12,Min_Fuel_Oil_Sep2021,2021-09-17T20:00:00Z,Sep2021,Optimal,SLATE_A,148902,146388,54983,50985,37950,78129,64050,12072,-1103471536,399423984,368645158,319197109,15934662
ASP_2109_13,Heavy_Crude_Slate_Sep2021,2021-09-10T10:00:00Z,Sep2021,Optimal,SLATE_E,148902,146388,54983,50985,37950,66338,57481,17051,-1014478178,501065001,321109149,318544567,13520741
ASP_2109_14,Light_Sweet_Slate_Sep2021,2021-09-22T10:00:00Z,Sep2021,Optimal,SLATE_F,148902,146388,54983,50985,37950,84293,61027,10882,-1270330549,426577132,334036505,388758060,15147992
ASP_2109_15,Coker_Max_Run_Sep2021,2021-09-17T16:00:00Z,Sep2021,Optimal,SLATE_D,148902,146388,54983,50985,37950,73464,61462,15793,-1178173739,419233972,333520175,417520080,15201933
ASP_2109_16,Product_Demand_High_Sep2021,2021-09-09T06:00:00Z,Sep2021,Optimal,SLATE_B,148902,146388,54983,50985,37950,78905,63845,14018,-1119608383,391974921,331602820,328373197,15276509
ASP_2109_17,Base_Case_Sep2021,2021-09-18T15:00:00Z,Sep2021,Optimal,SLATE_C,148902,146388,54983,50985,37950,76522,59098,13568,-1047289202,357047676,327108182,377795668,14662324
ASP_2109_18,High_Crude_Price_Sep2021,2021-09-01T10:00:00Z,Sep2021,Optimal,SLATE_D,148902,146388,54983,50985,37950,72818,59980,14579,-1030341064,436624805,355132863,343049561,14871289
ASP_2109_19,Max_Diesel_Mode_Sep2021,2021-09-14T20:00:00Z,Sep2021,Optimal,SLATE_A,148902,146388,54983,50985,37950,62882,66681,13182,-1175330537,364976452,384021100,385475385,15110520
ASP_2109_20,Min_Fuel_Oil_Sep2021,2021-09-18T01:00:00Z,Sep2021,Optimal,SLATE_F,148902,146388,54983,50985,37950,73027,62087,12644,-1157831586,404952564,384512939,349719725,15076892
ASP_2109_21,Heavy_Crude_Slate_Sep2021,2021-09-06T05:00:00Z,Sep2021,Optimal,SLATE_C,148902,146388,54983,50985,37950,65754,61051,16445,-1015290042,519298286,268735309,355129709,15063257
ASP_2109_22,Light_Sweet_Slate_Sep2021,2021-09-11T01:00:00Z,Sep2021,Optimal,SLATE_B,148902,146388,54983,50985,37950,81583,59096,11003,-1181918099,402153946,284476584,384152497,15499010
ASP_2109_23,Coker_Max_Run_Sep2021,2021-09-26T00:00:00Z,Sep2021,Optimal,SLATE_B,148902,146388,54983,50985,37950,69102,62116,15726,-1241591655,511268613,344828089,375301621,14151602
ASP_2109_24,Product_Demand_High_Sep2021,2021-09-03T15:00:00Z,Sep2021,Optimal,SLATE_A,148902,146388,54983,50985,37950,83187,66975,13996,-1165480059,492929946,287982099,314885161,16649003
ASP_2109_25,Base_Case_Sep2021,2021-09-07T06:00:00Z,Sep2021,Optimal,SLATE_C,148902,146388,54983,50985,37950,71732,62918,14861,-1069972143,453493732,268027005,363058602,14607196
ASP_2109_26,High_Crude_Price_Sep2021,2021-09-26T06:00:00Z,Sep2021,Optimal,SLATE_F,148902,146388,54983,50985,37950,72447,60296,15151,-967005010,401257171,272363963,392528654,15057385
ASP_2109_27,Max_Diesel_Mode_Sep2021,2021-09-11T21:00:00Z,Sep2021,Optimal,SLATE_D,148902,146388,54983,50985,37950,64225,72130,14144,-1244010856,456207751,325529001,418888554,15853062
ASP_2109_28,Min_Fuel_Oil_Sep2021,2021-09-11T14:00:00Z,Sep2021,Optimal,SLATE_D,148902,146388,54983,50985,37950,77556,64179,11986,-1043831412,425832923,274915396,328361191,15680954
ASP_2109_29,Heavy_Crude_Slate_Sep2021,2021-09-14T02:00:00Z,Sep2021,Optimal,SLATE_E,148902,146388,54983,50985,37950,65771,62193,16250,-1032606048,428923938,325438738,407079671,14102293
ASP_2109_30,Light_Sweet_Slate_Sep2021,2021-09-15T06:00:00Z,Sep2021,Optimal,SLATE_F,148902,146388,54983,50985,37950,81972,62522,11688,-1209714808,369082998,382754387,344551101,16285978
ASP_2109_31,Coker_Max_Run_Sep2021,2021-09-07T17:00:00Z,Sep2021,Optimal,SLATE_F,148902,146388,54983,50985,37950,69784,63888,16315,-1105247387,371339406,376214372,351580410,15558318
ASP_2109_32,Product_Demand_High_Sep2021,2021-09-02T20:00:00Z,Sep2021,Optimal,SLATE_B,148902,146388,54983,50985,37950,78655,64875,13542,-1260756434,389687132,379588126,414941933,16850122
ASP_2109_33,Base_Case_Sep2021,2021-09-04T21:00:00Z,Sep2021,Optimal,SLATE_D,148902,146388,54983,50985,37950,76971,63196,13906,-1083179845,416545035,360966709,320627579,14959478
ASP_2109_34,High_Crude_Price_Sep2021,2021-09-08T13:00:00Z,Sep2021,Optimal,SLATE_C,148902,146388,54983,50985,37950,68585,61405,14207,-1022915945,416052763,377683352,332015597,13886554
ASP_2109_35,Max_Diesel_Mode_Sep2021,2021-09-07T15:00:00Z,Sep2021,Optimal,SLATE_C,148902,146388,54983,50985,37950,67368,71301,13099,-1213182325,519521086,297469209,353842834,15421390
ASP_2109_36,Min_Fuel_Oil_Sep2021,2021-09-25T11:00:00Z,Sep2021,Optimal,SLATE_C,148902,146388,54983,50985,37950,73579,64529,11590,-1171355297,394025415,380341057,378105271,15233590
ASP_2110_01,Base_Case_Oct2021,2021-10-09T07:00:00Z,Oct2021,Optimal,SLATE_F,166053,150376,78260,59801,32081,71577,59955,15780,-1234234753,432246886,366834640,449430698,14277471
ASP_2110_02,High_Crude_Price_Oct2021,2021-10-21T10:00:00Z,Oct2021,Optimal,SLATE_B,166053,150376,78260,59801,32081,72441,58624,16436,-1245227103,566948942,332721185,467940325,14102731
ASP_2110_03,Max_Diesel_Mode_Oct2021,2021-10-21T01:00:00Z,Oct2021,Optimal,SLATE_F,166053,150376,78260,59801,32081,67606,66172,15861,-1440341516,542276862,380617122,463958396,15098555
ASP_2110_04,Min_Fuel_Oil_Oct2021,2021-10-25T16:00:00Z,Oct2021,Optimal,SLATE_D,166053,150376,78260,59801,32081,76926,59871,13608,-1237916393,458887223,381659549,375919054,14605250
ASP_2110_05,Heavy_Crude_Slate_Oct2021,2021-10-06T12:00:00Z,Oct2021,Optimal,SLATE_A,166053,150376,78260,59801,32081,65966,54479,19380,-1030520125,398412355,314614513,446376611,14381117
ASP_2110_06,Light_Sweet_Slate_Oct2021,2021-10-03T13:00:00Z,Oct2021,Optimal,SLATE_E,166053,150376,78260,59801,32081,77635,59791,13206,-1307664417,483156358,327716681,371973062,15288585
ASP_2110_07,Coker_Max_Run_Oct2021,2021-10-19T20:00:00Z,Oct2021,Optimal,SLATE_E,166053,150376,78260,59801,32081,75951,58099,17953,-1282093809,441015830,398797525,432395461,15254101
ASP_2110_08,Product_Demand_High_Oct2021,2021-10-26T10:00:00Z,Oct2021,Optimal,SLATE_D,166053,150376,78260,59801,32081,78858,61090,16180,-1419428588,498803956,412184449,419611488,16314163
ASP_2110_09,Base_Case_Oct2021,2021-10-03T02:00:00Z,Oct2021,Optimal,SLATE_F,166053,150376,78260,59801,32081,77166,60925,16677,-1210420335,549156959,302448599,374631330,15816553
ASP_2110_10,High_Crude_Price_Oct2021,2021-10-05T15:00:00Z,Oct2021,Optimal,SLATE_B,166053,150376,78260,59801,32081,72243,55851,16027,-1049997630,413804218,301047335,440658001,14207782
ASP_2110_11,Max_Diesel_Mode_Oct2021,2021-10-09T16:00:00Z,Oct2021,Optimal,SLATE_C,166053,150376,78260,59801,32081,63940,65062,14971,-1286720790,504345029,331585227,403651584,14133468
ASP_2110_12,Min_Fuel_Oil_Oct2021,2021-10-08T03:00:00Z,Oct2021,Optimal,SLATE_F,166053,150376,78260,59801,32081,78036,62072,14237,-1166714233,408370651,367782221,372679514,16100120
ASP_2110_13,Heavy_Crude_Slate_Oct2021,2021-10-27T19:00:00Z,Oct2021,Optimal,SLATE_E,166053,150376,78260,59801,32081,65185,59372,20606,-1157501499,562498204,381958853,355639382,13983662
ASP_2110_14,Light_Sweet_Slate_Oct2021,2021-10-04T05:00:00Z,Oct2021,Optimal,SLATE_B,166053,150376,78260,59801,32081,85274,59757,13551,-1430610847,504474430,363428593,424940307,15512216
ASP_2110_15,Coker_Max_Run_Oct2021,2021-10-06T12:00:00Z,Oct2021,Optimal,SLATE_E,166053,150376,78260,59801,32081,72758,57906,18754,-1271877939,509562980,383803118,368524757,14951699
ASP_2110_16,Product_Demand_High_Oct2021,2021-10-19T14:00:00Z,Oct2021,Optimal,SLATE_D,166053,150376,78260,59801,32081,81183,62257,14783,-1385723437,530105736,326771936,442936492,16736907
ASP_2110_17,Base_Case_Oct2021,2021-10-19T07:00:00Z,Oct2021,Optimal,SLATE_A,166053,150376,78260,59801,32081,71468,60632,16327,-1346674687,508393765,397624837,456555500,15899415
ASP_2110_18,High_Crude_Price_Oct2021,2021-10-12T19:00:00Z,Oct2021,Optimal,SLATE_E,166053,150376,78260,59801,32081,72767,55240,17122,-1233024232,495051652,391967398,468065331,14840650
ASP_2110_19,Max_Diesel_Mode_Oct2021,2021-10-14T10:00:00Z,Oct2021,Optimal,SLATE_A,166053,150376,78260,59801,32081,66111,66495,16083,-1258561414,401215562,420648522,391784310,15018475
ASP_2110_20,Min_Fuel_Oil_Oct2021,2021-10-09T22:00:00Z,Oct2021,Optimal,SLATE_F,166053,150376,78260,59801,32081,77062,61248,14356,-1156161032,402533368,319749028,415242961,15038918
ASP_2110_21,Heavy_Crude_Slate_Oct2021,2021-10-04T21:00:00Z,Oct2021,Optimal,SLATE_A,166053,150376,78260,59801,32081,67589,55803,19493,-1229090559,535809134,402585422,442324701,15063080
ASP_2110_22,Light_Sweet_Slate_Oct2021,2021-10-08T11:00:00Z,Oct2021,Optimal,SLATE_F,166053,150376,78260,59801,32081,80811,59596,13032,-1408221848,505824392,345668903,421175945,15328304
ASP_2110_23,Coker_Max_Run_Oct2021,2021-10-01T19:00:00Z,Oct2021,Optimal,SLATE_C,166053,150376,78260,59801,32081,72639,58790,18865,-1360290349,574841014,400776639,372703470,14703133
ASP_2110_24,Product_Demand_High_Oct2021,2021-10-26T11:00:00Z,Oct2021,Optimal,SLATE_F,166053,150376,78260,59801,32081,79379,60944,14910,-1361043510,524781132,375383958,376798134,16737751
ASP_2110_25,Base_Case_Oct2021,2021-10-19T17:00:00Z,Oct2021,Optimal,SLATE_A,166053,150376,78260,59801,32081,73429,58072,16453,-1209091110,421025872,392776521,409669029,14380312
ASP_2110_26,High_Crude_Price_Oct2021,2021-10-10T19:00:00Z,Oct2021,Optimal,SLATE_B,166053,150376,78260,59801,32081,67801,55216,17377,-1280604447,579286059,374526304,451866306,13717313
ASP_2110_27,Max_Diesel_Mode_Oct2021,2021-10-15T02:00:00Z,Oct2021,Optimal,SLATE_F,166053,150376,78260,59801,32081,67213,67078,15513,-1293293388,528312407,344737482,373721180,15063080
ASP_2110_28,Min_Fuel_Oil_Oct2021,2021-10-10T03:00:00Z,Oct2021,Optimal,SLATE_E,166053,150376,78260,59801,32081,72171,61833,14136,-1311458725,511394548,329687527,447742767,15563943
ASP_2110_29,Heavy_Crude_Slate_Oct2021,2021-10-18T01:00:00Z,Oct2021,Optimal,SLATE_A,166053,150376,78260,59801,32081,65403,57870,19720,-1121732604,538035208,315757447,407199488,14622582
ASP_2110_30,Light_Sweet_Slate_Oct2021,2021-10-12T06:00:00Z,Oct2021,Optimal,SLATE_F,166053,150376,78260,59801,32081,80171,56042,13476,-1321845252,439698485,344534414,410282723,14296647
ASP_2110_31,Coker_Max_Run_Oct2021,2021-10-09T17:00:00Z,Oct2021,Optimal,SLATE_B,166053,150376,78260,59801,32081,70194,59717,17181,-1363411732,555275513,395005098,401850675,15453117
ASP_2110_32,Product_Demand_High_Oct2021,2021-10-26T06:00:00Z,Oct2021,Optimal,SLATE_C,166053,150376,78260,59801,32081,80615,62455,16163,-1455791910,576586571,423675015,364263693,16569806
ASP_2110_33,Base_Case_Oct2021,2021-10-07T01:00:00Z,Oct2021,Optimal,SLATE_C,166053,150376,78260,59801,32081,70893,58730,16013,-1157498050,401647691,362727557,408816832,15694030
ASP_2110_34,High_Crude_Price_Oct2021,2021-10-17T19:00:00Z,Oct2021,Optimal,SLATE_C,166053,150376,78260,59801,32081,67822,57971,17279,-1114371154,456862256,318887677,450268664,14745603
ASP_2110_35,Max_Diesel_Mode_Oct2021,2021-10-01T13:00:00Z,Oct2021,Optimal,SLATE_B,166053,150376,78260,59801,32081,63903,68259,15818,-1461078177,535725355,412321295,458574043,15117667
ASP_2110_36,Min_Fuel_Oil_Oct2021,2021-10-03T15:00:00Z,Oct2021,Optimal,SLATE_F,166053,150376,78260,59801,32081,74206,56685,13709,-1333744705,439163726,402655631,467528826,14450411
ASP_2111_01,Base_Case_Nov2021,2021-11-08T17:00:00Z,Nov2021,Optimal,SLATE_E,159905,158947,72236,57298,42252,76724,56489,21925,-1161297002,475869719,296263390,404625120,15461227
ASP_2111_02,High_Crude_Price_Nov2021,2021-11-17T01:00:00Z,Nov2021,Optimal,SLATE_C,159905,158947,72236,57298,42252,76134,56779,22151,-1124023095,513920334,375808337,347673303,15637740
ASP_2111_03,Max_Diesel_Mode_Nov2021,2021-11-22T12:00:00Z,Nov2021,Optimal,SLATE_D,159905,158947,72236,57298,42252,73987,65215,20256,-1212440398,433004167,288914468,448262707,15476201
ASP_2111_04,Min_Fuel_Oil_Nov2021,2021-11-06T02:00:00Z,Nov2021,Optimal,SLATE_B,159905,158947,72236,57298,42252,83186,54973,18876,-1196147896,458076306,342156670,376069716,14994055
ASP_2111_05,Heavy_Crude_Slate_Nov2021,2021-11-04T07:00:00Z,Nov2021,Optimal,SLATE_C,159905,158947,72236,57298,42252,69453,57342,26069,-1047626470,419448602,365199824,394319335,14938349
ASP_2111_06,Light_Sweet_Slate_Nov2021,2021-11-21T04:00:00Z,Nov2021,Optimal,SLATE_B,159905,158947,72236,57298,42252,89959,57124,16993,-1484489768,496486337,406175879,439059860,16284783
ASP_2111_07,Coker_Max_Run_Nov2021,2021-11-12T01:00:00Z,Nov2021,Optimal,SLATE_D,159905,158947,72236,57298,42252,80148,57995,22346,-1148061950,451488409,304572179,385650357,16160013
ASP_2111_08,Product_Demand_High_Nov2021,2021-11-19T19:00:00Z,Nov2021,Optimal,SLATE_C,159905,158947,72236,57298,42252,81742,58394,19565,-1384652698,533616928,391866096,373158112,16555304
ASP_2111_09,Base_Case_Nov2021,2021-11-27T06:00:00Z,Nov2021,Optimal,SLATE_A,159905,158947,72236,57298,42252,82674,54807,21613,-1288769972,483210096,377221390,444534146,16195660
ASP_2111_10,High_Crude_Price_Nov2021,2021-11-15T17:00:00Z,Nov2021,Optimal,SLATE_D,159905,158947,72236,57298,42252,71592,55326,22410,-1019919535,432872212,293373186,396676761,14313968
ASP_2111_11,Max_Diesel_Mode_Nov2021,2021-11-17T19:00:00Z,Nov2021,Optimal,SLATE_B,159905,158947,72236,57298,42252,72047,64726,19539,-1276879306,541322473,342306625,347760646,15314214
ASP_2111_12,Min_Fuel_Oil_Nov2021,2021-11-13T09:00:00Z,Nov2021,Optimal,SLATE_E,159905,158947,72236,57298,42252,82254,59029,17895,-1085813687,392692212,301056048,377344625,16904839
ASP_2111_13,Heavy_Crude_Slate_Nov2021,2021-11-15T07:00:00Z,Nov2021,Optimal,SLATE_C,159905,158947,72236,57298,42252,67910,57284,24270,-1129585275,556313581,351723744,362216066,15158641
ASP_2111_14,Light_Sweet_Slate_Nov2021,2021-11-01T21:00:00Z,Nov2021,Optimal,SLATE_C,159905,158947,72236,57298,42252,88144,55088,17355,-1267373935,500597563,303621022,342955297,15590011
ASP_2111_15,Coker_Max_Run_Nov2021,2021-11-13T05:00:00Z,Nov2021,Optimal,SLATE_E,159905,158947,72236,57298,42252,79083,59391,23279,-1317098424,514403518,347168106,446268351,16567010
ASP_2111_16,Product_Demand_High_Nov2021,2021-11-19T15:00:00Z,Nov2021,Optimal,SLATE_B,159905,158947,72236,57298,42252,83709,59683,19418,-1230348166,380801135,387635070,386730597,15955537
ASP_2111_17,Base_Case_Nov2021,2021-11-11T20:00:00Z,Nov2021,Optimal,SLATE_E,159905,158947,72236,57298,42252,75731,59005,20631,-1122482366,425885290,373311480,339905804,16620208
ASP_2111_18,High_Crude_Price_Nov2021,2021-11-17T08:00:00Z,Nov2021,Optimal,SLATE_C,159905,158947,72236,57298,42252,71551,54471,22354,-1144115402,513930466,320380787,423780038,14487593
ASP_2111_19,Max_Diesel_Mode_Nov2021,2021-11-26T15:00:00Z,Nov2021,Optimal,SLATE_E,159905,158947,72236,57298,42252,69707,62495,20089,-1090509924,375808991,342024144,336335324,15587579
ASP_2111_20,Min_Fuel_Oil_Nov2021,2021-11-10T10:00:00Z,Nov2021,Optimal,SLATE_C,159905,158947,72236,57298,42252,78720,55285,17907,-1206378900,433099285,348670311,404671952,15199897
ASP_2111_21,Heavy_Crude_Slate_Nov2021,2021-11-12T22:00:00Z,Nov2021,Optimal,SLATE_E,159905,158947,72236,57298,42252,73860,57036,24877,-1121647858,456751205,370628837,434056432,15161076
ASP_2111_22,Light_Sweet_Slate_Nov2021,2021-11-03T17:00:00Z,Nov2021,Optimal,SLATE_A,159905,158947,72236,57298,42252,82934,53118,17147,-1338542020,487223972,332248317,390445923,14791408
ASP_2111_23,Coker_Max_Run_Nov2021,2021-11-18T20:00:00Z,Nov2021,Optimal,SLATE_C,159905,158947,72236,57298,42252,81295,59967,22414,-1281888153,503532691,394132436,376248553,17160588
ASP_2111_24,Product_Demand_High_Nov2021,2021-11-21T14:00:00Z,Nov2021,Optimal,SLATE_B,159905,158947,72236,57298,42252,85832,61328,20757,-1230673669,403805758,406528092,346233585,17054778
ASP_2111_25,Base_Case_Nov2021,2021-11-19T12:00:00Z,Nov2021,Optimal,SLATE_A,159905,158947,72236,57298,42252,75750,59323,20704,-1130571385,435864335,296217023,413924007,15433980
ASP_2111_26,High_Crude_Price_Nov2021,2021-11-04T21:00:00Z,Nov2021,Optimal,SLATE_F,159905,158947,72236,57298,42252,75008,53501,21076,-1066711642,532304799,304634127,337571750,15041499
ASP_2111_27,Max_Diesel_Mode_Nov2021,2021-11-09T16:00:00Z,Nov2021,Optimal,SLATE_A,159905,158947,72236,57298,42252,69832,64640,20799,-1341991565,547688174,315739679,430348154,15688802
ASP_2111_28,Min_Fuel_Oil_Nov2021,2021-11-11T14:00:00Z,Nov2021,Optimal,SLATE_B,159905,158947,72236,57298,42252,81407,55266,18423,-1172769414,370706830,409630083,374602075,16327906
ASP_2111_29,Heavy_Crude_Slate_Nov2021,2021-11-23T15:00:00Z,Nov2021,Optimal,SLATE_E,159905,158947,72236,57298,42252,69284,56487,25669,-1048794199,433582295,349171221,397475449,14902077
ASP_2111_30,Light_Sweet_Slate_Nov2021,2021-11-23T17:00:00Z,Nov2021,Optimal,SLATE_D,159905,158947,72236,57298,42252,88639,55776,16861,-1269546208,431513455,340368511,378404929,16763495
ASP_2111_31,Coker_Max_Run_Nov2021,2021-11-26T00:00:00Z,Nov2021,Optimal,SLATE_E,159905,158947,72236,57298,42252,80863,60955,24333,-1232323991,465340511,377315517,382547115,17042367
ASP_2111_32,Product_Demand_High_Nov2021,2021-11-25T04:00:00Z,Nov2021,Optimal,SLATE_C,159905,158947,72236,57298,42252,81362,60990,19396,-1188428809,383071134,322017344,412292043,16983475
ASP_2111_33,Base_Case_Nov2021,2021-11-05T01:00:00Z,Nov2021,Optimal,SLATE_E,159905,158947,72236,57298,42252,82107,57388,20506,-1106759866,392962985,323552096,407119208,16874423
ASP_2111_34,High_Crude_Price_Nov2021,2021-11-03T02:00:00Z,Nov2021,Optimal,SLATE_F,159905,158947,72236,57298,42252,74768,53611,22156,-1019771182,377149021,340578700,405564527,14845311
ASP_2111_35,Max_Diesel_Mode_Nov2021,2021-11-24T08:00:00Z,Nov2021,Optimal,SLATE_E,159905,158947,72236,57298,42252,72837,62831,21063,-1243306165,509302757,313949760,377570634,16722041
ASP_2111_36,Min_Fuel_Oil_Nov2021,2021-11-09T02:00:00Z,Nov2021,Optimal,SLATE_F,159905,158947,72236,57298,42252,82239,59743,17716,-1292565239,484735488,356042918,430968463,16829161
ASP_2112_01,Base_Case_Dec2021,2021-12-10T12:00:00Z,Dec2021,Optimal,SLATE_B,164313,158802,63147,44746,45043,70258,67896,16340,-1313945482,529097028,393112876,407647807,15912229
ASP_2112_02,High_Crude_Price_Dec2021,2021-12-07T08:00:00Z,Dec2021,Optimal,SLATE_B,164313,158802,63147,44746,45043,61222,65901,17593,-1145824164,438460299,363551597,457833077,14383925
ASP_2112_03,Max_Diesel_Mode_Dec2021,2021-12-11T13:00:00Z,Dec2021,Optimal,SLATE_A,164313,158802,63147,44746,45043,60959,80150,15713,-1277369548,450998929,322096775,458436656,14989933
ASP_2112_04,Min_Fuel_Oil_Dec2021,2021-12-17T22:00:00Z,Dec2021,Optimal,SLATE_F,164313,158802,63147,44746,45043,70665,71740,14116,-1186780712,449020680,348133943,370432017,15372356
ASP_2112_05,Heavy_Crude_Slate_Dec2021,2021-12-25T03:00:00Z,Dec2021,Optimal,SLATE_A,164313,158802,63147,44746,45043,59485,67559,20221,-1160236206,530107130,357588938,415314838,13859565
ASP_2112_06,Light_Sweet_Slate_Dec2021,2021-12-11T02:00:00Z,Dec2021,Optimal,SLATE_E,164313,158802,63147,44746,45043,76575,65162,12930,-1335498143,493646602,356390104,357716860,15344509
ASP_2112_07,Coker_Max_Run_Dec2021,2021-12-07T04:00:00Z,Dec2021,Optimal,SLATE_A,164313,158802,63147,44746,45043,65145,73836,19316,-1280569318,435447780,374498702,460767589,15253955
ASP_2112_08,Product_Demand_High_Dec2021,2021-12-21T19:00:00Z,Dec2021,Optimal,SLATE_E,164313,158802,63147,44746,45043,70863,71430,16130,-1266836081,469544727,339478295,379460239,15486889
ASP_2112_09,Base_Case_Dec2021,2021-12-18T05:00:00Z,Dec2021,Optimal,SLATE_E,164313,158802,63147,44746,45043,69610,66464,16160,-1190312674,421627418,400038668,383891701,15245113
ASP_2112_10,High_Crude_Price_Dec2021,2021-12-03T15:00:00Z,Dec2021,Optimal,SLATE_C,164313,158802,63147,44746,45043,64535,62848,17583,-1050910387,462013889,328285052,366342166,14347208
ASP_2112_11,Max_Diesel_Mode_Dec2021,2021-12-08T08:00:00Z,Dec2021,Optimal,SLATE_F,164313,158802,63147,44746,45043,57799,75415,15541,-1238955883,506323944,338070413,350410262,14846635
ASP_2112_12,Min_Fuel_Oil_Dec2021,2021-12-05T15:00:00Z,Dec2021,Optimal,SLATE_E,164313,158802,63147,44746,45043,70719,69426,14020,-1334537605,534354680,367787071,409111665,15585838
ASP_2112_13,Heavy_Crude_Slate_Dec2021,2021-12-12T17:00:00Z,Dec2021,Optimal,SLATE_B,164313,158802,63147,44746,45043,63605,67257,19367,-1095416055,408361599,375426503,448277518,14936670
ASP_2112_14,Light_Sweet_Slate_Dec2021,2021-12-27T05:00:00Z,Dec2021,Optimal,SLATE_E,164313,158802,63147,44746,45043,75705,67096,13111,-1438223017,515979593,417589959,366740554,16182412
ASP_2112_15,Coker_Max_Run_Dec2021,2021-12-02T11:00:00Z,Dec2021,Optimal,SLATE_B,164313,158802,63147,44746,45043,63370,67828,19128,-1198586311,417717352,395890420,377263444,15786597
ASP_2112_16,Product_Demand_High_Dec2021,2021-12-26T16:00:00Z,Dec2021,Optimal,SLATE_A,164313,158802,63147,44746,45043,73797,72649,15918,-1511947567,541956775,410725937,463126716,15857977
ASP_2112_17,Base_Case_Dec2021,2021-12-27T04:00:00Z,Dec2021,Optimal,SLATE_B,164313,158802,63147,44746,45043,70670,69705,17471,-1077459683,384491429,331409650,376958289,15399685
ASP_2112_18,High_Crude_Price_Dec2021,2021-12-15T15:00:00Z,Dec2021,Optimal,SLATE_C,164313,158802,63147,44746,45043,67110,64837,16974,-1054625059,432716620,378025046,350672799,15082879
ASP_2112_19,Max_Diesel_Mode_Dec2021,2021-12-03T05:00:00Z,Dec2021,Optimal,SLATE_F,164313,158802,63147,44746,45043,62927,80100,16307,-1306795883,489852296,325484703,445682538,16452029
ASP_2112_20,Min_Fuel_Oil_Dec2021,2021-12-13T15:00:00Z,Dec2021,Optimal,SLATE_C,164313,158802,63147,44746,45043,69239,70973,14173,-1373400399,551182258,341197253,457284836,16265901
ASP_2112_21,Heavy_Crude_Slate_Dec2021,2021-12-14T01:00:00Z,Dec2021,Optimal,SLATE_F,164313,158802,63147,44746,45043,60457,67438,19283,-1068158357,476542612,364287031,361411590,15398614
ASP_2112_22,Light_Sweet_Slate_Dec2021,2021-12-10T04:00:00Z,Dec2021,Optimal,SLATE_C,164313,158802,63147,44746,45043,76638,66157,12947,-1371826267,525479486,358911296,356948691,16494591
ASP_2112_23,Coker_Max_Run_Dec2021,2021-12-19T16:00:00Z,Dec2021,Optimal,SLATE_A,164313,158802,63147,44746,45043,65291,72829,17507,-1353104044,560157381,323621647,459127820,16334255
ASP_2112_24,Product_Demand_High_Dec2021,2021-12-20T02:00:00Z,Dec2021,Optimal,SLATE_A,164313,158802,63147,44746,45043,74271,75251,16436,-1239589571,433194397,377030890,354094788,16551953
ASP_2112_25,Base_Case_Dec2021,2021-12-12T12:00:00Z,Dec2021,Optimal,SLATE_C,164313,158802,63147,44746,45043,64304,67818,17414,-1211670860,536722248,307115435,383221996,15388819
ASP_2112_26,High_Crude_Price_Dec2021,2021-12-20T15:00:00Z,Dec2021,Optimal,SLATE_C,164313,158802,63147,44746,45043,63661,64985,16666,-1192896669,552477946,364454853,394902687,15208671
ASP_2112_27,Max_Diesel_Mode_Dec2021,2021-12-21T11:00:00Z,Dec2021,Optimal,SLATE_D,164313,158802,63147,44746,45043,62653,76976,16611,-1356825487,459346921,424137125,424773826,16043122
ASP_2112_28,Min_Fuel_Oil_Dec2021,2021-12-01T07:00:00Z,Dec2021,Optimal,SLATE_A,164313,158802,63147,44746,45043,68477,70958,14638,-1285975900,479984050,323745205,460319058,15528021
ASP_2112_29,Heavy_Crude_Slate_Dec2021,2021-12-16T06:00:00Z,Dec2021,Optimal,SLATE_A,164313,158802,63147,44746,45043,61444,64407,21087,-1218595228,531331853,394977607,441686276,14001038
ASP_2112_30,Light_Sweet_Slate_Dec2021,2021-12-18T04:00:00Z,Dec2021,Optimal,SLATE_C,164313,158802,63147,44746,45043,75267,67900,13134,-1537450884,572900061,351808509,463473236,15457802
ASP_2112_31,Coker_Max_Run_Dec2021,2021-12-26T18:00:00Z,Dec2021,Optimal,SLATE_C,164313,158802,63147,44746,45043,68678,69884,19186,-1266510357,445880592,383928514,427714232,15846517
ASP_2112_32,Product_Demand_High_Dec2021,2021-12-08T07:00:00Z,Dec2021,Optimal,SLATE_A,164313,158802,63147,44746,45043,73607,70156,15299,-1292457461,462252219,387017574,363710597,16260518
ASP_2112_33,Base_Case_Dec2021,2021-12-13T13:00:00Z,Dec2021,Optimal,SLATE_C,164313,158802,63147,44746,45043,65856,64989,16365,-1185308787,443393557,333589906,423810939,15485615
ASP_2112_34,High_Crude_Price_Dec2021,2021-12-11T08:00:00Z,Dec2021,Optimal,SLATE_E,164313,158802,63147,44746,45043,62340,67213,16780,-1059449161,385504675,315929325,464977101,14835926
ASP_2112_35,Max_Diesel_Mode_Dec2021,2021-12-02T08:00:00Z,Dec2021,Optimal,SLATE_C,164313,158802,63147,44746,45043,60242,74698,15568,-1188469118,413985903,386066574,347453889,15631015
ASP_2112_36,Min_Fuel_Oil_Dec2021,2021-12-15T18:00:00Z,Dec2021,Optimal,SLATE_F,164313,158802,63147,44746,45043,67068,66260,14648,-1255720969,488810210,362167539,382714929,14546106
ASP_2201_01,Base_Case_Jan2022,2022-01-10T20:00:00Z,Jan2022,Optimal,SLATE_D,140253,133160,72687,41335,34810,63782,52738,11998,-983045092,354444213,326209789,314916211,12525121
ASP_2201_02,High_Crude_Price_Jan2022,2022-01-19T12:00:00Z,Jan2022,Optimal,SLATE_E,140253,133160,72687,41335,34810,55175,49357,12020,-953658389,373107933,338452511,336920837,11896075
ASP_2201_03,Max_Diesel_Mode_Jan2022,2022-01-07T19:00:00Z,Jan2022,Optimal,SLATE_F,140253,133160,72687,41335,34810,54528,62167,10871,-1127826071,439324783,333243744,314137645,12586104
ASP_2201_04,Min_Fuel_Oil_Jan2022,2022-01-15T21:00:00Z,Jan2022,Optimal,SLATE_B,140253,133160,72687,41335,34810,64203,52693,10617,-1097600725,370886607,344994624,362394075,12643534
ASP_2201_05,Heavy_Crude_Slate_Jan2022,2022-01-02T07:00:00Z,Jan2022,Optimal,SLATE_B,140253,133160,72687,41335,34810,52956,49651,15023,-968686604,466757548,283144132,338647390,12230621
ASP_2201_06,Light_Sweet_Slate_Jan2022,2022-01-18T14:00:00Z,Jan2022,Optimal,SLATE_D,140253,133160,72687,41335,34810,68491,48978,9257,-1211222807,470801607,316665651,306519551,12537874
ASP_2201_07,Coker_Max_Run_Jan2022,2022-01-19T04:00:00Z,Jan2022,Optimal,SLATE_D,140253,133160,72687,41335,34810,60955,55729,13107,-1158942248,478935886,352453624,317971486,13143105
ASP_2201_08,Product_Demand_High_Jan2022,2022-01-19T10:00:00Z,Jan2022,Optimal,SLATE_E,140253,133160,72687,41335,34810,68166,54757,11745,-1135168845,440769017,295411372,328885353,13983478
ASP_2201_09,Base_Case_Jan2022,2022-01-06T04:00:00Z,Jan2022,Optimal,SLATE_A,140253,133160,72687,41335,34810,60375,50737,12096,-929930194,360557248,261032558,320312982,11972594
ASP_2201_10,High_Crude_Price_Jan2022,2022-01-22T16:00:00Z,Jan2022,Optimal,SLATE_D,140253,133160,72687,41335,34810,58312,50188,12605,-1109944186,469483734,356427096,392568939,12018697
ASP_2201_11,Max_Diesel_Mode_Jan2022,2022-01-15T05:00:00Z,Jan2022,Optimal,SLATE_D,140253,133160,72687,41335,34810,53573,62310,10863,-1069245963,427529038,302803240,300820599,12823388
ASP_2201_12,Min_Fuel_Oil_Jan2022,2022-01-09T10:00:00Z,Jan2022,Optimal,SLATE_E,140253,133160,72687,41335,34810,63266,54784,10117,-1089903815,447884954,296219746,326661040,12606696
ASP_2201_13,Heavy_Crude_Slate_Jan2022,2022-01-04T22:00:00Z,Jan2022,Optimal,SLATE_E,140253,133160,72687,41335,34810,56595,53170,14417,-870209937,365376048,281636138,332519982,12632237
ASP_2201_14,Light_Sweet_Slate_Jan2022,2022-01-26T01:00:00Z,Jan2022,Optimal,SLATE_D,140253,133160,72687,41335,34810,65991,52400,9896,-1075767446,414951114,254461150,304975991,13881606
ASP_2201_15,Coker_Max_Run_Jan2022,2022-01-19T20:00:00Z,Jan2022,Optimal,SLATE_F,140253,133160,72687,41335,34810,61768,54896,12861,-1133404405,448858196,320984671,354462011,13124088
ASP_2201_16,Product_Demand_High_Jan2022,2022-01-03T11:00:00Z,Jan2022,Optimal,SLATE_F,140253,133160,72687,41335,34810,64843,53580,10968,-1094791465,347039285,289897457,389786472,13027413
ASP_2201_17,Base_Case_Jan2022,2022-01-21T19:00:00Z,Jan2022,Optimal,SLATE_B,140253,133160,72687,41335,34810,58495,51880,12504,-1130780056,473527623,284767290,384520197,12035054
ASP_2201_18,High_Crude_Price_Jan2022,2022-01-14T00:00:00Z,Jan2022,Optimal,SLATE_A,140253,133160,72687,41335,34810,54928,47775,12075,-1020323292,419691014,318837357,381881206,11362520
ASP_2201_19,Max_Diesel_Mode_Jan2022,2022-01-22T05:00:00Z,Jan2022,Optimal,SLATE_A,140253,133160,72687,41335,34810,54481,58347,11707,-1069811550,397065322,325066750,309304253,12568182
ASP_2201_20,Min_Fuel_Oil_Jan2022,2022-01-09T18:00:00Z,Jan2022,Optimal,SLATE_B,140253,133160,72687,41335,34810,64551,50934,10537,-1013601352,334044004,340514175,322494179,12973375
ASP_2201_21,Heavy_Crude_Slate_Jan2022,2022-01-24T19:00:00Z,Jan2022,Optimal,SLATE_B,140253,133160,72687,41335,34810,54456,52398,14906,-970590348,482208978,258598237,349801469,12174964
ASP_2201_22,Light_Sweet_Slate_Jan2022,2022-01-02T13:00:00Z,Jan2022,Optimal,SLATE_A,140253,133160,72687,41335,34810,67588,48271,10019,-1119536404,342343669,271187813,399642922,13588329
ASP_2201_23,Coker_Max_Run_Jan2022,2022-01-22T06:00:00Z,Jan2022,Optimal,SLATE_C,140253,133160,72687,41335,34810,58607,55048,12837,-1120331984,473154530,296737129,341213836,12740804
ASP_2201_24,Product_Demand_High_Jan2022,2022-01-26T18:00:00Z,Jan2022,Optimal,SLATE_A,140253,133160,72687,41335,34810,67303,57114,11829,-1100621032,364306961,332786413,335918664,13918489
ASP_2201_25,Base_Case_Jan2022,2022-01-15T19:00:00Z,Jan2022,Optimal,SLATE_C,140253,133160,72687,41335,34810,58361,51410,12188,-1082751717,376658875,326499309,391870804,12277271
ASP_2201_26,High_Crude_Price_Jan2022,2022-01-06T17:00:00Z,Jan2022,Optimal,SLATE_D,140253,133160,72687,41335,34810,56772,49243,12200,-1083494779,483103714,350949489,355381556,11723042
ASP_2201_27,Max_Diesel_Mode_Jan2022,2022-01-01T10:00:00Z,Jan2022,Optimal,SLATE_F,140253,133160,72687,41335,34810,52570,60243,11881,-1214199100,449910086,337900091,381038894,12468975
ASP_2201_28,Min_Fuel_Oil_Jan2022,2022-01-19T01:00:00Z,Jan2022,Optimal,SLATE_F,140253,133160,72687,41335,34810,60741,50663,10345,-1138871309,407690713,316809543,393788195,12588151
ASP_2201_29,Heavy_Crude_Slate_Jan2022,2022-01-13T06:00:00Z,Jan2022,Optimal,SLATE_F,140253,133160,72687,41335,34810,52751,51096,14837,-869921568,347884206,276847776,353892242,12044703
ASP_2201_30,Light_Sweet_Slate_Jan2022,2022-01-21T14:00:00Z,Jan2022,Optimal,SLATE_A,140253,133160,72687,41335,34810,63994,52254,9679,-1077840666,395283327,270816084,309663924,13405597
ASP_2201_31,Coker_Max_Run_Jan2022,2022-01-10T22:00:00Z,Jan2022,Optimal,SLATE_D,140253,133160,72687,41335,34810,59812,55213,13811,-1145703943,477776098,319625199,338931991,13094128
ASP_2201_32,Product_Demand_High_Jan2022,2022-01-20T05:00:00Z,Jan2022,Optimal,SLATE_F,140253,133160,72687,41335,34810,68069,55959,11634,-1152406676,431138354,319491253,330459397,14045785
ASP_2201_33,Base_Case_Jan2022,2022-01-19T22:00:00Z,Jan2022,Optimal,SLATE_F,140253,133160,72687,41335,34810,57909,52196,11580,-1102352032,471794790,305278794,337428001,12149553
ASP_2201_34,High_Crude_Price_Jan2022,2022-01-14T17:00:00Z,Jan2022,Optimal,SLATE_C,140253,133160,72687,41335,34810,55165,51213,11844,-943372279,385885819,278631862,372313502,11426531
ASP_2201_35,Max_Diesel_Mode_Jan2022,2022-01-24T09:00:00Z,Jan2022,Optimal,SLATE_B,140253,133160,72687,41335,34810,54036,58744,11278,-1253558836,477805137,363751980,365425925,13117483
ASP_2201_36,Min_Fuel_Oil_Jan2022,2022-01-21T16:00:00Z,Jan2022,Optimal,SLATE_C,140253,133160,72687,41335,34810,61390,54210,10634,-1023839557,360967602,298087202,348396581,13432397
ASP_2202_01,Base_Case_Feb2022,2022-02-21T22:00:00Z,Feb2022,Optimal,SLATE_A,155978,141044,64310,60169,40833,73900,51708,18617,-1129376310,417309731,308746401,417915346,14595168
ASP_2202_02,High_Crude_Price_Feb2022,2022-02-07T08:00:00Z,Feb2022,Optimal,SLATE_E,155978,141044,64310,60169,40833,69847,47240,20030,-1120995896,470592764,358542209,403416724,14077897
ASP_2202_03,Max_Diesel_Mode_Feb2022,2022-02-27T14:00:00Z,Feb2022,Optimal,SLATE_D,155978,141044,64310,60169,40833,63277,59816,17692,-1364270544,525588510,390075866,397986231,14345327
ASP_2202_04,Min_Fuel_Oil_Feb2022,2022-02-07T03:00:00Z,Feb2022,Optimal,SLATE_E,155978,141044,64310,60169,40833,73654,54151,17026,-1218842450,513085897,294019940,390396715,14160367
ASP_2202_05,Heavy_Crude_Slate_Feb2022,2022-02-11T13:00:00Z,Feb2022,Optimal,SLATE_B,155978,141044,64310,60169,40833,62815,51263,22017,-1033736216,387774041,373125372,400766245,13069862
ASP_2202_06,Light_Sweet_Slate_Feb2022,2022-02-16T15:00:00Z,Feb2022,Optimal,SLATE_C,155978,141044,64310,60169,40833,82290,50730,15813,-1202246636,363837298,329046956,395518156,14967913
ASP_2202_07,Coker_Max_Run_Feb2022,2022-02-08T11:00:00Z,Feb2022,Optimal,SLATE_D,155978,141044,64310,60169,40833,73106,50628,21878,-1241491419,466545736,398316320,367663719,15377325
ASP_2202_08,Product_Demand_High_Feb2022,2022-02-13T08:00:00Z,Feb2022,Optimal,SLATE_E,155978,141044,64310,60169,40833,79265,54072,17995,-1324087136,439107319,380748203,421498584,15347498
ASP_2202_09,Base_Case_Feb2022,2022-02-10T13:00:00Z,Feb2022,Optimal,SLATE_C,155978,141044,64310,60169,40833,70875,50300,18892,-1130830571,422673154,357672178,365207184,14721945
ASP_2202_10,High_Crude_Price_Feb2022,2022-02-16T12:00:00Z,Feb2022,Optimal,SLATE_D,155978,141044,64310,60169,40833,70793,49766,19023,-1128003944,438850729,369907812,431991735,14659032
ASP_2202_11,Max_Diesel_Mode_Feb2022,2022-02-25T05:00:00Z,Feb2022,Optimal,SLATE_F,155978,141044,64310,60169,40833,65673,60584,18162,-1322674582,515487864,397672600,360910955,14381340
ASP_2202_12,Min_Fuel_Oil_Feb2022,2022-02-03T05:00:00Z,Feb2022,Optimal,SLATE_B,155978,141044,64310,60169,40833,76928,51567,16001,-1229478558,533600090,311243083,363857682,15032352
ASP_2202_13,Heavy_Crude_Slate_Feb2022,2022-02-04T04:00:00Z,Feb2022,Optimal,SLATE_A,155978,141044,64310,60169,40833,64314,50128,22810,-1020957705,402302996,317104824,428683418,13693787
ASP_2202_14,Light_Sweet_Slate_Feb2022,2022-02-04T07:00:00Z,Feb2022,Optimal,SLATE_E,155978,141044,64310,60169,40833,80583,48044,15744,-1317969132,408949047,374779533,408148571,15118997
ASP_2202_15,Coker_Max_Run_Feb2022,2022-02-02T00:00:00Z,Feb2022,Optimal,SLATE_A,155978,141044,64310,60169,40833,73451,52359,21111,-1139054911,477716923,287148494,365931563,14076479
ASP_2202_16,Product_Demand_High_Feb2022,2022-02-11T16:00:00Z,Feb2022,Optimal,SLATE_D,155978,141044,64310,60169,40833,74863,56217,18023,-1190176983,387301847,313824481,416165088,15275691
ASP_2202_17,Base_Case_Feb2022,2022-02-14T03:00:00Z,Feb2022,Optimal,SLATE_F,155978,141044,64310,60169,40833,73134,52686,18727,-1072628219,386937067,297283522,403026094,14618464
ASP_2202_18,High_Crude_Price_Feb2022,2022-02-17T14:00:00Z,Feb2022,Optimal,SLATE_E,155978,141044,64310,60169,40833,72433,50678,18775,-1010750482,419489938,328921142,364965743,14734994
ASP_2202_19,Max_Diesel_Mode_Feb2022,2022-02-24T14:00:00Z,Feb2022,Optimal,SLATE_E,155978,141044,64310,60169,40833,68510,60804,18235,-1272219503,493298678,384004167,348698519,14363742
ASP_2202_20,Min_Fuel_Oil_Feb2022,2022-02-03T19:00:00Z,Feb2022,Optimal,SLATE_D,155978,141044,64310,60169,40833,77452,51509,16528,-1152377915,393930007,334156227,405448760,14721484
ASP_2202_21,Heavy_Crude_Slate_Feb2022,2022-02-22T00:00:00Z,Feb2022,Optimal,SLATE_D,155978,141044,64310,60169,40833,65576,48389,23103,-1030854554,360431061,354319645,443798254,13155011
ASP_2202_22,Light_Sweet_Slate_Feb2022,2022-02-01T15:00:00Z,Feb2022,Optimal,SLATE_A,155978,141044,64310,60169,40833,80809,48926,15351,-1326636328,434691365,331156105,434041146,15391894
ASP_2202_23,Coker_Max_Run_Feb2022,2022-02-03T22:00:00Z,Feb2022,Optimal,SLATE_A,155978,141044,64310,60169,40833,70671,51293,20643,-1202005941,484386436,313757000,394920896,14627134
ASP_2202_24,Product_Demand_High_Feb2022,2022-02-13T16:00:00Z,Feb2022,Optimal,SLATE_B,155978,141044,64310,60169,40833,74970,54418,17359,-1227711887,461950226,330097828,359712688,14990476
ASP_2202_25,Base_Case_Feb2022,2022-02-02T06:00:00Z,Feb2022,Optimal,SLATE_F,155978,141044,64310,60169,40833,72487,49821,18558,-1116553426,422208193,331120585,377167199,13942551
ASP_2202_26,High_Crude_Price_Feb2022,2022-02-08T10:00:00Z,Feb2022,Optimal,SLATE_C,155978,141044,64310,60169,40833,71181,46589,19266,-1151436496,491351219,392641017,381013590,13444417
ASP_2202_27,Max_Diesel_Mode_Feb2022,2022-02-11T21:00:00Z,Feb2022,Optimal,SLATE_A,155978,141044,64310,60169,40833,62564,56864,18527,-1311406374,465778500,356089510,441031474,13941032
ASP_2202_28,Min_Fuel_Oil_Feb2022,2022-02-04T16:00:00Z,Feb2022,Optimal,SLATE_E,155978,141044,64310,60169,40833,71048,52815,16487,-1193443461,408924560,361373233,402012344,13627165
ASP_2202_29,Heavy_Crude_Slate_Feb2022,2022-02-15T16:00:00Z,Feb2022,Optimal,SLATE_A,155978,141044,64310,60169,40833,64353,48773,22594,-991800031,360689742,315336000,440044066,14069773
ASP_2202_30,Light_Sweet_Slate_Feb2022,2022-02-24T01:00:00Z,Feb2022,Optimal,SLATE_A,155978,141044,64310,60169,40833,82341,48990,15603,-1382341478,492309163,392377073,365154935,15607708
ASP_2202_31,Coker_Max_Run_Feb2022,2022-02-09T00:00:00Z,Feb2022,Optimal,SLATE_E,155978,141044,64310,60169,40833,74236,51510,20458,-1184938213,410016585,324310952,442126131,14749537
ASP_2202_32,Product_Demand_High_Feb2022,2022-02-09T19:00:00Z,Feb2022,Optimal,SLATE_A,155978,141044,64310,60169,40833,76165,54796,17893,-1396560721,500007186,385901929,421492659,14289995
ASP_2202_33,Base_Case_Feb2022,2022-02-15T04:00:00Z,Feb2022,Optimal,SLATE_A,155978,141044,64310,60169,40833,76315,52829,19734,-1141272169,459443156,310016691,385979157,14166835
ASP_2202_34,High_Crude_Price_Feb2022,2022-02-23T04:00:00Z,Feb2022,Optimal,SLATE_D,155978,141044,64310,60169,40833,66034,47138,18997,-1140453293,517211427,302684064,432945620,13217966
ASP_2202_35,Max_Diesel_Mode_Feb2022,2022-02-19T20:00:00Z,Feb2022,Optimal,SLATE_E,155978,141044,64310,60169,40833,62497,57390,17298,-1253733957,412939685,404244117,390993113,14144575
ASP_2202_36,Min_Fuel_Oil_Feb2022,2022-02-26T14:00:00Z,Feb2022,Optimal,SLATE_F,155978,141044,64310,60169,40833,73109,51029,16335,-1160437804,383805341,390465850,366345246,13977792
ASP_2203_01,Base_Case_Mar2022,2022-03-15T19:00:00Z,Mar2022,Optimal,SLATE_F,177471,162690,77394,70270,30353,81318,60545,15932,-1303609973,503172981,324894663,491710789,16168460
ASP_2203_02,High_Crude_Price_Mar2022,2022-03-12T07:00:00Z,Mar2022,Optimal,SLATE_F,177471,162690,77394,70270,30353,71042,57965,17158,-1128903100,457919923,382571477,401154765,14577578
ASP_2203_03,Max_Diesel_Mode_Mar2022,2022-03-14T15:00:00Z,Mar2022,Optimal,SLATE_E,177471,162690,77394,70270,30353,72858,70281,14684,-1423391239,590939716,382774742,397097332,15201086
ASP_2203_04,Min_Fuel_Oil_Mar2022,2022-03-13T21:00:00Z,Mar2022,Optimal,SLATE_C,177471,162690,77394,70270,30353,81758,62408,13938,-1534794202,570754680,460422117,474276925,15362263
ASP_2203_05,Heavy_Crude_Slate_Mar2022,2022-03-03T21:00:00Z,Mar2022,Optimal,SLATE_E,177471,162690,77394,70270,30353,68989,59051,20287,-1238261343,517560765,389425847,484385177,15525852
ASP_2203_06,Light_Sweet_Slate_Mar2022,2022-03-08T16:00:00Z,Mar2022,Optimal,SLATE_B,177471,162690,77394,70270,30353,84368,58829,13099,-1401546055,484912135,378299474,404401708,16232910
ASP_2203_07,Coker_Max_Run_Mar2022,2022-03-17T21:00:00Z,Mar2022,Optimal,SLATE_D,177471,162690,77394,70270,30353,76120,68210,18174,-1270835129,526971836,349285653,385767290,16107985
ASP_2203_08,Product_Demand_High_Mar2022,2022-03-10T18:00:00Z,Mar2022,Optimal,SLATE_B,177471,162690,77394,70270,30353,87112,64816,14939,-1273491445,488668341,330478695,378089263,18077553
ASP_2203_09,Base_Case_Mar2022,2022-03-02T06:00:00Z,Mar2022,Optimal,SLATE_C,177471,162690,77394,70270,30353,75779,64446,16186,-1288540964,471693879,455748905,377021050,15922870
ASP_2203_10,High_Crude_Price_Mar2022,2022-03-17T01:00:00Z,Mar2022,Optimal,SLATE_F,177471,162690,77394,70270,30353,73839,57378,17011,-1195908675,440473165,401608512,472475846,14656789
ASP_2203_11,Max_Diesel_Mode_Mar2022,2022-03-21T04:00:00Z,Mar2022,Optimal,SLATE_D,177471,162690,77394,70270,30353,69190,70509,15972,-1418494308,476769196,445248162,444247796,15318194
ASP_2203_12,Min_Fuel_Oil_Mar2022,2022-03-04T00:00:00Z,Mar2022,Optimal,SLATE_A,177471,162690,77394,70270,30353,77477,65997,13564,-1314260421,418328033,399017719,473504449,14869209
ASP_2203_13,Heavy_Crude_Slate_Mar2022,2022-03-13T18:00:00Z,Mar2022,Optimal,SLATE_B,177471,162690,77394,70270,30353,67019,62771,18511,-1220293895,559401157,395102460,416754382,15375893
ASP_2203_14,Light_Sweet_Slate_Mar2022,2022-03-22T18:00:00Z,Mar2022,Optimal,SLATE_E,177471,162690,77394,70270,30353,82983,63431,12800,-1574239591,473930380,445649245,502561768,16570329
ASP_2203_15,Coker_Max_Run_Mar2022,2022-03-01T05:00:00Z,Mar2022,Optimal,SLATE_C,177471,162690,77394,70270,30353,79325,64251,17486,-1487744635,604507007,455309721,414586511,15830067
ASP_2203_16,Product_Demand_High_Mar2022,2022-03-13T14:00:00Z,Mar2022,Optimal,SLATE_E,177471,162690,77394,70270,30353,80245,65419,15569,-1294958348,418894472,392294998,403117803,15271765
ASP_2203_17,Base_Case_Mar2022,2022-03-03T04:00:00Z,Mar2022,Optimal,SLATE_C,177471,162690,77394,70270,30353,81549,61536,16689,-1217635304,412712359,419664655,401879243,16620953
ASP_2203_18,High_Crude_Price_Mar2022,2022-03-20T11:00:00Z,Mar2022,Optimal,SLATE_F,177471,162690,77394,70270,30353,72353,60367,16048,-1283283243,530040753,381087254,499263362,15518278
ASP_2203_19,Max_Diesel_Mode_Mar2022,2022-03-19T01:00:00Z,Mar2022,Optimal,SLATE_B,177471,162690,77394,70270,30353,67579,71578,15146,-1464719326,602528882,394173241,414333883,16065219
ASP_2203_20,Min_Fuel_Oil_Mar2022,2022-03-23T05:00:00Z,Mar2022,Optimal,SLATE_F,177471,162690,77394,70270,30353,83028,65020,13587,-1477282223,578391537,405665756,467241481,17044188
ASP_2203_21,Heavy_Crude_Slate_Mar2022,2022-03-02T21:00:00Z,Mar2022,Optimal,SLATE_E,177471,162690,77394,70270,30353,73648,58771,19977,-1247012548,605854997,356186378,439087644,15559521
ASP_2203_22,Light_Sweet_Slate_Mar2022,2022-03-08T04:00:00Z,Mar2022,Optimal,SLATE_D,177471,162690,77394,70270,30353,83400,60287,12935,-1568322957,522283255,440395785,452948736,15339421
ASP_2203_23,Coker_Max_Run_Mar2022,2022-03-03T18:00:00Z,Mar2022,Optimal,SLATE_F,177471,162690,77394,70270,30353,75776,66434,17003,-1200668391,450179099,334034265,409243398,16330888
ASP_2203_24,Product_Demand_High_Mar2022,2022-03-05T21:00:00Z,Mar2022,Optimal,SLATE_B,177471,162690,77394,70270,30353,82159,66145,14719,-1546380039,574818387,374730527,499145681,16861225
ASP_2203_25,Base_Case_Mar2022,2022-03-23T03:00:00Z,Mar2022,Optimal,SLATE_D,177471,162690,77394,70270,30353,78425,59690,17020,-1208486475,442855347,366298109,413947831,14614812
ASP_2203_26,High_Crude_Price_Mar2022,2022-03-20T11:00:00Z,Mar2022,Optimal,SLATE_A,177471,162690,77394,70270,30353,73359,61641,16890,-1298356129,587324224,374294961,465022910,15385432
ASP_2203_27,Max_Diesel_Mode_Mar2022,2022-03-03T01:00:00Z,Mar2022,Optimal,SLATE_F,177471,162690,77394,70270,30353,71700,71433,14684,-1336446676,467679624,330110005,490663805,15647075
ASP_2203_28,Min_Fuel_Oil_Mar2022,2022-03-23T07:00:00Z,Mar2022,Optimal,SLATE_E,177471,162690,77394,70270,30353,78650,64867,14413,-1458736168,489164005,442483205,500829614,16228117
ASP_2203_29,Heavy_Crude_Slate_Mar2022,2022-03-04T07:00:00Z,Mar2022,Optimal,SLATE_E,177471,162690,77394,70270,30353,68040,58600,18672,-1161647879,422264694,437117008,446901343,15563179
ASP_2203_30,Light_Sweet_Slate_Mar2022,2022-03-03T03:00:00Z,Mar2022,Optimal,SLATE_D,177471,162690,77394,70270,30353,82850,61154,13223,-1692513739,584028849,456636981,486260302,15753150
ASP_2203_31,Coker_Max_Run_Mar2022,2022-03-06T13:00:00Z,Mar2022,Optimal,SLATE_D,177471,162690,77394,70270,30353,79245,66658,17233,-1494254488,615933587,401214897,463767673,15960776
ASP_2203_32,Product_Demand_High_Mar2022,2022-03-25T00:00:00Z,Mar2022,Optimal,SLATE_D,177471,162690,77394,70270,30353,86495,68545,15035,-1521606657,577749159,365746606,482891124,17491836
ASP_2203_33,Base_Case_Mar2022,2022-03-11T19:00:00Z,Mar2022,Optimal,SLATE_F,177471,162690,77394,70270,30353,78665,65750,16964,-1387385351,585619739,367588725,449700253,15523366
ASP_2203_34,High_Crude_Price_Mar2022,2022-03-02T17:00:00Z,Mar2022,Optimal,SLATE_B,177471,162690,77394,70270,30353,74653,59193,16543,-1333660990,593940531,401661733,470032251,16003004
ASP_2203_35,Max_Diesel_Mode_Mar2022,2022-03-22T19:00:00Z,Mar2022,Optimal,SLATE_A,177471,162690,77394,70270,30353,67243,72959,15104,-1448314518,592646848,412657353,390404224,16361265
ASP_2203_36,Min_Fuel_Oil_Mar2022,2022-03-13T16:00:00Z,Mar2022,Optimal,SLATE_A,177471,162690,77394,70270,30353,76800,65594,13943,-1252712807,427077002,408154639,396570777,15576391
ASP_2204_01,Base_Case_Apr2022,2022-04-01T05:00:00Z,Apr2022,Optimal,SLATE_B,149272,142030,81489,37564,44606,59849,57293,19009,-1196104286,470825337,371024965,367157709,12903725
ASP_2204_02,High_Crude_Price_Apr2022,2022-04-05T20:00:00Z,Apr2022,Optimal,SLATE_B,149272,142030,81489,37564,44606,58871,55377,20455,-1101245848,463354826,328600964,418421005,13370438
ASP_2204_03,Max_Diesel_Mode_Apr2022,2022-04-02T22:00:00Z,Apr2022,Optimal,SLATE_F,149272,142030,81489,37564,44606,55698,63332,18914,-1207401665,499028711,349566304,315083295,13771962
ASP_2204_04,Min_Fuel_Oil_Apr2022,2022-04-10T18:00:00Z,Apr2022,Optimal,SLATE_B,149272,142030,81489,37564,44606,62596,55846,15716,-1138518626,389207899,356355806,372436538,12642353
ASP_2204_05,Heavy_Crude_Slate_Apr2022,2022-04-20T19:00:00Z,Apr2022,Optimal,SLATE_F,149272,142030,81489,37564,44606,53925,51730,23638,-1131419349,518764233,359397727,392468751,13498101
ASP_2204_06,Light_Sweet_Slate_Apr2022,2022-04-17T16:00:00Z,Apr2022,Optimal,SLATE_B,149272,142030,81489,37564,44606,69296,55522,15780,-1304724472,456316879,305862114,417039406,14285834
ASP_2204_07,Coker_Max_Run_Apr2022,2022-04-04T10:00:00Z,Apr2022,Optimal,SLATE_A,149272,142030,81489,37564,44606,63278,57649,20613,-1237188193,518259116,305115935,404521801,14967251
ASP_2204_08,Product_Demand_High_Apr2022,2022-04-17T07:00:00Z,Apr2022,Optimal,SLATE_F,149272,142030,81489,37564,44606,66046,57038,19068,-1185675570,456850361,281107944,374682567,14793122
ASP_2204_09,Base_Case_Apr2022,2022-04-13T16:00:00Z,Apr2022,Optimal,SLATE_C,149272,142030,81489,37564,44606,64412,54134,20173,-1039685448,378898953,332919985,342457067,14590557
ASP_2204_10,High_Crude_Price_Apr2022,2022-04-20T21:00:00Z,Apr2022,Optimal,SLATE_E,149272,142030,81489,37564,44606,57330,55593,18814,-1065700007,463956132,313530256,394169701,13286516
ASP_2204_11,Max_Diesel_Mode_Apr2022,2022-04-20T05:00:00Z,Apr2022,Optimal,SLATE_D,149272,142030,81489,37564,44606,56697,64498,19310,-1229510742,496517364,333288372,355520053,14363177
ASP_2204_12,Min_Fuel_Oil_Apr2022,2022-04-11T09:00:00Z,Apr2022,Optimal,SLATE_F,149272,142030,81489,37564,44606,59917,58126,16390,-1088903651,356857064,387293084,326571865,13534002
ASP_2204_13,Heavy_Crude_Slate_Apr2022,2022-04-06T18:00:00Z,Apr2022,Optimal,SLATE_E,149272,142030,81489,37564,44606,56993,51857,23624,-942466810,359551355,301380418,399669298,13415726
ASP_2204_14,Light_Sweet_Slate_Apr2022,2022-04-10T14:00:00Z,Apr2022,Optimal,SLATE_B,149272,142030,81489,37564,44606,65491,56007,14783,-1212168251,418557512,271162436,406629925,14056791
ASP_2204_15,Coker_Max_Run_Apr2022,2022-04-11T08:00:00Z,Apr2022,Optimal,SLATE_A,149272,142030,81489,37564,44606,63376,59686,21019,-1173126404,509341704,326869827,328468745,14556350
ASP_2204_16,Product_Demand_High_Apr2022,2022-04-08T06:00:00Z,Apr2022,Optimal,SLATE_C,149272,142030,81489,37564,44606,69022,56441,18358,-1207004150,364347501,384952245,383843929,15547239
ASP_2204_17,Base_Case_Apr2022,2022-04-03T00:00:00Z,Apr2022,Optimal,SLATE_E,149272,142030,81489,37564,44606,61380,54841,18567,-977035776,360971274,294727433,334436214,13099145
ASP_2204_18,High_Crude_Price_Apr2022,2022-04-24T04:00:00Z,Apr2022,Optimal,SLATE_E,149272,142030,81489,37564,44606,56126,53086,20071,-1147770687,461503244,385775374,413582492,13284276
ASP_2204_19,Max_Diesel_Mode_Apr2022,2022-04-01T13:00:00Z,Apr2022,Optimal,SLATE_D,149272,142030,81489,37564,44606,57872,61013,18112,-1118487094,381886990,341316736,356553106,14531028
ASP_2204_20,Min_Fuel_Oil_Apr2022,2022-04-19T05:00:00Z,Apr2022,Optimal,SLATE_F,149272,142030,81489,37564,44606,65015,58188,16316,-1086881068,416896985,279053935,373557362,14283944
ASP_2204_21,Heavy_Crude_Slate_Apr2022,2022-04-14T13:00:00Z,Apr2022,Optimal,SLATE_C,149272,142030,81489,37564,44606,54234,53871,23085,-1016541766,483397250,322772420,336469882,13148700
ASP_2204_22,Light_Sweet_Slate_Apr2022,2022-04-25T21:00:00Z,Apr2022,Optimal,SLATE_E,149272,142030,81489,37564,44606,66414,55581,14738,-1331709893,467943490,324305892,410403733,13626424
ASP_2204_23,Coker_Max_Run_Apr2022,2022-04-04T00:00:00Z,Apr2022,Optimal,SLATE_B,149272,142030,81489,37564,44606,58886,54967,21080,-1203892596,445391162,379084821,368937662,13126786
ASP_2204_24,Product_Demand_High_Apr2022,2022-04-17T20:00:00Z,Apr2022,Optimal,SLATE_E,149272,142030,81489,37564,44606,64025,60160,18793,-1244431264,396219955,373669730,396488846,14127360
ASP_2204_25,Base_Case_Apr2022,2022-04-08T10:00:00Z,Apr2022,Optimal,SLATE_E,149272,142030,81489,37564,44606,60742,55296,18666,-983741351,364001069,310186530,323264407,13710655
ASP_2204_26,High_Crude_Price_Apr2022,2022-04-25T08:00:00Z,Apr2022,Optimal,SLATE_F,149272,142030,81489,37564,44606,56304,55053,19983,-1091114077,505321664,306256455,387873465,13458021
ASP_2204_27,Max_Diesel_Mode_Apr2022,2022-04-21T10:00:00Z,Apr2022,Optimal,SLATE_E,149272,142030,81489,37564,44606,57405,61881,17493,-1300441440,482412039,367247445,402884031,14027857
ASP_2204_28,Min_Fuel_Oil_Apr2022,2022-04-02T03:00:00Z,Apr2022,Optimal,SLATE_F,149272,142030,81489,37564,44606,65899,56330,15814,-1212996663,517705039,336246201,337614464,13899040
ASP_2204_29,Heavy_Crude_Slate_Apr2022,2022-04-22T09:00:00Z,Apr2022,Optimal,SLATE_F,149272,142030,81489,37564,44606,56334,52963,23397,-946491345,343553905,345247756,376164081,13308692
ASP_2204_30,Light_Sweet_Slate_Apr2022,2022-04-21T13:00:00Z,Apr2022,Optimal,SLATE_C,149272,142030,81489,37564,44606,70795,56509,14799,-1246824820,361173881,346518762,419627015,14083211
ASP_2204_31,Coker_Max_Run_Apr2022,2022-04-11T18:00:00Z,Apr2022,Optimal,SLATE_E,149272,142030,81489,37564,44606,61771,54815,20585,-1107209121,460896639,308345318,330952230,14695048
ASP_2204_32,Product_Demand_High_Apr2022,2022-04-19T10:00:00Z,Apr2022,Optimal,SLATE_E,149272,142030,81489,37564,44606,65075,56833,18630,-1262902614,481745073,344026944,357876857,14294601
ASP_2204_33,Base_Case_Apr2022,2022-04-23T08:00:00Z,Apr2022,Optimal,SLATE_E,149272,142030,81489,37564,44606,60392,53252,19082,-1046850063,455403258,274875631,329390523,12819349
ASP_2204_34,High_Crude_Price_Apr2022,2022-04-20T03:00:00Z,Apr2022,Optimal,SLATE_A,149272,142030,81489,37564,44606,59362,51744,18949,-1026110442,493419080,309864332,324721139,12667114
ASP_2204_35,Max_Diesel_Mode_Apr2022,2022-04-09T00:00:00Z,Apr2022,Optimal,SLATE_D,149272,142030,81489,37564,44606,55926,64737,17647,-1213586080,454306525,309079480,406714419,14304157
ASP_2204_36,Min_Fuel_Oil_Apr2022,2022-04-27T08:00:00Z,Apr2022,Optimal,SLATE_D,149272,142030,81489,37564,44606,64706,58817,16850,-1238271217,516808304,373450194,325831063,13884495
ASP_2205_01,Base_Case_May2022,2022-05-11T12:00:00Z,May2022,Optimal,SLATE_C,130811,122903,56759,34646,24210,54596,41354,10520,-1006001255,400145852,250721884,365785464,10651945
ASP_2205_02,High_Crude_Price_May2022,2022-05-10T12:00:00Z,May2022,Optimal,SLATE_C,130811,122903,56759,34646,24210,51203,41998,11286,-859239472,358115236,263367943,322985480,10512711
ASP_2205_03,Max_Diesel_Mode_May2022,2022-05-12T13:00:00Z,May2022,Optimal,SLATE_B,130811,122903,56759,34646,24210,52264,52023,10596,-1026388063,440052252,271034436,278312218,11886465
ASP_2205_04,Min_Fuel_Oil_May2022,2022-05-22T16:00:00Z,May2022,Optimal,SLATE_B,130811,122903,56759,34646,24210,54103,44088,9240,-1041109502,434354127,297811544,290052211,11431957
ASP_2205_05,Heavy_Crude_Slate_May2022,2022-05-27T12:00:00Z,May2022,Optimal,SLATE_C,130811,122903,56759,34646,24210,50010,44094,13116,-908026962,347219185,323153257,348979665,10433260
ASP_2205_06,Light_Sweet_Slate_May2022,2022-05-18T01:00:00Z,May2022,Optimal,SLATE_C,130811,122903,56759,34646,24210,59803,40889,8660,-1181925620,445334337,297135159,324175184,11353947
ASP_2205_07,Coker_Max_Run_May2022,2022-05-04T12:00:00Z,May2022,Optimal,SLATE_F,130811,122903,56759,34646,24210,56649,43404,11576,-956509963,366791724,299064197,282593998,10695053
ASP_2205_08,Product_Demand_High_May2022,2022-05-15T06:00:00Z,May2022,Optimal,SLATE_D,130811,122903,56759,34646,24210,57348,46343,10543,-1061886842,370539856,280510315,344130457,11952070
ASP_2205_09,Base_Case_May2022,2022-05-25T16:00:00Z,May2022,Optimal,SLATE_B,130811,122903,56759,34646,24210,56172,44318,11087,-990549433,331473152,298198125,371774960,10896804
ASP_2205_10,High_Crude_Price_May2022,2022-05-08T10:00:00Z,May2022,Optimal,SLATE_D,130811,122903,56759,34646,24210,51805,41809,11531,-865180256,420101010,237350811,294188820,11227319
ASP_2205_11,Max_Diesel_Mode_May2022,2022-05-08T05:00:00Z,May2022,Optimal,SLATE_F,130811,122903,56759,34646,24210,51120,49547,10229,-1046486864,435311903,257338380,314567948,10564074
ASP_2205_12,Min_Fuel_Oil_May2022,2022-05-03T13:00:00Z,May2022,Optimal,SLATE_B,130811,122903,56759,34646,24210,55517,45169,8908,-1053507052,363678605,314117088,356510896,11484208
ASP_2205_13,Heavy_Crude_Slate_May2022,2022-05-09T05:00:00Z,May2022,Optimal,SLATE_A,130811,122903,56759,34646,24210,51765,41928,12670,-832915372,332868246,290224195,313395036,11025952
ASP_2205_14,Light_Sweet_Slate_May2022,2022-05-25T03:00:00Z,May2022,Optimal,SLATE_D,130811,122903,56759,34646,24210,58668,40900,8985,-1074198030,433824029,252358630,284254373,11331648
ASP_2205_15,Coker_Max_Run_May2022,2022-05-18T10:00:00Z,May2022,Optimal,SLATE_D,130811,122903,56759,34646,24210,54609,45874,11823,-1057227615,419031053,313731419,315210182,11474992
ASP_2205_16,Product_Demand_High_May2022,2022-05-04T00:00:00Z,May2022,Optimal,SLATE_C,130811,122903,56759,34646,24210,59551,45301,10597,-1040617055,306545684,312876650,355841704,11729727
ASP_2205_17,Base_Case_May2022,2022-05-25T09:00:00Z,May2022,Optimal,SLATE_F,130811,122903,56759,34646,24210,55583,44367,10523,-979255252,335578325,320938463,334410700,11672236
ASP_2205_18,High_Crude_Price_May2022,2022-05-12T06:00:00Z,May2022,Optimal,SLATE_E,130811,122903,56759,34646,24210,51433,43276,11051,-900286266,387515132,305903152,296369801,11216056
ASP_2205_19,Max_Diesel_Mode_May2022,2022-05-18T02:00:00Z,May2022,Optimal,SLATE_C,130811,122903,56759,34646,24210,49236,49293,10068,-1144689367,445392001,296426233,359473822,11111706
ASP_2205_20,Min_Fuel_Oil_May2022,2022-05-14T05:00:00Z,May2022,Optimal,SLATE_D,130811,122903,56759,34646,24210,58170,45840,9039,-991282484,320810831,300420827,353235324,12056803
ASP_2205_21,Heavy_Crude_Slate_May2022,2022-05-05T11:00:00Z,May2022,Optimal,SLATE_C,130811,122903,56759,34646,24210,48824,40439,12918,-870558176,314542891,307938981,354974465,10169474
ASP_2205_22,Light_Sweet_Slate_May2022,2022-05-13T10:00:00Z,May2022,Optimal,SLATE_F,130811,122903,56759,34646,24210,60770,43273,9060,-1127212857,382737838,278652949,356167183,11117919
ASP_2205_23,Coker_Max_Run_May2022,2022-05-25T14:00:00Z,May2022,Optimal,SLATE_E,130811,122903,56759,34646,24210,55864,46982,12144,-977343068,361482113,330432427,278083727,11818788
ASP_2205_24,Product_Demand_High_May2022,2022-05-02T10:00:00Z,May2022,Optimal,SLATE_D,130811,122903,56759,34646,24210,59383,44660,10033,-1080039106,365838365,291543257,353784941,11130353
ASP_2205_25,Base_Case_May2022,2022-05-17T15:00:00Z,May2022,Optimal,SLATE_A,130811,122903,56759,34646,24210,58277,42464,10694,-967720709,444967994,247771346,287006196,12024827
ASP_2205_26,High_Crude_Price_May2022,2022-05-14T11:00:00Z,May2022,Optimal,SLATE_E,130811,122903,56759,34646,24210,54002,39808,11612,-829816647,301144502,317715060,293514572,10399517
ASP_2205_27,Max_Diesel_Mode_May2022,2022-05-01T18:00:00Z,May2022,Optimal,SLATE_B,130811,122903,56759,34646,24210,49499,51489,10660,-1086831020,354424093,337879473,354000774,11227178
ASP_2205_28,Min_Fuel_Oil_May2022,2022-05-27T07:00:00Z,May2022,Optimal,SLATE_E,130811,122903,56759,34646,24210,58342,43334,9055,-979700431,341307883,262436707,357793929,10373052
ASP_2205_29,Heavy_Crude_Slate_May2022,2022-05-04T05:00:00Z,May2022,Optimal,SLATE_F,130811,122903,56759,34646,24210,51789,42091,13859,-898074921,388669465,339965713,280514864,11289018
ASP_2205_30,Light_Sweet_Slate_May2022,2022-05-04T02:00:00Z,May2022,Optimal,SLATE_F,130811,122903,56759,34646,24210,59200,42369,8387,-989231139,365152917,237932261,291835202,11678291
ASP_2205_31,Coker_Max_Run_May2022,2022-05-20T21:00:00Z,May2022,Optimal,SLATE_D,130811,122903,56759,34646,24210,56685,45472,11559,-1025020783,416731935,314904872,284626289,11340759
ASP_2205_32,Product_Demand_High_May2022,2022-05-15T00:00:00Z,May2022,Optimal,SLATE_F,130811,122903,56759,34646,24210,62332,47444,10715,-1129715913,378540630,338457431,341000972,11965780
ASP_2205_33,Base_Case_May2022,2022-05-24T22:00:00Z,May2022,Optimal,SLATE_F,130811,122903,56759,34646,24210,56120,44769,11285,-970183941,364168917,331107982,286734843,11827801
ASP_2205_34,High_Crude_Price_May2022,2022-05-25T03:00:00Z,May2022,Optimal,SLATE_D,130811,122903,56759,34646,24210,53743,43050,11480,-884520455,363895442,328402356,279548137,10410657
ASP_2205_35,Max_Diesel_Mode_May2022,2022-05-07T16:00:00Z,May2022,Optimal,SLATE_A,130811,122903,56759,34646,24210,51784,47813,10794,-1112150174,446759361,329657124,294239883,11465726
ASP_2205_36,Min_Fuel_Oil_May2022,2022-05-26T15:00:00Z,May2022,Optimal,SLATE_B,130811,122903,56759,34646,24210,59136,45072,8905,-993522789,343333789,339949573,293356613,12054742
ASP_2206_01,Base_Case_Jun2022,2022-06-22T06:00:00Z,Jun2022,Optimal,SLATE_E,158240,157771,81171,44877,41941,73217,51152,15399,-1194456112,491267229,365438497,351740388,13990002
ASP_2206_02,High_Crude_Price_Jun2022,2022-06-19T17:00:00Z,Jun2022,Optimal,SLATE_F,158240,157771,81171,44877,41941,68734,48299,16172,-1074744110,418316548,385339303,377315001,12770732
ASP_2206_03,Max_Diesel_Mode_Jun2022,2022-06-23T17:00:00Z,Jun2022,Optimal,SLATE_B,158240,157771,81171,44877,41941,69672,61571,16065,-1364638394,530597036,393164799,391468486,15574707
ASP_2206_04,Min_Fuel_Oil_Jun2022,2022-06-25T22:00:00Z,Jun2022,Optimal,SLATE_B,158240,157771,81171,44877,41941,77597,52206,13946,-1153092552,376989924,391266925,364855514,13605030
ASP_2206_05,Heavy_Crude_Slate_Jun2022,2022-06-11T00:00:00Z,Jun2022,Optimal,SLATE_E,158240,157771,81171,44877,41941,67832,48119,18972,-1057434718,505008920,304300153,379865393,14247001
ASP_2206_06,Light_Sweet_Slate_Jun2022,2022-06-26T19:00:00Z,Jun2022,Optimal,SLATE_D,158240,157771,81171,44877,41941,80215,51482,12832,-1440884049,529563548,362642001,410164261,15866194
ASP_2206_07,Coker_Max_Run_Jun2022,2022-06-16T14:00:00Z,Jun2022,Optimal,SLATE_F,158240,157771,81171,44877,41941,70328,53053,18611,-1265632811,485406610,342225406,426959617,13775151
ASP_2206_08,Product_Demand_High_Jun2022,2022-06-05T16:00:00Z,Jun2022,Optimal,SLATE_E,158240,157771,81171,44877,41941,84727,51467,14803,-1323012997,503007056,314528381,422486576,15009978
ASP_2206_09,Base_Case_Jun2022,2022-06-01T20:00:00Z,Jun2022,Optimal,SLATE_F,158240,157771,81171,44877,41941,77993,51412,16293,-1207851738,471645112,358505443,393516831,15815648
ASP_2206_10,High_Crude_Price_Jun2022,2022-06-04T04:00:00Z,Jun2022,Optimal,SLATE_F,158240,157771,81171,44877,41941,72140,47437,16697,-1146051745,507745372,396180801,356328930,14546684
ASP_2206_11,Max_Diesel_Mode_Jun2022,2022-06-24T07:00:00Z,Jun2022,Optimal,SLATE_B,158240,157771,81171,44877,41941,66762,61378,15896,-1203648757,486264290,302941175,371522030,14395345
ASP_2206_12,Min_Fuel_Oil_Jun2022,2022-06-13T16:00:00Z,Jun2022,Optimal,SLATE_E,158240,157771,81171,44877,41941,74195,54630,13235,-1116686358,369200916,286351349,442482467,13873219
ASP_2206_13,Heavy_Crude_Slate_Jun2022,2022-06-07T16:00:00Z,Jun2022,Optimal,SLATE_D,158240,157771,81171,44877,41941,65286,50353,18820,-1033999105,396107288,343025773,423564097,13809263
ASP_2206_14,Light_Sweet_Slate_Jun2022,2022-06-17T05:00:00Z,Jun2022,Optimal,SLATE_A,158240,157771,81171,44877,41941,82463,48379,13156,-1439142296,548903587,309178803,442322185,15456096
ASP_2206_15,Coker_Max_Run_Jun2022,2022-06-08T08:00:00Z,Jun2022,Optimal,SLATE_B,158240,157771,81171,44877,41941,77222,52332,17339,-1193947325,449434404,373182231,362540471,14620512
ASP_2206_16,Product_Demand_High_Jun2022,2022-06-27T13:00:00Z,Jun2022,Optimal,SLATE_B,158240,157771,81171,44877,41941,79176,51962,14825,-1305474814,532009520,289035097,402384452,14656093
ASP_2206_17,Base_Case_Jun2022,2022-06-09T08:00:00Z,Jun2022,Optimal,SLATE_D,158240,157771,81171,44877,41941,75245,49697,16547,-1017497424,386238936,292753554,353130432,14625498
ASP_2206_18,High_Crude_Price_Jun2022,2022-06-05T19:00:00Z,Jun2022,Optimal,SLATE_C,158240,157771,81171,44877,41941,71296,46901,16029,-1166572728,470936684,396189674,413973187,13085710
ASP_2206_19,Max_Diesel_Mode_Jun2022,2022-06-10T22:00:00Z,Jun2022,Optimal,SLATE_B,158240,157771,81171,44877,41941,67129,60782,16118,-1226338076,484047980,294495971,403253687,13856613
ASP_2206_20,Min_Fuel_Oil_Jun2022,2022-06-04T20:00:00Z,Jun2022,Optimal,SLATE_B,158240,157771,81171,44877,41941,73939,52528,13727,-1256791494,495837777,327757649,410323267,13732776
ASP_2206_21,Heavy_Crude_Slate_Jun2022,2022-06-14T14:00:00Z,Jun2022,Optimal,SLATE_D,158240,157771,81171,44877,41941,69875,48062,19628,-1085426550,511093247,373381956,336099416,14545119
ASP_2206_22,Light_Sweet_Slate_Jun2022,2022-06-10T22:00:00Z,Jun2022,Optimal,SLATE_C,158240,157771,81171,44877,41941,80065,52191,13507,-1409742878,541292836,359790647,371647863,14032347
ASP_2206_23,Coker_Max_Run_Jun2022,2022-06-19T14:00:00Z,Jun2022,Optimal,SLATE_C,158240,157771,81171,44877,41941,72185,52440,17409,-1221899596,380402789,380967451,450335395,13764854
ASP_2206_24,Product_Demand_High_Jun2022,2022-06-20T19:00:00Z,Jun2022,Optimal,SLATE_F,158240,157771,81171,44877,41941,80825,54561,15736,-1404511075,548698866,408420076,358438670,15084394
ASP_2206_25,Base_Case_Jun2022,2022-06-17T22:00:00Z,Jun2022,Optimal,SLATE_D,158240,157771,81171,44877,41941,74713,48778,15689,-1082257390,440493774,309906579,346187946,14330909
ASP_2206_26,High_Crude_Price_Jun2022,2022-06-24T06:00:00Z,Jun2022,Optimal,SLATE_C,158240,157771,81171,44877,41941,69842,48080,16488,-1104520949,497605531,308704050,408237467,13980799
ASP_2206_27,Max_Diesel_Mode_Jun2022,2022-06-25T19:00:00Z,Jun2022,Optimal,SLATE_F,158240,157771,81171,44877,41941,65470,56542,14865,-1235034919,518535642,308996011,361945476,13253396
ASP_2206_28,Min_Fuel_Oil_Jun2022,2022-06-19T10:00:00Z,Jun2022,Optimal,SLATE_B,158240,157771,81171,44877,41941,74185,52566,14112,-1290314765,469372217,410471939,387460504,14571878
ASP_2206_29,Heavy_Crude_Slate_Jun2022,2022-06-10T15:00:00Z,Jun2022,Optimal,SLATE_C,158240,157771,81171,44877,41941,65787,51696,20254,-1154346590,548572260,385552218,361999187,13516342
ASP_2206_30,Light_Sweet_Slate_Jun2022,2022-06-19T14:00:00Z,Jun2022,Optimal,SLATE_D,158240,157771,81171,44877,41941,86855,51833,13027,-1310748382,486688567,285414147,412753867,14545525
ASP_2206_31,Coker_Max_Run_Jun2022,2022-06-11T19:00:00Z,Jun2022,Optimal,SLATE_F,158240,157771,81171,44877,41941,75366,52461,17132,-1220506590,420850411,367108098,422680231,14063651
ASP_2206_32,Product_Demand_High_Jun2022,2022-06-16T11:00:00Z,Jun2022,Optimal,SLATE_B,158240,157771,81171,44877,41941,79152,56151,15544,-1402905361,548692979,347042672,419183720,15932925
ASP_2206_33,Base_Case_Jun2022,2022-06-07T14:00:00Z,Jun2022,Optimal,SLATE_C,158240,157771,81171,44877,41941,78402,49467,16254,-1218647006,499063676,313107798,421053030,14577498
ASP_2206_34,High_Crude_Price_Jun2022,2022-06-03T00:00:00Z,Jun2022,Optimal,SLATE_F,158240,157771,81171,44877,41941,69500,48078,16442,-994977460,398617789,291476912,405021565,13619026
ASP_2206_35,Max_Diesel_Mode_Jun2022,2022-06-18T20:00:00Z,Jun2022,Optimal,SLATE_E,158240,157771,81171,44877,41941,64923,59112,14764,-1160619556,430247216,316053119,372740665,13689041
ASP_2206_36,Min_Fuel_Oil_Jun2022,2022-06-06T07:00:00Z,Jun2022,Optimal,SLATE_E,158240,157771,81171,44877,41941,78398,50935,13207,-1309421152,527902094,382791335,374149446,13560203
ASP_2207_01,Base_Case_Jul2022,2022-07-02T12:00:00Z,Jul2022,Optimal,SLATE_B,141342,138429,61264,46560,35773,70536,45851,14055,-1065153667,394110557,326495172,357286276,12738338
ASP_2207_02,High_Crude_Price_Jul2022,2022-07-09T07:00:00Z,Jul2022,Optimal,SLATE_A,141342,138429,61264,46560,35773,68135,44127,14315,-927595723,369749713,280976446,370842666,13312604
ASP_2207_03,Max_Diesel_Mode_Jul2022,2022-07-18T01:00:00Z,Jul2022,Optimal,SLATE_D,141342,138429,61264,46560,35773,63863,51536,13271,-1010273372,348566965,262249355,364186735,12837938
ASP_2207_04,Min_Fuel_Oil_Jul2022,2022-07-14T11:00:00Z,Jul2022,Optimal,SLATE_F,141342,138429,61264,46560,35773,69405,47577,11995,-1139012905,385195989,351394686,382338234,13091137
ASP_2207_05,Heavy_Crude_Slate_Jul2022,2022-07-26T08:00:00Z,Jul2022,Optimal,SLATE_C,141342,138429,61264,46560,35773,65088,46184,17035,-1030811157,462294301,342813692,353226581,12988843
ASP_2207_06,Light_Sweet_Slate_Jul2022,2022-07-15T16:00:00Z,Jul2022,Optimal,SLATE_B,141342,138429,61264,46560,35773,75588,46441,11254,-1250385184,433188958,309824710,386917188,13515513
ASP_2207_07,Coker_Max_Run_Jul2022,2022-07-15T06:00:00Z,Jul2022,Optimal,SLATE_E,141342,138429,61264,46560,35773,71068,49429,15232,-1054408485,417769576,295316241,333568509,12920517
ASP_2207_08,Product_Demand_High_Jul2022,2022-07-06T07:00:00Z,Jul2022,Optimal,SLATE_C,141342,138429,61264,46560,35773,74689,49024,13144,-1249724504,478092371,315939312,376289427,13168791
ASP_2207_09,Base_Case_Jul2022,2022-07-20T19:00:00Z,Jul2022,Optimal,SLATE_F,141342,138429,61264,46560,35773,66274,47035,13994,-934141123,342539153,264905547,339666361,12969938
ASP_2207_10,High_Crude_Price_Jul2022,2022-07-23T12:00:00Z,Jul2022,Optimal,SLATE_B,141342,138429,61264,46560,35773,66688,43749,14572,-961086403,334511494,325361171,398252453,13465984
ASP_2207_11,Max_Diesel_Mode_Jul2022,2022-07-20T16:00:00Z,Jul2022,Optimal,SLATE_E,141342,138429,61264,46560,35773,61257,53299,14006,-1080589680,333958263,340652543,367212847,12690624
ASP_2207_12,Min_Fuel_Oil_Jul2022,2022-07-21T05:00:00Z,Jul2022,Optimal,SLATE_D,141342,138429,61264,46560,35773,71083,48106,12116,-1147429711,484674842,293630282,349569902,13865597
ASP_2207_13,Heavy_Crude_Slate_Jul2022,2022-07-27T05:00:00Z,Jul2022,Optimal,SLATE_A,141342,138429,61264,46560,35773,59693,45077,17545,-953168225,393315671,308335904,369527458,12103227
ASP_2207_14,Light_Sweet_Slate_Jul2022,2022-07-01T21:00:00Z,Jul2022,Optimal,SLATE_D,141342,138429,61264,46560,35773,78206,45722,10932,-1249360501,464643197,334993973,329664910,13801632
ASP_2207_15,Coker_Max_Run_Jul2022,2022-07-24T15:00:00Z,Jul2022,Optimal,SLATE_B,141342,138429,61264,46560,35773,65639,47231,15285,-1156161373,470818159,280161322,394845840,12333778
ASP_2207_16,Product_Demand_High_Jul2022,2022-07-06T02:00:00Z,Jul2022,Optimal,SLATE_A,141342,138429,61264,46560,35773,77995,47732,13024,-1130702108,403298343,275453764,381462403,13268113
ASP_2207_17,Base_Case_Jul2022,2022-07-20T00:00:00Z,Jul2022,Optimal,SLATE_C,141342,138429,61264,46560,35773,72166,46871,14866,-1021564877,404467079,258479517,371796597,13178316
ASP_2207_18,High_Crude_Price_Jul2022,2022-07-16T04:00:00Z,Jul2022,Optimal,SLATE_C,141342,138429,61264,46560,35773,64767,44397,14681,-1096515524,460398644,349643731,394177922,12355597
ASP_2207_19,Max_Diesel_Mode_Jul2022,2022-07-04T17:00:00Z,Jul2022,Optimal,SLATE_E,141342,138429,61264,46560,35773,63428,51977,13414,-1168463314,470232065,295951321,359197072,12558254
ASP_2207_20,Min_Fuel_Oil_Jul2022,2022-07-26T08:00:00Z,Jul2022,Optimal,SLATE_A,141342,138429,61264,46560,35773,72929,49475,12214,-1192367776,446675708,350001384,375487313,14525787
ASP_2207_21,Heavy_Crude_Slate_Jul2022,2022-07-04T13:00:00Z,Jul2022,Optimal,SLATE_A,141342,138429,61264,46560,35773,60186,44813,17699,-977366925,419387405,338874179,340326346,12624679
ASP_2207_22,Light_Sweet_Slate_Jul2022,2022-07-03T22:00:00Z,Jul2022,Optimal,SLATE_D,141342,138429,61264,46560,35773,76229,47271,11394,-1113400337,337491101,317804754,352997072,14185483
ASP_2207_23,Coker_Max_Run_Jul2022,2022-07-07T09:00:00Z,Jul2022,Optimal,SLATE_E,141342,138429,61264,46560,35773,71276,50405,15546,-1035590936,366009710,310790539,353287864,14802881
ASP_2207_24,Product_Demand_High_Jul2022,2022-07-25T11:00:00Z,Jul2022,Optimal,SLATE_F,141342,138429,61264,46560,35773,72715,49959,13574,-1011889004,335769483,314473574,299959241,13268035
ASP_2207_25,Base_Case_Jul2022,2022-07-10T13:00:00Z,Jul2022,Optimal,SLATE_D,141342,138429,61264,46560,35773,67147,46768,13979,-1136105134,462540743,301811108,385252362,13499079
ASP_2207_26,High_Crude_Price_Jul2022,2022-07-25T13:00:00Z,Jul2022,Optimal,SLATE_E,141342,138429,61264,46560,35773,63791,44266,14818,-1079716765,457986943,353701914,374868949,12952626
ASP_2207_27,Max_Diesel_Mode_Jul2022,2022-07-26T09:00:00Z,Jul2022,Optimal,SLATE_A,141342,138429,61264,46560,35773,62371,52679,13440,-941687856,333936132,263732371,311988821,12811746
ASP_2207_28,Min_Fuel_Oil_Jul2022,2022-07-05T11:00:00Z,Jul2022,Optimal,SLATE_F,141342,138429,61264,46560,35773,71263,49456,12602,-1249488335,472952277,362780949,390258883,12896638
ASP_2207_29,Heavy_Crude_Slate_Jul2022,2022-07-10T12:00:00Z,Jul2022,Optimal,SLATE_A,141342,138429,61264,46560,35773,63875,45294,17164,-935969650,351004393,349677062,351314554,12029731
ASP_2207_30,Light_Sweet_Slate_Jul2022,2022-07-14T09:00:00Z,Jul2022,Optimal,SLATE_C,141342,138429,61264,46560,35773,75604,43944,11719,-1359380003,492928634,334593327,399893802,13683617
ASP_2207_31,Coker_Max_Run_Jul2022,2022-07-26T20:00:00Z,Jul2022,Optimal,SLATE_B,141342,138429,61264,46560,35773,70122,45944,16185,-1129735107,373837842,354881177,391950398,13085978
ASP_2207_32,Product_Demand_High_Jul2022,2022-07-24T22:00:00Z,Jul2022,Optimal,SLATE_A,141342,138429,61264,46560,35773,77045,50815,14216,-1118656923,397826644,336135585,316559135,14727916
ASP_2207_33,Base_Case_Jul2022,2022-07-04T04:00:00Z,Jul2022,Optimal,SLATE_B,141342,138429,61264,46560,35773,72691,46608,13783,-1060310498,440340003,333786729,299663228,13479462
ASP_2207_34,High_Crude_Price_Jul2022,2022-07-24T02:00:00Z,Jul2022,Optimal,SLATE_A,141342,138429,61264,46560,35773,68303,45868,14722,-1025195722,490347685,294980588,341519189,12504285
ASP_2207_35,Max_Diesel_Mode_Jul2022,2022-07-12T15:00:00Z,Jul2022,Optimal,SLATE_F,141342,138429,61264,46560,35773,65252,54016,13522,-1108007793,417348387,292356502,358301063,12760434
ASP_2207_36,Min_Fuel_Oil_Jul2022,2022-07-08T21:00:00Z,Jul2022,Optimal,SLATE_F,141342,138429,61264,46560,35773,70985,46906,11548,-1105899604,368309882,342681834,376303273,13606053
ASP_2208_01,Base_Case_Aug2022,2022-08-24T16:00:00Z,Aug2022,Optimal,SLATE_C,174650,161048,95431,49012,30739,71184,63900,20048,-1312980058,530915857,360146271,437353699,15435769
ASP_2208_02,High_Crude_Price_Aug2022,2022-08-23T13:00:00Z,Aug2022,Optimal,SLATE_A,174650,161048,95431,49012,30739,70204,60696,19735,-1280592052,489276478,421956515,496180945,15466055
ASP_2208_03,Max_Diesel_Mode_Aug2022,2022-08-05T18:00:00Z,Aug2022,Optimal,SLATE_F,174650,161048,95431,49012,30739,65568,69219,19075,-1315447308,402632230,435710634,429932009,15467913
ASP_2208_04,Min_Fuel_Oil_Aug2022,2022-08-23T18:00:00Z,Aug2022,Optimal,SLATE_C,174650,161048,95431,49012,30739,73392,63772,16784,-1495105045,594466440,431614553,441059850,15582546
ASP_2208_05,Heavy_Crude_Slate_Aug2022,2022-08-09T01:00:00Z,Aug2022,Optimal,SLATE_E,174650,161048,95431,49012,30739,65603,59044,22039,-1144454113,560766625,335171785,390279168,14601896
ASP_2208_06,Light_Sweet_Slate_Aug2022,2022-08-03T17:00:00Z,Aug2022,Optimal,SLATE_B,174650,161048,95431,49012,30739,76768,59092,15257,-1351493031,487590547,337163829,396730906,14795075
ASP_2208_07,Coker_Max_Run_Aug2022,2022-08-18T02:00:00Z,Aug2022,Optimal,SLATE_C,174650,161048,95431,49012,30739,70326,63113,21003,-1467968692,539167885,418503299,497187329,15673520
ASP_2208_08,Product_Demand_High_Aug2022,2022-08-24T02:00:00Z,Aug2022,Optimal,SLATE_C,174650,161048,95431,49012,30739,80029,64249,17797,-1359806068,449680898,400143411,426499886,17244502
ASP_2208_09,Base_Case_Aug2022,2022-08-01T22:00:00Z,Aug2022,Optimal,SLATE_A,174650,161048,95431,49012,30739,72815,60618,18279,-1311248587,521230334,317218289,488186943,15386979
ASP_2208_10,High_Crude_Price_Aug2022,2022-08-03T02:00:00Z,Aug2022,Optimal,SLATE_C,174650,161048,95431,49012,30739,71367,59626,19334,-1164134672,554869347,318107686,407990589,15603848
ASP_2208_11,Max_Diesel_Mode_Aug2022,2022-08-22T02:00:00Z,Aug2022,Optimal,SLATE_D,174650,161048,95431,49012,30739,68730,73733,18035,-1514431183,555084966,419657652,483816782,16243987
ASP_2208_12,Min_Fuel_Oil_Aug2022,2022-08-04T08:00:00Z,Aug2022,Optimal,SLATE_C,174650,161048,95431,49012,30739,74143,67629,16575,-1289954324,514639990,331868918,422325119,16451188
ASP_2208_13,Heavy_Crude_Slate_Aug2022,2022-08-17T13:00:00Z,Aug2022,Optimal,SLATE_D,174650,161048,95431,49012,30739,64358,64229,23933,-1187063385,543986455,367761414,421923517,14712069
ASP_2208_14,Light_Sweet_Slate_Aug2022,2022-08-19T08:00:00Z,Aug2022,Optimal,SLATE_E,174650,161048,95431,49012,30739,79902,64070,15037,-1423802394,543113859,327391317,417291659,16544697
ASP_2208_15,Coker_Max_Run_Aug2022,2022-08-17T21:00:00Z,Aug2022,Optimal,SLATE_E,174650,161048,95431,49012,30739,73367,67800,21543,-1289843022,428144298,438508905,414836141,16937361
ASP_2208_16,Product_Demand_High_Aug2022,2022-08-03T12:00:00Z,Aug2022,Optimal,SLATE_E,174650,161048,95431,49012,30739,82687,70345,17453,-1236192476,453416891,324226443,384091222,17111893
ASP_2208_17,Base_Case_Aug2022,2022-08-02T13:00:00Z,Aug2022,Optimal,SLATE_A,174650,161048,95431,49012,30739,72723,65213,18811,-1249832128,482481966,341967606,441556929,16174373
ASP_2208_18,High_Crude_Price_Aug2022,2022-08-19T03:00:00Z,Aug2022,Optimal,SLATE_D,174650,161048,95431,49012,30739,70532,61833,20543,-1270102688,533821870,365934588,497106357,16316414
ASP_2208_19,Max_Diesel_Mode_Aug2022,2022-08-05T05:00:00Z,Aug2022,Optimal,SLATE_B,174650,161048,95431,49012,30739,63100,72344,18161,-1525206161,602648000,429109163,436855927,16035793
ASP_2208_20,Min_Fuel_Oil_Aug2022,2022-08-14T11:00:00Z,Aug2022,Optimal,SLATE_B,174650,161048,95431,49012,30739,73614,65553,16070,-1161414343,423299668,332885679,386794237,15392843
ASP_2208_21,Heavy_Crude_Slate_Aug2022,2022-08-18T08:00:00Z,Aug2022,Optimal,SLATE_D,174650,161048,95431,49012,30739,65407,61953,22611,-1227638269,494459640,449014760,435935141,15367019
ASP_2208_22,Light_Sweet_Slate_Aug2022,2022-08-15T19:00:00Z,Aug2022,Optimal,SLATE_D,174650,161048,95431,49012,30739,78143,64401,15094,-1501073192,584670280,394099477,376944579,15470414
ASP_2208_23,Coker_Max_Run_Aug2022,2022-08-22T10:00:00Z,Aug2022,Optimal,SLATE_C,174650,161048,95431,49012,30739,69510,67570,20099,-1493112740,591553533,436709360,451669141,16096014
ASP_2208_24,Product_Demand_High_Aug2022,2022-08-14T19:00:00Z,Aug2022,Optimal,SLATE_F,174650,161048,95431,49012,30739,78428,67989,18566,-1390779892,457386408,375026012,470693184,15346444
ASP_2208_25,Base_Case_Aug2022,2022-08-05T08:00:00Z,Aug2022,Optimal,SLATE_B,174650,161048,95431,49012,30739,72407,61845,18266,-1342392048,445027095,450304944,462015381,14955372
ASP_2208_26,High_Crude_Price_Aug2022,2022-08-22T03:00:00Z,Aug2022,Optimal,SLATE_D,174650,161048,95431,49012,30739,71379,62888,19391,-1029260219,405851080,322330320,406321352,15741644
ASP_2208_27,Max_Diesel_Mode_Aug2022,2022-08-17T17:00:00Z,Aug2022,Optimal,SLATE_B,174650,161048,95431,49012,30739,65175,71836,18268,-1293138890,454800189,378514349,413752715,15506405
ASP_2208_28,Min_Fuel_Oil_Aug2022,2022-08-09T11:00:00Z,Aug2022,Optimal,SLATE_F,174650,161048,95431,49012,30739,77585,65130,16589,-1270806122,506338737,344950289,398938535,16435209
ASP_2208_29,Heavy_Crude_Slate_Aug2022,2022-08-23T08:00:00Z,Aug2022,Optimal,SLATE_B,174650,161048,95431,49012,30739,63357,64243,23762,-1192892951,607516464,334063828,399241265,15384944
ASP_2208_30,Light_Sweet_Slate_Aug2022,2022-08-19T17:00:00Z,Aug2022,Optimal,SLATE_B,174650,161048,95431,49012,30739,77412,59010,14623,-1417837880,535421077,367878342,378423751,15796491
ASP_2208_31,Coker_Max_Run_Aug2022,2022-08-05T08:00:00Z,Aug2022,Optimal,SLATE_C,174650,161048,95431,49012,30739,75202,63985,20325,-1390830595,583032636,320176860,476934871,16584960
ASP_2208_32,Product_Demand_High_Aug2022,2022-08-20T04:00:00Z,Aug2022,Optimal,SLATE_D,174650,161048,95431,49012,30739,81642,68199,17464,-1275050800,470150973,353444143,374179559,17172082
ASP_2208_33,Base_Case_Aug2022,2022-08-22T10:00:00Z,Aug2022,Optimal,SLATE_D,174650,161048,95431,49012,30739,73720,66009,18894,-1327977677,532074709,433512877,378509223,16119132
ASP_2208_34,High_Crude_Price_Aug2022,2022-08-17T11:00:00Z,Aug2022,Optimal,SLATE_E,174650,161048,95431,49012,30739,70810,60297,20432,-1192331015,561869719,319357734,430919235,16134715
ASP_2208_35,Max_Diesel_Mode_Aug2022,2022-08-21T02:00:00Z,Aug2022,Optimal,SLATE_E,174650,161048,95431,49012,30739,65199,69645,18276,-1419487939,545234605,394873204,427644013,15858546
ASP_2208_36,Min_Fuel_Oil_Aug2022,2022-08-26T09:00:00Z,Aug2022,Optimal,SLATE_D,174650,161048,95431,49012,30739,75979,66346,16066,-1239615282,433812386,376276089,410163901,16742393
ASP_2209_01,Base_Case_Sep2022,2022-09-22T00:00:00Z,Sep2022,Optimal,SLATE_B,130270,127283,64703,41773,22127,59701,46124,15942,-895032101,325735263,254090181,327560337,12353680
ASP_2209_02,High_Crude_Price_Sep2022,2022-09-04T00:00:00Z,Sep2022,Optimal,SLATE_D,130270,127283,64703,41773,22127,58228,45750,15616,-807244360,326359168,287884241,275193140,11997027
ASP_2209_03,Max_Diesel_Mode_Sep2022,2022-09-14T07:00:00Z,Sep2022,Optimal,SLATE_A,130270,127283,64703,41773,22127,55942,54211,14473,-1028146804,444696186,238281754,308887949,12678456
ASP_2209_04,Min_Fuel_Oil_Sep2022,2022-09-24T02:00:00Z,Sep2022,Optimal,SLATE_E,130270,127283,64703,41773,22127,58872,46095,12660,-1058579449,408399480,311008597,320321202,11982241
ASP_2209_05,Heavy_Crude_Slate_Sep2022,2022-09-03T18:00:00Z,Sep2022,Optimal,SLATE_C,130270,127283,64703,41773,22127,51402,44188,19223,-909117579,424547494,295267537,300897709,10582096
ASP_2209_06,Light_Sweet_Slate_Sep2022,2022-09-15T04:00:00Z,Sep2022,Optimal,SLATE_F,130270,127283,64703,41773,22127,64926,45353,12671,-1092697715,408041510,266031777,314147759,12598086
ASP_2209_07,Coker_Max_Run_Sep2022,2022-09-05T14:00:00Z,Sep2022,Optimal,SLATE_F,130270,127283,64703,41773,22127,56371,51296,17367,-899093392,328556315,286527932,278975627,12595764
ASP_2209_08,Product_Demand_High_Sep2022,2022-09-14T05:00:00Z,Sep2022,Optimal,SLATE_B,130270,127283,64703,41773,22127,64384,48222,14288,-929503524,317650294,249216476,305690923,11906281
ASP_2209_09,Base_Case_Sep2022,2022-09-20T11:00:00Z,Sep2022,Optimal,SLATE_F,130270,127283,64703,41773,22127,60407,48622,15856,-941780476,334058643,263544934,356928891,12751992
ASP_2209_10,High_Crude_Price_Sep2022,2022-09-22T15:00:00Z,Sep2022,Optimal,SLATE_A,130270,127283,64703,41773,22127,55230,46305,16155,-864995985,317882707,291586111,342446002,11701792
ASP_2209_11,Max_Diesel_Mode_Sep2022,2022-09-03T05:00:00Z,Sep2022,Optimal,SLATE_A,130270,127283,64703,41773,22127,53105,53526,14109,-1038524060,412338339,281580040,308019340,12867185
ASP_2209_12,Min_Fuel_Oil_Sep2022,2022-09-05T16:00:00Z,Sep2022,Optimal,SLATE_B,130270,127283,64703,41773,22127,62476,48600,13272,-1104025902,385495760,329940995,368460391,12027338
ASP_2209_13,Heavy_Crude_Slate_Sep2022,2022-09-24T15:00:00Z,Sep2022,Optimal,SLATE_F,130270,127283,64703,41773,22127,54846,44055,19314,-936224326,396382842,292458838,363000253,11592681
ASP_2209_14,Light_Sweet_Slate_Sep2022,2022-09-15T08:00:00Z,Sep2022,Optimal,SLATE_F,130270,127283,64703,41773,22127,64928,47168,11894,-973957997,311328512,286941352,283310618,11975127
ASP_2209_15,Coker_Max_Run_Sep2022,2022-09-16T01:00:00Z,Sep2022,Optimal,SLATE_A,130270,127283,64703,41773,22127,57870,46958,17557,-1010417931,441700556,272510721,288824692,12430154
ASP_2209_16,Product_Demand_High_Sep2022,2022-09-02T09:00:00Z,Sep2022,Optimal,SLATE_D,130270,127283,64703,41773,22127,66290,50668,15313,-1139521782,443482327,264568576,360900797,13838938
ASP_2209_17,Base_Case_Sep2022,2022-09-22T14:00:00Z,Sep2022,Optimal,SLATE_D,130270,127283,64703,41773,22127,59769,48338,16002,-949646366,347004871,271823680,343683230,12865415
ASP_2209_18,High_Crude_Price_Sep2022,2022-09-25T08:00:00Z,Sep2022,Optimal,SLATE_F,130270,127283,64703,41773,22127,54212,46906,15116,-978556329,419287194,319367708,336971057,11977775
ASP_2209_19,Max_Diesel_Mode_Sep2022,2022-09-14T16:00:00Z,Sep2022,Optimal,SLATE_B,130270,127283,64703,41773,22127,51437,56473,15340,-1011077811,371742598,293409116,310589102,12809567
ASP_2209_20,Min_Fuel_Oil_Sep2022,2022-09-12T07:00:00Z,Sep2022,Optimal,SLATE_A,130270,127283,64703,41773,22127,59407,47281,13046,-960280000,357507840,251904482,334946571,12048213
ASP_2209_21,Heavy_Crude_Slate_Sep2022,2022-09-25T15:00:00Z,Sep2022,Optimal,SLATE_F,130270,127283,64703,41773,22127,56185,45644,18089,-987982618,449110235,310575840,350718196,12645806
ASP_2209_22,Light_Sweet_Slate_Sep2022,2022-09-13T21:00:00Z,Sep2022,Optimal,SLATE_F,130270,127283,64703,41773,22127,65069,44334,12037,-1148960266,418642232,312464587,306978423,12227861
ASP_2209_23,Coker_Max_Run_Sep2022,2022-09-09T18:00:00Z,Sep2022,Optimal,SLATE_B,130270,127283,64703,41773,22127,60019,49824,16541,-926889846,302984424,273199626,345506194,12974708
ASP_2209_24,Product_Demand_High_Sep2022,2022-09-26T12:00:00Z,Sep2022,Optimal,SLATE_E,130270,127283,64703,41773,22127,61593,51383,14586,-960899482,351769876,247077416,303176268,12301817
ASP_2209_25,Base_Case_Sep2022,2022-09-05T00:00:00Z,Sep2022,Optimal,SLATE_E,130270,127283,64703,41773,22127,62634,47119,15967,-991623376,334973874,333793055,335531645,12675198
ASP_2209_26,High_Crude_Price_Sep2022,2022-09-02T22:00:00Z,Sep2022,Optimal,SLATE_F,130270,127283,64703,41773,22127,54719,43343,16543,-777778399,307723542,244923944,304486097,11722279
ASP_2209_27,Max_Diesel_Mode_Sep2022,2022-09-20T20:00:00Z,Sep2022,Optimal,SLATE_F,130270,127283,64703,41773,22127,53029,53935,14783,-1085378106,405840963,269513032,370766971,12427531
ASP_2209_28,Min_Fuel_Oil_Sep2022,2022-09-05T03:00:00Z,Sep2022,Optimal,SLATE_C,130270,127283,64703,41773,22127,60291,46841,13201,-1029381168,332119187,321579244,357122861,11422099
ASP_2209_29,Heavy_Crude_Slate_Sep2022,2022-09-03T11:00:00Z,Sep2022,Optimal,SLATE_A,130270,127283,64703,41773,22127,53957,46394,17920,-879113189,449175146,264204098,274987704,11574515
ASP_2209_30,Light_Sweet_Slate_Sep2022,2022-09-05T00:00:00Z,Sep2022,Optimal,SLATE_D,130270,127283,64703,41773,22127,63302,46018,13032,-1048662344,364417910,300402030,283791065,12305340
ASP_2209_31,Coker_Max_Run_Sep2022,2022-09-02T09:00:00Z,Sep2022,Optimal,SLATE_F,130270,127283,64703,41773,22127,56422,49387,16489,-1030677107,410705532,285407914,326443230,12088924
ASP_2209_32,Product_Demand_High_Sep2022,2022-09-04T10:00:00Z,Sep2022,Optimal,SLATE_B,130270,127283,64703,41773,22127,63910,50696,14211,-1027449281,384382902,264189556,316462857,13693388
ASP_2209_33,Base_Case_Sep2022,2022-09-17T01:00:00Z,Sep2022,Optimal,SLATE_B,130270,127283,64703,41773,22127,58281,47633,14952,-1056846785,431010165,321145875,316656075,11965330
ASP_2209_34,High_Crude_Price_Sep2022,2022-09-17T08:00:00Z,Sep2022,Optimal,SLATE_E,130270,127283,64703,41773,22127,56580,43437,15625,-1009934520,450512536,313510773,345401267,11669662
ASP_2209_35,Max_Diesel_Mode_Sep2022,2022-09-09T06:00:00Z,Sep2022,Optimal,SLATE_B,130270,127283,64703,41773,22127,54826,53105,15389,-964206839,333189036,256463321,340859042,12219171
ASP_2209_36,Min_Fuel_Oil_Sep2022,2022-09-11T22:00:00Z,Sep2022,Optimal,SLATE_C,130270,127283,64703,41773,22127,61532,49256,12989,-1021054321,436315670,242062772,324930637,11994204
ASP_2210_01,Base_Case_Oct2022,2022-10-18T01:00:00Z,Oct2022,Optimal,SLATE_E,179190,174250,77196,60821,41987,82437,69773,15931,-1361766105,590230179,334993714,453841073,17298861
ASP_2210_02,High_Crude_Price_Oct2022,2022-10-25T17:00:00Z,Oct2022,Optimal,SLATE_F,179190,174250,77196,60821,41987,78747,64916,16803,-1300285440,547912107,462368262,418996027,15922656
ASP_2210_03,Max_Diesel_Mode_Oct2022,2022-10-26T10:00:00Z,Oct2022,Optimal,SLATE_B,179190,174250,77196,60821,41987,75307,78447,14962,-1493947833,525164347,434400545,480800086,17557518
ASP_2210_04,Min_Fuel_Oil_Oct2022,2022-10-02T22:00:00Z,Oct2022,Optimal,SLATE_B,179190,174250,77196,60821,41987,86810,69360,13943,-1252634589,449566840,373276855,410005441,16699049
ASP_2210_05,Heavy_Crude_Slate_Oct2022,2022-10-22T20:00:00Z,Oct2022,Optimal,SLATE_F,179190,174250,77196,60821,41987,73800,67748,20135,-1153126783,445284269,453019500,398661699,15713486
ASP_2210_06,Light_Sweet_Slate_Oct2022,2022-10-06T15:00:00Z,Oct2022,Optimal,SLATE_A,179190,174250,77196,60821,41987,93210,69923,12767,-1474195147,553372196,394594328,386202400,17923257
ASP_2210_07,Coker_Max_Run_Oct2022,2022-10-12T17:00:00Z,Oct2022,Optimal,SLATE_E,179190,174250,77196,60821,41987,84192,74646,18976,-1390622889,548368743,335011267,497894840,17919076
ASP_2210_08,Product_Demand_High_Oct2022,2022-10-14T13:00:00Z,Oct2022,Optimal,SLATE_C,179190,174250,77196,60821,41987,91037,72805,15401,-1419081495,431368006,431376497,470013975,18794130
ASP_2210_09,Base_Case_Oct2022,2022-10-12T21:00:00Z,Oct2022,Optimal,SLATE_E,179190,174250,77196,60821,41987,80761,69452,16301,-1438425713,541504777,426000301,487931813,17011178
ASP_2210_10,High_Crude_Price_Oct2022,2022-10-19T14:00:00Z,Oct2022,Optimal,SLATE_F,179190,174250,77196,60821,41987,82062,62619,16349,-1253634800,619573851,328231391,431076698,16235418
ASP_2210_11,Max_Diesel_Mode_Oct2022,2022-10-24T03:00:00Z,Oct2022,Optimal,SLATE_C,179190,174250,77196,60821,41987,74911,79612,15882,-1212967600,427825433,353496670,391595514,17710378
ASP_2210_12,Min_Fuel_Oil_Oct2022,2022-10-11T00:00:00Z,Oct2022,Optimal,SLATE_C,179190,174250,77196,60821,41987,82325,67555,14298,-1487887955,570485956,427523787,462565345,16023675
ASP_2210_13,Heavy_Crude_Slate_Oct2022,2022-10-26T22:00:00Z,Oct2022,Optimal,SLATE_B,179190,174250,77196,60821,41987,78367,64628,19512,-1038810133,466706245,326752916,377685287,16910966
ASP_2210_14,Light_Sweet_Slate_Oct2022,2022-10-27T18:00:00Z,Oct2022,Optimal,SLATE_A,179190,174250,77196,60821,41987,97761,66939,12942,-1452825469,523586199,393749269,399075076,19244946
ASP_2210_15,Coker_Max_Run_Oct2022,2022-10-01T22:00:00Z,Oct2022,Optimal,SLATE_F,179190,174250,77196,60821,41987,83181,68284,18613,-1381540481,500334860,375460157,495358299,16701864
ASP_2210_16,Product_Demand_High_Oct2022,2022-10-18T17:00:00Z,Oct2022,Optimal,SLATE_E,179190,174250,77196,60821,41987,92157,74698,15265,-1379992067,459896232,372423441,464009844,18559084
ASP_2210_17,Base_Case_Oct2022,2022-10-08T06:00:00Z,Oct2022,Optimal,SLATE_F,179190,174250,77196,60821,41987,81080,69345,17051,-1284382213,574322732,347362057,379299304,16601880
ASP_2210_18,High_Crude_Price_Oct2022,2022-10-13T01:00:00Z,Oct2022,Optimal,SLATE_C,179190,174250,77196,60821,41987,83330,63422,16843,-1177419680,437547768,408078956,451270140,17092864
ASP_2210_19,Max_Diesel_Mode_Oct2022,2022-10-23T04:00:00Z,Oct2022,Optimal,SLATE_D,179190,174250,77196,60821,41987,75927,80472,15971,-1462021682,615161905,366690177,428442508,17892988
ASP_2210_20,Min_Fuel_Oil_Oct2022,2022-10-13T14:00:00Z,Oct2022,Optimal,SLATE_F,179190,174250,77196,60821,41987,84892,70557,14214,-1482472564,574871290,465321790,416141520,17040848
ASP_2210_21,Heavy_Crude_Slate_Oct2022,2022-10-16T18:00:00Z,Oct2022,Optimal,SLATE_D,179190,174250,77196,60821,41987,77005,70451,19160,-1365026729,618454168,462369148,452981183,17108133
ASP_2210_22,Light_Sweet_Slate_Oct2022,2022-10-21T14:00:00Z,Oct2022,Optimal,SLATE_D,179190,174250,77196,60821,41987,92440,65171,13113,-1680671929,567710626,454985219,495864691,17960599
ASP_2210_23,Coker_Max_Run_Oct2022,2022-10-20T05:00:00Z,Oct2022,Optimal,SLATE_D,179190,174250,77196,60821,41987,85153,69567,18683,-1436250127,586411913,360025673,478792708,17141934
ASP_2210_24,Product_Demand_High_Oct2022,2022-10-27T01:00:00Z,Oct2022,Optimal,SLATE_E,179190,174250,77196,60821,41987,88320,71834,15476,-1427935487,506834959,436979289,396554806,18206566
ASP_2210_25,Base_Case_Oct2022,2022-10-20T10:00:00Z,Oct2022,Optimal,SLATE_F,179190,174250,77196,60821,41987,83004,67591,17188,-1381699295,565203026,342688091,491484738,17676560
ASP_2210_26,High_Crude_Price_Oct2022,2022-10-16T02:00:00Z,Oct2022,Optimal,SLATE_A,179190,174250,77196,60821,41987,79715,67841,17669,-1124943706,448907149,387080025,404463320,17685596
ASP_2210_27,Max_Diesel_Mode_Oct2022,2022-10-13T18:00:00Z,Oct2022,Optimal,SLATE_D,179190,174250,77196,60821,41987,79323,81824,16141,-1420374827,477054693,400723298,493245298,18285358
ASP_2210_28,Min_Fuel_Oil_Oct2022,2022-10-10T01:00:00Z,Oct2022,Optimal,SLATE_D,179190,174250,77196,60821,41987,85258,68063,14338,-1326231144,488688844,421907356,394096226,17089373
ASP_2210_29,Heavy_Crude_Slate_Oct2022,2022-10-23T15:00:00Z,Oct2022,Optimal,SLATE_D,179190,174250,77196,60821,41987,76767,66812,20424,-1189890889,544764885,357766659,435719320,16149876
ASP_2210_30,Light_Sweet_Slate_Oct2022,2022-10-10T02:00:00Z,Oct2022,Optimal,SLATE_B,179190,174250,77196,60821,41987,96113,69679,13154,-1669894569,571822797,456544305,481147179,18536987
ASP_2210_31,Coker_Max_Run_Oct2022,2022-10-10T09:00:00Z,Oct2022,Optimal,SLATE_A,179190,174250,77196,60821,41987,86210,70536,18223,-1300129570,452824364,460940508,379088764,18216802
ASP_2210_32,Product_Demand_High_Oct2022,2022-10-08T08:00:00Z,Oct2022,Optimal,SLATE_A,179190,174250,77196,60821,41987,87503,71772,16003,-1378024346,468978942,384052277,440241312,17324062
ASP_2210_33,Base_Case_Oct2022,2022-10-20T15:00:00Z,Oct2022,Optimal,SLATE_B,179190,174250,77196,60821,41987,85463,68217,17133,-1353266969,471350071,464416245,434287414,16786761
ASP_2210_34,High_Crude_Price_Oct2022,2022-10-24T19:00:00Z,Oct2022,Optimal,SLATE_C,179190,174250,77196,60821,41987,77526,67003,16477,-1267620572,478531189,451191732,463895668,15770141
ASP_2210_35,Max_Diesel_Mode_Oct2022,2022-10-05T01:00:00Z,Oct2022,Optimal,SLATE_D,179190,174250,77196,60821,41987,75404,75217,16244,-1439146890,475098383,429046840,483345960,16875097
ASP_2210_36,Min_Fuel_Oil_Oct2022,2022-10-15T10:00:00Z,Oct2022,Optimal,SLATE_C,179190,174250,77196,60821,41987,84459,71756,14190,-1317476822,473265640,339899196,483852832,17913957
ASP_2211_01,Base_Case_Nov2022,2022-11-05T01:00:00Z,Nov2022,Optimal,SLATE_A,162073,156835,69863,40555,24747,79512,56191,19679,-1126915454,437290491,352643436,352511714,15530187
ASP_2211_02,High_Crude_Price_Nov2022,2022-11-01T06:00:00Z,Nov2022,Optimal,SLATE_B,162073,156835,69863,40555,24747,79158,54595,19537,-1228402227,541793384,377898618,430005350,14477540
ASP_2211_03,Max_Diesel_Mode_Nov2022,2022-11-08T01:00:00Z,Nov2022,Optimal,SLATE_E,162073,156835,69863,40555,24747,70994,66630,18347,-1312923621,535955590,332996143,396595705,15143989
ASP_2211_04,Min_Fuel_Oil_Nov2022,2022-11-27T07:00:00Z,Nov2022,Optimal,SLATE_C,162073,156835,69863,40555,24747,78687,60702,16258,-1197658756,414908944,366518869,397133020,15785341
ASP_2211_05,Heavy_Crude_Slate_Nov2022,2022-11-14T20:00:00Z,Nov2022,Optimal,SLATE_F,162073,156835,69863,40555,24747,70998,54071,23446,-1217890279,567078651,389877269,411877682,15622180
ASP_2211_06,Light_Sweet_Slate_Nov2022,2022-11-19T19:00:00Z,Nov2022,Optimal,SLATE_D,162073,156835,69863,40555,24747,89333,56806,16539,-1377253142,551394511,310834102,383974149,16512456
ASP_2211_07,Coker_Max_Run_Nov2022,2022-11-19T03:00:00Z,Nov2022,Optimal,SLATE_D,162073,156835,69863,40555,24747,81670,56635,22802,-1110257878,432787576,292217423,379906066,16422949
ASP_2211_08,Product_Demand_High_Nov2022,2022-11-08T11:00:00Z,Nov2022,Optimal,SLATE_C,162073,156835,69863,40555,24747,84120,61967,19053,-1304003634,445842426,358782226,419212679,16426558
ASP_2211_09,Base_Case_Nov2022,2022-11-15T10:00:00Z,Nov2022,Optimal,SLATE_B,162073,156835,69863,40555,24747,78950,59091,19727,-1239097129,537050072,317518031,401311798,16782772
ASP_2211_10,High_Crude_Price_Nov2022,2022-11-05T16:00:00Z,Nov2022,Optimal,SLATE_C,162073,156835,69863,40555,24747,79454,55065,20616,-1149715952,485198903,361130753,418531965,15170368
ASP_2211_11,Max_Diesel_Mode_Nov2022,2022-11-12T03:00:00Z,Nov2022,Optimal,SLATE_B,162073,156835,69863,40555,24747,75263,68208,18726,-1214452877,406009542,389092548,377902102,16382404
ASP_2211_12,Min_Fuel_Oil_Nov2022,2022-11-15T18:00:00Z,Nov2022,Optimal,SLATE_A,162073,156835,69863,40555,24747,86199,60327,17536,-1288303867,501486721,314373577,452183468,17263312
ASP_2211_13,Heavy_Crude_Slate_Nov2022,2022-11-20T11:00:00Z,Nov2022,Optimal,SLATE_F,162073,156835,69863,40555,24747,70725,54867,22843,-1202140080,541603886,369040797,440640519,15574002
ASP_2211_14,Light_Sweet_Slate_Nov2022,2022-11-11T16:00:00Z,Nov2022,Optimal,SLATE_F,162073,156835,69863,40555,24747,85112,55495,15674,-1273823222,416126392,345143865,391237218,15165312
ASP_2211_15,Coker_Max_Run_Nov2022,2022-11-24T01:00:00Z,Nov2022,Optimal,SLATE_B,162073,156835,69863,40555,24747,77029,60446,22666,-1156511835,408044232,295016556,446128685,15354340
ASP_2211_16,Product_Demand_High_Nov2022,2022-11-13T08:00:00Z,Nov2022,Optimal,SLATE_E,162073,156835,69863,40555,24747,85666,59341,19726,-1211930632,401851095,375447227,360983963,16124292
ASP_2211_17,Base_Case_Nov2022,2022-11-24T14:00:00Z,Nov2022,Optimal,SLATE_F,162073,156835,69863,40555,24747,77091,56084,19331,-1250527507,556409358,314136616,395757229,15775696
ASP_2211_18,High_Crude_Price_Nov2022,2022-11-20T08:00:00Z,Nov2022,Optimal,SLATE_D,162073,156835,69863,40555,24747,80286,56146,20088,-1141327997,480846636,372136170,404217680,16626576
ASP_2211_19,Max_Diesel_Mode_Nov2022,2022-11-26T00:00:00Z,Nov2022,Optimal,SLATE_D,162073,156835,69863,40555,24747,75240,65329,18138,-1439178738,517922298,409189780,459756632,16222292
ASP_2211_20,Min_Fuel_Oil_Nov2022,2022-11-05T00:00:00Z,Nov2022,Optimal,SLATE_A,162073,156835,69863,40555,24747,78473,55451,16909,-1383999355,552793703,376627039,428915238,14647285
ASP_2211_21,Heavy_Crude_Slate_Nov2022,2022-11-20T04:00:00Z,Nov2022,Optimal,SLATE_C,162073,156835,69863,40555,24747,72194,54237,24947,-1040565026,486155286,313477094,372622353,16071370
ASP_2211_22,Light_Sweet_Slate_Nov2022,2022-11-23T15:00:00Z,Nov2022,Optimal,SLATE_B,162073,156835,69863,40555,24747,88092,57095,15450,-1492925558,565781851,339268792,444473195,16554589
ASP_2211_23,Coker_Max_Run_Nov2022,2022-11-24T02:00:00Z,Nov2022,Optimal,SLATE_F,162073,156835,69863,40555,24747,82143,61755,22691,-1288836361,538699300,399707046,341494182,16335468
ASP_2211_24,Product_Demand_High_Nov2022,2022-11-02T18:00:00Z,Nov2022,Optimal,SLATE_D,162073,156835,69863,40555,24747,84234,59718,19580,-1374757491,488608417,363640550,437610376,16935740
ASP_2211_25,Base_Case_Nov2022,2022-11-02T01:00:00Z,Nov2022,Optimal,SLATE_D,162073,156835,69863,40555,24747,76937,59475,20804,-1172965989,394323221,337332954,457099140,15789326
ASP_2211_26,High_Crude_Price_Nov2022,2022-11-13T19:00:00Z,Nov2022,Optimal,SLATE_B,162073,156835,69863,40555,24747,75385,55363,20876,-1213442617,557106648,412941634,364228801,15317716
ASP_2211_27,Max_Diesel_Mode_Nov2022,2022-11-10T18:00:00Z,Nov2022,Optimal,SLATE_E,162073,156835,69863,40555,24747,69971,63182,19035,-1170238191,382508195,317124187,429572137,14691956
ASP_2211_28,Min_Fuel_Oil_Nov2022,2022-11-13T06:00:00Z,Nov2022,Optimal,SLATE_C,162073,156835,69863,40555,24747,78377,55345,16982,-1285114025,532939006,308892265,422086228,16233979
ASP_2211_29,Heavy_Crude_Slate_Nov2022,2022-11-12T20:00:00Z,Nov2022,Optimal,SLATE_A,162073,156835,69863,40555,24747,69538,57496,22786,-1169674200,483505828,407608741,423718795,15195363
ASP_2211_30,Light_Sweet_Slate_Nov2022,2022-11-15T10:00:00Z,Nov2022,Optimal,SLATE_D,162073,156835,69863,40555,24747,86238,57703,15655,-1316996275,476846431,326366995,389357728,16681622
ASP_2211_31,Coker_Max_Run_Nov2022,2022-11-22T02:00:00Z,Nov2022,Optimal,SLATE_F,162073,156835,69863,40555,24747,75729,61397,20924,-1328615022,450925710,412297434,455467763,16127159
ASP_2211_32,Product_Demand_High_Nov2022,2022-11-13T22:00:00Z,Nov2022,Optimal,SLATE_F,162073,156835,69863,40555,24747,85792,59960,18435,-1339495998,496486957,302803355,456444966,15461205
ASP_2211_33,Base_Case_Nov2022,2022-11-09T01:00:00Z,Nov2022,Optimal,SLATE_E,162073,156835,69863,40555,24747,79606,54909,19997,-1230877918,463474700,381675820,401078216,15350818
ASP_2211_34,High_Crude_Price_Nov2022,2022-11-25T02:00:00Z,Nov2022,Optimal,SLATE_F,162073,156835,69863,40555,24747,79680,56034,19272,-1255600421,531661484,399237474,449346838,15462729
ASP_2211_35,Max_Diesel_Mode_Nov2022,2022-11-08T05:00:00Z,Nov2022,Optimal,SLATE_F,162073,156835,69863,40555,24747,71564,67675,17940,-1255166925,421809956,415454583,373820050,15687517
ASP_2211_36,Min_Fuel_Oil_Nov2022,2022-11-25T11:00:00Z,Nov2022,Optimal,SLATE_C,162073,156835,69863,40555,24747,86175,59150,16222,-1286420181,514150251,316943435,434307130,16449183
ASP_2212_01,Base_Case_Dec2022,2022-12-05T15:00:00Z,Dec2022,Optimal,SLATE_B,159605,159439,80480,44344,36669,81344,59595,13989,-1251155564,526680023,354952430,386316540,16793429
ASP_2212_02,High_Crude_Price_Dec2022,2022-12-05T13:00:00Z,Dec2022,Optimal,SLATE_B,159605,159439,80480,44344,36669,73353,55529,15420,-1087053700,505605890,345356648,344598529,13980958
ASP_2212_03,Max_Diesel_Mode_Dec2022,2022-12-19T05:00:00Z,Dec2022,Optimal,SLATE_E,159605,159439,80480,44344,36669,70713,65740,14145,-1216430830,438846873,355920866,378631222,14893408
ASP_2212_04,Min_Fuel_Oil_Dec2022,2022-12-15T08:00:00Z,Dec2022,Optimal,SLATE_B,159605,159439,80480,44344,36669,81920,57835,12139,-1192458816,453175138,338994778,380781729,15224639
ASP_2212_05,Heavy_Crude_Slate_Dec2022,2022-12-15T16:00:00Z,Dec2022,Optimal,SLATE_B,159605,159439,80480,44344,36669,68772,59886,17663,-1041669508,416981721,412419621,342784834,14775611
ASP_2212_06,Light_Sweet_Slate_Dec2022,2022-12-23T15:00:00Z,Dec2022,Optimal,SLATE_C,159605,159439,80480,44344,36669,89768,57093,11652,-1397690408,522884647,331547036,410922243,17416061
ASP_2212_07,Coker_Max_Run_Dec2022,2022-12-02T14:00:00Z,Dec2022,Optimal,SLATE_A,159605,159439,80480,44344,36669,73377,59834,16523,-1047986710,387156077,287681925,367297188,14697239
ASP_2212_08,Product_Demand_High_Dec2022,2022-12-12T22:00:00Z,Dec2022,Optimal,SLATE_B,159605,159439,80480,44344,36669,85587,65283,14155,-1246846098,483643344,311350147,376239592,16745955
ASP_2212_09,Base_Case_Dec2022,2022-12-01T04:00:00Z,Dec2022,Optimal,SLATE_B,159605,159439,80480,44344,36669,82100,61334,14404,-1203095213,485848070,347322146,386159773,16234776
ASP_2212_10,High_Crude_Price_Dec2022,2022-12-27T11:00:00Z,Dec2022,Optimal,SLATE_C,159605,159439,80480,44344,36669,74127,54886,14424,-1112794448,551221593,304805743,368108701,14576854
ASP_2212_11,Max_Diesel_Mode_Dec2022,2022-12-05T07:00:00Z,Dec2022,Optimal,SLATE_A,159605,159439,80480,44344,36669,70740,67818,13113,-1286439161,467253418,354319080,418953703,15346047
ASP_2212_12,Min_Fuel_Oil_Dec2022,2022-12-14T02:00:00Z,Dec2022,Optimal,SLATE_C,159605,159439,80480,44344,36669,81604,60882,11796,-1309273703,464433539,381398081,441879153,16571255
ASP_2212_13,Heavy_Crude_Slate_Dec2022,2022-12-26T07:00:00Z,Dec2022,Optimal,SLATE_F,159605,159439,80480,44344,36669,68009,58034,18149,-1006548543,432069587,315941923,385255132,14879372
ASP_2212_14,Light_Sweet_Slate_Dec2022,2022-12-27T03:00:00Z,Dec2022,Optimal,SLATE_B,159605,159439,80480,44344,36669,85252,59228,11789,-1283805642,452115237,337981077,372686948,16528224
ASP_2212_15,Coker_Max_Run_Dec2022,2022-12-20T01:00:00Z,Dec2022,Optimal,SLATE_C,159605,159439,80480,44344,36669,79025,61916,15204,-1239770671,457427267,412748407,361122783,15837014
ASP_2212_16,Product_Demand_High_Dec2022,2022-12-14T14:00:00Z,Dec2022,Optimal,SLATE_F,159605,159439,80480,44344,36669,85667,63308,13177,-1180704595,415103908,323260477,370996822,16116211
ASP_2212_17,Base_Case_Dec2022,2022-12-07T17:00:00Z,Dec2022,Optimal,SLATE_A,159605,159439,80480,44344,36669,76646,55856,14417,-1168588241,527348909,295455027,360468599,14684294
ASP_2212_18,High_Crude_Price_Dec2022,2022-12-06T02:00:00Z,Dec2022,Optimal,SLATE_D,159605,159439,80480,44344,36669,76055,58842,15523,-1258814363,553576043,411077500,419470139,15847200
ASP_2212_19,Max_Diesel_Mode_Dec2022,2022-12-16T17:00:00Z,Dec2022,Optimal,SLATE_D,159605,159439,80480,44344,36669,70094,67427,13207,-1155482529,403794443,301075220,411221640,15631751
ASP_2212_20,Min_Fuel_Oil_Dec2022,2022-12-20T06:00:00Z,Dec2022,Optimal,SLATE_F,159605,159439,80480,44344,36669,82254,58389,12395,-1179329931,378905256,377399182,403902207,15226129
ASP_2212_21,Heavy_Crude_Slate_Dec2022,2022-12-12T09:00:00Z,Dec2022,Optimal,SLATE_B,159605,159439,80480,44344,36669,72269,59689,17534,-1148878727,536308221,363586588,391683355,15046245
ASP_2212_22,Light_Sweet_Slate_Dec2022,2022-12-23T03:00:00Z,Dec2022,Optimal,SLATE_C,159605,159439,80480,44344,36669,85177,58929,12127,-1347301468,518288489,343908552,356564309,15813610
ASP_2212_23,Coker_Max_Run_Dec2022,2022-12-23T17:00:00Z,Dec2022,Optimal,SLATE_E,159605,159439,80480,44344,36669,73943,62231,16357,-1316652501,555327659,309282034,441646839,15420746
ASP_2212_24,Product_Demand_High_Dec2022,2022-12-14T12:00:00Z,Dec2022,Optimal,SLATE_B,159605,159439,80480,44344,36669,87496,64654,13205,-1282403168,460449186,335236405,407810024,16085274
ASP_2212_25,Base_Case_Dec2022,2022-12-22T16:00:00Z,Dec2022,Optimal,SLATE_B,159605,159439,80480,44344,36669,76594,57702,14060,-1248840621,530193910,368766633,365019509,15139431
ASP_2212_26,High_Crude_Price_Dec2022,2022-12-25T01:00:00Z,Dec2022,Optimal,SLATE_A,159605,159439,80480,44344,36669,72371,57809,15007,-982889834,368946703,312945673,401502223,15036083
ASP_2212_27,Max_Diesel_Mode_Dec2022,2022-12-12T17:00:00Z,Dec2022,Optimal,SLATE_E,159605,159439,80480,44344,36669,71716,69180,13653,-1196996187,401926898,329444357,423405532,14780418
ASP_2212_28,Min_Fuel_Oil_Dec2022,2022-12-17T22:00:00Z,Dec2022,Optimal,SLATE_A,159605,159439,80480,44344,36669,77407,59319,12338,-1153613724,420056514,345274391,370876682,16194262
ASP_2212_29,Heavy_Crude_Slate_Dec2022,2022-12-10T13:00:00Z,Dec2022,Optimal,SLATE_A,159605,159439,80480,44344,36669,71485,56484,17523,-1211326545,548607344,397601125,414185103,14475188
ASP_2212_30,Light_Sweet_Slate_Dec2022,2022-12-01T09:00:00Z,Dec2022,Optimal,SLATE_A,159605,159439,80480,44344,36669,82959,59484,11475,-1371025488,452295402,346390542,441789821,16345865
ASP_2212_31,Coker_Max_Run_Dec2022,2022-12-23T20:00:00Z,Dec2022,Optimal,SLATE_C,159605,159439,80480,44344,36669,80642,62432,15655,-1293404127,544370925,373605269,365869173,15802105
ASP_2212_32,Product_Demand_High_Dec2022,2022-12-16T14:00:00Z,Dec2022,Optimal,SLATE_B,159605,159439,80480,44344,36669,83924,62161,14465,-1242392623,434936939,343815008,388364846,16753253
ASP_2212_33,Base_Case_Dec2022,2022-12-09T09:00:00Z,Dec2022,Optimal,SLATE_E,159605,159439,80480,44344,36669,76673,59075,15178,-1233954874,534182521,335212303,379896439,15336389
ASP_2212_34,High_Crude_Price_Dec2022,2022-12-13T06:00:00Z,Dec2022,Optimal,SLATE_D,159605,159439,80480,44344,36669,77881,53637,15124,-961204214,414956489,289748534,354365954,14283787
ASP_2212_35,Max_Diesel_Mode_Dec2022,2022-12-18T15:00:00Z,Dec2022,Optimal,SLATE_A,159605,159439,80480,44344,36669,68201,64811,14336,-1293906341,453779007,360766025,432547467,14800745
ASP_2212_36,Min_Fuel_Oil_Dec2022,2022-12-26T00:00:00Z,Dec2022,Optimal,SLATE_F,159605,159439,80480,44344,36669,83016,60308,12758,-1384058410,537954406,399966231,421688787,15863394
ASP_2301_01,Base_Case_Jan2023,2023-01-08T03:00:00Z,Jan2023,Optimal,SLATE_C,133378,125417,69490,43891,28740,56309,56829,17541,-980822009,373096486,290076166,331042305,13392948
ASP_2301_02,High_Crude_Price_Jan2023,2023-01-16T12:00:00Z,Jan2023,Optimal,SLATE_E,133378,125417,69490,43891,28740,50881,54228,17158,-834395636,359959741,270682386,289032612,12722960
ASP_2301_03,Max_Diesel_Mode_Jan2023,2023-01-22T03:00:00Z,Jan2023,Optimal,SLATE_D,133378,125417,69490,43891,28740,48193,65180,16067,-1145694826,459302955,294439409,350724101,13328535
ASP_2301_04,Min_Fuel_Oil_Jan2023,2023-01-19T01:00:00Z,Jan2023,Optimal,SLATE_D,133378,125417,69490,43891,28740,53407,52621,13711,-1049235912,418503074,259735897,353540675,13104003
ASP_2301_05,Heavy_Crude_Slate_Jan2023,2023-01-21T09:00:00Z,Jan2023,Optimal,SLATE_E,133378,125417,69490,43891,28740,47006,50520,20137,-870614566,320522231,304503105,353618309,11294127
ASP_2301_06,Light_Sweet_Slate_Jan2023,2023-01-02T11:00:00Z,Jan2023,Optimal,SLATE_F,133378,125417,69490,43891,28740,60873,51686,13053,-1094376282,400628816,243089898,345842524,12439557
ASP_2301_07,Coker_Max_Run_Jan2023,2023-01-24T10:00:00Z,Jan2023,Optimal,SLATE_A,133378,125417,69490,43891,28740,55336,57078,17992,-860260616,316417902,251914548,288217455,13157144
ASP_2301_08,Product_Demand_High_Jan2023,2023-01-25T08:00:00Z,Jan2023,Optimal,SLATE_D,133378,125417,69490,43891,28740,57526,60146,15523,-1119520130,401625244,342028050,307060986,14121567
ASP_2301_09,Base_Case_Jan2023,2023-01-19T07:00:00Z,Jan2023,Optimal,SLATE_C,133378,125417,69490,43891,28740,53690,54740,16974,-1043158993,461239625,304276394,289718318,12075344
ASP_2301_10,High_Crude_Price_Jan2023,2023-01-17T13:00:00Z,Jan2023,Optimal,SLATE_A,133378,125417,69490,43891,28740,53160,52475,16927,-951849986,403614587,339242323,304180525,12417884
ASP_2301_11,Max_Diesel_Mode_Jan2023,2023-01-25T18:00:00Z,Jan2023,Optimal,SLATE_C,133378,125417,69490,43891,28740,46828,60592,15382,-1185512168,437179261,326100541,378182288,12402882
ASP_2301_12,Min_Fuel_Oil_Jan2023,2023-01-26T17:00:00Z,Jan2023,Optimal,SLATE_B,133378,125417,69490,43891,28740,54340,56981,13670,-951352150,388730254,254237059,293164514,12488962
ASP_2301_13,Heavy_Crude_Slate_Jan2023,2023-01-06T05:00:00Z,Jan2023,Optimal,SLATE_F,133378,125417,69490,43891,28740,49696,52463,20089,-796863734,311569012,249290621,336627514,12082998
ASP_2301_14,Light_Sweet_Slate_Jan2023,2023-01-22T01:00:00Z,Jan2023,Optimal,SLATE_C,133378,125417,69490,43891,28740,59655,51066,14001,-1137081200,432002060,249462039,347097954,13310981
ASP_2301_15,Coker_Max_Run_Jan2023,2023-01-03T16:00:00Z,Jan2023,Optimal,SLATE_C,133378,125417,69490,43891,28740,51386,55725,17497,-1080469802,383512894,323808719,363956274,11993767
ASP_2301_16,Product_Demand_High_Jan2023,2023-01-24T15:00:00Z,Jan2023,Optimal,SLATE_C,133378,125417,69490,43891,28740,56379,57911,16513,-1223855371,455853866,344426385,345725253,12806086
ASP_2301_17,Base_Case_Jan2023,2023-01-26T03:00:00Z,Jan2023,Optimal,SLATE_E,133378,125417,69490,43891,28740,56830,52369,16978,-935687443,374485775,265299101,308230184,12327617
ASP_2301_18,High_Crude_Price_Jan2023,2023-01-19T22:00:00Z,Jan2023,Optimal,SLATE_B,133378,125417,69490,43891,28740,53710,54269,17462,-924172076,435384177,299450036,282013700,12313047
ASP_2301_19,Max_Diesel_Mode_Jan2023,2023-01-12T13:00:00Z,Jan2023,Optimal,SLATE_F,133378,125417,69490,43891,28740,48010,61902,16571,-1105805522,384688549,312876685,368503089,12920206
ASP_2301_20,Min_Fuel_Oil_Jan2023,2023-01-02T13:00:00Z,Jan2023,Optimal,SLATE_A,133378,125417,69490,43891,28740,56443,56882,13960,-1113149990,456895413,308375553,328487058,13029878
ASP_2301_21,Heavy_Crude_Slate_Jan2023,2023-01-02T20:00:00Z,Jan2023,Optimal,SLATE_A,133378,125417,69490,43891,28740,47200,53841,19298,-963754264,425019299,312972713,344958002,12111942
ASP_2301_22,Light_Sweet_Slate_Jan2023,2023-01-07T04:00:00Z,Jan2023,Optimal,SLATE_F,133378,125417,69490,43891,28740,60991,53096,13793,-1208110495,403470075,330882678,356555884,12238552
ASP_2301_23,Coker_Max_Run_Jan2023,2023-01-12T10:00:00Z,Jan2023,Optimal,SLATE_B,133378,125417,69490,43891,28740,56257,57547,17732,-1073477049,371273889,334297604,359286270,12429283
ASP_2301_24,Product_Demand_High_Jan2023,2023-01-03T13:00:00Z,Jan2023,Optimal,SLATE_C,133378,125417,69490,43891,28740,60855,58391,15376,-1141652994,435527243,318004147,316781756,13227040
ASP_2301_25,Base_Case_Jan2023,2023-01-25T13:00:00Z,Jan2023,Optimal,SLATE_B,133378,125417,69490,43891,28740,53323,51776,17491,-1058817429,427756609,284829917,358470696,12239793
ASP_2301_26,High_Crude_Price_Jan2023,2023-01-01T13:00:00Z,Jan2023,Optimal,SLATE_D,133378,125417,69490,43891,28740,51200,50804,16751,-966121384,382731599,343063135,335975015,11637809
ASP_2301_27,Max_Diesel_Mode_Jan2023,2023-01-26T00:00:00Z,Jan2023,Optimal,SLATE_C,133378,125417,69490,43891,28740,50095,61209,15973,-990204276,357601574,285760782,312378402,12689066
ASP_2301_28,Min_Fuel_Oil_Jan2023,2023-01-23T06:00:00Z,Jan2023,Optimal,SLATE_A,133378,125417,69490,43891,28740,54292,57172,14290,-990867811,330834801,265123753,378867174,12818144
ASP_2301_29,Heavy_Crude_Slate_Jan2023,2023-01-26T22:00:00Z,Jan2023,Optimal,SLATE_F,133378,125417,69490,43891,28740,48347,53980,20947,-903176826,393033126,252164582,370890916,12558817
ASP_2301_30,Light_Sweet_Slate_Jan2023,2023-01-24T07:00:00Z,Jan2023,Optimal,SLATE_A,133378,125417,69490,43891,28740,62141,53904,13119,-1083491982,430225717,241452031,309136773,13410965
ASP_2301_31,Coker_Max_Run_Jan2023,2023-01-15T09:00:00Z,Jan2023,Optimal,SLATE_A,133378,125417,69490,43891,28740,51421,54679,17604,-1038453174,411046870,315770629,304664619,13390770
ASP_2301_32,Product_Demand_High_Jan2023,2023-01-25T02:00:00Z,Jan2023,Optimal,SLATE_D,133378,125417,69490,43891,28740,61247,56481,15585,-1155732831,458227952,328961450,296481113,13547523
ASP_2301_33,Base_Case_Jan2023,2023-01-12T12:00:00Z,Jan2023,Optimal,SLATE_E,133378,125417,69490,43891,28740,56328,55924,16565,-1057556272,424375818,323081281,323044717,12945544
ASP_2301_34,High_Crude_Price_Jan2023,2023-01-24T19:00:00Z,Jan2023,Optimal,SLATE_B,133378,125417,69490,43891,28740,49903,50501,17742,-986560198,428889079,334801562,320509662,11852261
ASP_2301_35,Max_Diesel_Mode_Jan2023,2023-01-26T00:00:00Z,Jan2023,Optimal,SLATE_A,133378,125417,69490,43891,28740,48110,62088,16596,-1088646884,432002513,277563453,340662460,13421869
ASP_2301_36,Min_Fuel_Oil_Jan2023,2023-01-25T02:00:00Z,Jan2023,Optimal,SLATE_C,133378,125417,69490,43891,28740,55179,53034,13712,-933577805,363255376,249692892,305557438,12119487
ASP_2302_01,Base_Case_Feb2023,2023-02-20T05:00:00Z,Feb2023,Optimal,SLATE_B,146480,141324,52430,38204,22039,64364,57913,19394,-1106813137,439402800,299263599,382656481,14509743
ASP_2302_02,High_Crude_Price_Feb2023,2023-02-11T13:00:00Z,Feb2023,Optimal,SLATE_A,146480,141324,52430,38204,22039,63744,56923,20407,-1023804267,462475319,321427061,343726447,14798101
ASP_2302_03,Max_Diesel_Mode_Feb2023,2023-02-09T18:00:00Z,Feb2023,Optimal,SLATE_D,146480,141324,52430,38204,22039,58981,66617,18913,-1149967187,369745655,378046344,362427310,15012464
ASP_2302_04,Min_Fuel_Oil_Feb2023,2023-02-10T22:00:00Z,Feb2023,Optimal,SLATE_E,146480,141324,52430,38204,22039,62144,58753,16926,-1141771074,467256431,313269192,341961707,13971724
ASP_2302_05,Heavy_Crude_Slate_Feb2023,2023-02-09T00:00:00Z,Feb2023,Optimal,SLATE_C,146480,141324,52430,38204,22039,57824,55325,23404,-1002345272,442596053,332893264,351263240,13035588
ASP_2302_06,Light_Sweet_Slate_Feb2023,2023-02-20T21:00:00Z,Feb2023,Optimal,SLATE_A,146480,141324,52430,38204,22039,71843,56319,15640,-1292134294,470220994,299687509,398673463,14890632
ASP_2302_07,Coker_Max_Run_Feb2023,2023-02-11T12:00:00Z,Feb2023,Optimal,SLATE_C,146480,141324,52430,38204,22039,63347,60810,22309,-1151768992,500761686,267778853,375144153,14499405
ASP_2302_08,Product_Demand_High_Feb2023,2023-02-03T15:00:00Z,Feb2023,Optimal,SLATE_F,146480,141324,52430,38204,22039,67993,62518,18761,-1220830513,376789126,365940970,403300988,15632460
ASP_2302_09,Base_Case_Feb2023,2023-02-02T16:00:00Z,Feb2023,Optimal,SLATE_F,146480,141324,52430,38204,22039,62730,57393,20134,-1086245836,398365727,376222271,325085625,13427787
ASP_2302_10,High_Crude_Price_Feb2023,2023-02-20T18:00:00Z,Feb2023,Optimal,SLATE_F,146480,141324,52430,38204,22039,59507,55995,19243,-1018155054,474130310,303968206,341874639,13282878
ASP_2302_11,Max_Diesel_Mode_Feb2023,2023-02-17T11:00:00Z,Feb2023,Optimal,SLATE_C,146480,141324,52430,38204,22039,55867,64913,19287,-1084442804,350551343,338883386,358198605,14830663
ASP_2302_12,Min_Fuel_Oil_Feb2023,2023-02-07T22:00:00Z,Feb2023,Optimal,SLATE_C,146480,141324,52430,38204,22039,66470,56716,16969,-1076310121,396209504,310587813,352249983,14086017
ASP_2302_13,Heavy_Crude_Slate_Feb2023,2023-02-14T08:00:00Z,Feb2023,Optimal,SLATE_C,146480,141324,52430,38204,22039,57687,56407,22534,-1015470518,465268463,356493608,320046391,13507886
ASP_2302_14,Light_Sweet_Slate_Feb2023,2023-02-24T05:00:00Z,Feb2023,Optimal,SLATE_F,146480,141324,52430,38204,22039,67693,59950,14789,-1303149394,506629026,334200158,337049788,14352727
ASP_2302_15,Coker_Max_Run_Feb2023,2023-02-06T01:00:00Z,Feb2023,Optimal,SLATE_F,146480,141324,52430,38204,22039,60799,63480,21551,-1094131762,358127052,326116621,402186108,13751582
ASP_2302_16,Product_Demand_High_Feb2023,2023-02-01T02:00:00Z,Feb2023,Optimal,SLATE_C,146480,141324,52430,38204,22039,69326,64086,18039,-1097154850,373985726,347520523,310445253,16067381
ASP_2302_17,Base_Case_Feb2023,2023-02-22T03:00:00Z,Feb2023,Optimal,SLATE_B,146480,141324,52430,38204,22039,64657,56765,19976,-1206255554,439350878,380416136,400908466,14419926
ASP_2302_18,High_Crude_Price_Feb2023,2023-02-06T03:00:00Z,Feb2023,Optimal,SLATE_B,146480,141324,52430,38204,22039,59657,53997,19206,-1077357872,450737995,327685483,406370143,13752455
ASP_2302_19,Max_Diesel_Mode_Feb2023,2023-02-16T12:00:00Z,Feb2023,Optimal,SLATE_A,146480,141324,52430,38204,22039,58218,64770,18317,-1111313229,396638713,325016693,350803988,14065842
ASP_2302_20,Min_Fuel_Oil_Feb2023,2023-02-05T07:00:00Z,Feb2023,Optimal,SLATE_F,146480,141324,52430,38204,22039,63434,60084,16895,-1082130063,383745984,304510809,377052472,14697553
ASP_2302_21,Heavy_Crude_Slate_Feb2023,2023-02-05T20:00:00Z,Feb2023,Optimal,SLATE_E,146480,141324,52430,38204,22039,57875,57876,24468,-1009352466,453064762,304690725,377882281,14135028
ASP_2302_22,Light_Sweet_Slate_Feb2023,2023-02-07T09:00:00Z,Feb2023,Optimal,SLATE_B,146480,141324,52430,38204,22039,72031,56039,14891,-1284847012,455035141,290786745,415646431,14283484
ASP_2302_23,Coker_Max_Run_Feb2023,2023-02-06T14:00:00Z,Feb2023,Optimal,SLATE_E,146480,141324,52430,38204,22039,63821,61877,21817,-1245684023,471564054,367674693,395916260,13896160
ASP_2302_24,Product_Demand_High_Feb2023,2023-02-25T14:00:00Z,Feb2023,Optimal,SLATE_C,146480,141324,52430,38204,22039,68072,64480,19033,-1127150451,421197229,319576700,318304687,15420791
ASP_2302_25,Base_Case_Feb2023,2023-02-21T18:00:00Z,Feb2023,Optimal,SLATE_D,146480,141324,52430,38204,22039,61716,61166,19864,-1085498665,442276311,300879747,357765440,15422833
ASP_2302_26,High_Crude_Price_Feb2023,2023-02-21T02:00:00Z,Feb2023,Optimal,SLATE_B,146480,141324,52430,38204,22039,58334,54670,19458,-939184248,357182718,284830101,392314586,13474961
ASP_2302_27,Max_Diesel_Mode_Feb2023,2023-02-11T03:00:00Z,Feb2023,Optimal,SLATE_C,146480,141324,52430,38204,22039,59914,67359,18110,-1054290153,399549575,264717831,355188482,15370028
ASP_2302_28,Min_Fuel_Oil_Feb2023,2023-02-24T22:00:00Z,Feb2023,Optimal,SLATE_C,146480,141324,52430,38204,22039,64523,60479,17338,-1094094687,412399290,335057583,329047167,14276188
ASP_2302_29,Heavy_Crude_Slate_Feb2023,2023-02-13T19:00:00Z,Feb2023,Optimal,SLATE_E,146480,141324,52430,38204,22039,59404,57096,24339,-980705403,494516812,273222344,335519023,13585508
ASP_2302_30,Light_Sweet_Slate_Feb2023,2023-02-19T20:00:00Z,Feb2023,Optimal,SLATE_E,146480,141324,52430,38204,22039,70485,60166,16182,-1181406275,449248332,305299965,315546893,15268158
ASP_2302_31,Coker_Max_Run_Feb2023,2023-02-20T13:00:00Z,Feb2023,Optimal,SLATE_F,146480,141324,52430,38204,22039,59593,61262,21247,-1197063303,444764976,349808442,393598328,14580272
ASP_2302_32,Product_Demand_High_Feb2023,2023-02-22T02:00:00Z,Feb2023,Optimal,SLATE_E,146480,141324,52430,38204,22039,71948,60606,18049,-1229906648,481982468,309194576,362400677,14775269
ASP_2302_33,Base_Case_Feb2023,2023-02-22T14:00:00Z,Feb2023,Optimal,SLATE_A,146480,141324,52430,38204,22039,65372,56126,19075,-1203757582,510410335,324783221,382871358,14307332
ASP_2302_34,High_Crude_Price_Feb2023,2023-02-25T15:00:00Z,Feb2023,Optimal,SLATE_F,146480,141324,52430,38204,22039,59510,58047,18929,-988882366,420162550,295455816,372390387,13136615
ASP_2302_35,Max_Diesel_Mode_Feb2023,2023-02-03T08:00:00Z,Feb2023,Optimal,SLATE_E,146480,141324,52430,38204,22039,60230,68187,17678,-1248640535,495096198,343628503,364547655,14090894
ASP_2302_36,Min_Fuel_Oil_Feb2023,2023-02-22T14:00:00Z,Feb2023,Optimal,SLATE_C,146480,141324,52430,38204,22039,63362,61469,17096,-1028522340,339348562,298665159,375890886,15339228
ASP_2303_01,Base_Case_Mar2023,2023-03-26T11:00:00Z,Mar2023,Optimal,SLATE_A,171744,167150,75975,42959,47426,69672,58358,19558,-1210480680,406294742,387757104,431344949,14916115
ASP_2303_02,High_Crude_Price_Mar2023,2023-03-15T16:00:00Z,Mar2023,Optimal,SLATE_F,171744,167150,75975,42959,47426,64429,54110,19635,-1253790327,563754932,357606293,455150260,13695912
ASP_2303_03,Max_Diesel_Mode_Mar2023,2023-03-26T13:00:00Z,Mar2023,Optimal,SLATE_C,171744,167150,75975,42959,47426,65684,67735,17871,-1247014693,401950026,398012222,402113920,14443127
ASP_2303_04,Min_Fuel_Oil_Mar2023,2023-03-26T19:00:00Z,Mar2023,Optimal,SLATE_C,171744,167150,75975,42959,47426,71649,57993,15612,-1234124928,463441251,370285671,378371556,13918936
ASP_2303_05,Heavy_Crude_Slate_Mar2023,2023-03-24T03:00:00Z,Mar2023,Optimal,SLATE_E,171744,167150,75975,42959,47426,61680,59668,23227,-1095384321,497548665,350674874,382984214,14114062
ASP_2303_06,Light_Sweet_Slate_Mar2023,2023-03-20T19:00:00Z,Mar2023,Optimal,SLATE_D,171744,167150,75975,42959,47426,79100,54982,15307,-1435683688,457338741,434353802,405415351,15247458
ASP_2303_07,Coker_Max_Run_Mar2023,2023-03-04T06:00:00Z,Mar2023,Optimal,SLATE_B,171744,167150,75975,42959,47426,70600,62539,20922,-1380537654,568027958,377411447,423774197,15745313
ASP_2303_08,Product_Demand_High_Mar2023,2023-03-06T19:00:00Z,Mar2023,Optimal,SLATE_C,171744,167150,75975,42959,47426,72880,63384,18135,-1392362314,536720368,336206944,431759390,15462337
ASP_2303_09,Base_Case_Mar2023,2023-03-22T07:00:00Z,Mar2023,Optimal,SLATE_F,171744,167150,75975,42959,47426,73205,61100,18969,-1194619926,440651165,391672255,376750503,14453997
ASP_2303_10,High_Crude_Price_Mar2023,2023-03-07T22:00:00Z,Mar2023,Optimal,SLATE_B,171744,167150,75975,42959,47426,69280,54950,19973,-1181367672,596152188,314343226,388097509,14497627
ASP_2303_11,Max_Diesel_Mode_Mar2023,2023-03-16T18:00:00Z,Mar2023,Optimal,SLATE_C,171744,167150,75975,42959,47426,64066,68212,18539,-1343282248,499263787,364011608,431569840,15528808
ASP_2303_12,Min_Fuel_Oil_Mar2023,2023-03-25T19:00:00Z,Mar2023,Optimal,SLATE_D,171744,167150,75975,42959,47426,70571,61336,16672,-1141803543,405427630,337434711,381245376,15560587
ASP_2303_13,Heavy_Crude_Slate_Mar2023,2023-03-02T14:00:00Z,Mar2023,Optimal,SLATE_C,171744,167150,75975,42959,47426,64970,55279,22849,-1168105379,500216716,400663077,411306431,14291358
ASP_2303_14,Light_Sweet_Slate_Mar2023,2023-03-17T13:00:00Z,Mar2023,Optimal,SLATE_D,171744,167150,75975,42959,47426,74012,56253,15403,-1352109057,439488960,393164018,389751301,15164049
ASP_2303_15,Coker_Max_Run_Mar2023,2023-03-17T12:00:00Z,Mar2023,Optimal,SLATE_E,171744,167150,75975,42959,47426,68155,63358,20054,-1276937982,409730611,437292040,420706244,15828912
ASP_2303_16,Product_Demand_High_Mar2023,2023-03-15T18:00:00Z,Mar2023,Optimal,SLATE_C,171744,167150,75975,42959,47426,78387,62079,16992,-1520096595,583028140,419959101,420646778,16137171
ASP_2303_17,Base_Case_Mar2023,2023-03-19T04:00:00Z,Mar2023,Optimal,SLATE_E,171744,167150,75975,42959,47426,67501,57709,18916,-1434483295,598552363,430280396,420385777,14735241
ASP_2303_18,High_Crude_Price_Mar2023,2023-03-10T14:00:00Z,Mar2023,Optimal,SLATE_B,171744,167150,75975,42959,47426,67947,54363,19987,-1123982772,418858163,363450376,454278893,14867027
ASP_2303_19,Max_Diesel_Mode_Mar2023,2023-03-04T00:00:00Z,Mar2023,Optimal,SLATE_C,171744,167150,75975,42959,47426,66479,65615,17849,-1422884206,506081607,431087165,432201001,14241957
ASP_2303_20,Min_Fuel_Oil_Mar2023,2023-03-11T15:00:00Z,Mar2023,Optimal,SLATE_B,171744,167150,75975,42959,47426,68768,56451,15718,-1272510297,434858645,344316108,470369755,14097617
ASP_2303_21,Heavy_Crude_Slate_Mar2023,2023-03-06T04:00:00Z,Mar2023,Optimal,SLATE_D,171744,167150,75975,42959,47426,63169,57188,21794,-1235715372,577529706,381519381,427960757,13992764
ASP_2303_22,Light_Sweet_Slate_Mar2023,2023-03-20T10:00:00Z,Mar2023,Optimal,SLATE_B,171744,167150,75975,42959,47426,80864,56779,15585,-1401155527,452442233,347636835,467231745,16279092
ASP_2303_23,Coker_Max_Run_Mar2023,2023-03-10T21:00:00Z,Mar2023,Optimal,SLATE_F,171744,167150,75975,42959,47426,71282,58789,20217,-1257556043,430409048,330178207,487291359,14980532
ASP_2303_24,Product_Demand_High_Mar2023,2023-03-02T18:00:00Z,Mar2023,Optimal,SLATE_C,171744,167150,75975,42959,47426,75004,63305,17925,-1311475542,429461930,347213622,453138185,15484531
ASP_2303_25,Base_Case_Mar2023,2023-03-01T03:00:00Z,Mar2023,Optimal,SLATE_B,171744,167150,75975,42959,47426,69977,61015,19094,-1286589330,533801160,358869104,408357375,14438309
ASP_2303_26,High_Crude_Price_Mar2023,2023-03-01T07:00:00Z,Mar2023,Optimal,SLATE_D,171744,167150,75975,42959,47426,69055,55851,19599,-1164526281,504998075,329429201,445604232,14242072
ASP_2303_27,Max_Diesel_Mode_Mar2023,2023-03-16T20:00:00Z,Mar2023,Optimal,SLATE_F,171744,167150,75975,42959,47426,62556,68615,17951,-1369179705,536672305,319731218,462008762,14431613
ASP_2303_28,Min_Fuel_Oil_Mar2023,2023-03-07T22:00:00Z,Mar2023,Optimal,SLATE_B,171744,167150,75975,42959,47426,70718,59696,16455,-1282649578,454209205,434550210,371245624,14714186
ASP_2303_29,Heavy_Crude_Slate_Mar2023,2023-03-21T19:00:00Z,Mar2023,Optimal,SLATE_B,171744,167150,75975,42959,47426,62294,54564,22609,-1152691637,564777634,326732646,403257216,13999010
ASP_2303_30,Light_Sweet_Slate_Mar2023,2023-03-18T07:00:00Z,Mar2023,Optimal,SLATE_A,171744,167150,75975,42959,47426,74417,56192,15202,-1541532770,501741029,445231759,443746013,14350256
ASP_2303_31,Coker_Max_Run_Mar2023,2023-03-08T00:00:00Z,Mar2023,Optimal,SLATE_D,171744,167150,75975,42959,47426,69419,58430,21077,-1270349425,538905707,324670419,397434857,15570370
ASP_2303_32,Product_Demand_High_Mar2023,2023-03-19T09:00:00Z,Mar2023,Optimal,SLATE_E,171744,167150,75975,42959,47426,75853,63250,17139,-1481827460,586237647,350876438,450719542,15771164
ASP_2303_33,Base_Case_Mar2023,2023-03-18T09:00:00Z,Mar2023,Optimal,SLATE_D,171744,167150,75975,42959,47426,68156,58988,18631,-1206200986,411064605,431854632,377939223,14657474
ASP_2303_34,High_Crude_Price_Mar2023,2023-03-25T18:00:00Z,Mar2023,Optimal,SLATE_C,171744,167150,75975,42959,47426,66048,53966,18662,-1196265564,541122723,339923789,433059134,13816989
ASP_2303_35,Max_Diesel_Mode_Mar2023,2023-03-07T18:00:00Z,Mar2023,Optimal,SLATE_A,171744,167150,75975,42959,47426,63528,65493,18391,-1381350799,471045772,377283544,482323777,15080903
ASP_2303_36,Min_Fuel_Oil_Mar2023,2023-03-02T14:00:00Z,Mar2023,Optimal,SLATE_F,171744,167150,75975,42959,47426,69197,57094,15908,-1272583223,447127237,378175999,424999161,14784704
ASP_2304_01,Base_Case_Apr2023,2023-04-20T13:00:00Z,Apr2023,Optimal,SLATE_E,158296,144708,71288,52025,24783,67211,52559,13317,-1244055624,500579001,387597807,369037728,13158912
ASP_2304_02,High_Crude_Price_Apr2023,2023-04-18T18:00:00Z,Apr2023,Optimal,SLATE_A,158296,144708,71288,52025,24783,63331,49293,13214,-1129819188,424332892,400034375,416867703,13170635
ASP_2304_03,Max_Diesel_Mode_Apr2023,2023-04-15T10:00:00Z,Apr2023,Optimal,SLATE_F,158296,144708,71288,52025,24783,61579,59145,12717,-1325176496,524427184,303903990,446956099,13214419
ASP_2304_04,Min_Fuel_Oil_Apr2023,2023-04-20T01:00:00Z,Apr2023,Optimal,SLATE_A,158296,144708,71288,52025,24783,68568,56201,10720,-1251189425,434177397,372608324,422143077,14181783
ASP_2304_05,Heavy_Crude_Slate_Apr2023,2023-04-02T10:00:00Z,Apr2023,Optimal,SLATE_F,158296,144708,71288,52025,24783,57684,52977,16090,-1027399747,403204604,307802501,443808647,13260477
ASP_2304_06,Light_Sweet_Slate_Apr2023,2023-04-12T17:00:00Z,Apr2023,Optimal,SLATE_A,158296,144708,71288,52025,24783,70474,52530,10286,-1404181658,553535806,301640190,411784965,13227337
ASP_2304_07,Coker_Max_Run_Apr2023,2023-04-10T08:00:00Z,Apr2023,Optimal,SLATE_D,158296,144708,71288,52025,24783,65233,54462,13602,-1130958785,415757862,327596402,378670583,13241724
ASP_2304_08,Product_Demand_High_Apr2023,2023-04-23T00:00:00Z,Apr2023,Optimal,SLATE_E,158296,144708,71288,52025,24783,74780,54909,12698,-1339722257,545292788,302053412,408585429,15448057
ASP_2304_09,Base_Case_Apr2023,2023-04-27T00:00:00Z,Apr2023,Optimal,SLATE_F,158296,144708,71288,52025,24783,68723,54320,13047,-1021649715,404315774,293610108,337290551,13566718
ASP_2304_10,High_Crude_Price_Apr2023,2023-04-08T01:00:00Z,Apr2023,Optimal,SLATE_A,158296,144708,71288,52025,24783,65571,51439,12544,-1013620309,412345406,335148935,367263114,12996249
ASP_2304_11,Max_Diesel_Mode_Apr2023,2023-04-19T19:00:00Z,Apr2023,Optimal,SLATE_A,158296,144708,71288,52025,24783,62595,59968,12619,-1160983566,379680321,314481994,425133712,13597392
ASP_2304_12,Min_Fuel_Oil_Apr2023,2023-04-06T07:00:00Z,Apr2023,Optimal,SLATE_A,158296,144708,71288,52025,24783,69774,56509,11239,-1178301581,506667772,287082001,363953808,13721463
ASP_2304_13,Heavy_Crude_Slate_Apr2023,2023-04-12T15:00:00Z,Apr2023,Optimal,SLATE_F,158296,144708,71288,52025,24783,57415,52049,15440,-1064867927,426233045,409796586,359426377,12269422
ASP_2304_14,Light_Sweet_Slate_Apr2023,2023-04-07T20:00:00Z,Apr2023,Optimal,SLATE_D,158296,144708,71288,52025,24783,76481,53390,10362,-1376075172,458072930,394060038,390216843,13711264
ASP_2304_15,Coker_Max_Run_Apr2023,2023-04-08T14:00:00Z,Apr2023,Optimal,SLATE_B,158296,144708,71288,52025,24783,64365,54879,14309,-1221582335,542564820,325392229,342394190,12721498
ASP_2304_16,Product_Demand_High_Apr2023,2023-04-23T07:00:00Z,Apr2023,Optimal,SLATE_E,158296,144708,71288,52025,24783,70671,55865,11802,-1110846086,396192925,289716634,356417350,13765718
ASP_2304_17,Base_Case_Apr2023,2023-04-01T14:00:00Z,Apr2023,Optimal,SLATE_E,158296,144708,71288,52025,24783,65358,51779,13210,-1175590185,487720540,332372980,368968376,13471711
ASP_2304_18,High_Crude_Price_Apr2023,2023-04-13T08:00:00Z,Apr2023,Optimal,SLATE_D,158296,144708,71288,52025,24783,64302,52036,12503,-1160002336,529721095,323072954,421680194,13602138
ASP_2304_19,Max_Diesel_Mode_Apr2023,2023-04-14T18:00:00Z,Apr2023,Optimal,SLATE_A,158296,144708,71288,52025,24783,59909,59525,11855,-1189122181,423979253,324092988,397746804,13321729
ASP_2304_20,Min_Fuel_Oil_Apr2023,2023-04-01T06:00:00Z,Apr2023,Optimal,SLATE_B,158296,144708,71288,52025,24783,70943,56606,11076,-1115523192,384933021,298031308,414237096,14169199
ASP_2304_21,Heavy_Crude_Slate_Apr2023,2023-04-16T15:00:00Z,Apr2023,Optimal,SLATE_E,158296,144708,71288,52025,24783,58549,51918,14630,-1070266495,455039280,306773904,439945430,12573619
ASP_2304_22,Light_Sweet_Slate_Apr2023,2023-04-10T16:00:00Z,Apr2023,Optimal,SLATE_C,158296,144708,71288,52025,24783,73550,50696,10231,-1396140491,459003263,408271731,392869401,13590385
ASP_2304_23,Coker_Max_Run_Apr2023,2023-04-26T14:00:00Z,Apr2023,Optimal,SLATE_D,158296,144708,71288,52025,24783,64698,54456,14526,-1106640052,445416077,304134924,349197414,13807187
ASP_2304_24,Product_Demand_High_Apr2023,2023-04-24T01:00:00Z,Apr2023,Optimal,SLATE_A,158296,144708,71288,52025,24783,70764,58925,12055,-1330843212,427453721,372858950,446076879,14127316
ASP_2304_25,Base_Case_Apr2023,2023-04-02T22:00:00Z,Apr2023,Optimal,SLATE_E,158296,144708,71288,52025,24783,64032,50998,12703,-1292415973,494078506,400774039,411236241,13672813
ASP_2304_26,High_Crude_Price_Apr2023,2023-04-13T02:00:00Z,Apr2023,Optimal,SLATE_C,158296,144708,71288,52025,24783,62836,50332,13479,-1059299882,440101956,318841916,405343041,12873997
ASP_2304_27,Max_Diesel_Mode_Apr2023,2023-04-18T13:00:00Z,Apr2023,Optimal,SLATE_F,158296,144708,71288,52025,24783,59875,62713,11983,-1247336748,474449796,289072457,438010372,13592865
ASP_2304_28,Min_Fuel_Oil_Apr2023,2023-04-20T03:00:00Z,Apr2023,Optimal,SLATE_A,158296,144708,71288,52025,24783,67494,56612,11284,-1117334343,444175830,292863178,361881119,14129502
ASP_2304_29,Heavy_Crude_Slate_Apr2023,2023-04-18T19:00:00Z,Apr2023,Optimal,SLATE_E,158296,144708,71288,52025,24783,60337,50717,15513,-932860034,368328535,325860309,354745460,12423155
ASP_2304_30,Light_Sweet_Slate_Apr2023,2023-04-11T05:00:00Z,Apr2023,Optimal,SLATE_D,158296,144708,71288,52025,24783,72357,53821,10394,-1342792659,411735316,410767558,390035271,13616128
ASP_2304_31,Coker_Max_Run_Apr2023,2023-04-07T00:00:00Z,Apr2023,Optimal,SLATE_C,158296,144708,71288,52025,24783,65864,53141,13953,-1092801092,419035298,326502021,339241180,13404879
ASP_2304_32,Product_Demand_High_Apr2023,2023-04-09T10:00:00Z,Apr2023,Optimal,SLATE_C,158296,144708,71288,52025,24783,75185,58242,12357,-1194296439,375874169,366145498,378933069,15122699
ASP_2304_33,Base_Case_Apr2023,2023-04-06T02:00:00Z,Apr2023,Optimal,SLATE_F,158296,144708,71288,52025,24783,68221,51665,12385,-1216259233,412743972,408685348,408713400,13883487
ASP_2304_34,High_Crude_Price_Apr2023,2023-04-04T09:00:00Z,Apr2023,Optimal,SLATE_A,158296,144708,71288,52025,24783,61473,53226,13532,-1133650938,438410679,359537123,448218314,13936835
ASP_2304_35,Max_Diesel_Mode_Apr2023,2023-04-07T19:00:00Z,Apr2023,Optimal,SLATE_D,158296,144708,71288,52025,24783,60557,58237,12246,-1384669009,546449980,342512537,443292744,13522871
ASP_2304_36,Min_Fuel_Oil_Apr2023,2023-04-09T14:00:00Z,Apr2023,Optimal,SLATE_D,158296,144708,71288,52025,24783,71048,56360,11046,-1207552941,484925577,293469474,407663659,13677213
ASP_2305_01,Base_Case_May2023,2023-05-08T19:00:00Z,May2023,Optimal,SLATE_B,151414,143469,79865,54492,22723,62937,53924,12833,-968422631,353792053,307358074,319434858,12162354
ASP_2305_02,High_Crude_Price_May2023,2023-05-20T09:00:00Z,May2023,Optimal,SLATE_D,151414,143469,79865,54492,22723,57938,47229,13230,-1097093468,448040377,353593910,403276134,12417521
ASP_2305_03,Max_Diesel_Mode_May2023,2023-05-10T06:00:00Z,May2023,Optimal,SLATE_F,151414,143469,79865,54492,22723,55222,60518,12550,-1179472369,481215555,289002551,366719004,13630091
ASP_2305_04,Min_Fuel_Oil_May2023,2023-05-27T15:00:00Z,May2023,Optimal,SLATE_C,151414,143469,79865,54492,22723,64449,55027,11309,-1210508720,422846444,347607991,417263177,12466427
ASP_2305_05,Heavy_Crude_Slate_May2023,2023-05-20T17:00:00Z,May2023,Optimal,SLATE_B,151414,143469,79865,54492,22723,56025,52378,15775,-933424971,417209761,278743319,353096872,11911095
ASP_2305_06,Light_Sweet_Slate_May2023,2023-05-19T20:00:00Z,May2023,Optimal,SLATE_F,151414,143469,79865,54492,22723,66085,48929,11030,-1118996599,352436730,287143106,371683841,12159570
ASP_2305_07,Coker_Max_Run_May2023,2023-05-16T17:00:00Z,May2023,Optimal,SLATE_E,151414,143469,79865,54492,22723,61374,54551,14576,-1167224853,496556041,277656278,383286172,13160399
ASP_2305_08,Product_Demand_High_May2023,2023-05-16T10:00:00Z,May2023,Optimal,SLATE_C,151414,143469,79865,54492,22723,67530,52269,13038,-1165314860,485670716,285021726,321518994,13216195
ASP_2305_09,Base_Case_May2023,2023-05-27T13:00:00Z,May2023,Optimal,SLATE_B,151414,143469,79865,54492,22723,66219,53095,12863,-1007859070,421143204,275323308,324487227,13094669
ASP_2305_10,High_Crude_Price_May2023,2023-05-27T19:00:00Z,May2023,Optimal,SLATE_D,151414,143469,79865,54492,22723,60829,48379,12991,-1025174166,421292572,346793657,358728909,12495392
ASP_2305_11,Max_Diesel_Mode_May2023,2023-05-16T12:00:00Z,May2023,Optimal,SLATE_B,151414,143469,79865,54492,22723,54181,56447,12429,-1134066817,362136681,306301110,424790594,13164749
ASP_2305_12,Min_Fuel_Oil_May2023,2023-05-08T22:00:00Z,May2023,Optimal,SLATE_F,151414,143469,79865,54492,22723,67203,53072,11155,-1228193359,490651967,334522076,381132763,13886069
ASP_2305_13,Heavy_Crude_Slate_May2023,2023-05-27T11:00:00Z,May2023,Optimal,SLATE_C,151414,143469,79865,54492,22723,55447,48836,16303,-1012761761,374251969,332790591,430981804,12733518
ASP_2305_14,Light_Sweet_Slate_May2023,2023-05-16T15:00:00Z,May2023,Optimal,SLATE_E,151414,143469,79865,54492,22723,69310,52249,10870,-1361104144,478982946,332833087,417734860,14279335
ASP_2305_15,Coker_Max_Run_May2023,2023-05-16T04:00:00Z,May2023,Optimal,SLATE_B,151414,143469,79865,54492,22723,64823,54042,14434,-1122179955,389093691,329961918,394014926,12894108
ASP_2305_16,Product_Demand_High_May2023,2023-05-24T16:00:00Z,May2023,Optimal,SLATE_F,151414,143469,79865,54492,22723,68105,52956,12583,-1331276781,487534327,330164952,428647631,13683223
ASP_2305_17,Base_Case_May2023,2023-05-01T14:00:00Z,May2023,Optimal,SLATE_D,151414,143469,79865,54492,22723,63716,51471,12858,-1039622471,377930871,297468027,377079802,12856229
ASP_2305_18,High_Crude_Price_May2023,2023-05-20T01:00:00Z,May2023,Optimal,SLATE_D,151414,143469,79865,54492,22723,59302,48777,13264,-1045199802,480874381,308569979,358796085,12153703
ASP_2305_19,Max_Diesel_Mode_May2023,2023-05-04T08:00:00Z,May2023,Optimal,SLATE_C,151414,143469,79865,54492,22723,59267,59877,11994,-1203903473,401424337,380094886,378156346,13100832
ASP_2305_20,Min_Fuel_Oil_May2023,2023-05-23T17:00:00Z,May2023,Optimal,SLATE_C,151414,143469,79865,54492,22723,63182,53133,11528,-1210662365,420874448,391186757,376292403,12953253
ASP_2305_21,Heavy_Crude_Slate_May2023,2023-05-17T01:00:00Z,May2023,Optimal,SLATE_E,151414,143469,79865,54492,22723,57052,50193,16504,-1089329614,430935489,389430618,402825745,12825614
ASP_2305_22,Light_Sweet_Slate_May2023,2023-05-11T09:00:00Z,May2023,Optimal,SLATE_A,151414,143469,79865,54492,22723,69845,52265,10938,-1361308802,471544761,351341093,406189398,13620964
ASP_2305_23,Coker_Max_Run_May2023,2023-05-20T01:00:00Z,May2023,Optimal,SLATE_F,151414,143469,79865,54492,22723,61243,55233,14549,-1253551131,524990705,391426885,326060016,13505908
ASP_2305_24,Product_Demand_High_May2023,2023-05-19T14:00:00Z,May2023,Optimal,SLATE_F,151414,143469,79865,54492,22723,64843,54375,12687,-1174370056,414695087,341231658,345225503,13772566
ASP_2305_25,Base_Case_May2023,2023-05-07T02:00:00Z,May2023,Optimal,SLATE_C,151414,143469,79865,54492,22723,65742,49805,12960,-1030816068,409542777,313070974,320522188,12319871
ASP_2305_26,High_Crude_Price_May2023,2023-05-11T15:00:00Z,May2023,Optimal,SLATE_B,151414,143469,79865,54492,22723,62739,51280,13431,-934549310,417302648,280876606,331024884,13389670
ASP_2305_27,Max_Diesel_Mode_May2023,2023-05-24T17:00:00Z,May2023,Optimal,SLATE_C,151414,143469,79865,54492,22723,57297,60155,12777,-1236707979,446672743,353815106,390203272,12873998
ASP_2305_28,Min_Fuel_Oil_May2023,2023-05-23T09:00:00Z,May2023,Optimal,SLATE_C,151414,143469,79865,54492,22723,63783,54259,11740,-1137440991,415464106,311239295,391250717,13642476
ASP_2305_29,Heavy_Crude_Slate_May2023,2023-05-08T19:00:00Z,May2023,Optimal,SLATE_A,151414,143469,79865,54492,22723,59041,49781,16655,-1016955909,414395867,364159783,363706459,12311098
ASP_2305_30,Light_Sweet_Slate_May2023,2023-05-22T21:00:00Z,May2023,Optimal,SLATE_D,151414,143469,79865,54492,22723,72042,50735,10827,-1303780063,467323451,350254878,359460940,12949927
ASP_2305_31,Coker_Max_Run_May2023,2023-05-12T04:00:00Z,May2023,Optimal,SLATE_D,151414,143469,79865,54492,22723,63501,51012,15096,-1025380990,353670091,280167135,384523878,13085623
ASP_2305_32,Product_Demand_High_May2023,2023-05-18T02:00:00Z,May2023,Optimal,SLATE_C,151414,143469,79865,54492,22723,67660,53186,13216,-1261761080,476753930,277040447,428541465,14038545
ASP_2305_33,Base_Case_May2023,2023-05-12T22:00:00Z,May2023,Optimal,SLATE_B,151414,143469,79865,54492,22723,63725,50272,13019,-1084556084,350677547,387470914,358794753,12387130
ASP_2305_34,High_Crude_Price_May2023,2023-05-01T22:00:00Z,May2023,Optimal,SLATE_C,151414,143469,79865,54492,22723,62093,51315,13046,-1016203657,397644979,376606188,343816160,13498134
ASP_2305_35,Max_Diesel_Mode_May2023,2023-05-05T12:00:00Z,May2023,Optimal,SLATE_D,151414,143469,79865,54492,22723,57146,57877,12595,-1311440592,526469278,315464901,419882206,12825345
ASP_2305_36,Min_Fuel_Oil_May2023,2023-05-11T01:00:00Z,May2023,Optimal,SLATE_A,151414,143469,79865,54492,22723,64428,53959,11166,-1162433738,438472873,363531122,340152140,13579690
ASP_2306_01,Base_Case_Jun2023,2023-06-16T05:00:00Z,Jun2023,Optimal,SLATE_E,165865,162478,89878,61783,45260,67472,54376,18241,-1196173621,418165975,370109529,422107425,14209308
ASP_2306_02,High_Crude_Price_Jun2023,2023-06-25T08:00:00Z,Jun2023,Optimal,SLATE_A,165865,162478,89878,61783,45260,66796,51932,18654,-1073614139,397813714,350450186,432420522,13712531
ASP_2306_03,Max_Diesel_Mode_Jun2023,2023-06-16T19:00:00Z,Jun2023,Optimal,SLATE_C,165865,162478,89878,61783,45260,60297,63831,17779,-1176746631,438470389,338435246,358526930,14721487
ASP_2306_04,Min_Fuel_Oil_Jun2023,2023-06-25T05:00:00Z,Jun2023,Optimal,SLATE_D,165865,162478,89878,61783,45260,70117,60317,15269,-1135361072,404966408,356985697,354896116,14555918
ASP_2306_05,Heavy_Crude_Slate_Jun2023,2023-06-06T19:00:00Z,Jun2023,Optimal,SLATE_D,165865,162478,89878,61783,45260,62219,56593,21722,-1002770174,452855593,317739534,357005112,13411156
ASP_2306_06,Light_Sweet_Slate_Jun2023,2023-06-09T06:00:00Z,Jun2023,Optimal,SLATE_D,165865,162478,89878,61783,45260,71920,57934,14524,-1368845880,442842028,378016194,416172496,14846896
ASP_2306_07,Coker_Max_Run_Jun2023,2023-06-23T14:00:00Z,Jun2023,Optimal,SLATE_B,165865,162478,89878,61783,45260,67511,60029,20552,-1240633597,483254112,359869950,388623254,15439867
ASP_2306_08,Product_Demand_High_Jun2023,2023-06-23T04:00:00Z,Jun2023,Optimal,SLATE_D,165865,162478,89878,61783,45260,75150,60417,17274,-1349069922,429658329,420614495,413803105,14937112
ASP_2306_09,Base_Case_Jun2023,2023-06-19T22:00:00Z,Jun2023,Optimal,SLATE_A,165865,162478,89878,61783,45260,69938,56235,18148,-1162491050,386768125,339108617,451353010,14738702
ASP_2306_10,High_Crude_Price_Jun2023,2023-06-13T04:00:00Z,Jun2023,Optimal,SLATE_D,165865,162478,89878,61783,45260,66890,52065,19332,-1211108077,509494441,383812504,436560184,13445306
ASP_2306_11,Max_Diesel_Mode_Jun2023,2023-06-18T12:00:00Z,Jun2023,Optimal,SLATE_D,165865,162478,89878,61783,45260,60938,65913,17271,-1237847223,472919426,326679831,393689428,14386567
ASP_2306_12,Min_Fuel_Oil_Jun2023,2023-06-12T00:00:00Z,Jun2023,Optimal,SLATE_B,165865,162478,89878,61783,45260,69225,55342,15186,-1098615856,406241721,308585961,365629883,13840229
ASP_2306_13,Heavy_Crude_Slate_Jun2023,2023-06-21T13:00:00Z,Jun2023,Optimal,SLATE_F,165865,162478,89878,61783,45260,60228,55792,20805,-1080233307,429771385,394174617,390441600,14128371
ASP_2306_14,Light_Sweet_Slate_Jun2023,2023-06-19T06:00:00Z,Jun2023,Optimal,SLATE_E,165865,162478,89878,61783,45260,71107,57677,14291,-1423173914,430779661,383193596,471235278,14517540
ASP_2306_15,Coker_Max_Run_Jun2023,2023-06-19T01:00:00Z,Jun2023,Optimal,SLATE_E,165865,162478,89878,61783,45260,66849,61365,20562,-1313954686,534867400,407358091,361440442,15475064
ASP_2306_16,Product_Demand_High_Jun2023,2023-06-24T15:00:00Z,Jun2023,Optimal,SLATE_B,165865,162478,89878,61783,45260,75371,59682,17757,-1379244372,561430843,374742661,357031963,16127344
ASP_2306_17,Base_Case_Jun2023,2023-06-20T01:00:00Z,Jun2023,Optimal,SLATE_A,165865,162478,89878,61783,45260,69839,54854,18243,-1247171438,477516037,381000314,403589900,14934813
ASP_2306_18,High_Crude_Price_Jun2023,2023-06-05T06:00:00Z,Jun2023,Optimal,SLATE_B,165865,162478,89878,61783,45260,66592,55253,19222,-1094204141,417678232,360515081,425231842,14072827
ASP_2306_19,Max_Diesel_Mode_Jun2023,2023-06-16T16:00:00Z,Jun2023,Optimal,SLATE_A,165865,162478,89878,61783,45260,60692,63856,17135,-1337172523,552162802,341009049,394630621,14304831
ASP_2306_20,Min_Fuel_Oil_Jun2023,2023-06-14T16:00:00Z,Jun2023,Optimal,SLATE_C,165865,162478,89878,61783,45260,70764,58232,15834,-1292552627,568863140,332829041,368036843,14823560
ASP_2306_21,Heavy_Crude_Slate_Jun2023,2023-06-22T19:00:00Z,Jun2023,Optimal,SLATE_C,165865,162478,89878,61783,45260,58642,56954,22090,-1142806095,476660446,372464311,434296497,13636703
ASP_2306_22,Light_Sweet_Slate_Jun2023,2023-06-23T01:00:00Z,Jun2023,Optimal,SLATE_F,165865,162478,89878,61783,45260,71431,57120,14405,-1370179702,473056460,333304127,432648092,15633945
ASP_2306_23,Coker_Max_Run_Jun2023,2023-06-24T02:00:00Z,Jun2023,Optimal,SLATE_A,165865,162478,89878,61783,45260,63507,60017,20271,-1230361040,466847856,393733680,361132454,15477676
ASP_2306_24,Product_Demand_High_Jun2023,2023-06-25T20:00:00Z,Jun2023,Optimal,SLATE_A,165865,162478,89878,61783,45260,73247,59839,17273,-1357269420,547673717,300415565,423256787,14615124
ASP_2306_25,Base_Case_Jun2023,2023-06-11T12:00:00Z,Jun2023,Optimal,SLATE_A,165865,162478,89878,61783,45260,68793,56238,18886,-1282894639,421989378,430695053,445100570,14890362
ASP_2306_26,High_Crude_Price_Jun2023,2023-06-14T15:00:00Z,Jun2023,Optimal,SLATE_B,165865,162478,89878,61783,45260,63951,54162,18587,-1256809621,562475759,346053177,471403225,13834746
ASP_2306_27,Max_Diesel_Mode_Jun2023,2023-06-01T13:00:00Z,Jun2023,Optimal,SLATE_C,165865,162478,89878,61783,45260,62215,62528,17684,-1236383030,482271824,334829534,374598092,14191802
ASP_2306_28,Min_Fuel_Oil_Jun2023,2023-06-25T18:00:00Z,Jun2023,Optimal,SLATE_D,165865,162478,89878,61783,45260,67891,60300,16102,-1303908533,446480452,378768902,455661619,14980358
ASP_2306_29,Heavy_Crude_Slate_Jun2023,2023-06-17T13:00:00Z,Jun2023,Optimal,SLATE_B,165865,162478,89878,61783,45260,59926,53963,21568,-1144221021,524376866,312488087,447930189,13438452
ASP_2306_30,Light_Sweet_Slate_Jun2023,2023-06-18T08:00:00Z,Jun2023,Optimal,SLATE_C,165865,162478,89878,61783,45260,76016,54164,14764,-1295912748,459173710,335657008,376171528,13937292
ASP_2306_31,Coker_Max_Run_Jun2023,2023-06-03T15:00:00Z,Jun2023,Optimal,SLATE_F,165865,162478,89878,61783,45260,65715,61723,19325,-1309823769,568285995,333136056,397279739,14560840
ASP_2306_32,Product_Demand_High_Jun2023,2023-06-14T21:00:00Z,Jun2023,Optimal,SLATE_D,165865,162478,89878,61783,45260,73339,62020,16429,-1415051487,452954505,407158273,466035088,15915007
ASP_2306_33,Base_Case_Jun2023,2023-06-20T22:00:00Z,Jun2023,Optimal,SLATE_E,165865,162478,89878,61783,45260,69482,55141,18722,-1090101262,412151081,325797837,366764273,14611929
ASP_2306_34,High_Crude_Price_Jun2023,2023-06-04T05:00:00Z,Jun2023,Optimal,SLATE_D,165865,162478,89878,61783,45260,64365,53670,18782,-1110882093,431216275,368287508,421371245,13394492
ASP_2306_35,Max_Diesel_Mode_Jun2023,2023-06-22T16:00:00Z,Jun2023,Optimal,SLATE_B,165865,162478,89878,61783,45260,58259,62817,16474,-1219025368,403374797,387299635,385017342,14715233
ASP_2306_36,Min_Fuel_Oil_Jun2023,2023-06-26T22:00:00Z,Jun2023,Optimal,SLATE_A,165865,162478,89878,61783,45260,71738,60125,14633,-1263863588,454510534,339926759,448260966,15646231
ASP_2307_01,Base_Case_Jul2023,2023-07-25T03:00:00Z,Jul2023,Optimal,SLATE_E,176355,166134,89297,46122,27893,74893,61503,13670,-1394995139,555526969,376475735,478266868,15274433
ASP_2307_02,High_Crude_Price_Jul2023,2023-07-11T18:00:00Z,Jul2023,Optimal,SLATE_A,176355,166134,89297,46122,27893,69965,59007,14626,-1264074340,559641890,366695274,461802544,14145860
ASP_2307_03,Max_Diesel_Mode_Jul2023,2023-07-05T19:00:00Z,Jul2023,Optimal,SLATE_A,176355,166134,89297,46122,27893,66641,67856,13055,-1330061827,421664717,403918889,455759385,14617441
ASP_2307_04,Min_Fuel_Oil_Jul2023,2023-07-27T03:00:00Z,Jul2023,Optimal,SLATE_D,176355,166134,89297,46122,27893,76315,64912,12342,-1276724561,514311637,367329583,373234155,15336966
ASP_2307_05,Heavy_Crude_Slate_Jul2023,2023-07-24T11:00:00Z,Jul2023,Optimal,SLATE_B,176355,166134,89297,46122,27893,66419,61329,16949,-1216263938,466107336,431895091,467749466,14347517
ASP_2307_06,Light_Sweet_Slate_Jul2023,2023-07-10T02:00:00Z,Jul2023,Optimal,SLATE_B,176355,166134,89297,46122,27893,81583,57429,11536,-1369358616,411308098,367526241,458554599,14747316
ASP_2307_07,Coker_Max_Run_Jul2023,2023-07-14T20:00:00Z,Jul2023,Optimal,SLATE_D,176355,166134,89297,46122,27893,76195,64406,15843,-1440949761,577815157,417623345,432766673,15509330
ASP_2307_08,Product_Demand_High_Jul2023,2023-07-05T11:00:00Z,Jul2023,Optimal,SLATE_A,176355,166134,89297,46122,27893,79220,67713,13965,-1516955934,600676135,411625319,409253875,16966501
ASP_2307_09,Base_Case_Jul2023,2023-07-09T16:00:00Z,Jul2023,Optimal,SLATE_A,176355,166134,89297,46122,27893,73785,60608,14161,-1305278294,439873460,384667955,496740406,16003527
ASP_2307_10,High_Crude_Price_Jul2023,2023-07-20T00:00:00Z,Jul2023,Optimal,SLATE_E,176355,166134,89297,46122,27893,67912,57214,13742,-1262902214,558239168,424282282,404632683,14434335
ASP_2307_11,Max_Diesel_Mode_Jul2023,2023-07-03T07:00:00Z,Jul2023,Optimal,SLATE_E,176355,166134,89297,46122,27893,64539,73967,13287,-1498035161,592461976,385793168,463754147,15309137
ASP_2307_12,Min_Fuel_Oil_Jul2023,2023-07-12T21:00:00Z,Jul2023,Optimal,SLATE_D,176355,166134,89297,46122,27893,72755,60068,12028,-1430906096,509094767,439484691,455972632,15322870
ASP_2307_13,Heavy_Crude_Slate_Jul2023,2023-07-27T17:00:00Z,Jul2023,Optimal,SLATE_A,176355,166134,89297,46122,27893,68449,62574,16999,-1158297847,509855547,326598037,465827102,15283078
ASP_2307_14,Light_Sweet_Slate_Jul2023,2023-07-18T20:00:00Z,Jul2023,Optimal,SLATE_A,176355,166134,89297,46122,27893,84831,63051,11790,-1408607883,466843882,329233537,477337505,15729314
ASP_2307_15,Coker_Max_Run_Jul2023,2023-07-03T09:00:00Z,Jul2023,Optimal,SLATE_A,176355,166134,89297,46122,27893,70104,62948,14964,-1374203074,611268233,327767756,423133269,14911342
ASP_2307_16,Product_Demand_High_Jul2023,2023-07-21T08:00:00Z,Jul2023,Optimal,SLATE_F,176355,166134,89297,46122,27893,79496,66989,12911,-1452877194,472259537,423552232,464828892,15383999
ASP_2307_17,Base_Case_Jul2023,2023-07-27T22:00:00Z,Jul2023,Optimal,SLATE_D,176355,166134,89297,46122,27893,76340,60010,14402,-1362783181,588353316,378441581,410771117,14782833
ASP_2307_18,High_Crude_Price_Jul2023,2023-07-17T02:00:00Z,Jul2023,Optimal,SLATE_B,176355,166134,89297,46122,27893,72244,60801,14374,-1283876469,590370137,342663730,477330286,14846251
ASP_2307_19,Max_Diesel_Mode_Jul2023,2023-07-11T01:00:00Z,Jul2023,Optimal,SLATE_B,176355,166134,89297,46122,27893,63806,69047,13706,-1478870647,480717961,453741622,489477189,15488536
ASP_2307_20,Min_Fuel_Oil_Jul2023,2023-07-24T22:00:00Z,Jul2023,Optimal,SLATE_F,176355,166134,89297,46122,27893,72759,64211,12078,-1406869351,601973812,353732915,426164940,15979093
ASP_2307_21,Heavy_Crude_Slate_Jul2023,2023-07-16T20:00:00Z,Jul2023,Optimal,SLATE_E,176355,166134,89297,46122,27893,68986,61473,17030,-1233795992,528237812,390704102,467066177,15123655
ASP_2307_22,Light_Sweet_Slate_Jul2023,2023-07-13T17:00:00Z,Jul2023,Optimal,SLATE_D,176355,166134,89297,46122,27893,79487,60840,11108,-1628978335,599366443,369788986,500516404,15226891
ASP_2307_23,Coker_Max_Run_Jul2023,2023-07-10T19:00:00Z,Jul2023,Optimal,SLATE_A,176355,166134,89297,46122,27893,73746,64297,15354,-1330966931,537220901,386832813,397124420,16308593
ASP_2307_24,Product_Demand_High_Jul2023,2023-07-05T14:00:00Z,Jul2023,Optimal,SLATE_F,176355,166134,89297,46122,27893,78747,66804,13666,-1230997007,422437958,324561613,407944265,15131792
ASP_2307_25,Base_Case_Jul2023,2023-07-11T22:00:00Z,Jul2023,Optimal,SLATE_A,176355,166134,89297,46122,27893,73345,64147,14081,-1422713028,571900258,392175769,474339749,15702748
ASP_2307_26,High_Crude_Price_Jul2023,2023-07-25T07:00:00Z,Jul2023,Optimal,SLATE_B,176355,166134,89297,46122,27893,72131,58130,14623,-1137392970,430653739,325310391,494595814,14263237
ASP_2307_27,Max_Diesel_Mode_Jul2023,2023-07-14T08:00:00Z,Jul2023,Optimal,SLATE_D,176355,166134,89297,46122,27893,69876,68437,12808,-1469933475,503315339,452295471,459378933,15053100
ASP_2307_28,Min_Fuel_Oil_Jul2023,2023-07-02T21:00:00Z,Jul2023,Optimal,SLATE_F,176355,166134,89297,46122,27893,72433,60737,11718,-1472465875,579170262,399236519,465095884,13924145
ASP_2307_29,Heavy_Crude_Slate_Jul2023,2023-07-20T11:00:00Z,Jul2023,Optimal,SLATE_D,176355,166134,89297,46122,27893,63987,62958,17154,-1178501837,564153761,355658576,403968670,14334521
ASP_2307_30,Light_Sweet_Slate_Jul2023,2023-07-12T05:00:00Z,Jul2023,Optimal,SLATE_E,176355,166134,89297,46122,27893,78081,62119,11147,-1483463188,469820486,381953846,488837977,16091605
ASP_2307_31,Coker_Max_Run_Jul2023,2023-07-12T18:00:00Z,Jul2023,Optimal,SLATE_C,176355,166134,89297,46122,27893,70051,64942,16112,-1237157051,491808436,345246277,391569777,15725420
ASP_2307_32,Product_Demand_High_Jul2023,2023-07-13T06:00:00Z,Jul2023,Optimal,SLATE_C,176355,166134,89297,46122,27893,77904,66400,13087,-1466760646,536076907,354468512,483815964,16249673
ASP_2307_33,Base_Case_Jul2023,2023-07-05T15:00:00Z,Jul2023,Optimal,SLATE_A,176355,166134,89297,46122,27893,70911,64362,14095,-1297623552,461859393,447856220,403510485,15602546
ASP_2307_34,High_Crude_Price_Jul2023,2023-07-05T08:00:00Z,Jul2023,Optimal,SLATE_A,176355,166134,89297,46122,27893,70559,58001,14313,-1223902388,450748851,433291836,460992562,14704566
ASP_2307_35,Max_Diesel_Mode_Jul2023,2023-07-13T20:00:00Z,Jul2023,Optimal,SLATE_B,176355,166134,89297,46122,27893,68896,70227,13625,-1292861337,406474625,411248854,428982530,15409497
ASP_2307_36,Min_Fuel_Oil_Jul2023,2023-07-05T15:00:00Z,Jul2023,Optimal,SLATE_D,176355,166134,89297,46122,27893,76948,63422,12147,-1535337240,598728665,411776084,496119502,16005571
ASP_2308_01,Base_Case_Aug2023,2023-08-19T07:00:00Z,Aug2023,Optimal,SLATE_A,170508,164592,88504,43719,40962,76069,63231,13192,-1156940142,426821192,385451677,360212042,15544769
ASP_2308_02,High_Crude_Price_Aug2023,2023-08-04T09:00:00Z,Aug2023,Optimal,SLATE_D,170508,164592,88504,43719,40962,74047,58418,14537,-1138358596,400487085,391179119,461091053,15410957
ASP_2308_03,Max_Diesel_Mode_Aug2023,2023-08-19T15:00:00Z,Aug2023,Optimal,SLATE_E,170508,164592,88504,43719,40962,71811,72813,13040,-1271127744,446762526,319683413,459400112,15248199
ASP_2308_04,Min_Fuel_Oil_Aug2023,2023-08-08T14:00:00Z,Aug2023,Optimal,SLATE_C,170508,164592,88504,43719,40962,75625,63506,11578,-1329053801,492172234,396531643,417261677,15622057
ASP_2308_05,Heavy_Crude_Slate_Aug2023,2023-08-04T11:00:00Z,Aug2023,Optimal,SLATE_D,170508,164592,88504,43719,40962,70817,62696,17218,-1158091538,563245332,322943206,416839449,16259611
ASP_2308_06,Light_Sweet_Slate_Aug2023,2023-08-22T21:00:00Z,Aug2023,Optimal,SLATE_C,170508,164592,88504,43719,40962,81343,64719,10994,-1350947259,436029792,333383491,452242447,15452820
ASP_2308_07,Coker_Max_Run_Aug2023,2023-08-02T06:00:00Z,Aug2023,Optimal,SLATE_D,170508,164592,88504,43719,40962,72415,64569,15063,-1241027508,411584021,420658982,401089258,16638625
ASP_2308_08,Product_Demand_High_Aug2023,2023-08-20T03:00:00Z,Aug2023,Optimal,SLATE_A,170508,164592,88504,43719,40962,83590,68235,12724,-1312420365,398599860,406069520,426750694,16216032
ASP_2308_09,Base_Case_Aug2023,2023-08-16T09:00:00Z,Aug2023,Optimal,SLATE_B,170508,164592,88504,43719,40962,74255,63713,14320,-1142432622,451743040,331282453,374069970,14662841
ASP_2308_10,High_Crude_Price_Aug2023,2023-08-12T16:00:00Z,Aug2023,Optimal,SLATE_F,170508,164592,88504,43719,40962,74888,60586,14589,-1138989417,418820240,415104831,419291579,15184675
ASP_2308_11,Max_Diesel_Mode_Aug2023,2023-08-09T16:00:00Z,Aug2023,Optimal,SLATE_B,170508,164592,88504,43719,40962,67293,71041,13442,-1344244540,509003187,384173059,403145269,16088619
ASP_2308_12,Min_Fuel_Oil_Aug2023,2023-08-27T16:00:00Z,Aug2023,Optimal,SLATE_E,170508,164592,88504,43719,40962,75289,65844,11832,-1432865770,584848872,441316953,381163271,16197280
ASP_2308_13,Heavy_Crude_Slate_Aug2023,2023-08-16T16:00:00Z,Aug2023,Optimal,SLATE_D,170508,164592,88504,43719,40962,69072,63957,16579,-1101841298,442602138,424901467,371217008,14452504
ASP_2308_14,Light_Sweet_Slate_Aug2023,2023-08-02T09:00:00Z,Aug2023,Optimal,SLATE_D,170508,164592,88504,43719,40962,83554,63960,10584,-1384989048,419095859,356070626,477145741,15714861
ASP_2308_15,Coker_Max_Run_Aug2023,2023-08-18T08:00:00Z,Aug2023,Optimal,SLATE_D,170508,164592,88504,43719,40962,76350,68196,14936,-1367230923,544329441,331117205,481001317,16025489
ASP_2308_16,Product_Demand_High_Aug2023,2023-08-09T20:00:00Z,Aug2023,Optimal,SLATE_A,170508,164592,88504,43719,40962,81109,64854,12649,-1312540692,510778623,338267246,382083987,15814400
ASP_2308_17,Base_Case_Aug2023,2023-08-02T20:00:00Z,Aug2023,Optimal,SLATE_B,170508,164592,88504,43719,40962,77592,63695,14007,-1336483630,567846862,407708295,376024588,15096115
ASP_2308_18,High_Crude_Price_Aug2023,2023-08-18T04:00:00Z,Aug2023,Optimal,SLATE_F,170508,164592,88504,43719,40962,75588,59319,14019,-1062636228,494444992,307018451,367611942,14036006
ASP_2308_19,Max_Diesel_Mode_Aug2023,2023-08-15T01:00:00Z,Aug2023,Optimal,SLATE_B,170508,164592,88504,43719,40962,71921,70475,12650,-1470745397,548214623,400982926,466310225,14797872
ASP_2308_20,Min_Fuel_Oil_Aug2023,2023-08-17T17:00:00Z,Aug2023,Optimal,SLATE_D,170508,164592,88504,43719,40962,76389,64264,11688,-1503329777,596539408,418146607,460880558,16023100
ASP_2308_21,Heavy_Crude_Slate_Aug2023,2023-08-15T01:00:00Z,Aug2023,Optimal,SLATE_C,170508,164592,88504,43719,40962,71818,61717,15837,-1169661484,439368124,433268191,442081260,15093703
ASP_2308_22,Light_Sweet_Slate_Aug2023,2023-08-27T08:00:00Z,Aug2023,Optimal,SLATE_C,170508,164592,88504,43719,40962,83308,62772,10878,-1406008250,581955448,329200069,360085181,15876189
ASP_2308_23,Coker_Max_Run_Aug2023,2023-08-07T07:00:00Z,Aug2023,Optimal,SLATE_D,170508,164592,88504,43719,40962,78298,64047,14953,-1445720169,545316506,419327054,468527000,15797845
ASP_2308_24,Product_Demand_High_Aug2023,2023-08-03T20:00:00Z,Aug2023,Optimal,SLATE_A,170508,164592,88504,43719,40962,84579,66325,12893,-1357432783,536201649,347953679,389241416,16514537
ASP_2308_25,Base_Case_Aug2023,2023-08-09T19:00:00Z,Aug2023,Optimal,SLATE_B,170508,164592,88504,43719,40962,76686,63897,13089,-1442647797,568093349,408481554,481675996,15603102
ASP_2308_26,High_Crude_Price_Aug2023,2023-08-18T18:00:00Z,Aug2023,Optimal,SLATE_B,170508,164592,88504,43719,40962,74629,59792,14385,-1168415984,464821890,419018353,400316229,14139098
ASP_2308_27,Max_Diesel_Mode_Aug2023,2023-08-11T20:00:00Z,Aug2023,Optimal,SLATE_F,170508,164592,88504,43719,40962,69060,74099,12516,-1434355070,585710724,370783821,425098195,15540292
ASP_2308_28,Min_Fuel_Oil_Aug2023,2023-08-06T06:00:00Z,Aug2023,Optimal,SLATE_C,170508,164592,88504,43719,40962,81175,67633,11213,-1315202286,398671677,432612248,462042962,16431463
ASP_2308_29,Heavy_Crude_Slate_Aug2023,2023-08-18T17:00:00Z,Aug2023,Optimal,SLATE_C,170508,164592,88504,43719,40962,66237,61993,16363,-1252744962,502530853,429843030,474115432,14550468
ASP_2308_30,Light_Sweet_Slate_Aug2023,2023-08-16T02:00:00Z,Aug2023,Optimal,SLATE_E,170508,164592,88504,43719,40962,79769,60781,10902,-1353473111,394597400,442199885,387741247,16080397
ASP_2308_31,Coker_Max_Run_Aug2023,2023-08-22T10:00:00Z,Aug2023,Optimal,SLATE_D,170508,164592,88504,43719,40962,72296,65288,15095,-1344900890,455340786,409066010,469044916,14921427
ASP_2308_32,Product_Demand_High_Aug2023,2023-08-03T21:00:00Z,Aug2023,Optimal,SLATE_C,170508,164592,88504,43719,40962,80760,70337,13394,-1486403215,542496928,372392454,478006826,16596934
ASP_2308_33,Base_Case_Aug2023,2023-08-16T10:00:00Z,Aug2023,Optimal,SLATE_B,170508,164592,88504,43719,40962,76758,61949,14066,-1109580429,411438666,344416772,368753493,15028502
ASP_2308_34,High_Crude_Price_Aug2023,2023-08-27T13:00:00Z,Aug2023,Optimal,SLATE_D,170508,164592,88504,43719,40962,75075,63378,14286,-1171490578,477560807,412984100,398126155,15311738
ASP_2308_35,Max_Diesel_Mode_Aug2023,2023-08-14T14:00:00Z,Aug2023,Optimal,SLATE_E,170508,164592,88504,43719,40962,69998,72072,13306,-1197366391,474620155,313323345,368046356,15640912
ASP_2308_36,Min_Fuel_Oil_Aug2023,2023-08-21T00:00:00Z,Aug2023,Optimal,SLATE_F,170508,164592,88504,43719,40962,75149,65491,12142,-1431551487,566762979,410260593,428119015,15286774
ASP_2309_01,Base_Case_Sep2023,2023-09-26T15:00:00Z,Sep2023,Optimal,SLATE_A,152800,151860,58344,43849,27658,74679,54407,12714,-1119331349,437737863,340343158,355687618,14437290
ASP_2309_02,High_Crude_Price_Sep2023,2023-09-01T15:00:00Z,Sep2023,Optimal,SLATE_C,152800,151860,58344,43849,27658,70342,50954,12993,-1118553515,493093486,356194812,380230336,13699595
ASP_2309_03,Max_Diesel_Mode_Sep2023,2023-09-16T10:00:00Z,Sep2023,Optimal,SLATE_A,152800,151860,58344,43849,27658,67535,59819,12545,-1283680449,509437511,322555151,404209291,13649144
ASP_2309_04,Min_Fuel_Oil_Sep2023,2023-09-05T17:00:00Z,Sep2023,Optimal,SLATE_B,152800,151860,58344,43849,27658,77743,55187,11305,-1122435131,397267508,285894398,421338366,14757426
ASP_2309_05,Heavy_Crude_Slate_Sep2023,2023-09-12T07:00:00Z,Sep2023,Optimal,SLATE_D,152800,151860,58344,43849,27658,63182,52502,15862,-1011581722,447273338,353485835,336263126,13042607
ASP_2309_06,Light_Sweet_Slate_Sep2023,2023-09-02T15:00:00Z,Sep2023,Optimal,SLATE_D,152800,151860,58344,43849,27658,76348,53562,10319,-1376176539,520394287,317129267,404981659,13776160
ASP_2309_07,Coker_Max_Run_Sep2023,2023-09-03T22:00:00Z,Sep2023,Optimal,SLATE_E,152800,151860,58344,43849,27658,72686,58061,14572,-1264519518,492142769,371616562,389951199,13985512
ASP_2309_08,Product_Demand_High_Sep2023,2023-09-24T06:00:00Z,Sep2023,Optimal,SLATE_C,152800,151860,58344,43849,27658,80341,57751,12711,-1227296965,404042367,361324135,386991041,15971464
ASP_2309_09,Base_Case_Sep2023,2023-09-17T14:00:00Z,Sep2023,Optimal,SLATE_B,152800,151860,58344,43849,27658,71362,53873,13630,-1241036165,526166305,374134119,354966815,14231074
ASP_2309_10,High_Crude_Price_Sep2023,2023-09-25T09:00:00Z,Sep2023,Optimal,SLATE_B,152800,151860,58344,43849,27658,66003,51638,13137,-1140520377,481699766,364761161,406822428,13587293
ASP_2309_11,Max_Diesel_Mode_Sep2023,2023-09-01T02:00:00Z,Sep2023,Optimal,SLATE_E,152800,151860,58344,43849,27658,63141,65380,13216,-1057211327,398282642,293438215,328415120,13268046
ASP_2309_12,Min_Fuel_Oil_Sep2023,2023-09-12T14:00:00Z,Sep2023,Optimal,SLATE_A,152800,151860,58344,43849,27658,76554,55341,11607,-1042705494,411353836,292106490,323379051,14503945
ASP_2309_13,Heavy_Crude_Slate_Sep2023,2023-09-21T17:00:00Z,Sep2023,Optimal,SLATE_D,152800,151860,58344,43849,27658,66437,51527,15295,-1136601341,491979690,356272038,428388834,13750183
ASP_2309_14,Light_Sweet_Slate_Sep2023,2023-09-01T04:00:00Z,Sep2023,Optimal,SLATE_C,152800,151860,58344,43849,27658,83510,53313,10668,-1302793598,415555170,346886948,416249732,15483280
ASP_2309_15,Coker_Max_Run_Sep2023,2023-09-08T14:00:00Z,Sep2023,Optimal,SLATE_E,152800,151860,58344,43849,27658,72133,54509,14861,-1143946249,456327999,279211789,399862385,13886242
ASP_2309_16,Product_Demand_High_Sep2023,2023-09-07T13:00:00Z,Sep2023,Optimal,SLATE_A,152800,151860,58344,43849,27658,80585,55591,12873,-1196902028,373619065,397163903,352448452,14988801
ASP_2309_17,Base_Case_Sep2023,2023-09-27T22:00:00Z,Sep2023,Optimal,SLATE_D,152800,151860,58344,43849,27658,71971,53015,13532,-1099477384,406217634,341225824,366427360,14393434
ASP_2309_18,High_Crude_Price_Sep2023,2023-09-22T19:00:00Z,Sep2023,Optimal,SLATE_D,152800,151860,58344,43849,27658,66423,51642,12959,-1108668828,495695834,290543122,432090863,13255005
ASP_2309_19,Max_Diesel_Mode_Sep2023,2023-09-15T22:00:00Z,Sep2023,Optimal,SLATE_D,152800,151860,58344,43849,27658,67901,60742,12313,-1133601613,413982212,298295205,381518804,14175637
ASP_2309_20,Min_Fuel_Oil_Sep2023,2023-09-06T03:00:00Z,Sep2023,Optimal,SLATE_C,152800,151860,58344,43849,27658,77035,55111,11236,-1185637958,391022741,385275346,389495754,14689027
ASP_2309_21,Heavy_Crude_Slate_Sep2023,2023-09-18T09:00:00Z,Sep2023,Optimal,SLATE_F,152800,151860,58344,43849,27658,67154,52769,16203,-1101764625,532633395,294533167,410700906,13684551
ASP_2309_22,Light_Sweet_Slate_Sep2023,2023-09-19T00:00:00Z,Sep2023,Optimal,SLATE_D,152800,151860,58344,43849,27658,81156,54598,10111,-1393862584,525438551,376672523,356413704,14004613
ASP_2309_23,Coker_Max_Run_Sep2023,2023-09-02T13:00:00Z,Sep2023,Optimal,SLATE_C,152800,151860,58344,43849,27658,70561,55394,15172,-1197993910,447913400,354138322,387112269,14660157
ASP_2309_24,Product_Demand_High_Sep2023,2023-09-21T10:00:00Z,Sep2023,Optimal,SLATE_F,152800,151860,58344,43849,27658,76099,55378,13255,-1164382895,374638498,393543846,324380169,14430202
ASP_2309_25,Base_Case_Sep2023,2023-09-12T12:00:00Z,Sep2023,Optimal,SLATE_C,152800,151860,58344,43849,27658,71720,51907,13111,-1228567416,511921501,360520906,370888867,14763858
ASP_2309_26,High_Crude_Price_Sep2023,2023-09-02T22:00:00Z,Sep2023,Optimal,SLATE_E,152800,151860,58344,43849,27658,67823,52754,13997,-994792300,364447198,327470258,402721586,13343063
ASP_2309_27,Max_Diesel_Mode_Sep2023,2023-09-23T06:00:00Z,Sep2023,Optimal,SLATE_C,152800,151860,58344,43849,27658,67315,64534,12616,-1211375947,456460625,323223197,389055254,15047697
ASP_2309_28,Min_Fuel_Oil_Sep2023,2023-09-07T06:00:00Z,Sep2023,Optimal,SLATE_A,152800,151860,58344,43849,27658,71844,57683,11171,-1191808347,435007070,324172154,411695730,13779471
ASP_2309_29,Heavy_Crude_Slate_Sep2023,2023-09-06T20:00:00Z,Sep2023,Optimal,SLATE_C,152800,151860,58344,43849,27658,68578,53311,16644,-1004372073,386149879,371419089,372362904,13962901
ASP_2309_30,Light_Sweet_Slate_Sep2023,2023-09-05T21:00:00Z,Sep2023,Optimal,SLATE_B,152800,151860,58344,43849,27658,79179,53215,10639,-1249503806,466314652,296051469,368551074,15288796
ASP_2309_31,Coker_Max_Run_Sep2023,2023-09-10T13:00:00Z,Sep2023,Optimal,SLATE_B,152800,151860,58344,43849,27658,68486,53691,15322,-1212135417,480195427,370530952,350716643,13074966
ASP_2309_32,Product_Demand_High_Sep2023,2023-09-06T07:00:00Z,Sep2023,Optimal,SLATE_C,152800,151860,58344,43849,27658,77334,55077,13077,-1280441915,438023080,383636998,379137577,15203289
ASP_2309_33,Base_Case_Sep2023,2023-09-15T21:00:00Z,Sep2023,Optimal,SLATE_F,152800,151860,58344,43849,27658,71237,53015,12766,-1138559754,504425496,287328004,361365978,14559724
ASP_2309_34,High_Crude_Price_Sep2023,2023-09-19T05:00:00Z,Sep2023,Optimal,SLATE_A,152800,151860,58344,43849,27658,70855,50839,13751,-970988584,361050295,301634833,405734935,12997689
ASP_2309_35,Max_Diesel_Mode_Sep2023,2023-09-17T08:00:00Z,Sep2023,Optimal,SLATE_A,152800,151860,58344,43849,27658,62784,59908,12265,-1291751198,512207863,297330523,434302549,13601698
ASP_2309_36,Min_Fuel_Oil_Sep2023,2023-09-26T13:00:00Z,Sep2023,Optimal,SLATE_C,152800,151860,58344,43849,27658,74324,56112,11261,-1185807008,444148365,381884760,339143374,13907559
ASP_2310_01,Base_Case_Oct2023,2023-10-22T00:00:00Z,Oct2023,Optimal,SLATE_B,172518,171061,87254,61133,30729,70635,73100,14145,-1344632017,461953647,436368677,461704194,15394501
ASP_2310_02,High_Crude_Price_Oct2023,2023-10-09T04:00:00Z,Oct2023,Optimal,SLATE_C,172518,171061,87254,61133,30729,65340,70329,15267,-1247929582,557503455,401769757,411478048,14306062
ASP_2310_03,Max_Diesel_Mode_Oct2023,2023-10-24T04:00:00Z,Oct2023,Optimal,SLATE_A,172518,171061,87254,61133,30729,66404,84750,14177,-1386092202,531011448,426540483,379032335,16496454
ASP_2310_04,Min_Fuel_Oil_Oct2023,2023-10-20T00:00:00Z,Oct2023,Optimal,SLATE_D,172518,171061,87254,61133,30729,75407,71488,11913,-1533622196,595795866,424898728,484345992,16086997
ASP_2310_05,Heavy_Crude_Slate_Oct2023,2023-10-18T05:00:00Z,Oct2023,Optimal,SLATE_E,172518,171061,87254,61133,30729,63746,66951,17187,-1033088510,418833201,327834094,416528747,15319919
ASP_2310_06,Light_Sweet_Slate_Oct2023,2023-10-18T04:00:00Z,Oct2023,Optimal,SLATE_C,172518,171061,87254,61133,30729,81159,66652,10901,-1386368060,487133356,357487305,409574128,16366164
ASP_2310_07,Coker_Max_Run_Oct2023,2023-10-25T17:00:00Z,Oct2023,Optimal,SLATE_E,172518,171061,87254,61133,30729,67133,74714,15746,-1258113438,522686057,340939660,386481085,16662254
ASP_2310_08,Product_Demand_High_Oct2023,2023-10-24T18:00:00Z,Oct2023,Optimal,SLATE_A,172518,171061,87254,61133,30729,74856,76912,13486,-1568476427,560252274,429915944,478313985,16189215
ASP_2310_09,Base_Case_Oct2023,2023-10-13T04:00:00Z,Oct2023,Optimal,SLATE_E,172518,171061,87254,61133,30729,69891,69875,13673,-1222903289,483231175,360972907,393528945,14829738
ASP_2310_10,High_Crude_Price_Oct2023,2023-10-18T08:00:00Z,Oct2023,Optimal,SLATE_E,172518,171061,87254,61133,30729,71448,69417,14865,-1301845241,575189670,367445419,488118252,15704166
ASP_2310_11,Max_Diesel_Mode_Oct2023,2023-10-19T20:00:00Z,Oct2023,Optimal,SLATE_C,172518,171061,87254,61133,30729,63582,81478,13965,-1448494386,583724122,387943057,424094730,16243446
ASP_2310_12,Min_Fuel_Oil_Oct2023,2023-10-19T11:00:00Z,Oct2023,Optimal,SLATE_F,172518,171061,87254,61133,30729,76919,70437,11585,-1213919162,403081732,385240475,405741541,15501454
ASP_2310_13,Heavy_Crude_Slate_Oct2023,2023-10-12T17:00:00Z,Oct2023,Optimal,SLATE_D,172518,171061,87254,61133,30729,65029,70808,17440,-1317866623,566212033,437174744,476479343,15569872
ASP_2310_14,Light_Sweet_Slate_Oct2023,2023-10-01T21:00:00Z,Oct2023,Optimal,SLATE_C,172518,171061,87254,61133,30729,79563,68278,11080,-1432017055,497030990,327827348,469920290,16191971
ASP_2310_15,Coker_Max_Run_Oct2023,2023-10-08T11:00:00Z,Oct2023,Optimal,SLATE_D,172518,171061,87254,61133,30729,73149,76588,16341,-1356795269,514694463,341298351,491209264,17010637
ASP_2310_16,Product_Demand_High_Oct2023,2023-10-14T12:00:00Z,Oct2023,Optimal,SLATE_D,172518,171061,87254,61133,30729,80324,73025,13755,-1392737594,496965124,427221113,382898240,17512630
ASP_2310_17,Base_Case_Oct2023,2023-10-12T07:00:00Z,Oct2023,Optimal,SLATE_D,172518,171061,87254,61133,30729,73559,73829,13582,-1127457266,411519148,347586486,384410909,16059277
ASP_2310_18,High_Crude_Price_Oct2023,2023-10-04T03:00:00Z,Oct2023,Optimal,SLATE_F,172518,171061,87254,61133,30729,68572,71505,14249,-1110076594,530382749,320650330,371000674,15428759
ASP_2310_19,Max_Diesel_Mode_Oct2023,2023-10-15T21:00:00Z,Oct2023,Optimal,SLATE_C,172518,171061,87254,61133,30729,61907,79868,13442,-1563093791,591480563,421876412,491388378,16084599
ASP_2310_20,Min_Fuel_Oil_Oct2023,2023-10-08T17:00:00Z,Oct2023,Optimal,SLATE_D,172518,171061,87254,61133,30729,71870,74207,12110,-1292265435,490782960,408799398,370664563,15620285
ASP_2310_21,Heavy_Crude_Slate_Oct2023,2023-10-15T06:00:00Z,Oct2023,Optimal,SLATE_A,172518,171061,87254,61133,30729,67619,69644,16557,-1081999531,402904816,446514870,368604294,15802278
ASP_2310_22,Light_Sweet_Slate_Oct2023,2023-10-10T22:00:00Z,Oct2023,Optimal,SLATE_B,172518,171061,87254,61133,30729,78256,68928,11937,-1543034100,528863813,415195993,450242719,16593507
ASP_2310_23,Coker_Max_Run_Oct2023,2023-10-20T13:00:00Z,Oct2023,Optimal,SLATE_B,172518,171061,87254,61133,30729,69684,73978,15522,-1456032045,603527136,446507444,392627733,15179915
ASP_2310_24,Product_Demand_High_Oct2023,2023-10-25T18:00:00Z,Oct2023,Optimal,SLATE_D,172518,171061,87254,61133,30729,74402,73363,13379,-1447113211,566168180,354356325,435001562,15606427
ASP_2310_25,Base_Case_Oct2023,2023-10-02T18:00:00Z,Oct2023,Optimal,SLATE_F,172518,171061,87254,61133,30729,73027,70462,13586,-1325106398,548288835,329749560,462976139,15908136
ASP_2310_26,High_Crude_Price_Oct2023,2023-10-26T16:00:00Z,Oct2023,Optimal,SLATE_C,172518,171061,87254,61133,30729,70519,69816,14732,-1166661830,450554142,415561687,418329124,16334268
ASP_2310_27,Max_Diesel_Mode_Oct2023,2023-10-13T11:00:00Z,Oct2023,Optimal,SLATE_F,172518,171061,87254,61133,30729,64738,81296,13382,-1295564902,538908886,339165365,372211991,16414906
ASP_2310_28,Min_Fuel_Oil_Oct2023,2023-10-08T16:00:00Z,Oct2023,Optimal,SLATE_F,172518,171061,87254,61133,30729,76104,70770,12563,-1340684349,511850861,437053511,369739810,17008891
ASP_2310_29,Heavy_Crude_Slate_Oct2023,2023-10-15T04:00:00Z,Oct2023,Optimal,SLATE_B,172518,171061,87254,61133,30729,64137,70888,17869,-1252996684,562885948,392601282,452325952,15594644
ASP_2310_30,Light_Sweet_Slate_Oct2023,2023-10-08T12:00:00Z,Oct2023,Optimal,SLATE_D,172518,171061,87254,61133,30729,79454,69936,11969,-1343521504,414879434,375908430,425913325,17128417
ASP_2310_31,Coker_Max_Run_Oct2023,2023-10-14T12:00:00Z,Oct2023,Optimal,SLATE_A,172518,171061,87254,61133,30729,67784,76262,15172,-1258145837,446624809,438274952,364623732,16047182
ASP_2310_32,Product_Demand_High_Oct2023,2023-10-09T13:00:00Z,Oct2023,Optimal,SLATE_F,172518,171061,87254,61133,30729,80523,74465,13657,-1571784341,594727982,440131859,437004830,16508799
ASP_2310_33,Base_Case_Oct2023,2023-10-08T07:00:00Z,Oct2023,Optimal,SLATE_A,172518,171061,87254,61133,30729,69426,67864,14919,-1217126945,410809116,344950926,477163173,15796270
ASP_2310_34,High_Crude_Price_Oct2023,2023-10-11T13:00:00Z,Oct2023,Optimal,SLATE_E,172518,171061,87254,61133,30729,68306,65461,15128,-1098677477,470842235,349426407,389607560,15661553
ASP_2310_35,Max_Diesel_Mode_Oct2023,2023-10-05T11:00:00Z,Oct2023,Optimal,SLATE_B,172518,171061,87254,61133,30729,62157,83220,14202,-1451434795,568354961,401516713,428095605,15648426
ASP_2310_36,Min_Fuel_Oil_Oct2023,2023-10-04T01:00:00Z,Oct2023,Optimal,SLATE_B,172518,171061,87254,61133,30729,70240,71647,11584,-1221421222,492182202,342750124,366377142,15463621
ASP_2311_01,Base_Case_Nov2023,2023-11-22T07:00:00Z,Nov2023,Optimal,SLATE_E,156974,151026,58371,49227,38945,73879,53274,13027,-1182397808,427744163,404259640,364034434,13640429
ASP_2311_02,High_Crude_Price_Nov2023,2023-11-08T21:00:00Z,Nov2023,Optimal,SLATE_B,156974,151026,58371,49227,38945,67806,53866,14419,-1041785759,382265627,317192392,446851054,13933247
ASP_2311_03,Max_Diesel_Mode_Nov2023,2023-11-27T19:00:00Z,Nov2023,Optimal,SLATE_A,156974,151026,58371,49227,38945,61203,64082,13241,-1162894842,401512843,287909309,432796139,14699393
ASP_2311_04,Min_Fuel_Oil_Nov2023,2023-11-17T22:00:00Z,Nov2023,Optimal,SLATE_E,156974,151026,58371,49227,38945,75029,57978,11707,-1189778933,436580616,401325479,332109256,14890173
ASP_2311_05,Heavy_Crude_Slate_Nov2023,2023-11-04T14:00:00Z,Nov2023,Optimal,SLATE_C,156974,151026,58371,49227,38945,61387,54033,16557,-989360532,440208716,283967034,388646340,13532609
ASP_2311_06,Light_Sweet_Slate_Nov2023,2023-11-16T17:00:00Z,Nov2023,Optimal,SLATE_A,156974,151026,58371,49227,38945,78335,52823,10557,-1401940911,533960838,343360760,388499678,14088319
ASP_2311_07,Coker_Max_Run_Nov2023,2023-11-13T13:00:00Z,Nov2023,Optimal,SLATE_B,156974,151026,58371,49227,38945,67599,56892,15598,-1259401040,518453069,320529228,409883238,14158633
ASP_2311_08,Product_Demand_High_Nov2023,2023-11-21T15:00:00Z,Nov2023,Optimal,SLATE_B,156974,151026,58371,49227,38945,74822,57978,12648,-1280760291,455446140,304007979,441183117,14748077
ASP_2311_09,Base_Case_Nov2023,2023-11-22T02:00:00Z,Nov2023,Optimal,SLATE_B,156974,151026,58371,49227,38945,68864,53815,13768,-1101188965,472914705,303939683,338090102,13755525
ASP_2311_10,High_Crude_Price_Nov2023,2023-11-06T15:00:00Z,Nov2023,Optimal,SLATE_A,156974,151026,58371,49227,38945,65555,51663,13954,-1074069580,405554999,358932143,416213476,13233683
ASP_2311_11,Max_Diesel_Mode_Nov2023,2023-11-12T11:00:00Z,Nov2023,Optimal,SLATE_C,156974,151026,58371,49227,38945,65202,64664,12765,-1330938853,508787883,379925487,393554635,14707192
ASP_2311_12,Min_Fuel_Oil_Nov2023,2023-11-19T12:00:00Z,Nov2023,Optimal,SLATE_D,156974,151026,58371,49227,38945,72137,56920,11790,-1151824525,402700514,346976834,383102228,14503338
ASP_2311_13,Heavy_Crude_Slate_Nov2023,2023-11-06T13:00:00Z,Nov2023,Optimal,SLATE_B,156974,151026,58371,49227,38945,61315,54705,15908,-1022139972,400236765,327124887,421033828,12684399
ASP_2311_14,Light_Sweet_Slate_Nov2023,2023-11-13T06:00:00Z,Nov2023,Optimal,SLATE_E,156974,151026,58371,49227,38945,76073,52216,10663,-1269824319,436711344,371387250,340074259,14401139
ASP_2311_15,Coker_Max_Run_Nov2023,2023-11-23T09:00:00Z,Nov2023,Optimal,SLATE_A,156974,151026,58371,49227,38945,67672,57057,15311,-1189050108,442376459,351951624,385240083,13832766
ASP_2311_16,Product_Demand_High_Nov2023,2023-11-19T18:00:00Z,Nov2023,Optimal,SLATE_D,156974,151026,58371,49227,38945,80061,59780,12395,-1238651778,398452619,324015319,440335176,15903319
ASP_2311_17,Base_Case_Nov2023,2023-11-27T04:00:00Z,Nov2023,Optimal,SLATE_E,156974,151026,58371,49227,38945,74803,55076,14325,-1119981777,384421998,329683381,420315685,14439287
ASP_2311_18,High_Crude_Price_Nov2023,2023-11-14T03:00:00Z,Nov2023,Optimal,SLATE_C,156974,151026,58371,49227,38945,67928,53318,14036,-1073536098,468307303,378799435,333891073,14110747
ASP_2311_19,Max_Diesel_Mode_Nov2023,2023-11-26T03:00:00Z,Nov2023,Optimal,SLATE_C,156974,151026,58371,49227,38945,65102,63091,12820,-1244282385,504664559,328451063,367241714,15326493
ASP_2311_20,Min_Fuel_Oil_Nov2023,2023-11-13T17:00:00Z,Nov2023,Optimal,SLATE_E,156974,151026,58371,49227,38945,70278,55823,11674,-1221479356,520299823,324868910,355543831,14810276
ASP_2311_21,Heavy_Crude_Slate_Nov2023,2023-11-12T05:00:00Z,Nov2023,Optimal,SLATE_C,156974,151026,58371,49227,38945,67156,52363,16597,-999135255,465695445,313011117,345029006,13585284
ASP_2311_22,Light_Sweet_Slate_Nov2023,2023-11-17T04:00:00Z,Nov2023,Optimal,SLATE_E,156974,151026,58371,49227,38945,76420,50835,10921,-1412758249,539059143,374246371,362914938,14829158
ASP_2311_23,Coker_Max_Run_Nov2023,2023-11-25T16:00:00Z,Nov2023,Optimal,SLATE_E,156974,151026,58371,49227,38945,68671,53727,15613,-1241346889,444558132,389502662,397341232,14395272
ASP_2311_24,Product_Demand_High_Nov2023,2023-11-19T05:00:00Z,Nov2023,Optimal,SLATE_B,156974,151026,58371,49227,38945,76916,56826,13238,-1371336731,521376514,318720813,444684864,15025958
ASP_2311_25,Base_Case_Nov2023,2023-11-07T10:00:00Z,Nov2023,Optimal,SLATE_F,156974,151026,58371,49227,38945,70940,54781,13886,-1094119494,437456198,335665800,335093616,14096120
ASP_2311_26,High_Crude_Price_Nov2023,2023-11-27T07:00:00Z,Nov2023,Optimal,SLATE_F,156974,151026,58371,49227,38945,66752,50341,13650,-994688037,411305970,347567498,335263721,12954540
ASP_2311_27,Max_Diesel_Mode_Nov2023,2023-11-14T08:00:00Z,Nov2023,Optimal,SLATE_D,156974,151026,58371,49227,38945,61816,62520,12640,-1141346586,380079277,386008039,334645164,13735731
ASP_2311_28,Min_Fuel_Oil_Nov2023,2023-11-07T05:00:00Z,Nov2023,Optimal,SLATE_C,156974,151026,58371,49227,38945,73708,53596,11412,-1151937204,398455911,359952107,374843463,14865846
ASP_2311_29,Heavy_Crude_Slate_Nov2023,2023-11-15T15:00:00Z,Nov2023,Optimal,SLATE_C,156974,151026,58371,49227,38945,62053,54982,16084,-1001830592,395628526,316058674,414402892,12944989
ASP_2311_30,Light_Sweet_Slate_Nov2023,2023-11-02T10:00:00Z,Nov2023,Optimal,SLATE_A,156974,151026,58371,49227,38945,76750,55601,11051,-1327727167,398417520,359478422,441897200,14322457
ASP_2311_31,Coker_Max_Run_Nov2023,2023-11-08T16:00:00Z,Nov2023,Optimal,SLATE_C,156974,151026,58371,49227,38945,67796,57766,15410,-1170440145,500861370,284344540,376523461,14239032
ASP_2311_32,Product_Demand_High_Nov2023,2023-11-16T03:00:00Z,Nov2023,Optimal,SLATE_A,156974,151026,58371,49227,38945,80138,55177,13096,-1224598563,442595799,332949634,373619193,15277067
ASP_2311_33,Base_Case_Nov2023,2023-11-07T06:00:00Z,Nov2023,Optimal,SLATE_E,156974,151026,58371,49227,38945,69864,54546,13547,-1150879653,469020868,336612249,358551845,13305309
ASP_2311_34,High_Crude_Price_Nov2023,2023-11-20T12:00:00Z,Nov2023,Optimal,SLATE_E,156974,151026,58371,49227,38945,66342,52378,14584,-1068466615,403713566,392992009,378538293,13867112
ASP_2311_35,Max_Diesel_Mode_Nov2023,2023-11-16T07:00:00Z,Nov2023,Optimal,SLATE_E,156974,151026,58371,49227,38945,62811,65348,13310,-1136807493,382494151,361110544,354459220,15390112
ASP_2311_36,Min_Fuel_Oil_Nov2023,2023-11-27T21:00:00Z,Nov2023,Optimal,SLATE_C,156974,151026,58371,49227,38945,69656,53019,11083,-1261876452,509669796,359960247,368574142,13081416
ASP_2312_01,Base_Case_Dec2023,2023-12-10T04:00:00Z,Dec2023,Optimal,SLATE_A,136916,135443,63155,38019,31809,56939,53965,13638,-1034237660,391472534,289570327,365531734,12336935
ASP_2312_02,High_Crude_Price_Dec2023,2023-12-17T04:00:00Z,Dec2023,Optimal,SLATE_F,136916,135443,63155,38019,31809,54482,49023,13734,-964200056,462276340,255606356,342196535,12035691
ASP_2312_03,Max_Diesel_Mode_Dec2023,2023-12-18T04:00:00Z,Dec2023,Optimal,SLATE_F,136916,135443,63155,38019,31809,53131,59589,12846,-1112952830,418857474,305537897,348499733,12940027
ASP_2312_04,Min_Fuel_Oil_Dec2023,2023-12-12T20:00:00Z,Dec2023,Optimal,SLATE_F,136916,135443,63155,38019,31809,62524,56383,11533,-942394459,361812192,276741667,288836477,12444259
ASP_2312_05,Heavy_Crude_Slate_Dec2023,2023-12-07T14:00:00Z,Dec2023,Optimal,SLATE_A,136916,135443,63155,38019,31809,52026,53378,16503,-849697613,337171844,331487486,287704471,12255342
ASP_2312_06,Light_Sweet_Slate_Dec2023,2023-12-14T16:00:00Z,Dec2023,Optimal,SLATE_C,136916,135443,63155,38019,31809,62367,52277,11027,-1136275688,463108834,266249754,297387124,12213847
ASP_2312_07,Coker_Max_Run_Dec2023,2023-12-21T02:00:00Z,Dec2023,Optimal,SLATE_F,136916,135443,63155,38019,31809,60383,54677,14378,-1064065557,393339973,318178628,343971869,12288943
ASP_2312_08,Product_Demand_High_Dec2023,2023-12-17T12:00:00Z,Dec2023,Optimal,SLATE_B,136916,135443,63155,38019,31809,65088,56388,12300,-1156901124,395089391,321605226,367614196,13104068
ASP_2312_09,Base_Case_Dec2023,2023-12-10T11:00:00Z,Dec2023,Optimal,SLATE_F,136916,135443,63155,38019,31809,58793,53454,12819,-1006077804,391999135,264480931,362512918,12915180
ASP_2312_10,High_Crude_Price_Dec2023,2023-12-22T12:00:00Z,Dec2023,Optimal,SLATE_B,136916,135443,63155,38019,31809,57753,52830,13434,-867275056,349539167,285811371,319599743,12260002
ASP_2312_11,Max_Diesel_Mode_Dec2023,2023-12-11T18:00:00Z,Dec2023,Optimal,SLATE_A,136916,135443,63155,38019,31809,51656,64124,12921,-990768284,348298534,319805676,288637543,13152911
ASP_2312_12,Min_Fuel_Oil_Dec2023,2023-12-02T09:00:00Z,Dec2023,Optimal,SLATE_F,136916,135443,63155,38019,31809,60142,54260,11134,-1081339059,423504475,265770843,373569537,13001108
ASP_2312_13,Heavy_Crude_Slate_Dec2023,2023-12-07T01:00:00Z,Dec2023,Optimal,SLATE_A,136916,135443,63155,38019,31809,50974,52762,16420,-855623689,340278828,300012047,322697148,12295035
ASP_2312_14,Light_Sweet_Slate_Dec2023,2023-12-25T03:00:00Z,Dec2023,Optimal,SLATE_B,136916,135443,63155,38019,31809,68510,53367,10149,-1073892846,405256867,247488068,319063736,12975772
ASP_2312_15,Coker_Max_Run_Dec2023,2023-12-16T09:00:00Z,Dec2023,Optimal,SLATE_D,136916,135443,63155,38019,31809,58725,57728,14099,-1140891909,441388775,331654173,358258451,12779919
ASP_2312_16,Product_Demand_High_Dec2023,2023-12-11T07:00:00Z,Dec2023,Optimal,SLATE_B,136916,135443,63155,38019,31809,67170,56707,12996,-1114784818,427554408,284453346,334128225,13927814
ASP_2312_17,Base_Case_Dec2023,2023-12-26T10:00:00Z,Dec2023,Optimal,SLATE_E,136916,135443,63155,38019,31809,60222,52386,13641,-1054991550,418209833,338555896,310923363,12697542
ASP_2312_18,High_Crude_Price_Dec2023,2023-12-05T09:00:00Z,Dec2023,Optimal,SLATE_B,136916,135443,63155,38019,31809,54820,53605,12793,-973448330,433419159,273139001,363590356,12052505
ASP_2312_19,Max_Diesel_Mode_Dec2023,2023-12-17T16:00:00Z,Dec2023,Optimal,SLATE_F,136916,135443,63155,38019,31809,54699,61316,12288,-1169905994,443365076,309363678,373976884,12509453
ASP_2312_20,Min_Fuel_Oil_Dec2023,2023-12-13T10:00:00Z,Dec2023,Optimal,SLATE_C,136916,135443,63155,38019,31809,63465,52774,10621,-1102218098,438006520,277697446,367547419,13136726
ASP_2312_21,Heavy_Crude_Slate_Dec2023,2023-12-12T22:00:00Z,Dec2023,Optimal,SLATE_A,136916,135443,63155,38019,31809,51211,52376,16339,-985987894,396393554,351111327,359656143,11618919
ASP_2312_22,Light_Sweet_Slate_Dec2023,2023-12-27T14:00:00Z,Dec2023,Optimal,SLATE_A,136916,135443,63155,38019,31809,65059,52296,10684,-1145105361,367543785,348854699,318670172,12653155
ASP_2312_23,Coker_Max_Run_Dec2023,2023-12-11T12:00:00Z,Dec2023,Optimal,SLATE_C,136916,135443,63155,38019,31809,58820,54993,14925,-1042998498,441101351,252342971,342606719,13503493
ASP_2312_24,Product_Demand_High_Dec2023,2023-12-20T02:00:00Z,Dec2023,Optimal,SLATE_E,136916,135443,63155,38019,31809,63013,54458,12722,-1119346893,326799072,355698666,366854268,12919697
ASP_2312_25,Base_Case_Dec2023,2023-12-19T01:00:00Z,Dec2023,Optimal,SLATE_F,136916,135443,63155,38019,31809,58285,50649,12684,-1011014974,419018449,307160842,296774200,11938517
ASP_2312_26,High_Crude_Price_Dec2023,2023-12-19T21:00:00Z,Dec2023,Optimal,SLATE_A,136916,135443,63155,38019,31809,56551,51744,13998,-933007768,374714287,262630386,388601497,11807291
ASP_2312_27,Max_Diesel_Mode_Dec2023,2023-12-09T14:00:00Z,Dec2023,Optimal,SLATE_A,136916,135443,63155,38019,31809,55359,59881,12019,-1106571456,391292706,323348549,352184398,12948075
ASP_2312_28,Min_Fuel_Oil_Dec2023,2023-12-10T13:00:00Z,Dec2023,Optimal,SLATE_E,136916,135443,63155,38019,31809,63316,51906,11548,-1061850234,401115022,334957780,307807235,12957479
ASP_2312_29,Heavy_Crude_Slate_Dec2023,2023-12-19T08:00:00Z,Dec2023,Optimal,SLATE_B,136916,135443,63155,38019,31809,55911,49974,16371,-958312892,340307075,351993635,383893329,11401936
ASP_2312_30,Light_Sweet_Slate_Dec2023,2023-12-20T00:00:00Z,Dec2023,Optimal,SLATE_B,136916,135443,63155,38019,31809,68307,49880,10700,-1176806171,435497723,310596448,317532780,12907155
ASP_2312_31,Coker_Max_Run_Dec2023,2023-12-02T06:00:00Z,Dec2023,Optimal,SLATE_B,136916,135443,63155,38019,31809,60677,53535,14344,-1050952762,452585686,297833859,292308921,12382620
ASP_2312_32,Product_Demand_High_Dec2023,2023-12-19T19:00:00Z,Dec2023,Optimal,SLATE_E,136916,135443,63155,38019,31809,62720,55477,11944,-985455303,350408732,270250650,304914979,13115747
ASP_2312_33,Base_Case_Dec2023,2023-12-17T18:00:00Z,Dec2023,Optimal,SLATE_B,136916,135443,63155,38019,31809,60550,55223,13167,-1042284620,464167025,247239495,343105662,12227562
ASP_2312_34,High_Crude_Price_Dec2023,2023-12-10T17:00:00Z,Dec2023,Optimal,SLATE_C,136916,135443,63155,38019,31809,56406,53212,13724,-981240503,370824985,348320576,359134962,11714758
ASP_2312_35,Max_Diesel_Mode_Dec2023,2023-12-12T11:00:00Z,Dec2023,Optimal,SLATE_F,136916,135443,63155,38019,31809,53130,64038,12836,-1196666268,444786408,327063207,380296581,12464036
ASP_2312_36,Min_Fuel_Oil_Dec2023,2023-12-14T10:00:00Z,Dec2023,Optimal,SLATE_E,136916,135443,63155,38019,31809,63223,52227,11705,-1103185361,473435466,274115057,336715074,13211848
ASP_2401_01,Base_Case_Jan2024,2024-01-11T09:00:00Z,Jan2024,Optimal,SLATE_E,166331,160596,70882,43097,31324,78856,54266,17382,-1325852182,507322362,427331180,406444656,15246016
ASP_2401_02,High_Crude_Price_Jan2024,2024-01-17T03:00:00Z,Jan2024,Optimal,SLATE_F,166331,160596,70882,43097,31324,76369,49686,17265,-1062346246,420112017,353734505,395270171,14392512
ASP_2401_03,Max_Diesel_Mode_Jan2024,2024-01-05T04:00:00Z,Jan2024,Optimal,SLATE_D,166331,160596,70882,43097,31324,72766,62933,17385,-1250452280,396838468,399172275,410356158,15459967
ASP_2401_04,Min_Fuel_Oil_Jan2024,2024-01-09T17:00:00Z,Jan2024,Optimal,SLATE_A,166331,160596,70882,43097,31324,77033,57965,15377,-1339089007,490678481,375015665,449959552,15567283
ASP_2401_05,Heavy_Crude_Slate_Jan2024,2024-01-09T19:00:00Z,Jan2024,Optimal,SLATE_C,166331,160596,70882,43097,31324,67930,54620,20285,-1133309477,436067261,369189424,468780785,14804717
ASP_2401_06,Light_Sweet_Slate_Jan2024,2024-01-25T22:00:00Z,Jan2024,Optimal,SLATE_F,166331,160596,70882,43097,31324,83387,53646,14323,-1272818276,392511260,326286849,433017616,15370835
ASP_2401_07,Coker_Max_Run_Jan2024,2024-01-04T12:00:00Z,Jan2024,Optimal,SLATE_F,166331,160596,70882,43097,31324,73820,54777,18587,-1328447781,554696200,337063496,425269734,14629644
ASP_2401_08,Product_Demand_High_Jan2024,2024-01-11T13:00:00Z,Jan2024,Optimal,SLATE_C,166331,160596,70882,43097,31324,81784,56485,16115,-1300337223,413828805,425563737,379754242,15130836
ASP_2401_09,Base_Case_Jan2024,2024-01-13T03:00:00Z,Jan2024,Optimal,SLATE_D,166331,160596,70882,43097,31324,76827,52401,16831,-1196909022,551302896,308357831,353075365,15827070
ASP_2401_10,High_Crude_Price_Jan2024,2024-01-10T02:00:00Z,Jan2024,Optimal,SLATE_C,166331,160596,70882,43097,31324,72137,53273,17531,-1123787378,447913424,332926352,454558965,13890721
ASP_2401_11,Max_Diesel_Mode_Jan2024,2024-01-03T18:00:00Z,Jan2024,Optimal,SLATE_E,166331,160596,70882,43097,31324,70071,63510,17319,-1317440335,437903708,364302432,468226168,15727227
ASP_2401_12,Min_Fuel_Oil_Jan2024,2024-01-10T00:00:00Z,Jan2024,Optimal,SLATE_D,166331,160596,70882,43097,31324,83565,55532,14631,-1440358496,520510975,430149331,464248694,16502693
ASP_2401_13,Heavy_Crude_Slate_Jan2024,2024-01-18T15:00:00Z,Jan2024,Optimal,SLATE_F,166331,160596,70882,43097,31324,74741,53884,20489,-1042515257,484396062,309878300,378228369,14152445
ASP_2401_14,Light_Sweet_Slate_Jan2024,2024-01-26T06:00:00Z,Jan2024,Optimal,SLATE_D,166331,160596,70882,43097,31324,86015,51766,14578,-1203203587,421058287,310543741,359056421,16369532
ASP_2401_15,Coker_Max_Run_Jan2024,2024-01-10T00:00:00Z,Jan2024,Optimal,SLATE_C,166331,160596,70882,43097,31324,79784,57252,18625,-1153261942,400168425,305807734,439686812,15014008
ASP_2401_16,Product_Demand_High_Jan2024,2024-01-26T02:00:00Z,Jan2024,Optimal,SLATE_F,166331,160596,70882,43097,31324,82270,57262,17301,-1282303797,414407996,418870590,370028740,15988995
ASP_2401_17,Base_Case_Jan2024,2024-01-12T22:00:00Z,Jan2024,Optimal,SLATE_D,166331,160596,70882,43097,31324,76002,52983,17490,-1151043800,445691844,350361590,369190625,14200259
ASP_2401_18,High_Crude_Price_Jan2024,2024-01-06T13:00:00Z,Jan2024,Optimal,SLATE_F,166331,160596,70882,43097,31324,75476,54245,17192,-1142797019,421607106,368629351,466920608,14986392
ASP_2401_19,Max_Diesel_Mode_Jan2024,2024-01-27T12:00:00Z,Jan2024,Optimal,SLATE_B,166331,160596,70882,43097,31324,73505,60608,16674,-1413854040,539497531,354249698,468528272,15747843
ASP_2401_20,Min_Fuel_Oil_Jan2024,2024-01-15T16:00:00Z,Jan2024,Optimal,SLATE_C,166331,160596,70882,43097,31324,77641,53109,14123,-1261831456,522573685,333940290,383054621,14489512
ASP_2401_21,Heavy_Crude_Slate_Jan2024,2024-01-27T20:00:00Z,Jan2024,Optimal,SLATE_B,166331,160596,70882,43097,31324,73418,54293,20205,-1151938258,574096027,342194211,378820138,15178978
ASP_2401_22,Light_Sweet_Slate_Jan2024,2024-01-06T07:00:00Z,Jan2024,Optimal,SLATE_D,166331,160596,70882,43097,31324,84676,50813,14199,-1239757010,437657841,310135397,374263538,15130874
ASP_2401_23,Coker_Max_Run_Jan2024,2024-01-20T02:00:00Z,Jan2024,Optimal,SLATE_B,166331,160596,70882,43097,31324,76606,57773,19499,-1236967878,452202219,410035341,365989531,15513485
ASP_2401_24,Product_Demand_High_Jan2024,2024-01-20T04:00:00Z,Jan2024,Optimal,SLATE_F,166331,160596,70882,43097,31324,87049,55826,17375,-1228497104,396848340,355400165,401316293,16067479
ASP_2401_25,Base_Case_Jan2024,2024-01-22T13:00:00Z,Jan2024,Optimal,SLATE_C,166331,160596,70882,43097,31324,75771,54142,17078,-1178808785,389286945,416696337,387540779,14715276
ASP_2401_26,High_Crude_Price_Jan2024,2024-01-05T20:00:00Z,Jan2024,Optimal,SLATE_F,166331,160596,70882,43097,31324,77732,51287,18082,-1236332578,510040574,409844713,438523758,14569286
ASP_2401_27,Max_Diesel_Mode_Jan2024,2024-01-06T00:00:00Z,Jan2024,Optimal,SLATE_B,166331,160596,70882,43097,31324,73578,59925,16865,-1337835167,509445435,426983621,352878220,15178545
ASP_2401_28,Min_Fuel_Oil_Jan2024,2024-01-27T00:00:00Z,Jan2024,Optimal,SLATE_F,166331,160596,70882,43097,31324,78941,55514,15363,-1336890759,558268684,369863335,384441218,14621043
ASP_2401_29,Heavy_Crude_Slate_Jan2024,2024-01-21T16:00:00Z,Jan2024,Optimal,SLATE_B,166331,160596,70882,43097,31324,70512,52505,20960,-1138978627,518233579,372306976,389804535,14813282
ASP_2401_30,Light_Sweet_Slate_Jan2024,2024-01-01T12:00:00Z,Jan2024,Optimal,SLATE_C,166331,160596,70882,43097,31324,85455,50824,14336,-1401640776,544123622,330474272,391472547,14605462
ASP_2401_31,Coker_Max_Run_Jan2024,2024-01-19T17:00:00Z,Jan2024,Optimal,SLATE_B,166331,160596,70882,43097,31324,78479,56079,20098,-1242723712,409182170,416889918,408146214,15861721
ASP_2401_32,Product_Demand_High_Jan2024,2024-01-21T15:00:00Z,Jan2024,Optimal,SLATE_B,166331,160596,70882,43097,31324,81514,55403,16773,-1162627935,386655343,312512779,392244936,14905710
ASP_2401_33,Base_Case_Jan2024,2024-01-05T15:00:00Z,Jan2024,Optimal,SLATE_A,166331,160596,70882,43097,31324,82368,54161,17559,-1311567171,528648693,350369888,448022586,15473996
ASP_2401_34,High_Crude_Price_Jan2024,2024-01-13T14:00:00Z,Jan2024,Optimal,SLATE_F,166331,160596,70882,43097,31324,74705,51164,17810,-1196944620,557670006,335620141,423052886,15316272
ASP_2401_35,Max_Diesel_Mode_Jan2024,2024-01-22T10:00:00Z,Jan2024,Optimal,SLATE_B,166331,160596,70882,43097,31324,67917,61863,16042,-1208327765,494611674,300470586,369799080,14092992
ASP_2401_36,Min_Fuel_Oil_Jan2024,2024-01-21T08:00:00Z,Jan2024,Optimal,SLATE_D,166331,160596,70882,43097,31324,80134,57441,15156,-1275454712,420820297,418781650,414418424,15714825
ASP_2402_01,Base_Case_Feb2024,2024-02-19T21:00:00Z,Feb2024,Optimal,SLATE_E,133839,122815,47521,44051,24057,64701,53083,12541,-940203549,310529208,310194246,332790967,13310872
ASP_2402_02,High_Crude_Price_Feb2024,2024-02-25T18:00:00Z,Feb2024,Optimal,SLATE_D,133839,122815,47521,44051,24057,60037,48582,12804,-916495631,332167410,329533154,347100721,12610381
ASP_2402_03,Max_Diesel_Mode_Feb2024,2024-02-25T12:00:00Z,Feb2024,Optimal,SLATE_C,133839,122815,47521,44051,24057,59148,61499,11794,-1001359130,329986215,260911917,377057027,14279797
ASP_2402_04,Min_Fuel_Oil_Feb2024,2024-02-20T14:00:00Z,Feb2024,Optimal,SLATE_A,133839,122815,47521,44051,24057,67531,52549,10487,-959914091,339581086,286726426,318651348,13003431
ASP_2402_05,Heavy_Crude_Slate_Feb2024,2024-02-26T21:00:00Z,Feb2024,Optimal,SLATE_C,133839,122815,47521,44051,24057,55869,50888,15284,-957995192,367267190,340610421,369583841,13022349
ASP_2402_06,Light_Sweet_Slate_Feb2024,2024-02-24T04:00:00Z,Feb2024,Optimal,SLATE_D,133839,122815,47521,44051,24057,73002,48334,9982,-1117196588,457980454,241929804,311341588,13754892
ASP_2402_07,Coker_Max_Run_Feb2024,2024-02-02T18:00:00Z,Feb2024,Optimal,SLATE_E,133839,122815,47521,44051,24057,60181,50914,13143,-1034589287,364374911,330986163,331842415,12900266
ASP_2402_08,Product_Demand_High_Feb2024,2024-02-21T08:00:00Z,Feb2024,Optimal,SLATE_C,133839,122815,47521,44051,24057,67175,55495,12107,-1115032210,370091043,332063111,344005618,13722540
ASP_2402_09,Base_Case_Feb2024,2024-02-04T02:00:00Z,Feb2024,Optimal,SLATE_A,133839,122815,47521,44051,24057,64677,50117,12553,-1029893493,336924192,339841288,366034275,12906262
ASP_2402_10,High_Crude_Price_Feb2024,2024-02-22T08:00:00Z,Feb2024,Optimal,SLATE_F,133839,122815,47521,44051,24057,62634,50957,13010,-947842552,383005303,290247057,369639100,12627816
ASP_2402_11,Max_Diesel_Mode_Feb2024,2024-02-27T15:00:00Z,Feb2024,Optimal,SLATE_D,133839,122815,47521,44051,24057,61033,57817,12184,-1146637595,460379644,305151977,339642533,13138349
ASP_2402_12,Min_Fuel_Oil_Feb2024,2024-02-03T10:00:00Z,Feb2024,Optimal,SLATE_D,133839,122815,47521,44051,24057,65188,52903,10555,-1003549002,388682000,279821689,319772748,13957017
ASP_2402_13,Heavy_Crude_Slate_Feb2024,2024-02-20T14:00:00Z,Feb2024,Optimal,SLATE_F,133839,122815,47521,44051,24057,60858,52168,15364,-935154382,441507848,317249869,293901397,13598689
ASP_2402_14,Light_Sweet_Slate_Feb2024,2024-02-04T09:00:00Z,Feb2024,Optimal,SLATE_B,133839,122815,47521,44051,24057,68173,50058,9521,-1124318552,393908536,321828421,300853433,12734540
ASP_2402_15,Coker_Max_Run_Feb2024,2024-02-03T13:00:00Z,Feb2024,Optimal,SLATE_A,133839,122815,47521,44051,24057,62557,50828,13295,-890872099,322660132,266561898,296882817,12700828
ASP_2402_16,Product_Demand_High_Feb2024,2024-02-21T09:00:00Z,Feb2024,Optimal,SLATE_B,133839,122815,47521,44051,24057,67165,52498,11437,-1082996704,387640794,342716200,286376547,13958815
ASP_2402_17,Base_Case_Feb2024,2024-02-23T02:00:00Z,Feb2024,Optimal,SLATE_E,133839,122815,47521,44051,24057,61786,52525,12025,-976657693,414965349,266852270,307145503,12305429
ASP_2402_18,High_Crude_Price_Feb2024,2024-02-17T15:00:00Z,Feb2024,Optimal,SLATE_B,133839,122815,47521,44051,24057,62051,49809,12256,-957007126,410839213,292226176,349850490,12690741
ASP_2402_19,Max_Diesel_Mode_Feb2024,2024-02-05T11:00:00Z,Feb2024,Optimal,SLATE_C,133839,122815,47521,44051,24057,55843,56790,11672,-962041404,366693302,253956529,308426583,12846505
ASP_2402_20,Min_Fuel_Oil_Feb2024,2024-02-24T03:00:00Z,Feb2024,Optimal,SLATE_F,133839,122815,47521,44051,24057,63026,50512,10666,-936419936,349250278,278456653,294364823,12926185
ASP_2402_21,Heavy_Crude_Slate_Feb2024,2024-02-01T02:00:00Z,Feb2024,Optimal,SLATE_E,133839,122815,47521,44051,24057,58311,49418,15570,-839552322,331445278,316810969,296346423,11766756
ASP_2402_22,Light_Sweet_Slate_Feb2024,2024-02-17T20:00:00Z,Feb2024,Optimal,SLATE_F,133839,122815,47521,44051,24057,71924,48023,9575,-1076853481,322512632,347066053,305588973,13691335
ASP_2402_23,Coker_Max_Run_Feb2024,2024-02-10T12:00:00Z,Feb2024,Optimal,SLATE_E,133839,122815,47521,44051,24057,64117,51236,13978,-947349045,334232504,250100118,357228650,12787698
ASP_2402_24,Product_Demand_High_Feb2024,2024-02-21T00:00:00Z,Feb2024,Optimal,SLATE_A,133839,122815,47521,44051,24057,72754,55150,11821,-1047017329,344344668,302572657,337428493,14885328
ASP_2402_25,Base_Case_Feb2024,2024-02-16T03:00:00Z,Feb2024,Optimal,SLATE_F,133839,122815,47521,44051,24057,65151,52958,12001,-994527396,391846432,265035234,350717229,13071499
ASP_2402_26,High_Crude_Price_Feb2024,2024-02-26T19:00:00Z,Feb2024,Optimal,SLATE_E,133839,122815,47521,44051,24057,60207,48506,12415,-927674732,354199086,337646131,329509155,13012271
ASP_2402_27,Max_Diesel_Mode_Feb2024,2024-02-04T13:00:00Z,Feb2024,Optimal,SLATE_D,133839,122815,47521,44051,24057,59209,59948,11799,-1081619192,400104265,307589304,335671099,13251151
ASP_2402_28,Min_Fuel_Oil_Feb2024,2024-02-20T08:00:00Z,Feb2024,Optimal,SLATE_D,133839,122815,47521,44051,24057,65470,50811,10675,-952504194,356081417,293179925,288927813,13427801
ASP_2402_29,Heavy_Crude_Slate_Feb2024,2024-02-17T11:00:00Z,Feb2024,Optimal,SLATE_B,133839,122815,47521,44051,24057,58735,51714,15557,-959521450,444749219,264092677,369921534,12628485
ASP_2402_30,Light_Sweet_Slate_Feb2024,2024-02-05T16:00:00Z,Feb2024,Optimal,SLATE_A,133839,122815,47521,44051,24057,73579,49777,10280,-1108554063,410703060,294509766,298400106,13832518
ASP_2402_31,Coker_Max_Run_Feb2024,2024-02-03T15:00:00Z,Feb2024,Optimal,SLATE_B,133839,122815,47521,44051,24057,61649,54771,14039,-994574521,376686224,307125395,304334961,13073520
ASP_2402_32,Product_Demand_High_Feb2024,2024-02-08T01:00:00Z,Feb2024,Optimal,SLATE_B,133839,122815,47521,44051,24057,71071,52177,11392,-1024845676,347487487,275961636,338395636,12913577
ASP_2402_33,Base_Case_Feb2024,2024-02-19T02:00:00Z,Feb2024,Optimal,SLATE_D,133839,122815,47521,44051,24057,67477,50932,12941,-897929711,353162274,243651455,314469904,13353922
ASP_2402_34,High_Crude_Price_Feb2024,2024-02-04T07:00:00Z,Feb2024,Optimal,SLATE_E,133839,122815,47521,44051,24057,62823,50299,12851,-846793911,335296166,288039950,310209769,13117720
ASP_2402_35,Max_Diesel_Mode_Feb2024,2024-02-11T04:00:00Z,Feb2024,Optimal,SLATE_D,133839,122815,47521,44051,24057,59470,59337,11962,-1029753648,312024518,302389119,378680582,12376459
ASP_2402_36,Min_Fuel_Oil_Feb2024,2024-02-23T20:00:00Z,Feb2024,Optimal,SLATE_F,133839,122815,47521,44051,24057,68689,54343,10341,-1141456688,464680578,331499532,324940569,12910302
ASP_2403_01,Base_Case_Mar2024,2024-03-19T14:00:00Z,Mar2024,Optimal,SLATE_A,157658,154882,69822,48288,27145,76232,65615,20823,-1120794454,366182307,322823794,448011995,16223642
ASP_2403_02,High_Crude_Price_Mar2024,2024-03-26T01:00:00Z,Mar2024,Optimal,SLATE_F,157658,154882,69822,48288,27145,70736,58004,22286,-1038446548,401447120,330220377,412350976,15272225
ASP_2403_03,Max_Diesel_Mode_Mar2024,2024-03-06T14:00:00Z,Mar2024,Optimal,SLATE_A,157658,154882,69822,48288,27145,72067,70185,21118,-1236113572,415010935,402753878,375765446,16279238
ASP_2403_04,Min_Fuel_Oil_Mar2024,2024-03-14T05:00:00Z,Mar2024,Optimal,SLATE_D,157658,154882,69822,48288,27145,75105,62411,17519,-1276189642,504034312,362277179,388851604,16144025
ASP_2403_05,Heavy_Crude_Slate_Mar2024,2024-03-08T09:00:00Z,Mar2024,Optimal,SLATE_B,157658,154882,69822,48288,27145,70159,62533,25138,-1141357420,536559592,398091797,350031280,16507757
ASP_2403_06,Light_Sweet_Slate_Mar2024,2024-03-10T21:00:00Z,Mar2024,Optimal,SLATE_F,157658,154882,69822,48288,27145,87663,61386,17083,-1396083790,544026659,287150600,431769960,16443835
ASP_2403_07,Coker_Max_Run_Mar2024,2024-03-21T01:00:00Z,Mar2024,Optimal,SLATE_F,157658,154882,69822,48288,27145,78168,63185,23911,-1179943869,516794498,309992953,346292406,16272142
ASP_2403_08,Product_Demand_High_Mar2024,2024-03-21T03:00:00Z,Mar2024,Optimal,SLATE_E,157658,154882,69822,48288,27145,80671,67133,19730,-1246769614,459683288,351953414,359553655,16774047
ASP_2403_09,Base_Case_Mar2024,2024-03-17T13:00:00Z,Mar2024,Optimal,SLATE_B,157658,154882,69822,48288,27145,80238,63110,20706,-1104994408,421961415,344550030,354958135,16475172
ASP_2403_10,High_Crude_Price_Mar2024,2024-03-05T03:00:00Z,Mar2024,Optimal,SLATE_D,157658,154882,69822,48288,27145,68972,63203,21626,-1146424204,445456876,407861954,408337181,15542745
ASP_2403_11,Max_Diesel_Mode_Mar2024,2024-03-12T08:00:00Z,Mar2024,Optimal,SLATE_F,157658,154882,69822,48288,27145,71102,69016,20008,-1256480501,435087195,361442575,416615646,16497319
ASP_2403_12,Min_Fuel_Oil_Mar2024,2024-03-08T09:00:00Z,Mar2024,Optimal,SLATE_A,157658,154882,69822,48288,27145,75435,61704,17338,-1267990230,452216165,347331859,447712062,16201610
ASP_2403_13,Heavy_Crude_Slate_Mar2024,2024-03-04T10:00:00Z,Mar2024,Optimal,SLATE_A,157658,154882,69822,48288,27145,68463,62955,26784,-1022666727,437892064,369269773,344926334,15791807
ASP_2403_14,Light_Sweet_Slate_Mar2024,2024-03-05T03:00:00Z,Mar2024,Optimal,SLATE_E,157658,154882,69822,48288,27145,82370,62007,16252,-1298026745,416744907,362792182,395374081,15958719
ASP_2403_15,Coker_Max_Run_Mar2024,2024-03-14T21:00:00Z,Mar2024,Optimal,SLATE_D,157658,154882,69822,48288,27145,72472,65987,24249,-1174800180,411886662,392383486,363810377,16315642
ASP_2403_16,Product_Demand_High_Mar2024,2024-03-19T17:00:00Z,Mar2024,Optimal,SLATE_C,157658,154882,69822,48288,27145,83392,66065,21198,-1149065474,417347902,317974985,345911213,17284587
ASP_2403_17,Base_Case_Mar2024,2024-03-12T16:00:00Z,Mar2024,Optimal,SLATE_B,157658,154882,69822,48288,27145,76153,59684,21673,-1297105948,460746692,405848600,447205914,16695258
ASP_2403_18,High_Crude_Price_Mar2024,2024-03-18T05:00:00Z,Mar2024,Optimal,SLATE_C,157658,154882,69822,48288,27145,76045,59750,20724,-1010086699,442907437,297702964,372913851,15603926
ASP_2403_19,Max_Diesel_Mode_Mar2024,2024-03-25T06:00:00Z,Mar2024,Optimal,SLATE_D,157658,154882,69822,48288,27145,67837,74587,20059,-1158951533,378795597,351613711,389609494,16255437
ASP_2403_20,Min_Fuel_Oil_Mar2024,2024-03-07T11:00:00Z,Mar2024,Optimal,SLATE_D,157658,154882,69822,48288,27145,80257,63539,18548,-1207137399,397485835,345468318,445354078,16330173
ASP_2403_21,Heavy_Crude_Slate_Mar2024,2024-03-16T05:00:00Z,Mar2024,Optimal,SLATE_F,157658,154882,69822,48288,27145,67824,62750,25533,-1026414045,453390357,345618096,357557272,16105675
ASP_2403_22,Light_Sweet_Slate_Mar2024,2024-03-19T08:00:00Z,Mar2024,Optimal,SLATE_B,157658,154882,69822,48288,27145,87936,63323,17402,-1231948185,388065907,309438758,419468629,17019557
ASP_2403_23,Coker_Max_Run_Mar2024,2024-03-02T07:00:00Z,Mar2024,Optimal,SLATE_E,157658,154882,69822,48288,27145,75251,64047,23408,-1300874296,490241010,407798458,392881645,15554156
ASP_2403_24,Product_Demand_High_Mar2024,2024-03-09T10:00:00Z,Mar2024,Optimal,SLATE_D,157658,154882,69822,48288,27145,78796,63533,20799,-1231047371,441155423,299623789,415490350,16410885
ASP_2403_25,Base_Case_Mar2024,2024-03-24T15:00:00Z,Mar2024,Optimal,SLATE_B,157658,154882,69822,48288,27145,77072,65670,20346,-1233434407,459569712,365385523,423810532,15331360
ASP_2403_26,High_Crude_Price_Mar2024,2024-03-26T07:00:00Z,Mar2024,Optimal,SLATE_E,157658,154882,69822,48288,27145,70023,58922,22723,-1073153810,520818231,327516569,333586805,15450072
ASP_2403_27,Max_Diesel_Mode_Mar2024,2024-03-26T05:00:00Z,Mar2024,Optimal,SLATE_B,157658,154882,69822,48288,27145,68303,69457,19726,-1244036924,467628420,307392696,426039787,16263832
ASP_2403_28,Min_Fuel_Oil_Mar2024,2024-03-01T00:00:00Z,Mar2024,Optimal,SLATE_B,157658,154882,69822,48288,27145,81652,61983,17797,-1224797398,415744018,366390778,422414659,15425767
ASP_2403_29,Heavy_Crude_Slate_Mar2024,2024-03-06T18:00:00Z,Mar2024,Optimal,SLATE_B,157658,154882,69822,48288,27145,71745,62324,25741,-1112870288,470774740,370144850,411574950,15971997
ASP_2403_30,Light_Sweet_Slate_Mar2024,2024-03-10T00:00:00Z,Mar2024,Optimal,SLATE_D,157658,154882,69822,48288,27145,80063,60746,16355,-1248522989,441573992,317440978,372251017,16513318
ASP_2403_31,Coker_Max_Run_Mar2024,2024-03-05T20:00:00Z,Mar2024,Optimal,SLATE_F,157658,154882,69822,48288,27145,73940,63337,24040,-1158619052,471054682,326002577,355592783,16749010
ASP_2403_32,Product_Demand_High_Mar2024,2024-03-04T20:00:00Z,Mar2024,Optimal,SLATE_C,157658,154882,69822,48288,27145,82463,65477,20946,-1153546140,419946037,316130572,349259812,17238143
ASP_2403_33,Base_Case_Mar2024,2024-03-09T04:00:00Z,Mar2024,Optimal,SLATE_E,157658,154882,69822,48288,27145,79981,61106,21647,-1121126927,401491483,368713008,368030071,17107635
ASP_2403_34,High_Crude_Price_Mar2024,2024-03-07T13:00:00Z,Mar2024,Optimal,SLATE_B,157658,154882,69822,48288,27145,69450,57485,21156,-1049977751,479261049,313494384,363570085,15045353
ASP_2403_35,Max_Diesel_Mode_Mar2024,2024-03-14T02:00:00Z,Mar2024,Optimal,SLATE_A,157658,154882,69822,48288,27145,70445,68985,19941,-1166823724,378047694,312813604,435996436,15597044
ASP_2403_36,Min_Fuel_Oil_Mar2024,2024-03-14T19:00:00Z,Mar2024,Optimal,SLATE_B,157658,154882,69822,48288,27145,79788,65514,18792,-1139637363,479646410,286023523,356157710,15383601
ASP_2404_01,Base_Case_Apr2024,2024-04-23T19:00:00Z,Apr2024,Optimal,SLATE_B,172030,158143,66938,44717,49415,70310,62249,21898,-1176635902,508304796,321592637,362219257,15480788
ASP_2404_02,High_Crude_Price_Apr2024,2024-04-19T00:00:00Z,Apr2024,Optimal,SLATE_F,172030,158143,66938,44717,49415,70379,61837,22435,-1328959275,586101167,391456186,482195855,15232256
ASP_2404_03,Max_Diesel_Mode_Apr2024,2024-04-23T19:00:00Z,Apr2024,Optimal,SLATE_E,172030,158143,66938,44717,49415,64248,74355,20213,-1442776107,538435047,381013351,470689374,16065289
ASP_2404_04,Min_Fuel_Oil_Apr2024,2024-04-07T11:00:00Z,Apr2024,Optimal,SLATE_C,172030,158143,66938,44717,49415,73788,61159,18818,-1234825735,507554153,327931383,379115884,15741483
ASP_2404_05,Heavy_Crude_Slate_Apr2024,2024-04-19T19:00:00Z,Apr2024,Optimal,SLATE_E,172030,158143,66938,44717,49415,62327,61820,25312,-1121439030,478851307,362510748,419963415,15282103
ASP_2404_06,Light_Sweet_Slate_Apr2024,2024-04-25T11:00:00Z,Apr2024,Optimal,SLATE_F,172030,158143,66938,44717,49415,74977,62284,17439,-1573376020,580392267,440898289,399079087,15569625
ASP_2404_07,Coker_Max_Run_Apr2024,2024-04-16T08:00:00Z,Apr2024,Optimal,SLATE_D,172030,158143,66938,44717,49415,71650,63958,22867,-1337291272,579210326,354710918,392448795,15300164
ASP_2404_08,Product_Demand_High_Apr2024,2024-04-03T07:00:00Z,Apr2024,Optimal,SLATE_C,172030,158143,66938,44717,49415,74365,64807,20869,-1293342604,396810351,359814164,456790922,15875988
ASP_2404_09,Base_Case_Apr2024,2024-04-14T01:00:00Z,Apr2024,Optimal,SLATE_E,172030,158143,66938,44717,49415,71230,60820,20822,-1196657388,465184859,347944515,399364723,15836709
ASP_2404_10,High_Crude_Price_Apr2024,2024-04-25T08:00:00Z,Apr2024,Optimal,SLATE_C,172030,158143,66938,44717,49415,63974,59979,23026,-1092684078,454759956,346591471,401815035,15466377
ASP_2404_11,Max_Diesel_Mode_Apr2024,2024-04-05T00:00:00Z,Apr2024,Optimal,SLATE_B,172030,158143,66938,44717,49415,64619,71952,21346,-1421348498,564293233,342213730,462928466,15770192
ASP_2404_12,Min_Fuel_Oil_Apr2024,2024-04-22T17:00:00Z,Apr2024,Optimal,SLATE_B,172030,158143,66938,44717,49415,69041,64929,17899,-1259930981,421479329,377115488,440688773,16049627
ASP_2404_13,Heavy_Crude_Slate_Apr2024,2024-04-21T19:00:00Z,Apr2024,Optimal,SLATE_E,172030,158143,66938,44717,49415,60783,60931,25907,-1165385014,513554565,419671093,376412480,14765900
ASP_2404_14,Light_Sweet_Slate_Apr2024,2024-04-14T17:00:00Z,Apr2024,Optimal,SLATE_C,172030,158143,66938,44717,49415,80258,60895,16680,-1462523713,577807116,363637761,379450559,15070692
ASP_2404_15,Coker_Max_Run_Apr2024,2024-04-08T09:00:00Z,Apr2024,Optimal,SLATE_D,172030,158143,66938,44717,49415,67968,63211,24012,-1226835760,408577630,337361245,472156328,15315046
ASP_2404_16,Product_Demand_High_Apr2024,2024-04-02T02:00:00Z,Apr2024,Optimal,SLATE_F,172030,158143,66938,44717,49415,77623,62198,21218,-1467759748,494428364,442523036,438583457,16498053
ASP_2404_17,Base_Case_Apr2024,2024-04-14T16:00:00Z,Apr2024,Optimal,SLATE_F,172030,158143,66938,44717,49415,72205,61374,20698,-1384149575,588177961,421772089,390507220,16307695
ASP_2404_18,High_Crude_Price_Apr2024,2024-04-20T22:00:00Z,Apr2024,Optimal,SLATE_E,172030,158143,66938,44717,49415,65098,60594,21299,-1098603834,409861746,317199359,481630080,14556582
ASP_2404_19,Max_Diesel_Mode_Apr2024,2024-04-15T00:00:00Z,Apr2024,Optimal,SLATE_B,172030,158143,66938,44717,49415,66015,69915,21083,-1361708590,572479518,354589602,386069966,16273762
ASP_2404_20,Min_Fuel_Oil_Apr2024,2024-04-15T01:00:00Z,Apr2024,Optimal,SLATE_B,172030,158143,66938,44717,49415,71754,63020,19096,-1348343323,547618361,338976721,438774856,16298750
ASP_2404_21,Heavy_Crude_Slate_Apr2024,2024-04-19T18:00:00Z,Apr2024,Optimal,SLATE_F,172030,158143,66938,44717,49415,65105,58632,25006,-1183421707,495255191,441875542,392227981,14445706
ASP_2404_22,Light_Sweet_Slate_Apr2024,2024-04-05T11:00:00Z,Apr2024,Optimal,SLATE_B,172030,158143,66938,44717,49415,74484,62440,16847,-1635475869,563069474,430025805,482456967,15305934
ASP_2404_23,Coker_Max_Run_Apr2024,2024-04-27T05:00:00Z,Apr2024,Optimal,SLATE_D,172030,158143,66938,44717,49415,67158,62569,22988,-1294342496,550489729,342401792,390845973,14774262
ASP_2404_24,Product_Demand_High_Apr2024,2024-04-21T14:00:00Z,Apr2024,Optimal,SLATE_C,172030,158143,66938,44717,49415,73602,64354,19855,-1385577848,405556172,438714918,454279076,15607714
ASP_2404_25,Base_Case_Apr2024,2024-04-10T09:00:00Z,Apr2024,Optimal,SLATE_A,172030,158143,66938,44717,49415,68337,60534,21664,-1141495265,418643575,323118699,414167336,14434345
ASP_2404_26,High_Crude_Price_Apr2024,2024-04-16T02:00:00Z,Apr2024,Optimal,SLATE_A,172030,158143,66938,44717,49415,64794,57416,21386,-1089117110,401123482,406275400,390624396,14200332
ASP_2404_27,Max_Diesel_Mode_Apr2024,2024-04-05T06:00:00Z,Apr2024,Optimal,SLATE_A,172030,158143,66938,44717,49415,62675,73087,20187,-1278311611,426331766,328432490,478527487,15852113
ASP_2404_28,Min_Fuel_Oil_Apr2024,2024-04-20T11:00:00Z,Apr2024,Optimal,SLATE_F,172030,158143,66938,44717,49415,73740,65172,18051,-1334046998,453296676,378223731,479832068,16161214
ASP_2404_29,Heavy_Crude_Slate_Apr2024,2024-04-09T22:00:00Z,Apr2024,Optimal,SLATE_B,172030,158143,66938,44717,49415,62594,62915,26342,-1220572542,577494825,340764523,452405797,14473431
ASP_2404_30,Light_Sweet_Slate_Apr2024,2024-04-14T17:00:00Z,Apr2024,Optimal,SLATE_E,172030,158143,66938,44717,49415,78869,58239,17978,-1416556873,491992845,387958332,399738675,14906929
ASP_2404_31,Coker_Max_Run_Apr2024,2024-04-06T00:00:00Z,Apr2024,Optimal,SLATE_F,172030,158143,66938,44717,49415,71017,64764,22901,-1418711883,577551083,369963988,458816396,15437464
ASP_2404_32,Product_Demand_High_Apr2024,2024-04-10T22:00:00Z,Apr2024,Optimal,SLATE_F,172030,158143,66938,44717,49415,78076,65244,21377,-1506253071,537600590,417374333,456506543,16802696
ASP_2404_33,Base_Case_Apr2024,2024-04-23T10:00:00Z,Apr2024,Optimal,SLATE_B,172030,158143,66938,44717,49415,71419,64498,20598,-1265684220,445192513,364144972,472468019,16121284
ASP_2404_34,High_Crude_Price_Apr2024,2024-04-13T10:00:00Z,Apr2024,Optimal,SLATE_B,172030,158143,66938,44717,49415,65861,59435,22091,-1142592833,446895078,395635635,414760439,15342420
ASP_2404_35,Max_Diesel_Mode_Apr2024,2024-04-02T00:00:00Z,Apr2024,Optimal,SLATE_A,172030,158143,66938,44717,49415,61268,70229,20170,-1235927751,451906789,341785390,399461900,16080030
ASP_2404_36,Min_Fuel_Oil_Apr2024,2024-04-06T06:00:00Z,Apr2024,Optimal,SLATE_C,172030,158143,66938,44717,49415,68598,64476,18144,-1395975705,535801434,426946478,408422265,15853958
ASP_2405_01,Base_Case_May2024,2024-05-03T10:00:00Z,May2024,Optimal,SLATE_D,176776,163755,79117,66572,48456,85687,73361,23879,-1399547255,533956946,429995588,454813549,19218828
ASP_2405_02,High_Crude_Price_May2024,2024-05-23T03:00:00Z,May2024,Optimal,SLATE_C,176776,163755,79117,66572,48456,82397,65510,24123,-1157718388,515362348,344806778,415236117,17015690
ASP_2405_03,Max_Diesel_Mode_May2024,2024-05-24T08:00:00Z,May2024,Optimal,SLATE_C,176776,163755,79117,66572,48456,77274,78595,23454,-1331544276,493445828,330002336,462167923,17478681
ASP_2405_04,Min_Fuel_Oil_May2024,2024-05-24T16:00:00Z,May2024,Optimal,SLATE_C,176776,163755,79117,66572,48456,83089,71356,20210,-1492512415,575586583,412725875,477444045,16715323
ASP_2405_05,Heavy_Crude_Slate_May2024,2024-05-17T11:00:00Z,May2024,Optimal,SLATE_D,176776,163755,79117,66572,48456,73647,71978,29593,-1078982746,425592178,337774776,453177786,17675022
ASP_2405_06,Light_Sweet_Slate_May2024,2024-05-12T20:00:00Z,May2024,Optimal,SLATE_C,176776,163755,79117,66572,48456,87089,70490,18715,-1349300748,479510313,348565981,395804476,19147959
ASP_2405_07,Coker_Max_Run_May2024,2024-05-11T05:00:00Z,May2024,Optimal,SLATE_D,176776,163755,79117,66572,48456,77504,76010,25825,-1145286563,430723990,322296300,387276498,17466824
ASP_2405_08,Product_Demand_High_May2024,2024-05-08T15:00:00Z,May2024,Optimal,SLATE_E,176776,163755,79117,66572,48456,89812,74315,22410,-1445145859,469108027,421528875,465691648,18230532
ASP_2405_09,Base_Case_May2024,2024-05-15T01:00:00Z,May2024,Optimal,SLATE_F,176776,163755,79117,66572,48456,86709,73243,23272,-1338573304,487899650,435770170,432859636,17956152
ASP_2405_10,High_Crude_Price_May2024,2024-05-18T13:00:00Z,May2024,Optimal,SLATE_A,176776,163755,79117,66572,48456,78002,64506,24745,-1312053747,513262329,436852917,493323591,17293459
ASP_2405_11,Max_Diesel_Mode_May2024,2024-05-22T15:00:00Z,May2024,Optimal,SLATE_F,176776,163755,79117,66572,48456,73079,80118,23210,-1440548984,535832228,449637251,404651235,18169300
ASP_2405_12,Min_Fuel_Oil_May2024,2024-05-07T00:00:00Z,May2024,Optimal,SLATE_A,176776,163755,79117,66572,48456,81102,73547,20958,-1386104726,470151612,421998992,470955769,17373629
ASP_2405_13,Heavy_Crude_Slate_May2024,2024-05-14T04:00:00Z,May2024,Optimal,SLATE_D,176776,163755,79117,66572,48456,78323,71660,29398,-1078491337,447724474,342875675,425324436,17600877
ASP_2405_14,Light_Sweet_Slate_May2024,2024-05-07T17:00:00Z,May2024,Optimal,SLATE_D,176776,163755,79117,66572,48456,91229,71319,19328,-1571661686,533167466,425866331,463816405,19580839
ASP_2405_15,Coker_Max_Run_May2024,2024-05-03T17:00:00Z,May2024,Optimal,SLATE_F,176776,163755,79117,66572,48456,77757,76397,27811,-1337916724,409464611,441650077,479152758,18584383
ASP_2405_16,Product_Demand_High_May2024,2024-05-04T10:00:00Z,May2024,Optimal,SLATE_D,176776,163755,79117,66572,48456,93014,77038,23822,-1429941078,592274939,352634366,397718624,18608412
ASP_2405_17,Base_Case_May2024,2024-05-14T20:00:00Z,May2024,Optimal,SLATE_F,176776,163755,79117,66572,48456,79660,66733,24765,-1356810825,501332863,428041228,443958808,16522074
ASP_2405_18,High_Crude_Price_May2024,2024-05-12T13:00:00Z,May2024,Optimal,SLATE_A,176776,163755,79117,66572,48456,81687,66590,25222,-1223749409,525706677,354241423,467345986,17131684
ASP_2405_19,Max_Diesel_Mode_May2024,2024-05-08T00:00:00Z,May2024,Optimal,SLATE_D,176776,163755,79117,66572,48456,78373,78037,22602,-1352896006,459757990,410189094,436499383,17974080
ASP_2405_20,Min_Fuel_Oil_May2024,2024-05-02T06:00:00Z,May2024,Optimal,SLATE_E,176776,163755,79117,66572,48456,83151,74878,19676,-1411422590,607056242,352287271,429291139,18321457
ASP_2405_21,Heavy_Crude_Slate_May2024,2024-05-02T05:00:00Z,May2024,Optimal,SLATE_E,176776,163755,79117,66572,48456,72346,68823,30021,-1207382507,517883786,383910303,457507564,17765534
ASP_2405_22,Light_Sweet_Slate_May2024,2024-05-09T00:00:00Z,May2024,Optimal,SLATE_F,176776,163755,79117,66572,48456,90352,69749,20203,-1377846186,455428580,419068949,373334850,17612570
ASP_2405_23,Coker_Max_Run_May2024,2024-05-10T03:00:00Z,May2024,Optimal,SLATE_D,176776,163755,79117,66572,48456,83852,72561,25903,-1325192457,473159027,376895992,466485738,17332465
ASP_2405_24,Product_Demand_High_May2024,2024-05-04T22:00:00Z,May2024,Optimal,SLATE_F,176776,163755,79117,66572,48456,85430,71740,23057,-1540340628,584461016,454017188,406176660,18413541
ASP_2405_25,Base_Case_May2024,2024-05-23T10:00:00Z,May2024,Optimal,SLATE_C,176776,163755,79117,66572,48456,87035,73193,25280,-1256059401,512348887,354574309,407325802,18189597
ASP_2405_26,High_Crude_Price_May2024,2024-05-05T07:00:00Z,May2024,Optimal,SLATE_A,176776,163755,79117,66572,48456,75462,69083,23752,-1161509789,472994626,324751043,480953753,16188781
ASP_2405_27,Max_Diesel_Mode_May2024,2024-05-09T09:00:00Z,May2024,Optimal,SLATE_C,176776,163755,79117,66572,48456,77747,84104,23101,-1402130002,568394370,385853594,399826653,18712710
ASP_2405_28,Min_Fuel_Oil_May2024,2024-05-13T20:00:00Z,May2024,Optimal,SLATE_D,176776,163755,79117,66572,48456,82220,68438,19593,-1476030866,578845555,449629392,422310096,17745367
ASP_2405_29,Heavy_Crude_Slate_May2024,2024-05-16T09:00:00Z,May2024,Optimal,SLATE_A,176776,163755,79117,66572,48456,74980,68368,28558,-1175150323,432902983,398497639,491928580,17606620
ASP_2405_30,Light_Sweet_Slate_May2024,2024-05-14T22:00:00Z,May2024,Optimal,SLATE_B,176776,163755,79117,66572,48456,92686,70712,19314,-1435070993,479715644,397927647,421952782,18282686
ASP_2405_31,Coker_Max_Run_May2024,2024-05-27T01:00:00Z,May2024,Optimal,SLATE_C,176776,163755,79117,66572,48456,81089,70959,27557,-1455719521,535088513,411883525,498362180,18158217
ASP_2405_32,Product_Demand_High_May2024,2024-05-12T04:00:00Z,May2024,Optimal,SLATE_F,176776,163755,79117,66572,48456,87857,77811,23103,-1476811486,556386604,400822368,429077905,18868834
ASP_2405_33,Base_Case_May2024,2024-05-15T14:00:00Z,May2024,Optimal,SLATE_F,176776,163755,79117,66572,48456,78997,67717,25014,-1433986273,531448900,451808306,468036611,17307544
ASP_2405_34,High_Crude_Price_May2024,2024-05-19T13:00:00Z,May2024,Optimal,SLATE_D,176776,163755,79117,66572,48456,79777,64895,24783,-1253500275,597383684,345290199,436234212,16407796
ASP_2405_35,Max_Diesel_Mode_May2024,2024-05-27T01:00:00Z,May2024,Optimal,SLATE_F,176776,163755,79117,66572,48456,77789,82359,23998,-1445710026,564057618,339754596,491072617,18018139
ASP_2405_36,Min_Fuel_Oil_May2024,2024-05-20T20:00:00Z,May2024,Optimal,SLATE_D,176776,163755,79117,66572,48456,81796,70287,20293,-1451536196,608659591,339669433,478424989,17495570
ASP_2406_01,Base_Case_Jun2024,2024-06-20T00:00:00Z,Jun2024,Optimal,SLATE_D,146287,134499,64619,48895,38191,60965,56601,15320,-1113181611,420831097,371227082,335027157,13903725
ASP_2406_02,High_Crude_Price_Jun2024,2024-06-20T14:00:00Z,Jun2024,Optimal,SLATE_F,146287,134499,64619,48895,38191,57984,54516,15423,-1029548745,469072439,280628745,382797599,13424060
ASP_2406_03,Max_Diesel_Mode_Jun2024,2024-06-22T14:00:00Z,Jun2024,Optimal,SLATE_A,146287,134499,64619,48895,38191,55030,64463,14751,-1195741775,460015553,376938450,315635845,13788157
ASP_2406_04,Min_Fuel_Oil_Jun2024,2024-06-02T08:00:00Z,Jun2024,Optimal,SLATE_E,146287,134499,64619,48895,38191,61768,56590,12879,-1029632443,405795733,290123163,316757917,13033664
ASP_2406_05,Heavy_Crude_Slate_Jun2024,2024-06-04T01:00:00Z,Jun2024,Optimal,SLATE_F,146287,134499,64619,48895,38191,58364,55460,17981,-976329234,366542581,322077480,409609708,13419509
ASP_2406_06,Light_Sweet_Slate_Jun2024,2024-06-14T08:00:00Z,Jun2024,Optimal,SLATE_A,146287,134499,64619,48895,38191,70264,56948,11460,-1274421153,421986033,365125152,364637065,13872220
ASP_2406_07,Coker_Max_Run_Jun2024,2024-06-15T19:00:00Z,Jun2024,Optimal,SLATE_F,146287,134499,64619,48895,38191,61922,61044,15693,-1019766273,382046723,286081539,345909394,14266800
ASP_2406_08,Product_Demand_High_Jun2024,2024-06-17T20:00:00Z,Jun2024,Optimal,SLATE_D,146287,134499,64619,48895,38191,65796,63757,14013,-1151788182,367185702,370713151,342435660,13863974
ASP_2406_09,Base_Case_Jun2024,2024-06-23T04:00:00Z,Jun2024,Optimal,SLATE_D,146287,134499,64619,48895,38191,62565,56025,15340,-1063917746,423178049,281049583,372857842,13167728
ASP_2406_10,High_Crude_Price_Jun2024,2024-06-04T10:00:00Z,Jun2024,Optimal,SLATE_E,146287,134499,64619,48895,38191,60748,52863,15160,-1047002679,446086412,333502571,371229455,12772047
ASP_2406_11,Max_Diesel_Mode_Jun2024,2024-06-06T05:00:00Z,Jun2024,Optimal,SLATE_F,146287,134499,64619,48895,38191,59288,69167,13555,-1169437946,457024613,359585652,311700885,14560725
ASP_2406_12,Min_Fuel_Oil_Jun2024,2024-06-12T20:00:00Z,Jun2024,Optimal,SLATE_B,146287,134499,64619,48895,38191,63051,60068,12641,-1089627686,486862309,266889635,318047925,13908911
ASP_2406_13,Heavy_Crude_Slate_Jun2024,2024-06-17T05:00:00Z,Jun2024,Optimal,SLATE_C,146287,134499,64619,48895,38191,58041,56105,17623,-1024798081,483912623,265653442,402077143,12978673
ASP_2406_14,Light_Sweet_Slate_Jun2024,2024-06-13T20:00:00Z,Jun2024,Optimal,SLATE_D,146287,134499,64619,48895,38191,67158,56326,12079,-1180275807,434901072,297219451,335908919,14211757
ASP_2406_15,Coker_Max_Run_Jun2024,2024-06-26T13:00:00Z,Jun2024,Optimal,SLATE_D,146287,134499,64619,48895,38191,61115,60753,16223,-1051249363,351618713,322614867,370802779,14399728
ASP_2406_16,Product_Demand_High_Jun2024,2024-06-05T02:00:00Z,Jun2024,Optimal,SLATE_F,146287,134499,64619,48895,38191,70460,63318,13959,-1196968326,451744832,264981256,405714964,14137046
ASP_2406_17,Base_Case_Jun2024,2024-06-07T04:00:00Z,Jun2024,Optimal,SLATE_A,146287,134499,64619,48895,38191,62915,54807,14715,-1135768609,415667786,334143790,398907509,12950476
ASP_2406_18,High_Crude_Price_Jun2024,2024-06-19T22:00:00Z,Jun2024,Optimal,SLATE_D,146287,134499,64619,48895,38191,56750,57324,15207,-1016197667,457866453,282956292,376030654,12290717
ASP_2406_19,Max_Diesel_Mode_Jun2024,2024-06-17T21:00:00Z,Jun2024,Optimal,SLATE_C,146287,134499,64619,48895,38191,58665,64806,13434,-1011098188,336833355,311622578,328003651,13508928
ASP_2406_20,Min_Fuel_Oil_Jun2024,2024-06-23T02:00:00Z,Jun2024,Optimal,SLATE_F,146287,134499,64619,48895,38191,64038,59904,12355,-1170375011,465896535,319997785,364483126,14091027
ASP_2406_21,Heavy_Crude_Slate_Jun2024,2024-06-20T03:00:00Z,Jun2024,Optimal,SLATE_A,146287,134499,64619,48895,38191,57803,57787,17461,-1022380714,405004859,368566101,375980879,13573267
ASP_2406_22,Light_Sweet_Slate_Jun2024,2024-06-13T07:00:00Z,Jun2024,Optimal,SLATE_D,146287,134499,64619,48895,38191,71114,53484,12002,-1265868266,427063163,368893360,348027478,13744477
ASP_2406_23,Coker_Max_Run_Jun2024,2024-06-06T14:00:00Z,Jun2024,Optimal,SLATE_E,146287,134499,64619,48895,38191,62789,61977,16715,-1169609572,484000944,264707691,412751172,14783756
ASP_2406_24,Product_Demand_High_Jun2024,2024-06-23T14:00:00Z,Jun2024,Optimal,SLATE_B,146287,134499,64619,48895,38191,65410,58704,14351,-1162641389,391826597,298815796,399487460,13610048
ASP_2406_25,Base_Case_Jun2024,2024-06-21T00:00:00Z,Jun2024,Optimal,SLATE_E,146287,134499,64619,48895,38191,63763,55664,14230,-1080297408,368857130,376315221,348464478,13339421
ASP_2406_26,High_Crude_Price_Jun2024,2024-06-21T21:00:00Z,Jun2024,Optimal,SLATE_E,146287,134499,64619,48895,38191,58298,52995,15723,-979496475,434685232,296279718,346649889,12944757
ASP_2406_27,Max_Diesel_Mode_Jun2024,2024-06-16T11:00:00Z,Jun2024,Optimal,SLATE_A,146287,134499,64619,48895,38191,57255,63965,14564,-1068208088,372169408,310137622,348678164,13644157
ASP_2406_28,Min_Fuel_Oil_Jun2024,2024-06-13T10:00:00Z,Jun2024,Optimal,SLATE_F,146287,134499,64619,48895,38191,62262,57240,12668,-1125171443,363262325,374595237,368624320,14082422
ASP_2406_29,Heavy_Crude_Slate_Jun2024,2024-06-11T12:00:00Z,Jun2024,Optimal,SLATE_E,146287,134499,64619,48895,38191,55010,54817,18304,-1023680574,502249801,284303478,363983777,13114195
ASP_2406_30,Light_Sweet_Slate_Jun2024,2024-06-16T01:00:00Z,Jun2024,Optimal,SLATE_D,146287,134499,64619,48895,38191,65928,54639,12002,-1275945413,401583079,373629756,377684456,13660315
ASP_2406_31,Coker_Max_Run_Jun2024,2024-06-20T02:00:00Z,Jun2024,Optimal,SLATE_F,146287,134499,64619,48895,38191,62772,62389,15982,-1032458017,384960568,267511218,374975837,15233880
ASP_2406_32,Product_Demand_High_Jun2024,2024-06-26T07:00:00Z,Jun2024,Optimal,SLATE_C,146287,134499,64619,48895,38191,65082,58058,13645,-1282593549,495173791,372161969,334776101,14525241
ASP_2406_33,Base_Case_Jun2024,2024-06-07T10:00:00Z,Jun2024,Optimal,SLATE_D,146287,134499,64619,48895,38191,62083,55035,15336,-1006297178,385073725,283358159,351548553,13683259
ASP_2406_34,High_Crude_Price_Jun2024,2024-06-05T18:00:00Z,Jun2024,Optimal,SLATE_E,146287,134499,64619,48895,38191,61320,52697,14636,-985878348,400880530,348150351,335174093,12598074
ASP_2406_35,Max_Diesel_Mode_Jun2024,2024-06-19T08:00:00Z,Jun2024,Optimal,SLATE_B,146287,134499,64619,48895,38191,56427,65486,13601,-1124604416,379845156,295949115,409725214,14467660
ASP_2406_36,Min_Fuel_Oil_Jun2024,2024-06-02T17:00:00Z,Jun2024,Optimal,SLATE_D,146287,134499,64619,48895,38191,65672,60712,12958,-1263271397,477398138,364784298,399357349,15062700
ASP_2407_01,Base_Case_Jul2024,2024-07-19T17:00:00Z,Jul2024,Optimal,SLATE_C,137424,134814,58172,54066,27377,59289,58511,14579,-998845210,340921249,284605237,386713051,13394327
ASP_2407_02,High_Crude_Price_Jul2024,2024-07-15T22:00:00Z,Jul2024,Optimal,SLATE_D,137424,134814,58172,54066,27377,53782,55036,15369,-908506272,406557046,284682997,308695974,12429199
ASP_2407_03,Max_Diesel_Mode_Jul2024,2024-07-11T08:00:00Z,Jul2024,Optimal,SLATE_A,137424,134814,58172,54066,27377,52476,68271,14860,-943523661,336434125,248277499,327950358,14068019
ASP_2407_04,Min_Fuel_Oil_Jul2024,2024-07-04T05:00:00Z,Jul2024,Optimal,SLATE_C,137424,134814,58172,54066,27377,59939,60400,12360,-1018498001,400869371,273883812,326836643,12756815
ASP_2407_05,Heavy_Crude_Slate_Jul2024,2024-07-18T14:00:00Z,Jul2024,Optimal,SLATE_B,137424,134814,58172,54066,27377,50153,53855,17288,-918642535,428264513,305657534,299005202,12213321
ASP_2407_06,Light_Sweet_Slate_Jul2024,2024-07-18T07:00:00Z,Jul2024,Optimal,SLATE_D,137424,134814,58172,54066,27377,62262,57777,12415,-1250965009,455713431,301466652,373670428,13917467
ASP_2407_07,Coker_Max_Run_Jul2024,2024-07-20T15:00:00Z,Jul2024,Optimal,SLATE_C,137424,134814,58172,54066,27377,58755,57226,16133,-1035428558,391537958,265244438,372312561,13968919
ASP_2407_08,Product_Demand_High_Jul2024,2024-07-12T22:00:00Z,Jul2024,Optimal,SLATE_E,137424,134814,58172,54066,27377,61262,61198,14121,-1198796885,424941396,356822174,342370959,14137413
ASP_2407_09,Base_Case_Jul2024,2024-07-11T09:00:00Z,Jul2024,Optimal,SLATE_A,137424,134814,58172,54066,27377,58883,57808,14734,-914136643,332777279,298881134,295459721,12981491
ASP_2407_10,High_Crude_Price_Jul2024,2024-07-18T04:00:00Z,Jul2024,Optimal,SLATE_F,137424,134814,58172,54066,27377,54519,56282,14611,-852062935,339763301,275469475,323355703,12433114
ASP_2407_11,Max_Diesel_Mode_Jul2024,2024-07-27T16:00:00Z,Jul2024,Optimal,SLATE_B,137424,134814,58172,54066,27377,52609,67272,14896,-976280121,321942484,294782018,326586399,13520309
ASP_2407_12,Min_Fuel_Oil_Jul2024,2024-07-02T13:00:00Z,Jul2024,Optimal,SLATE_F,137424,134814,58172,54066,27377,58014,59317,12552,-1032861096,382367490,267650988,366380036,13620750
ASP_2407_13,Heavy_Crude_Slate_Jul2024,2024-07-04T12:00:00Z,Jul2024,Optimal,SLATE_F,137424,134814,58172,54066,27377,53877,54586,18085,-914238490,449989805,250715461,328112809,12997530
ASP_2407_14,Light_Sweet_Slate_Jul2024,2024-07-23T09:00:00Z,Jul2024,Optimal,SLATE_A,137424,134814,58172,54066,27377,63749,54418,11983,-1263809141,474743049,291277058,375265822,12884910
ASP_2407_15,Coker_Max_Run_Jul2024,2024-07-05T21:00:00Z,Jul2024,Optimal,SLATE_F,137424,134814,58172,54066,27377,53488,61178,16182,-1091052669,444705888,251644175,386350703,13041286
ASP_2407_16,Product_Demand_High_Jul2024,2024-07-27T05:00:00Z,Jul2024,Optimal,SLATE_C,137424,134814,58172,54066,27377,63599,59160,14859,-1060421695,391904542,255090936,349017841,14141379
ASP_2407_17,Base_Case_Jul2024,2024-07-11T18:00:00Z,Jul2024,Optimal,SLATE_D,137424,134814,58172,54066,27377,55949,55757,15811,-976337810,323280138,283419451,382912602,13274381
ASP_2407_18,High_Crude_Price_Jul2024,2024-07-17T08:00:00Z,Jul2024,Optimal,SLATE_C,137424,134814,58172,54066,27377,51791,56859,14595,-891013792,411298395,260429254,309285920,12520316
ASP_2407_19,Max_Diesel_Mode_Jul2024,2024-07-10T02:00:00Z,Jul2024,Optimal,SLATE_A,137424,134814,58172,54066,27377,51942,64104,14645,-1213700196,477783782,315787009,375303138,12968980
ASP_2407_20,Min_Fuel_Oil_Jul2024,2024-07-24T10:00:00Z,Jul2024,Optimal,SLATE_B,137424,134814,58172,54066,27377,57881,60339,12654,-1159159908,465587482,310277817,362752543,13219873
ASP_2407_21,Heavy_Crude_Slate_Jul2024,2024-07-20T06:00:00Z,Jul2024,Optimal,SLATE_B,137424,134814,58172,54066,27377,50578,58513,18023,-921156629,346490600,312746224,377595296,13324754
ASP_2407_22,Light_Sweet_Slate_Jul2024,2024-07-27T00:00:00Z,Jul2024,Optimal,SLATE_C,137424,134814,58172,54066,27377,60049,53904,11887,-1141491649,342887621,331500349,357870265,13069262
ASP_2407_23,Coker_Max_Run_Jul2024,2024-07-25T00:00:00Z,Jul2024,Optimal,SLATE_C,137424,134814,58172,54066,27377,56181,57747,16354,-1022563000,411889764,281376864,322234962,12988844
ASP_2407_24,Product_Demand_High_Jul2024,2024-07-05T20:00:00Z,Jul2024,Optimal,SLATE_D,137424,134814,58172,54066,27377,60408,62527,13611,-1114895760,371867007,333098170,342035425,14689713
ASP_2407_25,Base_Case_Jul2024,2024-07-08T15:00:00Z,Jul2024,Optimal,SLATE_B,137424,134814,58172,54066,27377,56624,56012,14923,-1044303276,407545150,269198064,380172378,12612316
ASP_2407_26,High_Crude_Price_Jul2024,2024-07-21T04:00:00Z,Jul2024,Optimal,SLATE_C,137424,134814,58172,54066,27377,52376,53749,15119,-846455780,332423686,309362814,290319407,12045276
ASP_2407_27,Max_Diesel_Mode_Jul2024,2024-07-27T06:00:00Z,Jul2024,Optimal,SLATE_E,137424,134814,58172,54066,27377,51737,67346,14423,-1043561837,354165792,262682180,390898285,13877840
ASP_2407_28,Min_Fuel_Oil_Jul2024,2024-07-20T22:00:00Z,Jul2024,Optimal,SLATE_F,137424,134814,58172,54066,27377,57170,56090,12795,-1156571435,462162734,355968738,318317917,13564500
ASP_2407_29,Heavy_Crude_Slate_Jul2024,2024-07-27T12:00:00Z,Jul2024,Optimal,SLATE_C,137424,134814,58172,54066,27377,52007,55603,17870,-866722187,323157865,312534050,340280410,12947672
ASP_2407_30,Light_Sweet_Slate_Jul2024,2024-07-05T04:00:00Z,Jul2024,Optimal,SLATE_C,137424,134814,58172,54066,27377,64577,55833,11450,-1060671440,376581496,257225567,326148534,12927525
ASP_2407_31,Coker_Max_Run_Jul2024,2024-07-02T20:00:00Z,Jul2024,Optimal,SLATE_C,137424,134814,58172,54066,27377,57791,60429,16915,-987668069,353546639,319553402,307850954,12648966
ASP_2407_32,Product_Demand_High_Jul2024,2024-07-25T09:00:00Z,Jul2024,Optimal,SLATE_D,137424,134814,58172,54066,27377,62512,58818,15007,-1244450118,448341589,346169056,371641075,13883092
ASP_2407_33,Base_Case_Jul2024,2024-07-09T01:00:00Z,Jul2024,Optimal,SLATE_F,137424,134814,58172,54066,27377,56773,54377,14569,-991679822,368063208,302169598,334571909,13124893
ASP_2407_34,High_Crude_Price_Jul2024,2024-07-13T19:00:00Z,Jul2024,Optimal,SLATE_C,137424,134814,58172,54066,27377,53251,54598,15357,-942855190,421092040,282317904,333864317,12431663
ASP_2407_35,Max_Diesel_Mode_Jul2024,2024-07-24T07:00:00Z,Jul2024,Optimal,SLATE_F,137424,134814,58172,54066,27377,53930,65995,14345,-1083026544,428941495,271438566,345058392,13984601
ASP_2407_36,Min_Fuel_Oil_Jul2024,2024-07-01T07:00:00Z,Jul2024,Optimal,SLATE_F,137424,134814,58172,54066,27377,57807,59117,13122,-994277479,394761938,254157671,329160449,12762117
ASP_2408_01,Base_Case_Aug2024,2024-08-14T04:00:00Z,Aug2024,Optimal,SLATE_A,164157,160753,62349,42637,36887,68336,65520,22219,-1247613620,472556317,329545961,461022848,15511506
ASP_2408_02,High_Crude_Price_Aug2024,2024-08-15T20:00:00Z,Aug2024,Optimal,SLATE_A,164157,160753,62349,42637,36887,59475,59765,22575,-1074009867,406446623,311845958,463250057,14140608
ASP_2408_03,Max_Diesel_Mode_Aug2024,2024-08-25T12:00:00Z,Aug2024,Optimal,SLATE_C,164157,160753,62349,42637,36887,59251,71799,20877,-1398077448,546856230,362577592,436929942,14861432
ASP_2408_04,Min_Fuel_Oil_Aug2024,2024-08-15T12:00:00Z,Aug2024,Optimal,SLATE_F,164157,160753,62349,42637,36887,65860,64222,19577,-1368671013,546519127,333431269,463717755,14861342
ASP_2408_05,Heavy_Crude_Slate_Aug2024,2024-08-02T13:00:00Z,Aug2024,Optimal,SLATE_E,164157,160753,62349,42637,36887,56654,61385,26400,-1295341488,570482875,418731296,464216969,14162819
ASP_2408_06,Light_Sweet_Slate_Aug2024,2024-08-13T14:00:00Z,Aug2024,Optimal,SLATE_E,164157,160753,62349,42637,36887,69629,60915,18887,-1305284237,491349882,308975435,380289491,15182453
ASP_2408_07,Coker_Max_Run_Aug2024,2024-08-01T05:00:00Z,Aug2024,Optimal,SLATE_F,164157,160753,62349,42637,36887,65639,67180,24619,-1092971999,409425276,324352054,353323652,15559806
ASP_2408_08,Product_Demand_High_Aug2024,2024-08-20T07:00:00Z,Aug2024,Optimal,SLATE_B,164157,160753,62349,42637,36887,68017,68311,20684,-1322771730,565654503,321148226,353653798,15667888
ASP_2408_09,Base_Case_Aug2024,2024-08-02T18:00:00Z,Aug2024,Optimal,SLATE_E,164157,160753,62349,42637,36887,65810,63536,21921,-1258828677,488607972,325401304,459676010,14856609
ASP_2408_10,High_Crude_Price_Aug2024,2024-08-08T18:00:00Z,Aug2024,Optimal,SLATE_B,164157,160753,62349,42637,36887,65108,60736,23571,-1009786430,408346308,352684939,352057226,15494527
ASP_2408_11,Max_Diesel_Mode_Aug2024,2024-08-06T14:00:00Z,Aug2024,Optimal,SLATE_E,164157,160753,62349,42637,36887,59981,74942,22170,-1208126131,488878488,308629014,369274883,16186069
ASP_2408_12,Min_Fuel_Oil_Aug2024,2024-08-25T22:00:00Z,Aug2024,Optimal,SLATE_A,164157,160753,62349,42637,36887,63705,65031,20205,-1155834082,382028897,408383286,346665822,14908993
ASP_2408_13,Heavy_Crude_Slate_Aug2024,2024-08-19T16:00:00Z,Aug2024,Optimal,SLATE_A,164157,160753,62349,42637,36887,57513,60595,27578,-1235372081,537497065,402031885,447003642,13896946
ASP_2408_14,Light_Sweet_Slate_Aug2024,2024-08-19T15:00:00Z,Aug2024,Optimal,SLATE_E,164157,160753,62349,42637,36887,74646,63722,18561,-1403774583,488706469,325931445,455005653,16273403
ASP_2408_15,Coker_Max_Run_Aug2024,2024-08-17T01:00:00Z,Aug2024,Optimal,SLATE_D,164157,160753,62349,42637,36887,65800,63279,25158,-1198665667,436322958,398474048,356045564,15680151
ASP_2408_16,Product_Demand_High_Aug2024,2024-08-21T14:00:00Z,Aug2024,Optimal,SLATE_C,164157,160753,62349,42637,36887,69421,65519,21122,-1328523695,423731913,361105808,461029998,15753186
ASP_2408_17,Base_Case_Aug2024,2024-08-12T05:00:00Z,Aug2024,Optimal,SLATE_A,164157,160753,62349,42637,36887,67052,60430,23677,-1209531188,521517405,316774453,385884117,14644787
ASP_2408_18,High_Crude_Price_Aug2024,2024-08-15T15:00:00Z,Aug2024,Optimal,SLATE_E,164157,160753,62349,42637,36887,62756,64041,22375,-1195286885,516502844,338245936,459973186,15497091
ASP_2408_19,Max_Diesel_Mode_Aug2024,2024-08-10T02:00:00Z,Aug2024,Optimal,SLATE_C,164157,160753,62349,42637,36887,60771,72359,20957,-1321637352,440347606,403285046,431095561,16025973
ASP_2408_20,Min_Fuel_Oil_Aug2024,2024-08-21T05:00:00Z,Aug2024,Optimal,SLATE_C,164157,160753,62349,42637,36887,63749,64345,19851,-1139032849,384689731,316586788,420119249,15538633
ASP_2408_21,Heavy_Crude_Slate_Aug2024,2024-08-20T18:00:00Z,Aug2024,Optimal,SLATE_F,164157,160753,62349,42637,36887,61453,61536,27626,-1098933084,439445133,369860976,426853678,15123026
ASP_2408_22,Light_Sweet_Slate_Aug2024,2024-08-17T03:00:00Z,Aug2024,Optimal,SLATE_E,164157,160753,62349,42637,36887,69963,64569,17988,-1378495340,471258674,321845969,453609545,15914777
ASP_2408_23,Coker_Max_Run_Aug2024,2024-08-17T06:00:00Z,Aug2024,Optimal,SLATE_C,164157,160753,62349,42637,36887,61697,64816,25382,-1370673225,551123865,368325939,439533703,15186227
ASP_2408_24,Product_Demand_High_Aug2024,2024-08-23T03:00:00Z,Aug2024,Optimal,SLATE_D,164157,160753,62349,42637,36887,69032,67243,22660,-1315213814,408775337,359540398,465884568,16409734
ASP_2408_25,Base_Case_Aug2024,2024-08-10T01:00:00Z,Aug2024,Optimal,SLATE_A,164157,160753,62349,42637,36887,67187,65518,22845,-1285226121,540908773,305315201,454098712,15096565
ASP_2408_26,High_Crude_Price_Aug2024,2024-08-13T00:00:00Z,Aug2024,Optimal,SLATE_E,164157,160753,62349,42637,36887,64528,62817,23276,-1068846892,499455689,323902514,353001132,14569234
ASP_2408_27,Max_Diesel_Mode_Aug2024,2024-08-17T07:00:00Z,Aug2024,Optimal,SLATE_C,164157,160753,62349,42637,36887,57962,72616,20794,-1199081287,474489947,297726478,384754026,14988272
ASP_2408_28,Min_Fuel_Oil_Aug2024,2024-08-16T20:00:00Z,Aug2024,Optimal,SLATE_F,164157,160753,62349,42637,36887,69002,64868,19003,-1250089767,487372159,366109960,376386721,16189454
ASP_2408_29,Heavy_Crude_Slate_Aug2024,2024-08-18T18:00:00Z,Aug2024,Optimal,SLATE_A,164157,160753,62349,42637,36887,61790,61682,26040,-1108925542,537377176,339315845,371371068,15924597
ASP_2408_30,Light_Sweet_Slate_Aug2024,2024-08-01T12:00:00Z,Aug2024,Optimal,SLATE_D,164157,160753,62349,42637,36887,71280,63795,17423,-1306605513,417316881,403793903,360417826,14916544
ASP_2408_31,Coker_Max_Run_Aug2024,2024-08-06T11:00:00Z,Aug2024,Optimal,SLATE_D,164157,160753,62349,42637,36887,65239,65978,26231,-1225469855,400223882,403800076,412304214,14887137
ASP_2408_32,Product_Demand_High_Aug2024,2024-08-15T19:00:00Z,Aug2024,Optimal,SLATE_C,164157,160753,62349,42637,36887,74422,67919,22222,-1425460579,528112229,386133866,421803977,16179165
ASP_2408_33,Base_Case_Aug2024,2024-08-26T19:00:00Z,Aug2024,Optimal,SLATE_A,164157,160753,62349,42637,36887,64405,62084,21633,-1296277149,515895867,340910676,454814476,15343870
ASP_2408_34,High_Crude_Price_Aug2024,2024-08-02T05:00:00Z,Aug2024,Optimal,SLATE_D,164157,160753,62349,42637,36887,64379,59993,23598,-1205213660,551136442,359392607,414334915,14849116
ASP_2408_35,Max_Diesel_Mode_Aug2024,2024-08-12T11:00:00Z,Aug2024,Optimal,SLATE_C,164157,160753,62349,42637,36887,60206,75313,21322,-1274818157,541760369,313723593,374935025,16306456
ASP_2408_36,Min_Fuel_Oil_Aug2024,2024-08-27T13:00:00Z,Aug2024,Optimal,SLATE_E,164157,160753,62349,42637,36887,67684,66880,19455,-1241416466,557998865,298537663,363462353,14740176
ASP_2409_01,Base_Case_Sep2024,2024-09-01T01:00:00Z,Sep2024,Optimal,SLATE_D,159795,158605,79569,60069,24694,73959,50473,19006,-1190139178,401748718,395117809,406884836,13612185
ASP_2409_02,High_Crude_Price_Sep2024,2024-09-21T07:00:00Z,Sep2024,Optimal,SLATE_A,159795,158605,79569,60069,24694,68427,48612,19536,-1124414448,499425311,327371598,409499096,14106387
ASP_2409_03,Max_Diesel_Mode_Sep2024,2024-09-01T04:00:00Z,Sep2024,Optimal,SLATE_C,159795,158605,79569,60069,24694,66624,59352,19006,-1220180542,426680029,317614255,431716030,13933607
ASP_2409_04,Min_Fuel_Oil_Sep2024,2024-09-26T05:00:00Z,Sep2024,Optimal,SLATE_B,159795,158605,79569,60069,24694,73094,54654,15962,-1190954861,416509331,355112775,399848782,15204032
ASP_2409_05,Heavy_Crude_Slate_Sep2024,2024-09-16T12:00:00Z,Sep2024,Optimal,SLATE_A,159795,158605,79569,60069,24694,64507,52607,23669,-1058840921,449419283,389428614,351681782,14039766
ASP_2409_06,Light_Sweet_Slate_Sep2024,2024-09-27T01:00:00Z,Sep2024,Optimal,SLATE_F,159795,158605,79569,60069,24694,77302,50701,15508,-1310641302,489685531,319926292,374857122,14253496
ASP_2409_07,Coker_Max_Run_Sep2024,2024-09-26T18:00:00Z,Sep2024,Optimal,SLATE_E,159795,158605,79569,60069,24694,71999,55026,21013,-1184601322,515843307,305812322,354150478,14432261
ASP_2409_08,Product_Demand_High_Sep2024,2024-09-03T01:00:00Z,Sep2024,Optimal,SLATE_B,159795,158605,79569,60069,24694,81407,55765,18818,-1359443279,537206149,293579306,444149101,16190779
ASP_2409_09,Base_Case_Sep2024,2024-09-04T05:00:00Z,Sep2024,Optimal,SLATE_C,159795,158605,79569,60069,24694,70413,54038,18370,-1185013720,448966511,336756716,413953526,14663033
ASP_2409_10,High_Crude_Price_Sep2024,2024-09-22T20:00:00Z,Sep2024,Optimal,SLATE_C,159795,158605,79569,60069,24694,69030,49722,20121,-1069118261,451239207,357407331,367817290,14378761
ASP_2409_11,Max_Diesel_Mode_Sep2024,2024-09-02T12:00:00Z,Sep2024,Optimal,SLATE_B,159795,158605,79569,60069,24694,68318,61282,18462,-1236535304,450210024,299080316,442319206,13956875
ASP_2409_12,Min_Fuel_Oil_Sep2024,2024-09-08T15:00:00Z,Sep2024,Optimal,SLATE_F,159795,158605,79569,60069,24694,73640,52460,16945,-1217052543,409571764,388763734,397908190,14639277
ASP_2409_13,Heavy_Crude_Slate_Sep2024,2024-09-26T19:00:00Z,Sep2024,Optimal,SLATE_F,159795,158605,79569,60069,24694,66319,50849,21898,-1116877537,528551247,333558620,393139377,14274202
ASP_2409_14,Light_Sweet_Slate_Sep2024,2024-09-04T18:00:00Z,Sep2024,Optimal,SLATE_A,159795,158605,79569,60069,24694,79977,51261,15022,-1259037162,441948882,352903552,343506296,14218406
ASP_2409_15,Coker_Max_Run_Sep2024,2024-09-23T21:00:00Z,Sep2024,Optimal,SLATE_A,159795,158605,79569,60069,24694,73514,53165,20988,-1331023594,480108542,394491095,445199793,14874337
ASP_2409_16,Product_Demand_High_Sep2024,2024-09-21T05:00:00Z,Sep2024,Optimal,SLATE_E,159795,158605,79569,60069,24694,78361,54131,18500,-1293630244,414105543,354001668,445377849,15679278
ASP_2409_17,Base_Case_Sep2024,2024-09-12T02:00:00Z,Sep2024,Optimal,SLATE_F,159795,158605,79569,60069,24694,70042,52212,19152,-1075469300,379746330,288153249,421171233,13601512
ASP_2409_18,High_Crude_Price_Sep2024,2024-09-16T16:00:00Z,Sep2024,Optimal,SLATE_C,159795,158605,79569,60069,24694,67747,50649,18629,-1194368172,537924766,374938790,399732712,14369994
ASP_2409_19,Max_Diesel_Mode_Sep2024,2024-09-09T07:00:00Z,Sep2024,Optimal,SLATE_A,159795,158605,79569,60069,24694,64487,60685,17505,-1177261935,451711536,295154776,389075400,14739869
ASP_2409_20,Min_Fuel_Oil_Sep2024,2024-09-01T18:00:00Z,Sep2024,Optimal,SLATE_C,159795,158605,79569,60069,24694,72739,51697,16379,-1347038056,536238796,355567083,429420149,13422090
ASP_2409_21,Heavy_Crude_Slate_Sep2024,2024-09-10T18:00:00Z,Sep2024,Optimal,SLATE_E,159795,158605,79569,60069,24694,64202,49024,23150,-1159599939,556204426,306577727,439461825,13799601
ASP_2409_22,Light_Sweet_Slate_Sep2024,2024-09-18T16:00:00Z,Sep2024,Optimal,SLATE_C,159795,158605,79569,60069,24694,83849,49787,15784,-1267985865,375020232,362766681,409224402,14881078
ASP_2409_23,Coker_Max_Run_Sep2024,2024-09-18T14:00:00Z,Sep2024,Optimal,SLATE_D,159795,158605,79569,60069,24694,75075,56627,21306,-1197278126,510237017,309760563,369783862,15979357
ASP_2409_24,Product_Demand_High_Sep2024,2024-09-03T10:00:00Z,Sep2024,Optimal,SLATE_F,159795,158605,79569,60069,24694,80873,53608,18391,-1257255165,468611220,353717324,357359030,15562421
ASP_2409_25,Base_Case_Sep2024,2024-09-13T03:00:00Z,Sep2024,Optimal,SLATE_A,159795,158605,79569,60069,24694,70744,54990,19758,-1142298516,431075778,372076646,354639821,15493729
ASP_2409_26,High_Crude_Price_Sep2024,2024-09-23T10:00:00Z,Sep2024,Optimal,SLATE_F,159795,158605,79569,60069,24694,68627,48776,19065,-1171490372,557528574,385125095,343982892,13277461
ASP_2409_27,Max_Diesel_Mode_Sep2024,2024-09-27T15:00:00Z,Sep2024,Optimal,SLATE_B,159795,158605,79569,60069,24694,66536,58290,18756,-1244680367,438433756,364090868,397987471,15102221
ASP_2409_28,Min_Fuel_Oil_Sep2024,2024-09-07T13:00:00Z,Sep2024,Optimal,SLATE_D,159795,158605,79569,60069,24694,74040,52099,16411,-1176631329,484887508,317214478,355458427,15199899
ASP_2409_29,Heavy_Crude_Slate_Sep2024,2024-09-07T02:00:00Z,Sep2024,Optimal,SLATE_B,159795,158605,79569,60069,24694,63483,53213,23488,-1154066277,494350371,395839722,406840038,14734267
ASP_2409_30,Light_Sweet_Slate_Sep2024,2024-09-09T11:00:00Z,Sep2024,Optimal,SLATE_F,159795,158605,79569,60069,24694,81220,50199,14977,-1203660370,368243092,325484920,395661954,14693207
ASP_2409_31,Coker_Max_Run_Sep2024,2024-09-19T07:00:00Z,Sep2024,Optimal,SLATE_F,159795,158605,79569,60069,24694,71119,54712,21880,-1307316373,516994122,379530666,400282774,15124843
ASP_2409_32,Product_Demand_High_Sep2024,2024-09-25T09:00:00Z,Sep2024,Optimal,SLATE_F,159795,158605,79569,60069,24694,78185,53642,18467,-1152337391,371175528,351661300,359047369,14905131
ASP_2409_33,Base_Case_Sep2024,2024-09-19T06:00:00Z,Sep2024,Optimal,SLATE_F,159795,158605,79569,60069,24694,74266,53174,18516,-1272139474,552992647,316195968,417037877,14087018
ASP_2409_34,High_Crude_Price_Sep2024,2024-09-02T08:00:00Z,Sep2024,Optimal,SLATE_B,159795,158605,79569,60069,24694,72665,51298,19277,-1191170583,522754060,370424547,416289106,14717079
ASP_2409_35,Max_Diesel_Mode_Sep2024,2024-09-18T00:00:00Z,Sep2024,Optimal,SLATE_B,159795,158605,79569,60069,24694,64181,59564,17509,-1097540978,423150019,293233927,342986426,14093250
ASP_2409_36,Min_Fuel_Oil_Sep2024,2024-09-25T14:00:00Z,Sep2024,Optimal,SLATE_D,159795,158605,79569,60069,24694,71549,51692,16357,-1161980222,468176929,321258300,353413063,14712154
ASP_2410_01,Base_Case_Oct2024,2024-10-09T10:00:00Z,Oct2024,Optimal,SLATE_D,152481,143024,67686,43967,38694,64128,55946,20258,-988556531,363833806,310721429,327968665,13967369
ASP_2410_02,High_Crude_Price_Oct2024,2024-10-25T20:00:00Z,Oct2024,Optimal,SLATE_A,152481,143024,67686,43967,38694,63384,56138,21474,-1006445491,381498591,335556061,391563208,14655369
ASP_2410_03,Max_Diesel_Mode_Oct2024,2024-10-17T09:00:00Z,Oct2024,Optimal,SLATE_E,152481,143024,67686,43967,38694,61252,64739,19824,-1258576940,527792413,358409890,326942547,14500145
ASP_2410_04,Min_Fuel_Oil_Oct2024,2024-10-01T02:00:00Z,Oct2024,Optimal,SLATE_F,152481,143024,67686,43967,38694,67244,61451,17024,-1069933294,385121611,312824278,356059300,15235000
ASP_2410_05,Heavy_Crude_Slate_Oct2024,2024-10-05T21:00:00Z,Oct2024,Optimal,SLATE_B,152481,143024,67686,43967,38694,62691,54744,24930,-950498812,388623365,345035618,336403239,13952430
ASP_2410_06,Light_Sweet_Slate_Oct2024,2024-10-01T01:00:00Z,Oct2024,Optimal,SLATE_E,152481,143024,67686,43967,38694,70712,58826,16038,-1156702356,375664421,313767593,358053406,14715459
ASP_2410_07,Coker_Max_Run_Oct2024,2024-10-27T11:00:00Z,Oct2024,Optimal,SLATE_E,152481,143024,67686,43967,38694,63374,63561,22316,-1029320385,359041745,319514090,345647911,15066113
ASP_2410_08,Product_Demand_High_Oct2024,2024-10-16T07:00:00Z,Oct2024,Optimal,SLATE_D,152481,143024,67686,43967,38694,71485,60459,19827,-1169609928,426344007,302253263,368928321,14553435
ASP_2410_09,Base_Case_Oct2024,2024-10-01T01:00:00Z,Oct2024,Optimal,SLATE_D,152481,143024,67686,43967,38694,66343,59677,20807,-1174907156,400051672,391002145,398186120,14332781
ASP_2410_10,High_Crude_Price_Oct2024,2024-10-27T08:00:00Z,Oct2024,Optimal,SLATE_F,152481,143024,67686,43967,38694,64089,55397,21733,-945712229,359148453,345031775,337606875,13839027
ASP_2410_11,Max_Diesel_Mode_Oct2024,2024-10-03T10:00:00Z,Oct2024,Optimal,SLATE_A,152481,143024,67686,43967,38694,59004,70317,20833,-1222090458,454146559,305373484,419463621,15087989
ASP_2410_12,Min_Fuel_Oil_Oct2024,2024-10-13T13:00:00Z,Oct2024,Optimal,SLATE_A,152481,143024,67686,43967,38694,69429,61356,17623,-1311607707,529122920,331701271,427603680,15022330
ASP_2410_13,Heavy_Crude_Slate_Oct2024,2024-10-24T14:00:00Z,Oct2024,Optimal,SLATE_D,152481,143024,67686,43967,38694,56938,57530,25689,-967253004,452665198,283019729,353190001,14149367
ASP_2410_14,Light_Sweet_Slate_Oct2024,2024-10-23T10:00:00Z,Oct2024,Optimal,SLATE_A,152481,143024,67686,43967,38694,73590,56259,17530,-1122541068,403550099,282696675,331806558,15784521
ASP_2410_15,Coker_Max_Run_Oct2024,2024-10-14T04:00:00Z,Oct2024,Optimal,SLATE_E,152481,143024,67686,43967,38694,66106,60390,23845,-1078705937,351344921,353449647,367862801,15102528
ASP_2410_16,Product_Demand_High_Oct2024,2024-10-08T21:00:00Z,Oct2024,Optimal,SLATE_E,152481,143024,67686,43967,38694,70542,63411,19290,-1152099685,367668257,329709891,384211353,14830533
ASP_2410_17,Base_Case_Oct2024,2024-10-19T15:00:00Z,Oct2024,Optimal,SLATE_D,152481,143024,67686,43967,38694,64836,55970,20292,-1177297121,525703443,280674150,385335625,14416097
ASP_2410_18,High_Crude_Price_Oct2024,2024-10-19T21:00:00Z,Oct2024,Optimal,SLATE_F,152481,143024,67686,43967,38694,64876,53697,20421,-1053765545,362443285,362252446,434471845,13770244
ASP_2410_19,Max_Diesel_Mode_Oct2024,2024-10-23T18:00:00Z,Oct2024,Optimal,SLATE_D,152481,143024,67686,43967,38694,57365,69414,19211,-1309487908,533354066,323410776,404575077,14208578
ASP_2410_20,Min_Fuel_Oil_Oct2024,2024-10-17T21:00:00Z,Oct2024,Optimal,SLATE_B,152481,143024,67686,43967,38694,66905,58733,17534,-1190790053,441088000,324396750,404734950,14112852
ASP_2410_21,Heavy_Crude_Slate_Oct2024,2024-10-03T00:00:00Z,Oct2024,Optimal,SLATE_B,152481,143024,67686,43967,38694,57288,54564,24411,-1023673425,503449837,292403771,354979780,13418471
ASP_2410_22,Light_Sweet_Slate_Oct2024,2024-10-25T19:00:00Z,Oct2024,Optimal,SLATE_D,152481,143024,67686,43967,38694,76511,57376,16310,-1224142836,358447710,317918010,431667203,15048248
ASP_2410_23,Coker_Max_Run_Oct2024,2024-10-07T17:00:00Z,Oct2024,Optimal,SLATE_B,152481,143024,67686,43967,38694,66732,62215,22728,-1123188172,447111825,302125902,367248473,15321325
ASP_2410_24,Product_Demand_High_Oct2024,2024-10-04T18:00:00Z,Oct2024,Optimal,SLATE_F,152481,143024,67686,43967,38694,68495,65043,20068,-1227244770,392524469,342897879,416881087,15965685
ASP_2410_25,Base_Case_Oct2024,2024-10-05T17:00:00Z,Oct2024,Optimal,SLATE_A,152481,143024,67686,43967,38694,65001,61073,20094,-1165207749,428599576,336968374,414150386,14510587
ASP_2410_26,High_Crude_Price_Oct2024,2024-10-04T19:00:00Z,Oct2024,Optimal,SLATE_F,152481,143024,67686,43967,38694,61785,55606,22432,-960165288,352400511,336587843,367755378,13085810
ASP_2410_27,Max_Diesel_Mode_Oct2024,2024-10-19T15:00:00Z,Oct2024,Optimal,SLATE_D,152481,143024,67686,43967,38694,57609,68010,20256,-1175375090,513220123,282320035,338934759,15070069
ASP_2410_28,Min_Fuel_Oil_Oct2024,2024-10-19T20:00:00Z,Oct2024,Optimal,SLATE_C,152481,143024,67686,43967,38694,67203,61773,18461,-1108943649,394615019,296794445,400941368,15706512
ASP_2410_29,Heavy_Crude_Slate_Oct2024,2024-10-09T22:00:00Z,Oct2024,Optimal,SLATE_B,152481,143024,67686,43967,38694,60681,58865,24619,-1077769500,470696438,373865256,367292003,14332030
ASP_2410_30,Light_Sweet_Slate_Oct2024,2024-10-05T05:00:00Z,Oct2024,Optimal,SLATE_D,152481,143024,67686,43967,38694,72172,57314,17505,-1181650160,402457225,339147643,328129961,14690043
ASP_2410_31,Coker_Max_Run_Oct2024,2024-10-05T00:00:00Z,Oct2024,Optimal,SLATE_A,152481,143024,67686,43967,38694,65387,63577,23838,-1049934341,350854195,312175065,382264792,15946658
ASP_2410_32,Product_Demand_High_Oct2024,2024-10-09T17:00:00Z,Oct2024,Optimal,SLATE_C,152481,143024,67686,43967,38694,74214,61485,20046,-1294885014,430904222,396256147,387806186,15998949
ASP_2410_33,Base_Case_Oct2024,2024-10-03T12:00:00Z,Oct2024,Optimal,SLATE_C,152481,143024,67686,43967,38694,67230,56366,21494,-1157344063,455738711,339521453,376704871,14620972
ASP_2410_34,High_Crude_Price_Oct2024,2024-10-08T03:00:00Z,Oct2024,Optimal,SLATE_B,152481,143024,67686,43967,38694,65930,57987,22408,-1042483011,385163942,360546796,401592056,14169086
ASP_2410_35,Max_Diesel_Mode_Oct2024,2024-10-21T03:00:00Z,Oct2024,Optimal,SLATE_D,152481,143024,67686,43967,38694,58839,67262,19338,-1248871920,484499575,342696463,377480013,15274222
ASP_2410_36,Min_Fuel_Oil_Oct2024,2024-10-21T18:00:00Z,Oct2024,Optimal,SLATE_C,152481,143024,67686,43967,38694,68193,57073,18629,-1285580722,533546993,390709042,337917359,14036770
ASP_2411_01,Base_Case_Nov2024,2024-11-25T00:00:00Z,Nov2024,Optimal,SLATE_C,174112,170712,93557,47226,29717,77997,69776,21760,-1186852040,451132724,384727018,368855379,17863081
ASP_2411_02,High_Crude_Price_Nov2024,2024-11-05T00:00:00Z,Nov2024,Optimal,SLATE_F,174112,170712,93557,47226,29717,72526,64295,21510,-1178675886,430404696,404013885,461893407,15142546
ASP_2411_03,Max_Diesel_Mode_Nov2024,2024-11-26T02:00:00Z,Nov2024,Optimal,SLATE_E,174112,170712,93557,47226,29717,70698,79096,19786,-1370811240,551613563,313507007,457082344,16668399
ASP_2411_04,Min_Fuel_Oil_Nov2024,2024-11-21T18:00:00Z,Nov2024,Optimal,SLATE_A,174112,170712,93557,47226,29717,76775,73826,18576,-1348992876,557686388,339466295,429955112,17405973
ASP_2411_05,Heavy_Crude_Slate_Nov2024,2024-11-04T14:00:00Z,Nov2024,Optimal,SLATE_C,174112,170712,93557,47226,29717,67393,68383,24402,-1084331394,502036547,314655345,403609615,15488846
ASP_2411_06,Light_Sweet_Slate_Nov2024,2024-11-09T00:00:00Z,Nov2024,Optimal,SLATE_C,174112,170712,93557,47226,29717,87368,68505,17295,-1466244440,480834927,377018492,467722860,16429457
ASP_2411_07,Coker_Max_Run_Nov2024,2024-11-05T04:00:00Z,Nov2024,Optimal,SLATE_C,174112,170712,93557,47226,29717,76861,75472,23684,-1356087028,546168285,385799664,415687171,18158033
ASP_2411_08,Product_Demand_High_Nov2024,2024-11-13T04:00:00Z,Nov2024,Optimal,SLATE_E,174112,170712,93557,47226,29717,80829,75394,20377,-1426673460,518062155,371343341,449186693,17598244
ASP_2411_09,Base_Case_Nov2024,2024-11-02T11:00:00Z,Nov2024,Optimal,SLATE_F,174112,170712,93557,47226,29717,75476,68713,20523,-1231129258,497675433,337017700,413311424,16875299
ASP_2411_10,High_Crude_Price_Nov2024,2024-11-16T10:00:00Z,Nov2024,Optimal,SLATE_D,174112,170712,93557,47226,29717,70450,69349,21700,-1152624637,445333768,341896405,481656964,16034270
ASP_2411_11,Max_Diesel_Mode_Nov2024,2024-11-09T11:00:00Z,Nov2024,Optimal,SLATE_D,174112,170712,93557,47226,29717,69906,78164,20870,-1437236134,526677640,431916661,427281615,17079597
ASP_2411_12,Min_Fuel_Oil_Nov2024,2024-11-25T13:00:00Z,Nov2024,Optimal,SLATE_F,174112,170712,93557,47226,29717,79633,73663,17287,-1224372556,419630620,399878988,386749045,17547433
ASP_2411_13,Heavy_Crude_Slate_Nov2024,2024-11-07T07:00:00Z,Nov2024,Optimal,SLATE_B,174112,170712,93557,47226,29717,67593,68715,25857,-1129616582,487737901,357757268,426377481,16743114
ASP_2411_14,Light_Sweet_Slate_Nov2024,2024-11-09T15:00:00Z,Nov2024,Optimal,SLATE_F,174112,170712,93557,47226,29717,87204,69065,17048,-1526009577,600301279,379408384,401095262,18296374
ASP_2411_15,Coker_Max_Run_Nov2024,2024-11-21T11:00:00Z,Nov2024,Optimal,SLATE_E,174112,170712,93557,47226,29717,75021,73923,24225,-1440212344,581244040,430762148,418563842,18597143
ASP_2411_16,Product_Demand_High_Nov2024,2024-11-03T15:00:00Z,Nov2024,Optimal,SLATE_B,174112,170712,93557,47226,29717,83318,76372,20477,-1462995951,571989721,392838965,408518929,18721734
ASP_2411_17,Base_Case_Nov2024,2024-11-27T02:00:00Z,Nov2024,Optimal,SLATE_E,174112,170712,93557,47226,29717,75521,71619,20354,-1291001183,434128677,404674052,469755015,17556561
ASP_2411_18,High_Crude_Price_Nov2024,2024-11-27T02:00:00Z,Nov2024,Optimal,SLATE_F,174112,170712,93557,47226,29717,76251,68103,20827,-1131779512,492203147,369318378,385361334,16687737
ASP_2411_19,Max_Diesel_Mode_Nov2024,2024-11-25T22:00:00Z,Nov2024,Optimal,SLATE_B,174112,170712,93557,47226,29717,68333,80038,19564,-1273200753,419898866,383663196,426907308,17897224
ASP_2411_20,Min_Fuel_Oil_Nov2024,2024-11-26T22:00:00Z,Nov2024,Optimal,SLATE_C,174112,170712,93557,47226,29717,74957,75011,18556,-1452684674,527846017,439114570,461205663,17792780
ASP_2411_21,Heavy_Crude_Slate_Nov2024,2024-11-01T14:00:00Z,Nov2024,Optimal,SLATE_D,174112,170712,93557,47226,29717,68809,69006,25937,-1155767812,519983936,320287032,459527928,15612438
ASP_2411_22,Light_Sweet_Slate_Nov2024,2024-11-05T19:00:00Z,Nov2024,Optimal,SLATE_F,174112,170712,93557,47226,29717,88500,65746,16081,-1582443422,530389282,437790405,462758010,18041784
ASP_2411_23,Coker_Max_Run_Nov2024,2024-11-08T05:00:00Z,Nov2024,Optimal,SLATE_E,174112,170712,93557,47226,29717,76222,74911,22121,-1285758473,476987950,378409907,422237426,17087760
ASP_2411_24,Product_Demand_High_Nov2024,2024-11-18T14:00:00Z,Nov2024,Optimal,SLATE_F,174112,170712,93557,47226,29717,80131,73020,19996,-1268498545,437988763,321219456,433278519,17951048
ASP_2411_25,Base_Case_Nov2024,2024-11-11T08:00:00Z,Nov2024,Optimal,SLATE_B,174112,170712,93557,47226,29717,77532,72009,20281,-1378224326,598176862,345498674,452258509,17709719
ASP_2411_26,High_Crude_Price_Nov2024,2024-11-12T02:00:00Z,Nov2024,Optimal,SLATE_E,174112,170712,93557,47226,29717,74973,67001,22338,-1221855498,558532264,332943136,453438604,16810201
ASP_2411_27,Max_Diesel_Mode_Nov2024,2024-11-10T11:00:00Z,Nov2024,Optimal,SLATE_E,174112,170712,93557,47226,29717,68784,80331,20347,-1476602532,585709704,405958585,431140454,16520617
ASP_2411_28,Min_Fuel_Oil_Nov2024,2024-11-26T15:00:00Z,Nov2024,Optimal,SLATE_B,174112,170712,93557,47226,29717,75339,72275,17716,-1282404856,494903295,363525179,403379578,16754793
ASP_2411_29,Heavy_Crude_Slate_Nov2024,2024-11-14T22:00:00Z,Nov2024,Optimal,SLATE_D,174112,170712,93557,47226,29717,68260,69029,25080,-1115000709,489831317,316742524,448556950,16241114
ASP_2411_30,Light_Sweet_Slate_Nov2024,2024-11-16T15:00:00Z,Nov2024,Optimal,SLATE_B,174112,170712,93557,47226,29717,82959,66591,16420,-1514530217,494890926,422282288,451565802,16479893
ASP_2411_31,Coker_Max_Run_Nov2024,2024-11-26T02:00:00Z,Nov2024,Optimal,SLATE_B,174112,170712,93557,47226,29717,71755,76492,22452,-1250379882,515093794,335404676,392104972,16740812
ASP_2411_32,Product_Demand_High_Nov2024,2024-11-05T22:00:00Z,Nov2024,Optimal,SLATE_E,174112,170712,93557,47226,29717,81341,73131,19278,-1332330516,522716003,349742975,378685366,17504977
ASP_2411_33,Base_Case_Nov2024,2024-11-25T15:00:00Z,Nov2024,Optimal,SLATE_E,174112,170712,93557,47226,29717,77980,72122,20340,-1245687113,429916577,349824774,484125396,18179634
ASP_2411_34,High_Crude_Price_Nov2024,2024-11-08T11:00:00Z,Nov2024,Optimal,SLATE_D,174112,170712,93557,47226,29717,74048,65595,21039,-1069539485,402203585,345338384,431947922,16946972
ASP_2411_35,Max_Diesel_Mode_Nov2024,2024-11-14T10:00:00Z,Nov2024,Optimal,SLATE_E,174112,170712,93557,47226,29717,71809,77101,20468,-1229262681,456505602,321933749,409170394,16883382
ASP_2411_36,Min_Fuel_Oil_Nov2024,2024-11-25T13:00:00Z,Nov2024,Optimal,SLATE_A,174112,170712,93557,47226,29717,80141,72567,17558,-1158158522,426690027,322142372,393115686,17522335
ASP_2412_01,Base_Case_Dec2024,2024-12-05T09:00:00Z,Dec2024,Optimal,SLATE_F,140219,126272,59426,49673,28617,66810,50628,17086,-1014071789,422123859,271811785,333610107,13473962
ASP_2412_02,High_Crude_Price_Dec2024,2024-12-12T05:00:00Z,Dec2024,Optimal,SLATE_F,140219,126272,59426,49673,28617,59775,47474,17832,-903754697,414310345,276336176,304010053,12314511
ASP_2412_03,Max_Diesel_Mode_Dec2024,2024-12-11T09:00:00Z,Dec2024,Optimal,SLATE_B,140219,126272,59426,49673,28617,56343,57611,15853,-1157822841,450513104,317492191,348225310,13542185
ASP_2412_04,Min_Fuel_Oil_Dec2024,2024-12-22T01:00:00Z,Dec2024,Optimal,SLATE_C,140219,126272,59426,49673,28617,65320,48796,14269,-1167389245,392644039,361959710,392087180,13303312
ASP_2412_05,Heavy_Crude_Slate_Dec2024,2024-12-21T17:00:00Z,Dec2024,Optimal,SLATE_F,140219,126272,59426,49673,28617,61010,47616,19366,-964613352,476238013,285123074,323017702,12586175
ASP_2412_06,Light_Sweet_Slate_Dec2024,2024-12-19T04:00:00Z,Dec2024,Optimal,SLATE_A,140219,126272,59426,49673,28617,69418,49715,13206,-1160798307,406844846,313431530,330335868,14185184
ASP_2412_07,Coker_Max_Run_Dec2024,2024-12-14T04:00:00Z,Dec2024,Optimal,SLATE_F,140219,126272,59426,49673,28617,63016,50470,17996,-1092287765,418411735,274501447,391702174,13744998
ASP_2412_08,Product_Demand_High_Dec2024,2024-12-13T10:00:00Z,Dec2024,Optimal,SLATE_D,140219,126272,59426,49673,28617,73860,53726,16109,-1083603863,343032709,312301258,362534401,14531457
ASP_2412_09,Base_Case_Dec2024,2024-12-08T06:00:00Z,Dec2024,Optimal,SLATE_F,140219,126272,59426,49673,28617,63268,50882,16286,-894907286,334441821,262553833,311127478,13215846
ASP_2412_10,High_Crude_Price_Dec2024,2024-12-11T03:00:00Z,Dec2024,Optimal,SLATE_D,140219,126272,59426,49673,28617,61845,45431,16832,-1063454958,425491431,363213836,379746379,12522343
ASP_2412_11,Max_Diesel_Mode_Dec2024,2024-12-19T09:00:00Z,Dec2024,Optimal,SLATE_D,140219,126272,59426,49673,28617,60442,56424,15276,-1083693958,382852824,267043796,395809078,13616214
ASP_2412_12,Min_Fuel_Oil_Dec2024,2024-12-13T10:00:00Z,Dec2024,Optimal,SLATE_B,140219,126272,59426,49673,28617,65480,49915,14845,-1078214156,359120133,330130327,371307075,13747674
ASP_2412_13,Heavy_Crude_Slate_Dec2024,2024-12-16T05:00:00Z,Dec2024,Optimal,SLATE_B,140219,126272,59426,49673,28617,60687,47891,21047,-968858325,448438300,323594908,317054816,12578774
ASP_2412_14,Light_Sweet_Slate_Dec2024,2024-12-17T10:00:00Z,Dec2024,Optimal,SLATE_C,140219,126272,59426,49673,28617,72015,48054,13312,-1206220870,452478622,330557570,307489548,13542820
ASP_2412_15,Coker_Max_Run_Dec2024,2024-12-04T10:00:00Z,Dec2024,Optimal,SLATE_F,140219,126272,59426,49673,28617,63008,52825,18443,-1049066795,341229195,354424819,346354204,13511360
ASP_2412_16,Product_Demand_High_Dec2024,2024-12-19T16:00:00Z,Dec2024,Optimal,SLATE_C,140219,126272,59426,49673,28617,73427,50012,16447,-1182291882,406156299,333563284,369429306,14434183
ASP_2412_17,Base_Case_Dec2024,2024-12-21T21:00:00Z,Dec2024,Optimal,SLATE_A,140219,126272,59426,49673,28617,65380,51002,16249,-1050476636,473433854,255987300,333886249,12830767
ASP_2412_18,High_Crude_Price_Dec2024,2024-12-12T19:00:00Z,Dec2024,Optimal,SLATE_C,140219,126272,59426,49673,28617,64538,47862,17034,-945542111,404216806,319422170,316974173,12849984
ASP_2412_19,Max_Diesel_Mode_Dec2024,2024-12-16T20:00:00Z,Dec2024,Optimal,SLATE_C,140219,126272,59426,49673,28617,59617,56906,15806,-1100783431,322610082,361442647,378219220,13906776
ASP_2412_20,Min_Fuel_Oil_Dec2024,2024-12-26T07:00:00Z,Dec2024,Optimal,SLATE_F,140219,126272,59426,49673,28617,67410,48453,14497,-1080553023,358798116,319329809,384169974,13217294
ASP_2412_21,Heavy_Crude_Slate_Dec2024,2024-12-26T01:00:00Z,Dec2024,Optimal,SLATE_D,140219,126272,59426,49673,28617,57606,46018,20249,-939360666,415540983,338486343,301943423,12236675
ASP_2412_22,Light_Sweet_Slate_Dec2024,2024-12-11T03:00:00Z,Dec2024,Optimal,SLATE_B,140219,126272,59426,49673,28617,69487,47684,13288,-1161425677,412451231,323033763,315036775,13534557
ASP_2412_23,Coker_Max_Run_Dec2024,2024-12-11T13:00:00Z,Dec2024,Optimal,SLATE_C,140219,126272,59426,49673,28617,62443,48719,17658,-1194935043,471538343,320435584,393266481,13735463
ASP_2412_24,Product_Demand_High_Dec2024,2024-12-22T04:00:00Z,Dec2024,Optimal,SLATE_A,140219,126272,59426,49673,28617,72790,50396,15835,-1138247886,384100478,343753372,340208071,14128693
ASP_2412_25,Base_Case_Dec2024,2024-12-27T20:00:00Z,Dec2024,Optimal,SLATE_D,140219,126272,59426,49673,28617,66913,50179,16619,-1000020024,358802500,357563829,296876217,13222522
ASP_2412_26,High_Crude_Price_Dec2024,2024-12-18T07:00:00Z,Dec2024,Optimal,SLATE_E,140219,126272,59426,49673,28617,60957,47577,17860,-925832846,393034812,258755485,367015571,12465817
ASP_2412_27,Max_Diesel_Mode_Dec2024,2024-12-23T15:00:00Z,Dec2024,Optimal,SLATE_F,140219,126272,59426,49673,28617,60892,54144,15436,-1127607283,357763608,361377202,367450085,12679196
ASP_2412_28,Min_Fuel_Oil_Dec2024,2024-12-08T05:00:00Z,Dec2024,Optimal,SLATE_A,140219,126272,59426,49673,28617,64418,48447,14174,-1181754313,421741184,346395095,392944544,13746538
ASP_2412_29,Heavy_Crude_Slate_Dec2024,2024-12-01T21:00:00Z,Dec2024,Optimal,SLATE_C,140219,126272,59426,49673,28617,61406,50179,19635,-916397509,372621611,329387426,328870426,12660008
ASP_2412_30,Light_Sweet_Slate_Dec2024,2024-12-04T07:00:00Z,Dec2024,Optimal,SLATE_F,140219,126272,59426,49673,28617,71579,49999,13687,-1098661593,415824977,282506017,296230736,13613879
ASP_2412_31,Coker_Max_Run_Dec2024,2024-12-09T06:00:00Z,Dec2024,Optimal,SLATE_E,140219,126272,59426,49673,28617,67228,50382,17867,-1033874034,461855061,263546656,301763045,13562767
ASP_2412_32,Product_Demand_High_Dec2024,2024-12-24T02:00:00Z,Dec2024,Optimal,SLATE_B,140219,126272,59426,49673,28617,74100,49951,16510,-1172941335,459644465,323014979,317673880,14276532
ASP_2412_33,Base_Case_Dec2024,2024-12-20T05:00:00Z,Dec2024,Optimal,SLATE_F,140219,126272,59426,49673,28617,66248,46495,16588,-1142627912,470315459,326706006,358030551,12424104
ASP_2412_34,High_Crude_Price_Dec2024,2024-12-15T14:00:00Z,Dec2024,Optimal,SLATE_B,140219,126272,59426,49673,28617,63571,48079,16890,-954138933,339316256,314458870,395695897,12363487
ASP_2412_35,Max_Diesel_Mode_Dec2024,2024-12-20T12:00:00Z,Dec2024,Optimal,SLATE_B,140219,126272,59426,49673,28617,58845,54677,16178,-1247026691,443892528,357090671,399362935,12701666
ASP_2412_36,Min_Fuel_Oil_Dec2024,2024-12-20T15:00:00Z,Dec2024,Optimal,SLATE_B,140219,126272,59426,49673,28617,69521,47930,13722,-1020413237,360527120,322841991,321114907,13791554
ASP_2501_01,Base_Case_Jan2025,2025-01-08T01:00:00Z,Jan2025,Optimal,SLATE_A,159570,151021,69448,49128,26227,74914,64784,14267,-1120330359,371164132,339202749,425872698,15909220
ASP_2501_02,High_Crude_Price_Jan2025,2025-01-14T21:00:00Z,Jan2025,Optimal,SLATE_A,159570,151021,69448,49128,26227,72749,61166,14819,-1058050818,428207308,372237324,365260550,15649945
ASP_2501_03,Max_Diesel_Mode_Jan2025,2025-01-02T22:00:00Z,Jan2025,Optimal,SLATE_F,159570,151021,69448,49128,26227,65328,70541,14760,-1449556643,546221122,400797640,449399167,15887792
ASP_2501_04,Min_Fuel_Oil_Jan2025,2025-01-22T09:00:00Z,Jan2025,Optimal,SLATE_E,159570,151021,69448,49128,26227,75226,66790,12628,-1180762086,435998504,363321545,363483364,16432455
ASP_2501_05,Heavy_Crude_Slate_Jan2025,2025-01-15T03:00:00Z,Jan2025,Optimal,SLATE_D,159570,151021,69448,49128,26227,66763,60930,18005,-1041731805,378913227,405865983,387084962,14384388
ASP_2501_06,Light_Sweet_Slate_Jan2025,2025-01-02T09:00:00Z,Jan2025,Optimal,SLATE_A,159570,151021,69448,49128,26227,79121,60034,11655,-1334175661,449393581,343777352,413091957,15034621
ASP_2501_07,Coker_Max_Run_Jan2025,2025-01-26T18:00:00Z,Jan2025,Optimal,SLATE_A,159570,151021,69448,49128,26227,74039,68002,15777,-1215949705,388915615,365467427,452896023,15171511
ASP_2501_08,Product_Demand_High_Jan2025,2025-01-13T12:00:00Z,Jan2025,Optimal,SLATE_B,159570,151021,69448,49128,26227,80612,68494,14744,-1274433293,398229409,383936415,414796055,16931052
ASP_2501_09,Base_Case_Jan2025,2025-01-10T22:00:00Z,Jan2025,Optimal,SLATE_D,159570,151021,69448,49128,26227,73320,63022,15359,-1282591002,461648536,384214441,451846233,15118208
ASP_2501_10,High_Crude_Price_Jan2025,2025-01-04T15:00:00Z,Jan2025,Optimal,SLATE_D,159570,151021,69448,49128,26227,73044,58786,15567,-1075242858,383195998,409456375,391135014,15045149
ASP_2501_11,Max_Diesel_Mode_Jan2025,2025-01-08T07:00:00Z,Jan2025,Optimal,SLATE_D,159570,151021,69448,49128,26227,64380,74195,13631,-1179156332,477975424,302564688,359041232,16575313
ASP_2501_12,Min_Fuel_Oil_Jan2025,2025-01-05T15:00:00Z,Jan2025,Optimal,SLATE_A,159570,151021,69448,49128,26227,73992,61319,13156,-1202144289,397591829,336097455,448780896,15339802
ASP_2501_13,Heavy_Crude_Slate_Jan2025,2025-01-23T00:00:00Z,Jan2025,Optimal,SLATE_D,159570,151021,69448,49128,26227,67850,60676,17148,-1060399412,437489488,393734260,361742660,14744839
ASP_2501_14,Light_Sweet_Slate_Jan2025,2025-01-16T05:00:00Z,Jan2025,Optimal,SLATE_F,159570,151021,69448,49128,26227,79186,58503,11917,-1339120900,434634729,343333078,433359669,15683815
ASP_2501_15,Coker_Max_Run_Jan2025,2025-01-10T14:00:00Z,Jan2025,Optimal,SLATE_C,159570,151021,69448,49128,26227,68774,66231,17011,-1265437039,539634547,365766035,349937145,14713178
ASP_2501_16,Product_Demand_High_Jan2025,2025-01-19T03:00:00Z,Jan2025,Optimal,SLATE_D,159570,151021,69448,49128,26227,76206,68179,13743,-1296251508,423792612,352173311,440186008,15919053
ASP_2501_17,Base_Case_Jan2025,2025-01-14T19:00:00Z,Jan2025,Optimal,SLATE_A,159570,151021,69448,49128,26227,72271,62459,14911,-1161832633,490962842,345395550,340997446,15523205
ASP_2501_18,High_Crude_Price_Jan2025,2025-01-23T03:00:00Z,Jan2025,Optimal,SLATE_C,159570,151021,69448,49128,26227,69013,57170,15736,-1126974386,398750781,408177204,432920452,14876278
ASP_2501_19,Max_Diesel_Mode_Jan2025,2025-01-06T11:00:00Z,Jan2025,Optimal,SLATE_D,159570,151021,69448,49128,26227,64958,71475,14461,-1077953126,380330271,302499069,359312483,15519798
ASP_2501_20,Min_Fuel_Oil_Jan2025,2025-01-19T20:00:00Z,Jan2025,Optimal,SLATE_B,159570,151021,69448,49128,26227,71904,64280,12760,-1215078725,388440400,365393093,439980764,14126174
ASP_2501_21,Heavy_Crude_Slate_Jan2025,2025-01-24T19:00:00Z,Jan2025,Optimal,SLATE_C,159570,151021,69448,49128,26227,62747,58199,17208,-997737310,384659947,307091355,430739883,13894173
ASP_2501_22,Light_Sweet_Slate_Jan2025,2025-01-15T17:00:00Z,Jan2025,Optimal,SLATE_F,159570,151021,69448,49128,26227,81764,60415,11611,-1344436969,424149579,355289328,437178344,16227100
ASP_2501_23,Coker_Max_Run_Jan2025,2025-01-14T19:00:00Z,Jan2025,Optimal,SLATE_D,159570,151021,69448,49128,26227,69017,61735,16034,-1088834401,372773643,345716093,363860101,14865130
ASP_2501_24,Product_Demand_High_Jan2025,2025-01-18T05:00:00Z,Jan2025,Optimal,SLATE_B,159570,151021,69448,49128,26227,77638,65087,13568,-1416637481,485959907,388370682,452708930,15338147
ASP_2501_25,Base_Case_Jan2025,2025-01-25T00:00:00Z,Jan2025,Optimal,SLATE_A,159570,151021,69448,49128,26227,70716,61404,14708,-1102145400,370675938,394642385,351932452,15105375
ASP_2501_26,High_Crude_Price_Jan2025,2025-01-21T09:00:00Z,Jan2025,Optimal,SLATE_D,159570,151021,69448,49128,26227,71228,57284,15931,-1107599861,538696139,302753243,376397635,13934124
ASP_2501_27,Max_Diesel_Mode_Jan2025,2025-01-13T09:00:00Z,Jan2025,Optimal,SLATE_D,159570,151021,69448,49128,26227,68822,69845,13572,-1158064232,379991451,316523139,421751835,15348108
ASP_2501_28,Min_Fuel_Oil_Jan2025,2025-01-06T10:00:00Z,Jan2025,Optimal,SLATE_F,159570,151021,69448,49128,26227,78019,62983,13084,-1347480792,520107875,407483223,396560426,15917745
ASP_2501_29,Heavy_Crude_Slate_Jan2025,2025-01-16T00:00:00Z,Jan2025,Optimal,SLATE_A,159570,151021,69448,49128,26227,66240,62905,18452,-1001878912,422254070,288119776,416802673,13977727
ASP_2501_30,Light_Sweet_Slate_Jan2025,2025-01-26T06:00:00Z,Jan2025,Optimal,SLATE_B,159570,151021,69448,49128,26227,77139,60309,12502,-1472918896,532650947,346603180,450726322,14874291
ASP_2501_31,Coker_Max_Run_Jan2025,2025-01-21T06:00:00Z,Jan2025,Optimal,SLATE_F,159570,151021,69448,49128,26227,70987,63509,16195,-1209726926,519379599,335955538,346389955,15718301
ASP_2501_32,Product_Demand_High_Jan2025,2025-01-06T03:00:00Z,Jan2025,Optimal,SLATE_B,159570,151021,69448,49128,26227,78334,64972,14723,-1390946891,555730365,411695363,336302334,15814274
ASP_2501_33,Base_Case_Jan2025,2025-01-04T10:00:00Z,Jan2025,Optimal,SLATE_E,159570,151021,69448,49128,26227,73612,63477,14572,-1100275099,445150011,301092301,369614762,15581975
ASP_2501_34,High_Crude_Price_Jan2025,2025-01-15T22:00:00Z,Jan2025,Optimal,SLATE_B,159570,151021,69448,49128,26227,66204,62373,15411,-1166308377,527371159,412629910,342637277,14911849
ASP_2501_35,Max_Diesel_Mode_Jan2025,2025-01-13T18:00:00Z,Jan2025,Optimal,SLATE_C,159570,151021,69448,49128,26227,63558,75239,13867,-1303357638,531752642,293916759,430615488,14991900
ASP_2501_36,Min_Fuel_Oil_Jan2025,2025-01-10T13:00:00Z,Jan2025,Optimal,SLATE_C,159570,151021,69448,49128,26227,76739,62663,12753,-1032007798,368305520,296351364,352351930,15059495
ASP_2502_01,Base_Case_Feb2025,2025-02-10T11:00:00Z,Feb2025,Optimal,SLATE_B,152695,144148,68977,53722,26945,76631,63077,15454,-1114462661,404149533,363354019,362407081,15447972
ASP_2502_02,High_Crude_Price_Feb2025,2025-02-01T05:00:00Z,Feb2025,Optimal,SLATE_C,152695,144148,68977,53722,26945,68920,60568,16820,-1002343504,359360137,374597871,369803848,14258047
ASP_2502_03,Max_Diesel_Mode_Feb2025,2025-02-14T05:00:00Z,Feb2025,Optimal,SLATE_E,152695,144148,68977,53722,26945,67631,73215,15438,-1183156152,364367963,362822336,415399269,15774185
ASP_2502_04,Min_Fuel_Oil_Feb2025,2025-02-20T17:00:00Z,Feb2025,Optimal,SLATE_E,152695,144148,68977,53722,26945,76238,59448,13078,-1031193402,406920160,280435820,327886955,14084292
ASP_2502_05,Heavy_Crude_Slate_Feb2025,2025-02-22T22:00:00Z,Feb2025,Optimal,SLATE_A,152695,144148,68977,53722,26945,68356,59587,19664,-1057684565,510231216,356771091,322460470,14257704
ASP_2502_06,Light_Sweet_Slate_Feb2025,2025-02-06T05:00:00Z,Feb2025,Optimal,SLATE_D,152695,144148,68977,53722,26945,78312,57548,12399,-1416639750,515188919,396517825,368454874,15304698
ASP_2502_07,Coker_Max_Run_Feb2025,2025-02-27T14:00:00Z,Feb2025,Optimal,SLATE_A,152695,144148,68977,53722,26945,71790,60579,17670,-1093637799,388268454,291904252,407467376,15446161
ASP_2502_08,Product_Demand_High_Feb2025,2025-02-02T03:00:00Z,Feb2025,Optimal,SLATE_B,152695,144148,68977,53722,26945,78293,67183,14856,-1272985211,432582909,394896390,368069849,16859137
ASP_2502_09,Base_Case_Feb2025,2025-02-25T14:00:00Z,Feb2025,Optimal,SLATE_D,152695,144148,68977,53722,26945,71988,60663,16787,-1171160060,460394198,363627919,361880969,14743026
ASP_2502_10,High_Crude_Price_Feb2025,2025-02-02T17:00:00Z,Feb2025,Optimal,SLATE_C,152695,144148,68977,53722,26945,70136,61239,17117,-1079395783,413339192,387977195,386385046,14445147
ASP_2502_11,Max_Diesel_Mode_Feb2025,2025-02-20T06:00:00Z,Feb2025,Optimal,SLATE_B,152695,144148,68977,53722,26945,68501,72667,15647,-1103342442,395148907,293595806,378007262,15949649
ASP_2502_12,Min_Fuel_Oil_Feb2025,2025-02-18T06:00:00Z,Feb2025,Optimal,SLATE_E,152695,144148,68977,53722,26945,74453,60050,13860,-1213045876,456192606,334693989,402620383,15792535
ASP_2502_13,Heavy_Crude_Slate_Feb2025,2025-02-19T16:00:00Z,Feb2025,Optimal,SLATE_E,152695,144148,68977,53722,26945,69790,62324,18392,-953626982,391239054,301887809,382053285,15594612
ASP_2502_14,Light_Sweet_Slate_Feb2025,2025-02-19T16:00:00Z,Feb2025,Optimal,SLATE_E,152695,144148,68977,53722,26945,78300,57164,13162,-1250495219,414049826,294199576,423438064,15173877
ASP_2502_15,Coker_Max_Run_Feb2025,2025-02-06T10:00:00Z,Feb2025,Optimal,SLATE_A,152695,144148,68977,53722,26945,75054,66008,17357,-1304806231,507709799,357333775,430336803,16158581
ASP_2502_16,Product_Demand_High_Feb2025,2025-02-10T17:00:00Z,Feb2025,Optimal,SLATE_A,152695,144148,68977,53722,26945,81429,63718,15867,-1126461713,384987160,289712426,384194708,15874189
ASP_2502_17,Base_Case_Feb2025,2025-02-25T13:00:00Z,Feb2025,Optimal,SLATE_E,152695,144148,68977,53722,26945,73766,59301,15900,-1081317828,372861094,368789190,355366564,15699020
ASP_2502_18,High_Crude_Price_Feb2025,2025-02-18T12:00:00Z,Feb2025,Optimal,SLATE_B,152695,144148,68977,53722,26945,72274,56238,16308,-1020900797,380473867,333457401,409844154,14100642
ASP_2502_19,Max_Diesel_Mode_Feb2025,2025-02-22T05:00:00Z,Feb2025,Optimal,SLATE_A,152695,144148,68977,53722,26945,66041,67153,14885,-1106347553,423695974,300765995,344528204,15325836
ASP_2502_20,Min_Fuel_Oil_Feb2025,2025-02-24T15:00:00Z,Feb2025,Optimal,SLATE_A,152695,144148,68977,53722,26945,79325,65077,13850,-1218750841,501424734,314687310,382334079,15192879
ASP_2502_21,Heavy_Crude_Slate_Feb2025,2025-02-10T01:00:00Z,Feb2025,Optimal,SLATE_D,152695,144148,68977,53722,26945,67744,58419,20259,-993282298,492999920,280281890,344893471,14528283
ASP_2502_22,Light_Sweet_Slate_Feb2025,2025-02-24T20:00:00Z,Feb2025,Optimal,SLATE_E,152695,144148,68977,53722,26945,85419,59788,12539,-1233507637,460382729,295800395,361748409,16585428
ASP_2502_23,Coker_Max_Run_Feb2025,2025-02-04T10:00:00Z,Feb2025,Optimal,SLATE_D,152695,144148,68977,53722,26945,69147,64025,17475,-1242531269,522805489,328337236,382429592,15404406
ASP_2502_24,Product_Demand_High_Feb2025,2025-02-26T19:00:00Z,Feb2025,Optimal,SLATE_C,152695,144148,68977,53722,26945,78775,63056,14798,-1394252817,500876833,375972077,430711916,16585995
ASP_2502_25,Base_Case_Feb2025,2025-02-23T13:00:00Z,Feb2025,Optimal,SLATE_A,152695,144148,68977,53722,26945,72882,59565,16089,-1091380372,424841407,300615068,380584051,14660154
ASP_2502_26,High_Crude_Price_Feb2025,2025-02-18T07:00:00Z,Feb2025,Optimal,SLATE_C,152695,144148,68977,53722,26945,69554,57649,15628,-1075357531,497159125,277902350,408276368,14470961
ASP_2502_27,Max_Diesel_Mode_Feb2025,2025-02-07T14:00:00Z,Feb2025,Optimal,SLATE_B,152695,144148,68977,53722,26945,68355,68042,15856,-1327821729,448603372,396030200,435105799,15147248
ASP_2502_28,Min_Fuel_Oil_Feb2025,2025-02-27T19:00:00Z,Feb2025,Optimal,SLATE_B,152695,144148,68977,53722,26945,74458,59561,13788,-1332057024,505104813,388488988,414126252,14460806
ASP_2502_29,Heavy_Crude_Slate_Feb2025,2025-02-24T16:00:00Z,Feb2025,Optimal,SLATE_D,152695,144148,68977,53722,26945,64542,61683,18608,-1090975599,468516098,353516376,405576234,15413598
ASP_2502_30,Light_Sweet_Slate_Feb2025,2025-02-02T11:00:00Z,Feb2025,Optimal,SLATE_F,152695,144148,68977,53722,26945,84339,62438,13273,-1419802032,491016048,393505870,399144212,15985744
ASP_2502_31,Coker_Max_Run_Feb2025,2025-02-10T05:00:00Z,Feb2025,Optimal,SLATE_E,152695,144148,68977,53722,26945,71322,66014,18423,-1163409520,417778473,381413651,357635471,16230026
ASP_2502_32,Product_Demand_High_Feb2025,2025-02-16T08:00:00Z,Feb2025,Optimal,SLATE_B,152695,144148,68977,53722,26945,80890,61766,14887,-1349916955,506404530,389684005,369022443,15187871
ASP_2502_33,Base_Case_Feb2025,2025-02-05T12:00:00Z,Feb2025,Optimal,SLATE_B,152695,144148,68977,53722,26945,73097,58016,16231,-1144494686,530536598,289309311,340385206,15736429
ASP_2502_34,High_Crude_Price_Feb2025,2025-02-03T08:00:00Z,Feb2025,Optimal,SLATE_C,152695,144148,68977,53722,26945,68892,57017,16096,-1151330425,525458397,323290103,416350463,13652848
ASP_2502_35,Max_Diesel_Mode_Feb2025,2025-02-02T03:00:00Z,Feb2025,Optimal,SLATE_D,152695,144148,68977,53722,26945,68667,66897,15106,-1223374524,442235401,342210187,396687852,16014845
ASP_2502_36,Min_Fuel_Oil_Feb2025,2025-02-11T07:00:00Z,Feb2025,Optimal,SLATE_F,152695,144148,68977,53722,26945,75133,61103,13962,-1224142860,464476529,391197083,347456847,14642245
ASP_2503_01,Base_Case_Mar2025,2025-03-13T17:00:00Z,Mar2025,Optimal,SLATE_A,158765,148461,68920,41202,26483,70796,64561,20669,-1224620606,511680196,323082592,404984884,15127066
ASP_2503_02,High_Crude_Price_Mar2025,2025-03-06T16:00:00Z,Mar2025,Optimal,SLATE_E,158765,148461,68920,41202,26483,62114,60285,21209,-1157192467,501392729,356481609,414167340,14223779
ASP_2503_03,Max_Diesel_Mode_Mar2025,2025-03-24T20:00:00Z,Mar2025,Optimal,SLATE_A,158765,148461,68920,41202,26483,63161,70528,19856,-1174605993,417123146,300487161,415889083,14827015
ASP_2503_04,Min_Fuel_Oil_Mar2025,2025-03-02T01:00:00Z,Mar2025,Optimal,SLATE_E,158765,148461,68920,41202,26483,67828,64198,17048,-1311439171,505437403,412148375,370072484,14416348
ASP_2503_05,Heavy_Crude_Slate_Mar2025,2025-03-16T16:00:00Z,Mar2025,Optimal,SLATE_B,158765,148461,68920,41202,26483,61898,60603,23073,-1120950744,468273945,378647253,413848152,15268523
ASP_2503_06,Light_Sweet_Slate_Mar2025,2025-03-10T12:00:00Z,Mar2025,Optimal,SLATE_F,158765,148461,68920,41202,26483,74952,58522,15685,-1481527313,540476034,366467754,431269459,15421003
ASP_2503_07,Coker_Max_Run_Mar2025,2025-03-25T07:00:00Z,Mar2025,Optimal,SLATE_F,158765,148461,68920,41202,26483,69461,65004,21233,-1176994139,380562250,390517216,398450996,15614639
ASP_2503_08,Product_Demand_High_Mar2025,2025-03-17T21:00:00Z,Mar2025,Optimal,SLATE_B,158765,148461,68920,41202,26483,74191,64751,18756,-1193513101,396023034,317623028,407938825,16480163
ASP_2503_09,Base_Case_Mar2025,2025-03-01T09:00:00Z,Mar2025,Optimal,SLATE_A,158765,148461,68920,41202,26483,68389,58835,20586,-1164434873,453249333,367049956,359349285,15213701
ASP_2503_10,High_Crude_Price_Mar2025,2025-03-25T03:00:00Z,Mar2025,Optimal,SLATE_C,158765,148461,68920,41202,26483,65441,59779,19464,-1135518179,503762749,297760018,446573384,13837260
ASP_2503_11,Max_Diesel_Mode_Mar2025,2025-03-18T17:00:00Z,Mar2025,Optimal,SLATE_B,158765,148461,68920,41202,26483,62674,70612,18076,-1288097500,494627878,403068103,345203021,16139478
ASP_2503_12,Min_Fuel_Oil_Mar2025,2025-03-20T10:00:00Z,Mar2025,Optimal,SLATE_A,158765,148461,68920,41202,26483,69360,61460,16311,-1285404302,527830323,306864812,428527193,15256986
ASP_2503_13,Heavy_Crude_Slate_Mar2025,2025-03-11T10:00:00Z,Mar2025,Optimal,SLATE_A,158765,148461,68920,41202,26483,59945,60232,23588,-1067148918,431472976,402881346,366139684,14772985
ASP_2503_14,Light_Sweet_Slate_Mar2025,2025-03-02T16:00:00Z,Mar2025,Optimal,SLATE_D,158765,148461,68920,41202,26483,76990,59012,15869,-1267909574,408751672,391752440,347172074,15614066
ASP_2503_15,Coker_Max_Run_Mar2025,2025-03-09T12:00:00Z,Mar2025,Optimal,SLATE_D,158765,148461,68920,41202,26483,65977,63152,21142,-1267973573,536376025,329689241,391836226,14790145
ASP_2503_16,Product_Demand_High_Mar2025,2025-03-21T01:00:00Z,Mar2025,Optimal,SLATE_A,158765,148461,68920,41202,26483,73669,67682,19215,-1261016910,429024475,399811413,354824717,16052355
ASP_2503_17,Base_Case_Mar2025,2025-03-02T10:00:00Z,Mar2025,Optimal,SLATE_F,158765,148461,68920,41202,26483,66234,61946,19912,-1254008950,544782403,350268942,374253881,15296276
ASP_2503_18,High_Crude_Price_Mar2025,2025-03-05T13:00:00Z,Mar2025,Optimal,SLATE_B,158765,148461,68920,41202,26483,64870,56214,20196,-1125010211,555432290,333312770,348364317,14272191
ASP_2503_19,Max_Diesel_Mode_Mar2025,2025-03-16T14:00:00Z,Mar2025,Optimal,SLATE_D,158765,148461,68920,41202,26483,61120,69749,19496,-1307560238,505228803,387875358,367747037,15555733
ASP_2503_20,Min_Fuel_Oil_Mar2025,2025-03-22T18:00:00Z,Mar2025,Optimal,SLATE_F,158765,148461,68920,41202,26483,71097,64823,17521,-1193919380,448219961,317184957,410038498,16298386
ASP_2503_21,Heavy_Crude_Slate_Mar2025,2025-03-04T16:00:00Z,Mar2025,Optimal,SLATE_D,158765,148461,68920,41202,26483,64396,59133,24110,-1046119107,397939260,342980572,436015546,14580814
ASP_2503_22,Light_Sweet_Slate_Mar2025,2025-03-07T01:00:00Z,Mar2025,Optimal,SLATE_B,158765,148461,68920,41202,26483,77223,59110,15596,-1397201981,493169410,381787304,388293658,15748603
ASP_2503_23,Coker_Max_Run_Mar2025,2025-03-17T17:00:00Z,Mar2025,Optimal,SLATE_C,158765,148461,68920,41202,26483,69402,65359,22381,-1132432141,380364366,403116522,342498221,15751519
ASP_2503_24,Product_Demand_High_Mar2025,2025-03-14T13:00:00Z,Mar2025,Optimal,SLATE_D,158765,148461,68920,41202,26483,76702,67300,18203,-1254201913,413515037,385402464,377848391,15467824
ASP_2503_25,Base_Case_Mar2025,2025-03-27T11:00:00Z,Mar2025,Optimal,SLATE_F,158765,148461,68920,41202,26483,65905,64439,19167,-1224214776,423280598,370859568,444189199,14114589
ASP_2503_26,High_Crude_Price_Mar2025,2025-03-04T22:00:00Z,Mar2025,Optimal,SLATE_E,158765,148461,68920,41202,26483,66203,61498,20471,-1142618995,544396174,350592919,361834948,14846872
ASP_2503_27,Max_Diesel_Mode_Mar2025,2025-03-15T09:00:00Z,Mar2025,Optimal,SLATE_C,158765,148461,68920,41202,26483,64051,73040,19175,-1185550963,455238589,328003946,362475891,16622270
ASP_2503_28,Min_Fuel_Oil_Mar2025,2025-03-22T05:00:00Z,Mar2025,Optimal,SLATE_A,158765,148461,68920,41202,26483,68653,61766,16865,-1097409921,370968134,323504938,385377219,14403765
ASP_2503_29,Heavy_Crude_Slate_Mar2025,2025-03-17T11:00:00Z,Mar2025,Optimal,SLATE_D,158765,148461,68920,41202,26483,58942,60684,23309,-1000013845,471561663,296384436,358274051,15093655
ASP_2503_30,Light_Sweet_Slate_Mar2025,2025-03-23T19:00:00Z,Mar2025,Optimal,SLATE_B,158765,148461,68920,41202,26483,71446,58764,15696,-1468108284,539224486,363395492,423168371,14977381
ASP_2503_31,Coker_Max_Run_Mar2025,2025-03-01T09:00:00Z,Mar2025,Optimal,SLATE_A,158765,148461,68920,41202,26483,67964,64682,22522,-1151674382,418830287,308306470,418267488,16311713
ASP_2503_32,Product_Demand_High_Mar2025,2025-03-14T03:00:00Z,Mar2025,Optimal,SLATE_F,158765,148461,68920,41202,26483,76144,64970,18059,-1260948695,479629064,288387355,416335511,16806842
ASP_2503_33,Base_Case_Mar2025,2025-03-08T06:00:00Z,Mar2025,Optimal,SLATE_A,158765,148461,68920,41202,26483,65061,59500,19797,-1186294388,377781446,397885366,425033621,14406045
ASP_2503_34,High_Crude_Price_Mar2025,2025-03-15T12:00:00Z,Mar2025,Optimal,SLATE_A,158765,148461,68920,41202,26483,66058,57634,20443,-1055945568,454063508,348099592,359413127,13809305
ASP_2503_35,Max_Diesel_Mode_Mar2025,2025-03-27T18:00:00Z,Mar2025,Optimal,SLATE_F,158765,148461,68920,41202,26483,60631,68031,18996,-1312242440,484569704,406420345,373693674,14929018
ASP_2503_36,Min_Fuel_Oil_Mar2025,2025-03-01T00:00:00Z,Mar2025,Optimal,SLATE_D,158765,148461,68920,41202,26483,67541,64475,16950,-1197198196,466573200,368495406,342339093,15079353
ASP_2504_01,Base_Case_Apr2025,2025-04-01T09:00:00Z,Apr2025,Optimal,SLATE_B,174503,168708,93373,61384,33728,85942,62637,17662,-1297257899,533836624,350198929,429800482,16578136
ASP_2504_02,High_Crude_Price_Apr2025,2025-04-23T10:00:00Z,Apr2025,Optimal,SLATE_C,174503,168708,93373,61384,33728,81525,55744,18145,-1180780965,583286864,325638477,390615124,16082894
ASP_2504_03,Max_Diesel_Mode_Apr2025,2025-04-12T19:00:00Z,Apr2025,Optimal,SLATE_B,174503,168708,93373,61384,33728,78888,68188,16059,-1458394712,509955365,449563526,445903858,16475404
ASP_2504_04,Min_Fuel_Oil_Apr2025,2025-04-04T15:00:00Z,Apr2025,Optimal,SLATE_E,174503,168708,93373,61384,33728,82943,58938,14360,-1190219241,430334110,334937824,405490300,15209572
ASP_2504_05,Heavy_Crude_Slate_Apr2025,2025-04-25T01:00:00Z,Apr2025,Optimal,SLATE_E,174503,168708,93373,61384,33728,76941,61967,21642,-1211531635,528962627,452387032,381129670,16333067
ASP_2504_06,Light_Sweet_Slate_Apr2025,2025-04-02T03:00:00Z,Apr2025,Optimal,SLATE_A,174503,168708,93373,61384,33728,89507,61575,14290,-1542766150,523269753,436161931,435063174,17025081
ASP_2504_07,Coker_Max_Run_Apr2025,2025-04-05T03:00:00Z,Apr2025,Optimal,SLATE_C,174503,168708,93373,61384,33728,81757,64595,20001,-1353960819,479085764,450935152,413794860,16403208
ASP_2504_08,Product_Demand_High_Apr2025,2025-04-11T02:00:00Z,Apr2025,Optimal,SLATE_C,174503,168708,93373,61384,33728,89161,62611,16934,-1293228452,471023228,349140773,394380576,17110825
ASP_2504_09,Base_Case_Apr2025,2025-04-07T19:00:00Z,Apr2025,Optimal,SLATE_D,174503,168708,93373,61384,33728,85657,61035,16716,-1300985306,508716134,383518742,424912729,16162299
ASP_2504_10,High_Crude_Price_Apr2025,2025-04-03T08:00:00Z,Apr2025,Optimal,SLATE_A,174503,168708,93373,61384,33728,81833,59574,17964,-1138782253,410938025,419639195,423765705,16536128
ASP_2504_11,Max_Diesel_Mode_Apr2025,2025-04-08T21:00:00Z,Apr2025,Optimal,SLATE_F,174503,168708,93373,61384,33728,73755,72084,16732,-1368485559,533650186,331525070,454854634,16710310
ASP_2504_12,Min_Fuel_Oil_Apr2025,2025-04-09T13:00:00Z,Apr2025,Optimal,SLATE_F,174503,168708,93373,61384,33728,87051,61553,14232,-1450113394,532362322,419680613,472763082,16928935
ASP_2504_13,Heavy_Crude_Slate_Apr2025,2025-04-20T00:00:00Z,Apr2025,Optimal,SLATE_A,174503,168708,93373,61384,33728,74591,58727,21476,-1189674724,485423974,425736974,425258125,14558268
ASP_2504_14,Light_Sweet_Slate_Apr2025,2025-04-09T19:00:00Z,Apr2025,Optimal,SLATE_A,174503,168708,93373,61384,33728,92064,58105,14669,-1670000554,605382479,412292125,489547003,16149683
ASP_2504_15,Coker_Max_Run_Apr2025,2025-04-15T06:00:00Z,Apr2025,Optimal,SLATE_F,174503,168708,93373,61384,33728,83105,60165,18549,-1196889789,444892606,344452164,400675320,16598728
ASP_2504_16,Product_Demand_High_Apr2025,2025-04-17T11:00:00Z,Apr2025,Optimal,SLATE_E,174503,168708,93373,61384,33728,87732,65576,17347,-1377980543,530921406,341089675,420527566,16630736
ASP_2504_17,Base_Case_Apr2025,2025-04-24T01:00:00Z,Apr2025,Optimal,SLATE_B,174503,168708,93373,61384,33728,87127,60071,18175,-1341801091,492399610,402083724,464064766,16747009
ASP_2504_18,High_Crude_Price_Apr2025,2025-04-14T12:00:00Z,Apr2025,Optimal,SLATE_D,174503,168708,93373,61384,33728,80724,59803,18094,-1177742182,550805458,333066645,411539072,15256629
ASP_2504_19,Max_Diesel_Mode_Apr2025,2025-04-27T00:00:00Z,Apr2025,Optimal,SLATE_D,174503,168708,93373,61384,33728,73950,69337,16554,-1303403825,401522382,416870233,438995625,16051263
ASP_2504_20,Min_Fuel_Oil_Apr2025,2025-04-27T07:00:00Z,Apr2025,Optimal,SLATE_C,174503,168708,93373,61384,33728,89146,60900,14724,-1327424755,577415243,316653917,411253655,16560916
ASP_2504_21,Heavy_Crude_Slate_Apr2025,2025-04-07T15:00:00Z,Apr2025,Optimal,SLATE_E,174503,168708,93373,61384,33728,76058,58225,21102,-1228038043,518204597,437366324,424283581,15367787
ASP_2504_22,Light_Sweet_Slate_Apr2025,2025-04-09T13:00:00Z,Apr2025,Optimal,SLATE_C,174503,168708,93373,61384,33728,95213,60435,14569,-1473966671,578170949,362461256,392385043,16975577
ASP_2504_23,Coker_Max_Run_Apr2025,2025-04-15T18:00:00Z,Apr2025,Optimal,SLATE_C,174503,168708,93373,61384,33728,83378,60962,19787,-1461506214,564435514,402870406,481495388,15952078
ASP_2504_24,Product_Demand_High_Apr2025,2025-04-15T01:00:00Z,Apr2025,Optimal,SLATE_F,174503,168708,93373,61384,33728,90046,66000,16767,-1282153664,417418327,332825787,454915085,17979880
ASP_2504_25,Base_Case_Apr2025,2025-04-04T08:00:00Z,Apr2025,Optimal,SLATE_C,174503,168708,93373,61384,33728,88495,62220,17144,-1394132702,572258429,441379875,397364059,16869661
ASP_2504_26,High_Crude_Price_Apr2025,2025-04-02T00:00:00Z,Apr2025,Optimal,SLATE_A,174503,168708,93373,61384,33728,81627,59968,18529,-1193191507,495459709,436775597,380863000,16151015
ASP_2504_27,Max_Diesel_Mode_Apr2025,2025-04-03T00:00:00Z,Apr2025,Optimal,SLATE_B,174503,168708,93373,61384,33728,77280,66768,16222,-1268749924,512110167,314460990,398128071,16365967
ASP_2504_28,Min_Fuel_Oil_Apr2025,2025-04-17T00:00:00Z,Apr2025,Optimal,SLATE_B,174503,168708,93373,61384,33728,88140,63803,14226,-1196107569,450352397,315070396,412625724,16779032
ASP_2504_29,Heavy_Crude_Slate_Apr2025,2025-04-15T20:00:00Z,Apr2025,Optimal,SLATE_B,174503,168708,93373,61384,33728,78179,58122,21663,-1154821896,428586901,431946971,439348919,16747350
ASP_2504_30,Light_Sweet_Slate_Apr2025,2025-04-19T12:00:00Z,Apr2025,Optimal,SLATE_F,174503,168708,93373,61384,33728,96656,58640,14264,-1250467814,401578975,320224218,412683450,17997523
ASP_2504_31,Coker_Max_Run_Apr2025,2025-04-27T21:00:00Z,Apr2025,Optimal,SLATE_E,174503,168708,93373,61384,33728,84494,64821,18300,-1234844970,477083408,341511256,409501436,17463776
ASP_2504_32,Product_Demand_High_Apr2025,2025-04-01T03:00:00Z,Apr2025,Optimal,SLATE_C,174503,168708,93373,61384,33728,90365,62042,17438,-1396243407,498134056,336794034,474674415,16784535
ASP_2504_33,Base_Case_Apr2025,2025-04-27T08:00:00Z,Apr2025,Optimal,SLATE_D,174503,168708,93373,61384,33728,85228,61953,18081,-1452915353,560513213,453595155,455962838,17155853
ASP_2504_34,High_Crude_Price_Apr2025,2025-04-27T05:00:00Z,Apr2025,Optimal,SLATE_D,174503,168708,93373,61384,33728,78030,58667,17379,-1199983347,421642679,446180057,452332000,15825011
ASP_2504_35,Max_Diesel_Mode_Apr2025,2025-04-08T06:00:00Z,Apr2025,Optimal,SLATE_B,174503,168708,93373,61384,33728,77441,68424,16021,-1368383300,450791904,401575444,467639478,16784635
ASP_2504_36,Min_Fuel_Oil_Apr2025,2025-04-11T16:00:00Z,Apr2025,Optimal,SLATE_D,174503,168708,93373,61384,33728,85807,61492,15412,-1418796281,480254596,418322127,495091523,16196128
ASP_2505_01,Base_Case_May2025,2025-05-01T10:00:00Z,May2025,Optimal,SLATE_D,131655,129378,64470,46261,32063,63974,52618,14542,-981489757,382542153,250312319,361463026,12827741
ASP_2505_02,High_Crude_Price_May2025,2025-05-01T17:00:00Z,May2025,Optimal,SLATE_C,131655,129378,64470,46261,32063,61661,52245,15751,-913698491,373778047,332488048,299880508,12996069
ASP_2505_03,Max_Diesel_Mode_May2025,2025-05-15T11:00:00Z,May2025,Optimal,SLATE_E,131655,129378,64470,46261,32063,59377,59608,14452,-1106955397,394408586,316408591,357233546,13807487
ASP_2505_04,Min_Fuel_Oil_May2025,2025-05-25T08:00:00Z,May2025,Optimal,SLATE_C,131655,129378,64470,46261,32063,62763,55150,12894,-1061958147,382166268,309545142,352970294,13654376
ASP_2505_05,Heavy_Crude_Slate_May2025,2025-05-26T21:00:00Z,May2025,Optimal,SLATE_B,131655,129378,64470,46261,32063,58103,52256,17794,-998458849,426164488,337136583,359006773,12909122
ASP_2505_06,Light_Sweet_Slate_May2025,2025-05-09T13:00:00Z,May2025,Optimal,SLATE_A,131655,129378,64470,46261,32063,68980,49684,12512,-998851443,353561633,275079221,276477632,13286840
ASP_2505_07,Coker_Max_Run_May2025,2025-05-16T02:00:00Z,May2025,Optimal,SLATE_A,131655,129378,64470,46261,32063,61388,57406,15853,-1149248630,456575701,321535221,362336129,13732707
ASP_2505_08,Product_Demand_High_May2025,2025-05-16T00:00:00Z,May2025,Optimal,SLATE_C,131655,129378,64470,46261,32063,67266,53795,14483,-1061157262,320891594,332136947,342624458,13099978
ASP_2505_09,Base_Case_May2025,2025-05-24T21:00:00Z,May2025,Optimal,SLATE_F,131655,129378,64470,46261,32063,66894,52322,15673,-1001578298,332456901,311347164,371320261,13546028
ASP_2505_10,High_Crude_Price_May2025,2025-05-10T18:00:00Z,May2025,Optimal,SLATE_C,131655,129378,64470,46261,32063,60817,52151,16052,-926795025,370310207,316443456,332855461,12223227
ASP_2505_11,Max_Diesel_Mode_May2025,2025-05-06T04:00:00Z,May2025,Optimal,SLATE_D,131655,129378,64470,46261,32063,58547,61058,13780,-1008749078,424533816,255420163,294300763,13541334
ASP_2505_12,Min_Fuel_Oil_May2025,2025-05-25T12:00:00Z,May2025,Optimal,SLATE_B,131655,129378,64470,46261,32063,63535,54288,13068,-1126917755,438568191,303714772,365168637,13356692
ASP_2505_13,Heavy_Crude_Slate_May2025,2025-05-18T13:00:00Z,May2025,Optimal,SLATE_E,131655,129378,64470,46261,32063,60413,53989,18340,-855302472,320665038,330142961,313054125,13526044
ASP_2505_14,Light_Sweet_Slate_May2025,2025-05-21T22:00:00Z,May2025,Optimal,SLATE_A,131655,129378,64470,46261,32063,66983,51045,12202,-1088013353,428948395,276919654,278458559,12886114
ASP_2505_15,Coker_Max_Run_May2025,2025-05-25T22:00:00Z,May2025,Optimal,SLATE_F,131655,129378,64470,46261,32063,62391,55728,15990,-1066899697,372044902,330318355,356702756,13085917
ASP_2505_16,Product_Demand_High_May2025,2025-05-11T13:00:00Z,May2025,Optimal,SLATE_A,131655,129378,64470,46261,32063,68296,56087,13603,-956576335,325732425,285606890,288820993,14441479
ASP_2505_17,Base_Case_May2025,2025-05-20T08:00:00Z,May2025,Optimal,SLATE_F,131655,129378,64470,46261,32063,61329,50508,15684,-1050543091,422166817,301537109,339245151,12405986
ASP_2505_18,High_Crude_Price_May2025,2025-05-09T20:00:00Z,May2025,Optimal,SLATE_F,131655,129378,64470,46261,32063,61029,52534,15508,-868333889,312720735,320021493,323623017,12524061
ASP_2505_19,Max_Diesel_Mode_May2025,2025-05-21T03:00:00Z,May2025,Optimal,SLATE_E,131655,129378,64470,46261,32063,59945,61975,14681,-1034505152,368368816,340061953,291205038,14392805
ASP_2505_20,Min_Fuel_Oil_May2025,2025-05-21T10:00:00Z,May2025,Optimal,SLATE_B,131655,129378,64470,46261,32063,67101,55003,12391,-930133257,342329884,250298352,324207105,13793343
ASP_2505_21,Heavy_Crude_Slate_May2025,2025-05-11T14:00:00Z,May2025,Optimal,SLATE_F,131655,129378,64470,46261,32063,58532,50322,18265,-936209047,458549973,239345777,355189537,12853012
ASP_2505_22,Light_Sweet_Slate_May2025,2025-05-15T00:00:00Z,May2025,Optimal,SLATE_C,131655,129378,64470,46261,32063,69594,49901,11806,-993120670,345917280,275436448,278470720,13109564
ASP_2505_23,Coker_Max_Run_May2025,2025-05-26T03:00:00Z,May2025,Optimal,SLATE_B,131655,129378,64470,46261,32063,61047,54314,16291,-998392893,341097096,309406326,342436163,14123023
ASP_2505_24,Product_Demand_High_May2025,2025-05-15T07:00:00Z,May2025,Optimal,SLATE_F,131655,129378,64470,46261,32063,69949,56692,14316,-1043346928,451537285,241823207,287131819,14430340
ASP_2505_25,Base_Case_May2025,2025-05-01T17:00:00Z,May2025,Optimal,SLATE_C,131655,129378,64470,46261,32063,65741,50233,14947,-1078066809,453396791,273385311,363765845,12481138
ASP_2505_26,High_Crude_Price_May2025,2025-05-12T15:00:00Z,May2025,Optimal,SLATE_A,131655,129378,64470,46261,32063,63152,52846,14932,-937511490,373049844,305175408,353841847,13032870
ASP_2505_27,Max_Diesel_Mode_May2025,2025-05-27T08:00:00Z,May2025,Optimal,SLATE_F,131655,129378,64470,46261,32063,56266,60553,13723,-1092075571,435582674,273030864,344539355,13080920
ASP_2505_28,Min_Fuel_Oil_May2025,2025-05-02T17:00:00Z,May2025,Optimal,SLATE_B,131655,129378,64470,46261,32063,64080,55275,12695,-1022597748,446072265,244306471,315846713,13412101
ASP_2505_29,Heavy_Crude_Slate_May2025,2025-05-02T10:00:00Z,May2025,Optimal,SLATE_F,131655,129378,64470,46261,32063,57211,49786,18271,-874924492,331721749,330064890,322699867,12348181
ASP_2505_30,Light_Sweet_Slate_May2025,2025-05-08T01:00:00Z,May2025,Optimal,SLATE_F,131655,129378,64470,46261,32063,68916,50323,11717,-1147546013,438046726,295842830,303729342,13024243
ASP_2505_31,Coker_Max_Run_May2025,2025-05-12T19:00:00Z,May2025,Optimal,SLATE_E,131655,129378,64470,46261,32063,60700,56383,16040,-1016233312,426521164,256713445,326510860,13438300
ASP_2505_32,Product_Demand_High_May2025,2025-05-27T08:00:00Z,May2025,Optimal,SLATE_B,131655,129378,64470,46261,32063,69910,54578,14244,-1057270145,403918130,295474591,292862528,13301411
ASP_2505_33,Base_Case_May2025,2025-05-07T05:00:00Z,May2025,Optimal,SLATE_D,131655,129378,64470,46261,32063,65403,52326,14797,-977930589,345959977,294184992,351340871,13555251
ASP_2505_34,High_Crude_Price_May2025,2025-05-09T00:00:00Z,May2025,Optimal,SLATE_C,131655,129378,64470,46261,32063,63233,48584,14763,-911536643,391358269,246083683,366898685,13539938
ASP_2505_35,Max_Diesel_Mode_May2025,2025-05-22T22:00:00Z,May2025,Optimal,SLATE_A,131655,129378,64470,46261,32063,55531,60223,13956,-1074701596,325382373,338485443,372697354,13039840
ASP_2505_36,Min_Fuel_Oil_May2025,2025-05-16T21:00:00Z,May2025,Optimal,SLATE_C,131655,129378,64470,46261,32063,65993,56145,13181,-1047770905,451424080,279214688,300785487,14170949
ASP_2506_01,Base_Case_Jun2025,2025-06-09T06:00:00Z,Jun2025,Optimal,SLATE_A,146080,143136,53979,39491,32876,67695,46492,13943,-1093871207,429488027,334829520,342222454,12668794
ASP_2506_02,High_Crude_Price_Jun2025,2025-06-08T15:00:00Z,Jun2025,Optimal,SLATE_D,146080,143136,53979,39491,32876,62430,46855,13503,-1030043093,414366326,306643163,410576145,11973576
ASP_2506_03,Max_Diesel_Mode_Jun2025,2025-06-10T07:00:00Z,Jun2025,Optimal,SLATE_C,146080,143136,53979,39491,32876,61474,52947,12484,-1218869123,487416902,293386132,392294862,12270159
ASP_2506_04,Min_Fuel_Oil_Jun2025,2025-06-15T20:00:00Z,Jun2025,Optimal,SLATE_B,146080,143136,53979,39491,32876,72347,48587,11499,-1134295254,401248765,368923593,344423346,13338175
ASP_2506_05,Heavy_Crude_Slate_Jun2025,2025-06-20T06:00:00Z,Jun2025,Optimal,SLATE_E,146080,143136,53979,39491,32876,60620,46890,16748,-917811531,349496692,281897086,400474833,12078021
ASP_2506_06,Light_Sweet_Slate_Jun2025,2025-06-09T05:00:00Z,Jun2025,Optimal,SLATE_A,146080,143136,53979,39491,32876,72184,45330,10203,-1171033418,412789842,282947731,363175989,13348010
ASP_2506_07,Coker_Max_Run_Jun2025,2025-06-11T21:00:00Z,Jun2025,Optimal,SLATE_B,146080,143136,53979,39491,32876,66657,50736,14519,-1167395950,455879177,296470030,405960230,13803603
ASP_2506_08,Product_Demand_High_Jun2025,2025-06-17T06:00:00Z,Jun2025,Optimal,SLATE_C,146080,143136,53979,39491,32876,72051,51611,12744,-1234460014,463615315,377210037,316440359,14247179
ASP_2506_09,Base_Case_Jun2025,2025-06-13T09:00:00Z,Jun2025,Optimal,SLATE_A,146080,143136,53979,39491,32876,70693,49808,12973,-1105634899,456726644,319707437,343707973,14507155
ASP_2506_10,High_Crude_Price_Jun2025,2025-06-25T16:00:00Z,Jun2025,Optimal,SLATE_C,146080,143136,53979,39491,32876,62480,45306,13328,-873959758,342768318,272157512,347491659,12461230
ASP_2506_11,Max_Diesel_Mode_Jun2025,2025-06-10T07:00:00Z,Jun2025,Optimal,SLATE_C,146080,143136,53979,39491,32876,62284,54930,12813,-1166756940,428068176,305273435,390679192,12823717
ASP_2506_12,Min_Fuel_Oil_Jun2025,2025-06-02T15:00:00Z,Jun2025,Optimal,SLATE_D,146080,143136,53979,39491,32876,72109,50150,11822,-1117340377,435500376,332424840,331115528,14244261
ASP_2506_13,Heavy_Crude_Slate_Jun2025,2025-06-08T04:00:00Z,Jun2025,Optimal,SLATE_E,146080,143136,53979,39491,32876,62994,45125,15445,-993332025,368343194,369886229,377724261,12251433
ASP_2506_14,Light_Sweet_Slate_Jun2025,2025-06-06T06:00:00Z,Jun2025,Optimal,SLATE_F,146080,143136,53979,39491,32876,73298,46797,10531,-1252300897,452654796,296918116,381105430,12552541
ASP_2506_15,Coker_Max_Run_Jun2025,2025-06-10T14:00:00Z,Jun2025,Optimal,SLATE_B,146080,143136,53979,39491,32876,69485,51442,14056,-1064440066,450946616,289321025,316456551,13155499
ASP_2506_16,Product_Demand_High_Jun2025,2025-06-15T13:00:00Z,Jun2025,Optimal,SLATE_F,146080,143136,53979,39491,32876,70565,52197,12864,-1274514163,398934752,378787044,415712713,13328802
ASP_2506_17,Base_Case_Jun2025,2025-06-16T10:00:00Z,Jun2025,Optimal,SLATE_F,146080,143136,53979,39491,32876,70495,46927,13237,-1091734702,373317085,368797094,362739740,13119217
ASP_2506_18,High_Crude_Price_Jun2025,2025-06-24T04:00:00Z,Jun2025,Optimal,SLATE_F,146080,143136,53979,39491,32876,63807,46171,13875,-1006206615,505607209,268177533,332249322,12331221
ASP_2506_19,Max_Diesel_Mode_Jun2025,2025-06-19T16:00:00Z,Jun2025,Optimal,SLATE_B,146080,143136,53979,39491,32876,62103,55446,13309,-1128143866,365161045,359586689,362137542,12462546
ASP_2506_20,Min_Fuel_Oil_Jun2025,2025-06-03T12:00:00Z,Jun2025,Optimal,SLATE_C,146080,143136,53979,39491,32876,71712,48141,11235,-1160463002,429135588,362192621,348545612,13210712
ASP_2506_21,Heavy_Crude_Slate_Jun2025,2025-06-07T16:00:00Z,Jun2025,Optimal,SLATE_F,146080,143136,53979,39491,32876,63230,49037,16554,-865836347,338594093,270400657,365730535,12684899
ASP_2506_22,Light_Sweet_Slate_Jun2025,2025-06-09T15:00:00Z,Jun2025,Optimal,SLATE_B,146080,143136,53979,39491,32876,72634,48774,11182,-1105803186,370882838,294913150,334151141,12622855
ASP_2506_23,Coker_Max_Run_Jun2025,2025-06-15T00:00:00Z,Jun2025,Optimal,SLATE_B,146080,143136,53979,39491,32876,63044,49763,14158,-1044040622,389122830,286376203,361825078,13754873
ASP_2506_24,Product_Demand_High_Jun2025,2025-06-10T07:00:00Z,Jun2025,Optimal,SLATE_E,146080,143136,53979,39491,32876,70344,51656,13325,-1099654387,389088281,275196940,368340744,14427458
ASP_2506_25,Base_Case_Jun2025,2025-06-18T09:00:00Z,Jun2025,Optimal,SLATE_F,146080,143136,53979,39491,32876,70526,49408,12930,-1154811882,409429860,365409011,393100311,13127300
ASP_2506_26,High_Crude_Price_Jun2025,2025-06-03T17:00:00Z,Jun2025,Optimal,SLATE_F,146080,143136,53979,39491,32876,66671,48163,13721,-1012976640,416398495,363032851,334525270,12895050
ASP_2506_27,Max_Diesel_Mode_Jun2025,2025-06-02T12:00:00Z,Jun2025,Optimal,SLATE_B,146080,143136,53979,39491,32876,61750,57096,13239,-1111270659,350235501,369856418,351907813,13646723
ASP_2506_28,Min_Fuel_Oil_Jun2025,2025-06-16T09:00:00Z,Jun2025,Optimal,SLATE_E,146080,143136,53979,39491,32876,71981,49973,11204,-1136114543,456579756,308894906,351455972,13906805
ASP_2506_29,Heavy_Crude_Slate_Jun2025,2025-06-04T09:00:00Z,Jun2025,Optimal,SLATE_D,146080,143136,53979,39491,32876,63148,48703,16475,-853778118,341878554,293490583,326433483,13160266
ASP_2506_30,Light_Sweet_Slate_Jun2025,2025-06-22T10:00:00Z,Jun2025,Optimal,SLATE_B,146080,143136,53979,39491,32876,77621,45410,10969,-1306156231,486506815,296285305,397390679,13971878
ASP_2506_31,Coker_Max_Run_Jun2025,2025-06-01T04:00:00Z,Jun2025,Optimal,SLATE_E,146080,143136,53979,39491,32876,66146,47914,14074,-1189792654,491131729,345151547,343506806,13326695
ASP_2506_32,Product_Demand_High_Jun2025,2025-06-07T19:00:00Z,Jun2025,Optimal,SLATE_F,146080,143136,53979,39491,32876,75725,53529,13270,-1276266818,496641315,346026565,353609512,14548856
ASP_2506_33,Base_Case_Jun2025,2025-06-11T06:00:00Z,Jun2025,Optimal,SLATE_C,146080,143136,53979,39491,32876,68901,48823,12921,-1138882143,502757365,296823522,351980118,12678862
ASP_2506_34,High_Crude_Price_Jun2025,2025-06-18T12:00:00Z,Jun2025,Optimal,SLATE_A,146080,143136,53979,39491,32876,67385,44564,13302,-1025390887,441869854,278986295,407434589,13735425
ASP_2506_35,Max_Diesel_Mode_Jun2025,2025-06-04T02:00:00Z,Jun2025,Optimal,SLATE_B,146080,143136,53979,39491,32876,58201,55346,12849,-1057811965,345335787,356070894,318443246,12409960
ASP_2506_36,Min_Fuel_Oil_Jun2025,2025-06-13T07:00:00Z,Jun2025,Optimal,SLATE_E,146080,143136,53979,39491,32876,70335,47253,11298,-1075089185,457175864,283884873,316214828,13499657
ASP_2507_01,Base_Case_Jul2025,2025-07-09T21:00:00Z,Jul2025,Optimal,SLATE_F,152250,143675,77069,44782,43544,69515,51238,20881,-1079745299,350361115,392659948,350831033,14106797
ASP_2507_02,High_Crude_Price_Jul2025,2025-07-05T21:00:00Z,Jul2025,Optimal,SLATE_C,152250,143675,77069,44782,43544,64783,53053,20408,-1102672331,511874499,306110494,394004562,13432673
ASP_2507_03,Max_Diesel_Mode_Jul2025,2025-07-01T09:00:00Z,Jul2025,Optimal,SLATE_D,152250,143675,77069,44782,43544,62924,60021,20475,-1206063601,474146444,299249577,389859620,14623640
ASP_2507_04,Min_Fuel_Oil_Jul2025,2025-07-09T08:00:00Z,Jul2025,Optimal,SLATE_C,152250,143675,77069,44782,43544,67695,54140,17419,-1153668339,409692644,358916305,366018012,14560612
ASP_2507_05,Heavy_Crude_Slate_Jul2025,2025-07-01T13:00:00Z,Jul2025,Optimal,SLATE_B,152250,143675,77069,44782,43544,58678,53842,25616,-936108991,355633908,297163831,400686346,13362983
ASP_2507_06,Light_Sweet_Slate_Jul2025,2025-07-22T13:00:00Z,Jul2025,Optimal,SLATE_F,152250,143675,77069,44782,43544,74866,51509,17102,-1339826285,472537537,344199743,394284453,14748264
ASP_2507_07,Coker_Max_Run_Jul2025,2025-07-20T07:00:00Z,Jul2025,Optimal,SLATE_C,152250,143675,77069,44782,43544,65098,54168,23271,-1234959130,525871734,284065625,415057902,14251015
ASP_2507_08,Product_Demand_High_Jul2025,2025-07-22T18:00:00Z,Jul2025,Optimal,SLATE_D,152250,143675,77069,44782,43544,72936,55792,19850,-1272161452,473283376,368068773,351586465,15011343
ASP_2507_09,Base_Case_Jul2025,2025-07-23T15:00:00Z,Jul2025,Optimal,SLATE_C,152250,143675,77069,44782,43544,64861,51312,20217,-1225194680,519263441,374793304,344752568,13614633
ASP_2507_10,High_Crude_Price_Jul2025,2025-07-24T11:00:00Z,Jul2025,Optimal,SLATE_C,152250,143675,77069,44782,43544,64517,50214,20457,-1018916504,448904528,274420009,397695380,13501977
ASP_2507_11,Max_Diesel_Mode_Jul2025,2025-07-08T18:00:00Z,Jul2025,Optimal,SLATE_C,152250,143675,77069,44782,43544,60289,63487,20167,-1082653926,361144637,323000249,360499977,13545885
ASP_2507_12,Min_Fuel_Oil_Jul2025,2025-07-25T15:00:00Z,Jul2025,Optimal,SLATE_D,152250,143675,77069,44782,43544,70897,53879,17876,-1152210528,484950647,293394242,355681119,15375009
ASP_2507_13,Heavy_Crude_Slate_Jul2025,2025-07-02T00:00:00Z,Jul2025,Optimal,SLATE_C,152250,143675,77069,44782,43544,57878,54238,24209,-972004500,414426480,280949416,398261095,13631991
ASP_2507_14,Light_Sweet_Slate_Jul2025,2025-07-07T16:00:00Z,Jul2025,Optimal,SLATE_A,152250,143675,77069,44782,43544,73095,53736,16376,-1257551638,430267750,342724051,363279960,13457798
ASP_2507_15,Coker_Max_Run_Jul2025,2025-07-24T13:00:00Z,Jul2025,Optimal,SLATE_C,152250,143675,77069,44782,43544,69058,53292,21672,-1020001252,374253858,280272763,360226478,14751871
ASP_2507_16,Product_Demand_High_Jul2025,2025-07-04T06:00:00Z,Jul2025,Optimal,SLATE_A,152250,143675,77069,44782,43544,74165,57814,20411,-1206262378,429274027,383565794,320015295,15945506
ASP_2507_17,Base_Case_Jul2025,2025-07-27T06:00:00Z,Jul2025,Optimal,SLATE_C,152250,143675,77069,44782,43544,70413,51084,21220,-1059585989,370150739,313710173,389208398,13483321
ASP_2507_18,High_Crude_Price_Jul2025,2025-07-12T01:00:00Z,Jul2025,Optimal,SLATE_B,152250,143675,77069,44782,43544,63510,52488,20058,-1003854036,459125255,302276356,343005460,13261379
ASP_2507_19,Max_Diesel_Mode_Jul2025,2025-07-24T10:00:00Z,Jul2025,Optimal,SLATE_C,152250,143675,77069,44782,43544,61221,58980,19627,-1177904978,421827192,321452636,391569468,13035031
ASP_2507_20,Min_Fuel_Oil_Jul2025,2025-07-27T15:00:00Z,Jul2025,Optimal,SLATE_B,152250,143675,77069,44782,43544,67631,52154,17405,-1209589176,475893169,306767206,405151913,13453864
ASP_2507_21,Heavy_Crude_Slate_Jul2025,2025-07-07T20:00:00Z,Jul2025,Optimal,SLATE_D,152250,143675,77069,44782,43544,63616,52084,23565,-1133916952,515846709,338058520,419055095,13052599
ASP_2507_22,Light_Sweet_Slate_Jul2025,2025-07-22T05:00:00Z,Jul2025,Optimal,SLATE_E,152250,143675,77069,44782,43544,74132,51351,17246,-1293318167,478525756,345646364,344518500,13942256
ASP_2507_23,Coker_Max_Run_Jul2025,2025-07-21T21:00:00Z,Jul2025,Optimal,SLATE_A,152250,143675,77069,44782,43544,68884,53804,21629,-1134415334,361829795,349559900,415040660,14258458
ASP_2507_24,Product_Demand_High_Jul2025,2025-07-06T02:00:00Z,Jul2025,Optimal,SLATE_C,152250,143675,77069,44782,43544,72542,54445,19303,-1175147884,368541756,377448658,357018292,14908813
ASP_2507_25,Base_Case_Jul2025,2025-07-11T09:00:00Z,Jul2025,Optimal,SLATE_B,152250,143675,77069,44782,43544,64270,50944,20322,-1244939073,524769380,356582578,376654816,13067701
ASP_2507_26,High_Crude_Price_Jul2025,2025-07-02T01:00:00Z,Jul2025,Optimal,SLATE_D,152250,143675,77069,44782,43544,62613,49836,21796,-1043954935,385796452,337304070,425822723,14189619
ASP_2507_27,Max_Diesel_Mode_Jul2025,2025-07-23T18:00:00Z,Jul2025,Optimal,SLATE_D,152250,143675,77069,44782,43544,60551,59722,19405,-1041667060,361554836,288141546,356476250,14108765
ASP_2507_28,Min_Fuel_Oil_Jul2025,2025-07-06T18:00:00Z,Jul2025,Optimal,SLATE_B,152250,143675,77069,44782,43544,71611,53084,18188,-1092038453,360303060,333281991,380692922,14046465
ASP_2507_29,Heavy_Crude_Slate_Jul2025,2025-07-16T11:00:00Z,Jul2025,Optimal,SLATE_C,152250,143675,77069,44782,43544,60776,49396,23763,-1082824507,444635645,380938859,391201831,13637993
ASP_2507_30,Light_Sweet_Slate_Jul2025,2025-07-08T13:00:00Z,Jul2025,Optimal,SLATE_D,152250,143675,77069,44782,43544,71043,51502,15696,-1178648031,363042107,381548577,322134566,14360936
ASP_2507_31,Coker_Max_Run_Jul2025,2025-07-03T13:00:00Z,Jul2025,Optimal,SLATE_A,152250,143675,77069,44782,43544,68196,53917,22029,-1087996991,437457141,311235806,332822781,14852011
ASP_2507_32,Product_Demand_High_Jul2025,2025-07-09T08:00:00Z,Jul2025,Optimal,SLATE_F,152250,143675,77069,44782,43544,76252,56311,19841,-1235524288,378404545,381442261,400211956,16054791
ASP_2507_33,Base_Case_Jul2025,2025-07-19T19:00:00Z,Jul2025,Optimal,SLATE_C,152250,143675,77069,44782,43544,68851,54916,21425,-1290343158,527536435,364004051,412925648,14122976
ASP_2507_34,High_Crude_Price_Jul2025,2025-07-15T02:00:00Z,Jul2025,Optimal,SLATE_F,152250,143675,77069,44782,43544,64628,51580,21819,-953471999,433780595,293926949,322194075,13519011
ASP_2507_35,Max_Diesel_Mode_Jul2025,2025-07-23T09:00:00Z,Jul2025,Optimal,SLATE_B,152250,143675,77069,44782,43544,61587,58843,18622,-1198993152,429899724,341665147,384426199,14092830
ASP_2507_36,Min_Fuel_Oil_Jul2025,2025-07-22T13:00:00Z,Jul2025,Optimal,SLATE_A,152250,143675,77069,44782,43544,69965,55537,17582,-1228353322,501661703,316003600,390081140,15170402
ASP_2508_01,Base_Case_Aug2025,2025-08-13T18:00:00Z,Aug2025,Optimal,SLATE_B,146566,145167,64659,55961,43459,66721,50200,15993,-1022239186,383581269,303489871,348444666,13276620
ASP_2508_02,High_Crude_Price_Aug2025,2025-08-12T08:00:00Z,Aug2025,Optimal,SLATE_F,146566,145167,64659,55961,43459,66835,47660,16089,-1032916487,411211234,334236545,391398315,14110781
ASP_2508_03,Max_Diesel_Mode_Aug2025,2025-08-20T08:00:00Z,Aug2025,Optimal,SLATE_C,146566,145167,64659,55961,43459,63221,57290,14493,-1111710838,402238799,283691822,386564993,13723387
ASP_2508_04,Min_Fuel_Oil_Aug2025,2025-08-10T10:00:00Z,Aug2025,Optimal,SLATE_A,146566,145167,64659,55961,43459,68525,49414,13843,-1155264521,450602530,362256077,321869036,13111603
ASP_2508_05,Heavy_Crude_Slate_Aug2025,2025-08-13T15:00:00Z,Aug2025,Optimal,SLATE_F,146566,145167,64659,55961,43459,61796,45859,18275,-1030682860,484345577,349157588,323743619,12043606
ASP_2508_06,Light_Sweet_Slate_Aug2025,2025-08-05T21:00:00Z,Aug2025,Optimal,SLATE_B,146566,145167,64659,55961,43459,74505,48598,12945,-1274151485,468716248,321684355,361960183,14725531
ASP_2508_07,Coker_Max_Run_Aug2025,2025-08-02T15:00:00Z,Aug2025,Optimal,SLATE_B,146566,145167,64659,55961,43459,70416,53406,18412,-1079746175,377018797,289386276,406085305,13915696
ASP_2508_08,Product_Demand_High_Aug2025,2025-08-08T20:00:00Z,Aug2025,Optimal,SLATE_F,146566,145167,64659,55961,43459,76209,50186,15818,-1181953784,440901468,276881095,391304937,14685848
ASP_2508_09,Base_Case_Aug2025,2025-08-22T05:00:00Z,Aug2025,Optimal,SLATE_A,146566,145167,64659,55961,43459,70078,47809,16652,-1104487031,493657941,287360888,336697423,13229221
ASP_2508_10,High_Crude_Price_Aug2025,2025-08-11T00:00:00Z,Aug2025,Optimal,SLATE_E,146566,145167,64659,55961,43459,64342,48891,16981,-1103770725,509051297,303485499,400328335,13114342
ASP_2508_11,Max_Diesel_Mode_Aug2025,2025-08-18T13:00:00Z,Aug2025,Optimal,SLATE_C,146566,145167,64659,55961,43459,59782,53518,14903,-1095770210,378485010,268399644,409758801,13052778
ASP_2508_12,Min_Fuel_Oil_Aug2025,2025-08-18T09:00:00Z,Aug2025,Optimal,SLATE_C,146566,145167,64659,55961,43459,69254,52018,14059,-1148112618,425239355,307936468,395784318,14287696
ASP_2508_13,Heavy_Crude_Slate_Aug2025,2025-08-04T12:00:00Z,Aug2025,Optimal,SLATE_F,146566,145167,64659,55961,43459,62824,46878,19662,-989624988,394413230,340229313,378751667,13810890
ASP_2508_14,Light_Sweet_Slate_Aug2025,2025-08-18T10:00:00Z,Aug2025,Optimal,SLATE_C,146566,145167,64659,55961,43459,76114,45899,12239,-1185785631,358175342,309116380,405652993,14207544
ASP_2508_15,Coker_Max_Run_Aug2025,2025-08-20T12:00:00Z,Aug2025,Optimal,SLATE_F,146566,145167,64659,55961,43459,68816,49576,17915,-1113674724,401160804,321674306,382843400,13840545
ASP_2508_16,Product_Demand_High_Aug2025,2025-08-13T13:00:00Z,Aug2025,Optimal,SLATE_D,146566,145167,64659,55961,43459,72050,50840,15373,-1178777693,477147660,292417361,336168113,14272307
ASP_2508_17,Base_Case_Aug2025,2025-08-13T07:00:00Z,Aug2025,Optimal,SLATE_C,146566,145167,64659,55961,43459,69398,49995,16054,-1094811127,468843853,287886448,351863379,13782553
ASP_2508_18,High_Crude_Price_Aug2025,2025-08-11T08:00:00Z,Aug2025,Optimal,SLATE_A,146566,145167,64659,55961,43459,65579,46734,16866,-1051522931,468972600,338509945,348252550,12775387
ASP_2508_19,Max_Diesel_Mode_Aug2025,2025-08-25T20:00:00Z,Aug2025,Optimal,SLATE_E,146566,145167,64659,55961,43459,61252,57015,14873,-1156825098,448525560,280973848,385035715,12796934
ASP_2508_20,Min_Fuel_Oil_Aug2025,2025-08-24T17:00:00Z,Aug2025,Optimal,SLATE_F,146566,145167,64659,55961,43459,67930,50699,14153,-1178466147,446237771,308311694,403751591,14159165
ASP_2508_21,Heavy_Crude_Slate_Aug2025,2025-08-04T13:00:00Z,Aug2025,Optimal,SLATE_C,146566,145167,64659,55961,43459,62307,45927,19656,-952784016,397980641,333788736,340461788,13582258
ASP_2508_22,Light_Sweet_Slate_Aug2025,2025-08-03T17:00:00Z,Aug2025,Optimal,SLATE_E,146566,145167,64659,55961,43459,77515,45866,12899,-1308013062,474336696,320629659,386542292,13639841
ASP_2508_23,Coker_Max_Run_Aug2025,2025-08-01T04:00:00Z,Aug2025,Optimal,SLATE_A,146566,145167,64659,55961,43459,67125,52546,17759,-1100831733,395903056,291223374,406007836,13887468
ASP_2508_24,Product_Demand_High_Aug2025,2025-08-19T21:00:00Z,Aug2025,Optimal,SLATE_D,146566,145167,64659,55961,43459,70911,49369,14844,-1267321390,464385629,317385613,405538391,13863901
ASP_2508_25,Base_Case_Aug2025,2025-08-09T11:00:00Z,Aug2025,Optimal,SLATE_A,146566,145167,64659,55961,43459,69501,49367,15748,-1078033871,398448899,291700113,401875777,13990918
ASP_2508_26,High_Crude_Price_Aug2025,2025-08-10T00:00:00Z,Aug2025,Optimal,SLATE_B,146566,145167,64659,55961,43459,64230,44851,16113,-1016767681,384168553,346887071,387373283,13246644
ASP_2508_27,Max_Diesel_Mode_Aug2025,2025-08-15T20:00:00Z,Aug2025,Optimal,SLATE_C,146566,145167,64659,55961,43459,60326,55348,15687,-1183185714,442881575,288709456,408522543,13270036
ASP_2508_28,Min_Fuel_Oil_Aug2025,2025-08-19T22:00:00Z,Aug2025,Optimal,SLATE_D,146566,145167,64659,55961,43459,67981,51281,13195,-1120230058,459925404,312754544,328819771,13897720
ASP_2508_29,Heavy_Crude_Slate_Aug2025,2025-08-05T08:00:00Z,Aug2025,Optimal,SLATE_A,146566,145167,64659,55961,43459,60784,49072,18650,-942667326,401385544,278659558,380691069,13328031
ASP_2508_30,Light_Sweet_Slate_Aug2025,2025-08-13T18:00:00Z,Aug2025,Optimal,SLATE_B,146566,145167,64659,55961,43459,74472,47797,12668,-1075802807,350236700,287470060,336981024,14149563
ASP_2508_31,Coker_Max_Run_Aug2025,2025-08-06T14:00:00Z,Aug2025,Optimal,SLATE_E,146566,145167,64659,55961,43459,66312,50248,17851,-1114014331,481926080,273175803,350961851,13892821
ASP_2508_32,Product_Demand_High_Aug2025,2025-08-22T19:00:00Z,Aug2025,Optimal,SLATE_C,146566,145167,64659,55961,43459,73575,50915,15415,-1162361480,463661461,313506190,312990645,13897666
ASP_2508_33,Base_Case_Aug2025,2025-08-23T11:00:00Z,Aug2025,Optimal,SLATE_F,146566,145167,64659,55961,43459,66065,47270,15876,-976556218,368739834,312614319,309021948,13819883
ASP_2508_34,High_Crude_Price_Aug2025,2025-08-05T09:00:00Z,Aug2025,Optimal,SLATE_D,146566,145167,64659,55961,43459,68642,49316,16911,-1013752766,473052986,292378372,350499780,14025957
ASP_2508_35,Max_Diesel_Mode_Aug2025,2025-08-05T16:00:00Z,Aug2025,Optimal,SLATE_C,146566,145167,64659,55961,43459,64081,57188,15427,-1181223612,481855688,271080321,385470842,13431982
ASP_2508_36,Min_Fuel_Oil_Aug2025,2025-08-23T11:00:00Z,Aug2025,Optimal,SLATE_B,146566,145167,64659,55961,43459,72198,47887,13589,-1243128181,479510378,323319211,416998275,12907299
ASP_2509_01,Base_Case_Sep2025,2025-09-20T06:00:00Z,Sep2025,Optimal,SLATE_E,156017,145027,76013,55644,33798,64298,51696,13694,-1182744597,516596008,316551359,363329748,13732518
ASP_2509_02,High_Crude_Price_Sep2025,2025-09-26T02:00:00Z,Sep2025,Optimal,SLATE_B,156017,145027,76013,55644,33798,61222,53069,14256,-1101066890,508422361,325784773,375568365,12963662
ASP_2509_03,Max_Diesel_Mode_Sep2025,2025-09-01T07:00:00Z,Sep2025,Optimal,SLATE_A,156017,145027,76013,55644,33798,61084,61922,13398,-1317263144,503658352,403953108,361448870,14524002
ASP_2509_04,Min_Fuel_Oil_Sep2025,2025-09-20T05:00:00Z,Sep2025,Optimal,SLATE_B,156017,145027,76013,55644,33798,65125,53139,11149,-1149510645,460363461,326240704,342313553,12887965
ASP_2509_05,Heavy_Crude_Slate_Sep2025,2025-09-25T03:00:00Z,Sep2025,Optimal,SLATE_A,156017,145027,76013,55644,33798,60562,51701,16769,-1129582001,489556795,342615615,436244832,13326129
ASP_2509_06,Light_Sweet_Slate_Sep2025,2025-09-11T13:00:00Z,Sep2025,Optimal,SLATE_A,156017,145027,76013,55644,33798,68976,55444,10479,-1420938588,516316341,329197570,436708212,13526955
ASP_2509_07,Coker_Max_Run_Sep2025,2025-09-14T14:00:00Z,Sep2025,Optimal,SLATE_A,156017,145027,76013,55644,33798,64828,56803,14779,-1109604382,447555994,320881721,333255627,13845908
ASP_2509_08,Product_Demand_High_Sep2025,2025-09-20T20:00:00Z,Sep2025,Optimal,SLATE_B,156017,145027,76013,55644,33798,71733,55981,13513,-1261436607,453328623,320812324,408315095,14459183
ASP_2509_09,Base_Case_Sep2025,2025-09-13T00:00:00Z,Sep2025,Optimal,SLATE_C,156017,145027,76013,55644,33798,66819,54606,12955,-1269537437,526068055,379700633,376929379,13160630
ASP_2509_10,High_Crude_Price_Sep2025,2025-09-12T10:00:00Z,Sep2025,Optimal,SLATE_B,156017,145027,76013,55644,33798,61855,51841,13980,-991816116,382185360,333405637,376041482,13571483
ASP_2509_11,Max_Diesel_Mode_Sep2025,2025-09-11T07:00:00Z,Sep2025,Optimal,SLATE_D,156017,145027,76013,55644,33798,57621,62046,12258,-1289872443,414479028,399587100,426920445,12536627
ASP_2509_12,Min_Fuel_Oil_Sep2025,2025-09-22T11:00:00Z,Sep2025,Optimal,SLATE_A,156017,145027,76013,55644,33798,65221,56243,11157,-1332455140,516738009,353938469,436372364,13403075
ASP_2509_13,Heavy_Crude_Slate_Sep2025,2025-09-27T15:00:00Z,Sep2025,Optimal,SLATE_E,156017,145027,76013,55644,33798,56605,54325,16588,-1050641974,501936069,307514806,371161398,13232301
ASP_2509_14,Light_Sweet_Slate_Sep2025,2025-09-23T19:00:00Z,Sep2025,Optimal,SLATE_B,156017,145027,76013,55644,33798,72970,55015,10933,-1385961400,481992154,392594186,376968463,14089267
ASP_2509_15,Coker_Max_Run_Sep2025,2025-09-16T15:00:00Z,Sep2025,Optimal,SLATE_D,156017,145027,76013,55644,33798,64657,54698,15035,-1227214385,452331156,320318124,444277878,13775800
ASP_2509_16,Product_Demand_High_Sep2025,2025-09-10T22:00:00Z,Sep2025,Optimal,SLATE_F,156017,145027,76013,55644,33798,69594,58039,13348,-1295046860,487640609,350982690,374690346,14196182
ASP_2509_17,Base_Case_Sep2025,2025-09-07T05:00:00Z,Sep2025,Optimal,SLATE_B,156017,145027,76013,55644,33798,68380,55190,14226,-1193003578,490939681,291220980,424978431,14135514
ASP_2509_18,High_Crude_Price_Sep2025,2025-09-20T04:00:00Z,Sep2025,Optimal,SLATE_D,156017,145027,76013,55644,33798,60775,51532,14122,-1008824763,462014510,299292602,347661055,12419511
ASP_2509_19,Max_Diesel_Mode_Sep2025,2025-09-14T21:00:00Z,Sep2025,Optimal,SLATE_C,156017,145027,76013,55644,33798,60203,60722,12647,-1231496087,419619681,396246975,370678057,13691296
ASP_2509_20,Min_Fuel_Oil_Sep2025,2025-09-04T11:00:00Z,Sep2025,Optimal,SLATE_A,156017,145027,76013,55644,33798,65329,53372,12077,-1206581659,401049293,401133732,382937644,13682165
ASP_2509_21,Heavy_Crude_Slate_Sep2025,2025-09-17T18:00:00Z,Sep2025,Optimal,SLATE_C,156017,145027,76013,55644,33798,57020,55761,15627,-964862654,363719989,327512705,393635314,12798392
ASP_2509_22,Light_Sweet_Slate_Sep2025,2025-09-14T20:00:00Z,Sep2025,Optimal,SLATE_A,156017,145027,76013,55644,33798,69044,53252,10448,-1307080026,464278749,344133921,371862846,13239778
ASP_2509_23,Coker_Max_Run_Sep2025,2025-09-26T15:00:00Z,Sep2025,Optimal,SLATE_E,156017,145027,76013,55644,33798,62589,54379,15016,-1244550006,414118454,382538481,437198050,13707920
ASP_2509_24,Product_Demand_High_Sep2025,2025-09-14T19:00:00Z,Sep2025,Optimal,SLATE_E,156017,145027,76013,55644,33798,73614,58186,13421,-1219485900,404707259,369572443,368921265,14047355
ASP_2509_25,Base_Case_Sep2025,2025-09-16T21:00:00Z,Sep2025,Optimal,SLATE_D,156017,145027,76013,55644,33798,63994,56771,14115,-1249048067,497999690,359878433,404634271,13464327
ASP_2509_26,High_Crude_Price_Sep2025,2025-09-01T00:00:00Z,Sep2025,Optimal,SLATE_F,156017,145027,76013,55644,33798,59243,53987,13519,-1020620292,398373208,296138093,427378311,12519729
ASP_2509_27,Max_Diesel_Mode_Sep2025,2025-09-24T03:00:00Z,Sep2025,Optimal,SLATE_A,156017,145027,76013,55644,33798,59746,59476,12356,-1298475052,525351968,372367884,351975087,13052032
ASP_2509_28,Min_Fuel_Oil_Sep2025,2025-09-05T13:00:00Z,Sep2025,Optimal,SLATE_D,156017,145027,76013,55644,33798,69059,54738,11012,-1295685879,477585177,358173190,435890846,13701757
ASP_2509_29,Heavy_Crude_Slate_Sep2025,2025-09-10T19:00:00Z,Sep2025,Optimal,SLATE_D,156017,145027,76013,55644,33798,59668,55808,15761,-1069124868,480278376,374868328,345909802,13139985
ASP_2509_30,Light_Sweet_Slate_Sep2025,2025-09-01T09:00:00Z,Sep2025,Optimal,SLATE_A,156017,145027,76013,55644,33798,71008,51563,10821,-1213150276,364524906,316059232,416893482,14307730
ASP_2509_31,Coker_Max_Run_Sep2025,2025-09-07T02:00:00Z,Sep2025,Optimal,SLATE_C,156017,145027,76013,55644,33798,66850,54103,15351,-1108380198,361708879,363232190,376243980,14537796
ASP_2509_32,Product_Demand_High_Sep2025,2025-09-07T12:00:00Z,Sep2025,Optimal,SLATE_E,156017,145027,76013,55644,33798,72830,58636,12870,-1251028318,454545187,327010650,391325420,14521703
ASP_2509_33,Base_Case_Sep2025,2025-09-17T00:00:00Z,Sep2025,Optimal,SLATE_D,156017,145027,76013,55644,33798,63743,56212,14012,-1243968699,511297584,369927751,376026045,13282681
ASP_2509_34,High_Crude_Price_Sep2025,2025-09-23T21:00:00Z,Sep2025,Optimal,SLATE_D,156017,145027,76013,55644,33798,59525,54569,13260,-1102834946,525621260,309512702,376913730,13314055
ASP_2509_35,Max_Diesel_Mode_Sep2025,2025-09-01T11:00:00Z,Sep2025,Optimal,SLATE_B,156017,145027,76013,55644,33798,60940,62986,12495,-1167376662,391207217,402198636,332168248,13786803
ASP_2509_36,Min_Fuel_Oil_Sep2025,2025-09-25T17:00:00Z,Sep2025,Optimal,SLATE_D,156017,145027,76013,55644,33798,64335,56443,11692,-1269115715,518770952,342718929,383645514,12984215
