timestamp,tag_name,value,unit,quality,crude_tank,crude_id
2025-08-25 19:15:50.969395+00:00,TK103_LEVEL,86.08766625466434,PCT,Good,TK103,MAYA
2025-08-25 19:15:50.969395+00:00,TK103_TEMP,85.04723499590982,DEGF,Good,TK103,MAYA
2025-08-25 19:15:50.969395+00:00,TK103_VOLUME,39232.75757718806,BBL,Good,TK103,MAYA
2025-08-25 19:15:50.969395+00:00,TK104_LEVEL,86.29063879375627,PCT,Good,TK104,ARB
2025-08-25 19:15:50.969395+00:00,TK104_TEMP,85.16052300458242,DEGF,Good,TK104,ARB
2025-08-25 19:15:50.969395+00:00,TK104_VOLUME,47374.8172107611,BBL,Good,TK104,ARB
2025-08-25 19:15:50.969395+00:00,TK105_LEVEL,67.0109664820935,PCT,Good,TK105,URALS
2025-08-25 19:15:50.969395+00:00,TK105_TEMP,85.83721584119765,DEGF,Good,TK105,URALS
2025-08-25 19:15:50.969395+00:00,TK105_VOLUME,33748.80422792248,BBL,Good,TK105,URALS
2025-08-25 19:15:50.969395+00:00,VDU_FEED_RATE,18326.984571623932,BPD,Good,VDU001,BLEND_B
2025-08-25 20:33:41.239665270+00:00,CDU_FEED_RATE,45083.882900403645,BPD,Good,CDU001,BLEND_A
2025-08-25 20:33:41.239665270+00:00,CDU_FEED_TEMP,480.5850936504119,DEGF,Good,CDU001,BLEND_A
2025-08-25 20:33:41.239665270+00:00,TK101_LEVEL,84.42182008172955,PCT,Good,TK101,WTI
2025-08-25 20:33:41.239665270+00:00,TK101_TEMP,84.49097223399455,DEGF,Good,TK101,WTI
2025-08-25 20:33:41.239665270+00:00,TK101_VOLUME,45528.94944264802,BBL,Good,TK101,WTI
2025-08-25 20:33:41.239665270+00:00,TK102_LEVEL,65.90362879035764,PCT,Good,TK102,BRENT
2025-08-25 20:33:41.239665270+00:00,TK102_TEMP,85.18076985372913,DEGF,Good,TK102,BRENT
2025-08-25 20:33:41.239665270+00:00,TK102_VOLUME,31081.926186825407,BBL,Good,TK102,BRENT
2025-08-25 20:33:41.239665270+00:00,TK103_LEVEL,86.74814591976182,PCT,Good,TK103,MAYA
2025-08-25 20:33:41.239665270+00:00,TK103_TEMP,85.1186091702231,DEGF,Good,TK103,MAYA
2025-08-25 20:33:41.239665270+00:00,TK103_VOLUME,39533.758170104324,BBL,Good,TK103,MAYA
2025-08-25 20:33:41.239665270+00:00,TK104_LEVEL,84.49293422403687,PCT,Good,TK104,ARB
2025-08-25 20:33:41.239665270+00:00,TK104_TEMP,85.43436670104533,DEGF,Good,TK104,ARB
2025-08-25 20:33:41.239665270+00:00,TK104_VOLUME,46387.85122487981,BBL,Good,TK104,ARB
2025-08-25 20:33:41.239665270+00:00,TK105_LEVEL,67.15568996057466,PCT,Good,TK105,URALS
2025-08-25 20:33:41.239665270+00:00,TK105_TEMP,85.28899351927632,DEGF,Good,TK105,URALS
2025-08-25 20:33:41.239665270+00:00,TK105_VOLUME,33821.69146711414,BBL,Good,TK105,URALS
2025-08-25 20:33:41.239665270+00:00,VDU_FEED_RATE,18535.020990086006,BPD,Good,VDU001,BLEND_B
2025-08-25 21:51:31.509935540+00:00,CDU_FEED_RATE,44948.416849705325,BPD,Good,CDU001,BLEND_A
2025-08-25 21:51:31.509935540+00:00,CDU_FEED_TEMP,481.3217397274108,DEGF,Good,CDU001,BLEND_A
2025-08-25 21:51:31.509935540+00:00,TK101_LEVEL,85.0636928819824,PCT,Good,TK101,WTI
2025-08-25 21:51:31.509935540+00:00,TK101_TEMP,84.78200308966538,DEGF,Good,TK101,WTI
2025-08-25 21:51:31.509935540+00:00,TK101_VOLUME,45875.11343488405,BBL,Good,TK101,WTI
2025-08-25 21:51:31.509935540+00:00,TK102_LEVEL,64.86043716626561,PCT,Good,TK102,BRENT
2025-08-25 21:51:31.509935540+00:00,TK102_TEMP,85.45141208299175,DEGF,Good,TK102,BRENT
2025-08-25 21:51:31.509935540+00:00,TK102_VOLUME,30589.928922731095,BBL,Good,TK102,BRENT
2025-08-25 21:51:31.509935540+00:00,TK103_LEVEL,85.63726210349849,PCT,Good,TK103,MAYA
2025-08-25 21:51:31.509935540+00:00,TK103_TEMP,85.19818119783729,DEGF,Good,TK103,MAYA
2025-08-25 21:51:31.509935540+00:00,TK103_VOLUME,39027.49476030351,BBL,Good,TK103,MAYA
2025-08-25 21:51:31.509935540+00:00,TK104_LEVEL,86.18059002419706,PCT,Good,TK104,ARB
2025-08-25 21:51:31.509935540+00:00,TK104_TEMP,85.55766481117148,DEGF,Good,TK104,ARB
2025-08-25 21:51:31.509935540+00:00,TK104_VOLUME,47314.39883380833,BBL,Good,TK104,ARB
2025-08-25 21:51:31.509935540+00:00,TK105_LEVEL,68.39532146581222,PCT,Good,TK105,URALS
2025-08-25 21:51:31.509935540+00:00,TK105_TEMP,85.0167814179442,DEGF,Good,TK105,URALS
2025-08-25 21:51:31.509935540+00:00,TK105_VOLUME,34446.00839882421,BBL,Good,TK105,URALS
2025-08-25 21:51:31.509935540+00:00,VDU_FEED_RATE,18636.156111326243,BPD,Good,VDU001,BLEND_B
2025-08-25 23:09:21.780205810+00:00,CDU_FEED_RATE,45663.86583585,BPD,Good,CDU001,BLEND_A
2025-08-25 23:09:21.780205810+00:00,CDU_FEED_TEMP,480.9117180352955,DEGF,Good,CDU001,BLEND_A
2025-08-25 23:09:21.780205810+00:00,TK101_LEVEL,82.62199786044772,PCT,Good,TK101,WTI
2025-08-25 23:09:21.780205810+00:00,TK101_TEMP,85.30422615718146,DEGF,Good,TK101,WTI
2025-08-25 23:09:21.780205810+00:00,TK101_VOLUME,44558.29973574566,BBL,Good,TK101,WTI
2025-08-25 23:09:21.780205810+00:00,TK102_LEVEL,66.02364694658233,PCT,Good,TK102,BRENT
2025-08-25 23:09:21.780205810+00:00,TK102_TEMP,85.22585664168555,DEGF,Good,TK102,BRENT
2025-08-25 23:09:21.780205810+00:00,TK102_VOLUME,31138.529981507505,BBL,Good,TK102,BRENT
2025-08-25 23:09:21.780205810+00:00,TK103_LEVEL,85.8778208753398,PCT,Good,TK103,MAYA
2025-08-25 23:09:21.780205810+00:00,TK103_TEMP,85.05121710354375,DEGF,Good,TK103,MAYA
2025-08-25 23:09:21.780205810+00:00,TK103_VOLUME,39137.12468046881,BBL,Good,TK103,MAYA
2025-08-25 23:09:21.780205810+00:00,TK104_LEVEL,87.11949652816571,PCT,Good,TK104,ARB
2025-08-25 23:09:21.780205810+00:00,TK104_TEMP,84.57840923270346,DEGF,Good,TK104,ARB
2025-08-25 23:09:21.780205810+00:00,TK104_VOLUME,47829.87217628552,BBL,Good,TK104,ARB
2025-08-25 23:09:21.780205810+00:00,TK105_LEVEL,69.01480318267096,PCT,Good,TK105,URALS
2025-08-25 23:09:21.780205810+00:00,TK105_TEMP,84.87259612168437,DEGF,Good,TK105,URALS
2025-08-25 23:09:21.780205810+00:00,TK105_VOLUME,34757.99863389461,BBL,Good,TK105,URALS
2025-08-25 23:09:21.780205810+00:00,VDU_FEED_RATE,18539.039314300062,BPD,Good,VDU001,BLEND_B
2025-08-26 00:27:12.050476081+00:00,CDU_FEED_RATE,45958.374787504144,BPD,Good,CDU001,BLEND_A
2025-08-26 00:27:12.050476081+00:00,CDU_FEED_TEMP,481.2834620193225,DEGF,Good,CDU001,BLEND_A
2025-08-26 00:27:12.050476081+00:00,TK101_LEVEL,83.71798158509718,PCT,Good,TK101,WTI
2025-08-26 00:27:12.050476081+00:00,TK101_TEMP,85.61983499349304,DEGF,Good,TK101,WTI
2025-08-26 00:27:12.050476081+00:00,TK101_VOLUME,45149.36715813981,BBL,Good,TK101,WTI
2025-08-26 00:27:12.050476081+00:00,TK102_LEVEL,65.13011336820274,PCT,Good,TK102,BRENT
2025-08-26 00:27:12.050476081+00:00,TK102_TEMP,84.6451619839518,DEGF,Good,TK102,BRENT
2025-08-26 00:27:12.050476081+00:00,TK102_VOLUME,30717.11548220898,BBL,Good,TK102,BRENT
2025-08-26 00:27:12.050476081+00:00,TK103_LEVEL,89.19468580550743,PCT,Good,TK103,MAYA
2025-08-26 00:27:12.050476081+00:00,TK103_TEMP,85.22794571435934,DEGF,Good,TK103,MAYA
2025-08-26 00:27:12.050476081+00:00,TK103_VOLUME,40648.72051507529,BBL,Good,TK103,MAYA
2025-08-26 00:27:12.050476081+00:00,TK104_LEVEL,87.48758130686572,PCT,Good,TK104,ARB
2025-08-26 00:27:12.050476081+00:00,TK104_TEMP,85.33715758929445,DEGF,Good,TK104,ARB
2025-08-26 00:27:12.050476081+00:00,TK104_VOLUME,48031.956079623575,BBL,Good,TK104,ARB
2025-08-26 00:27:12.050476081+00:00,TK105_LEVEL,69.02686584662078,PCT,Good,TK105,URALS
2025-08-26 00:27:12.050476081+00:00,TK105_TEMP,85.19746700479055,DEGF,Good,TK105,URALS
2025-08-26 00:27:12.050476081+00:00,TK105_VOLUME,34764.073766152535,BBL,Good,TK105,URALS
2025-08-26 00:27:12.050476081+00:00,VDU_FEED_RATE,18941.00551312747,BPD,Good,VDU001,BLEND_B
2025-08-26 01:45:02.320746351+00:00,CDU_FEED_RATE,45824.35623617296,BPD,Good,CDU001,BLEND_A
2025-08-26 01:45:02.320746351+00:00,CDU_FEED_TEMP,481.7750309674988,DEGF,Good,CDU001,BLEND_A
2025-08-26 01:45:02.320746351+00:00,TK101_LEVEL,85.5914359462219,PCT,Good,TK101,WTI
2025-08-26 01:45:02.320746351+00:00,TK101_TEMP,85.591321521114,DEGF,Good,TK101,WTI
2025-08-26 01:45:02.320746351+00:00,TK101_VOLUME,46159.72690646293,BBL,Good,TK101,WTI
2025-08-26 01:45:02.320746351+00:00,TK102_LEVEL,67.01249224677629,PCT,Good,TK102,BRENT
2025-08-26 01:45:02.320746351+00:00,TK102_TEMP,86.06001642326365,DEGF,Good,TK102,BRENT
2025-08-26 01:45:02.320746351+00:00,TK102_VOLUME,31604.896055651738,BBL,Good,TK102,BRENT
2025-08-26 01:45:02.320746351+00:00,TK103_LEVEL,87.13181102989593,PCT,Good,TK103,MAYA
2025-08-26 01:45:02.320746351+00:00,TK103_TEMP,86.30554567866338,DEGF,Good,TK103,MAYA
2025-08-26 01:45:02.320746351+00:00,TK103_VOLUME,39708.60598410115,BBL,Good,TK103,MAYA
2025-08-26 01:45:02.320746351+00:00,TK104_LEVEL,88.29272919398014,PCT,Good,TK104,ARB
2025-08-26 01:45:02.320746351+00:00,TK104_TEMP,84.75663685707872,DEGF,Good,TK104,ARB
2025-08-26 01:45:02.320746351+00:00,TK104_VOLUME,48473.99399373432,BBL,Good,TK104,ARB
2025-08-26 01:45:02.320746351+00:00,TK105_LEVEL,70.61000105901745,PCT,Good,TK105,URALS
2025-08-26 01:45:02.320746351+00:00,TK105_TEMP,84.97046432378126,DEGF,Good,TK105,URALS
2025-08-26 01:45:02.320746351+00:00,TK105_VOLUME,35561.38983476621,BBL,Good,TK105,URALS
2025-08-26 01:45:02.320746351+00:00,VDU_FEED_RATE,18786.71198106944,BPD,Good,VDU001,BLEND_B
2025-08-26 03:02:52.591016621+00:00,CDU_FEED_RATE,46113.16781425278,BPD,Good,CDU001,BLEND_A
2025-08-26 03:02:52.591016621+00:00,CDU_FEED_TEMP,482.46966437060587,DEGF,Good,CDU001,BLEND_A
2025-08-26 03:02:52.591016621+00:00,TK101_LEVEL,85.58618463194115,PCT,Good,TK101,WTI
2025-08-26 03:02:52.591016621+00:00,TK101_TEMP,85.29597340635675,DEGF,Good,TK101,WTI
2025-08-26 03:02:52.591016621+00:00,TK101_VOLUME,46156.89485638199,BBL,Good,TK101,WTI
2025-08-26 03:02:52.591016621+00:00,TK102_LEVEL,67.00411520014823,PCT,Good,TK102,BRENT
2025-08-26 03:02:52.591016621+00:00,TK102_TEMP,85.861003564068,DEGF,Good,TK102,BRENT
2025-08-26 03:02:52.591016621+00:00,TK102_VOLUME,31600.945214859872,BBL,Good,TK102,BRENT
2025-08-26 03:02:52.591016621+00:00,TK103_LEVEL,87.4501784195907,PCT,Good,TK103,MAYA
2025-08-26 03:02:52.591016621+00:00,TK103_TEMP,85.62447272872903,DEGF,Good,TK103,MAYA
2025-08-26 03:02:52.591016621+00:00,TK103_VOLUME,39853.69564866969,BBL,Good,TK103,MAYA
2025-08-26 03:02:52.591016621+00:00,TK104_LEVEL,87.2752073758066,PCT,Good,TK104,ARB
2025-08-26 03:02:52.591016621+00:00,TK104_TEMP,86.90189997452677,DEGF,Good,TK104,ARB
2025-08-26 03:02:52.591016621+00:00,TK104_VOLUME,47915.359699009176,BBL,Good,TK104,ARB
2025-08-26 03:02:52.591016621+00:00,TK105_LEVEL,69.34552731961975,PCT,Good,TK105,URALS
2025-08-26 03:02:52.591016621+00:00,TK105_TEMP,86.1204471321169,DEGF,Good,TK105,URALS
2025-08-26 03:02:52.591016621+00:00,TK105_VOLUME,34924.56158227883,BBL,Good,TK105,URALS
2025-08-26 03:02:52.591016621+00:00,VDU_FEED_RATE,19192.59159097881,BPD,Good,VDU001,BLEND_B
2025-08-26 04:20:42.861286891+00:00,CDU_FEED_RATE,46058.92161165862,BPD,Good,CDU001,BLEND_A
2025-08-26 04:20:42.861286891+00:00,CDU_FEED_TEMP,481.61998102698203,DEGF,Good,CDU001,BLEND_A
2025-08-26 04:20:42.861286891+00:00,TK101_LEVEL,86.3189552371486,PCT,Good,TK101,WTI
2025-08-26 04:20:42.861286891+00:00,TK101_TEMP,86.2417368895313,DEGF,Good,TK101,WTI
2025-08-26 04:20:42.861286891+00:00,TK101_VOLUME,46552.0803167908,BBL,Good,TK101,WTI
2025-08-26 04:20:42.861286891+00:00,TK102_LEVEL,66.68452248204623,PCT,Good,TK102,BRENT
2025-08-26 04:20:42.861286891+00:00,TK102_TEMP,85.42863705867083,DEGF,Good,TK102,BRENT
2025-08-26 04:20:42.861286891+00:00,TK102_VOLUME,31450.216682057948,BBL,Good,TK102,BRENT
2025-08-26 04:20:42.861286891+00:00,TK103_LEVEL,88.88835274021095,PCT,Good,TK103,MAYA
2025-08-26 04:20:42.861286891+00:00,TK103_TEMP,85.39874647282993,DEGF,Good,TK103,MAYA
2025-08-26 04:20:42.861286891+00:00,TK103_VOLUME,40509.11525672038,BBL,Good,TK103,MAYA
2025-08-26 04:20:42.861286891+00:00,TK104_LEVEL,88.69052858018627,PCT,Good,TK104,ARB
2025-08-26 04:20:42.861286891+00:00,TK104_TEMP,84.99420697551352,DEGF,Good,TK104,ARB
2025-08-26 04:20:42.861286891+00:00,TK104_VOLUME,48692.39164927969,BBL,Good,TK104,ARB
2025-08-26 04:20:42.861286891+00:00,TK105_LEVEL,71.3820100416334,PCT,Good,TK105,URALS
2025-08-26 04:20:42.861286891+00:00,TK105_TEMP,85.40326903071816,DEGF,Good,TK105,URALS
2025-08-26 04:20:42.861286891+00:00,TK105_VOLUME,35950.19753870323,BBL,Good,TK105,URALS
2025-08-26 04:20:42.861286891+00:00,VDU_FEED_RATE,19316.35128415841,BPD,Good,VDU001,BLEND_B
2025-08-26 05:38:33.131557162+00:00,CDU_FEED_RATE,46130.429685121446,BPD,Good,CDU001,BLEND_A
2025-08-26 05:38:33.131557162+00:00,CDU_FEED_TEMP,483.05177383447506,DEGF,Good,CDU001,BLEND_A
2025-08-26 05:38:33.131557162+00:00,TK101_LEVEL,85.90965066744174,PCT,Good,TK101,WTI
2025-08-26 05:38:33.131557162+00:00,TK101_TEMP,86.27415304506277,DEGF,Good,TK101,WTI
2025-08-26 05:38:33.131557162+00:00,TK101_VOLUME,46331.3410927041,BBL,Good,TK101,WTI
2025-08-26 05:38:33.131557162+00:00,TK102_LEVEL,67.62544465851832,PCT,Good,TK102,BRENT
2025-08-26 05:38:33.131557162+00:00,TK102_TEMP,85.76414648549327,DEGF,Good,TK102,BRENT
2025-08-26 05:38:33.131557162+00:00,TK102_VOLUME,31893.98092043827,BBL,Good,TK102,BRENT
2025-08-26 05:38:33.131557162+00:00,TK103_LEVEL,89.26419744841252,PCT,Good,TK103,MAYA
2025-08-26 05:38:33.131557162+00:00,TK103_TEMP,85.64629791048155,DEGF,Good,TK103,MAYA
2025-08-26 05:38:33.131557162+00:00,TK103_VOLUME,40680.39907663393,BBL,Good,TK103,MAYA
2025-08-26 05:38:33.131557162+00:00,TK104_LEVEL,89.47284652277406,PCT,Good,TK104,ARB
2025-08-26 05:38:33.131557162+00:00,TK104_TEMP,85.38052659947739,DEGF,Good,TK104,ARB
2025-08-26 05:38:33.131557162+00:00,TK104_VOLUME,49121.895591409244,BBL,Good,TK104,ARB
2025-08-26 05:38:33.131557162+00:00,TK105_LEVEL,71.36127204774618,PCT,Good,TK105,URALS
2025-08-26 05:38:33.131557162+00:00,TK105_TEMP,86.45121400302044,DEGF,Good,TK105,URALS
2025-08-26 05:38:33.131557162+00:00,TK105_VOLUME,35939.75324081407,BBL,Good,TK105,URALS
2025-08-26 05:38:33.131557162+00:00,VDU_FEED_RATE,19139.90475032244,BPD,Good,VDU001,BLEND_B
2025-08-26 06:56:23.401827432+00:00,CDU_FEED_RATE,46761.26007183708,BPD,Good,CDU001,BLEND_A
2025-08-26 06:56:23.401827432+00:00,CDU_FEED_TEMP,482.9990595223141,DEGF,Good,CDU001,BLEND_A
2025-08-26 06:56:23.401827432+00:00,TK101_LEVEL,88.06176444456096,PCT,Good,TK101,WTI
2025-08-26 06:56:23.401827432+00:00,TK101_TEMP,85.93730873826256,DEGF,Good,TK101,WTI
2025-08-26 06:56:23.401827432+00:00,TK101_VOLUME,47491.98272846163,BBL,Good,TK101,WTI
2025-08-26 06:56:23.401827432+00:00,TK102_LEVEL,68.09677014886077,PCT,Good,TK102,BRENT
2025-08-26 06:56:23.401827432+00:00,TK102_TEMP,85.26679819058263,DEGF,Good,TK102,BRENT
2025-08-26 06:56:23.401827432+00:00,TK102_VOLUME,32116.270714941005,BBL,Good,TK102,BRENT
2025-08-26 06:56:23.401827432+00:00,TK103_LEVEL,88.87155523002947,PCT,Good,TK103,MAYA
2025-08-26 06:56:23.401827432+00:00,TK103_TEMP,86.56731823232217,DEGF,Good,TK103,MAYA
2025-08-26 06:56:23.401827432+00:00,TK103_VOLUME,40501.460122442484,BBL,Good,TK103,MAYA
2025-08-26 06:56:23.401827432+00:00,TK104_LEVEL,90.29786652098444,PCT,Good,TK104,ARB
2025-08-26 06:56:23.401827432+00:00,TK104_TEMP,85.49683246455281,DEGF,Good,TK104,ARB
2025-08-26 06:56:23.401827432+00:00,TK104_VOLUME,49574.84358387754,BBL,Good,TK104,ARB
2025-08-26 06:56:23.401827432+00:00,TK105_LEVEL,71.23041614888898,PCT,Good,TK105,URALS
2025-08-26 06:56:23.401827432+00:00,TK105_TEMP,85.81681843208855,DEGF,Good,TK105,URALS
2025-08-26 06:56:23.401827432+00:00,TK105_VOLUME,35873.850145478464,BBL,Good,TK105,URALS
2025-08-26 06:56:23.401827432+00:00,VDU_FEED_RATE,19307.19840590241,BPD,Good,VDU001,BLEND_B
2025-08-26 08:14:13.672097702+00:00,CDU_FEED_RATE,46762.5729356639,BPD,Good,CDU001,BLEND_A
2025-08-26 08:14:13.672097702+00:00,CDU_FEED_TEMP,482.8020793134437,DEGF,Good,CDU001,BLEND_A
2025-08-26 08:14:13.672097702+00:00,TK101_LEVEL,88.37170349667689,PCT,Good,TK101,WTI
2025-08-26 08:14:13.672097702+00:00,TK101_TEMP,85.80323064195836,DEGF,Good,TK101,WTI
2025-08-26 08:14:13.672097702+00:00,TK101_VOLUME,47659.13382068432,BBL,Good,TK101,WTI
2025-08-26 08:14:13.672097702+00:00,TK102_LEVEL,68.42233585758869,PCT,Good,TK102,BRENT
2025-08-26 08:14:13.672097702+00:00,TK102_TEMP,85.61698365040176,DEGF,Good,TK102,BRENT
2025-08-26 08:14:13.672097702+00:00,TK102_VOLUME,32269.816270980606,BBL,Good,TK102,BRENT
2025-08-26 08:14:13.672097702+00:00,TK103_LEVEL,89.88063360930944,PCT,Good,TK103,MAYA
2025-08-26 08:14:13.672097702+00:00,TK103_TEMP,86.46749203087296,DEGF,Good,TK103,MAYA
2025-08-26 08:14:13.672097702+00:00,TK103_VOLUME,40961.327710368045,BBL,Good,TK103,MAYA
2025-08-26 08:14:13.672097702+00:00,TK104_LEVEL,89.07802249261778,PCT,Good,TK104,ARB
2025-08-26 08:14:13.672097702+00:00,TK104_TEMP,85.38135847592928,DEGF,Good,TK104,ARB
2025-08-26 08:14:13.672097702+00:00,TK104_VOLUME,48905.13144966061,BBL,Good,TK104,ARB
2025-08-26 08:14:13.672097702+00:00,TK105_LEVEL,71.33905451958059,PCT,Good,TK105,URALS
2025-08-26 08:14:13.672097702+00:00,TK105_TEMP,85.60801362248206,DEGF,Good,TK105,URALS
2025-08-26 08:14:13.672097702+00:00,TK105_VOLUME,35928.56380350474,BBL,Good,TK105,URALS
2025-08-26 08:14:13.672097702+00:00,VDU_FEED_RATE,19178.856084094616,BPD,Good,VDU001,BLEND_B
2025-08-26 09:32:03.942367972+00:00,CDU_FEED_RATE,46947.415252324594,BPD,Good,CDU001,BLEND_A
2025-08-26 09:32:03.942367972+00:00,CDU_FEED_TEMP,482.6073433286212,DEGF,Good,CDU001,BLEND_A
2025-08-26 09:32:03.942367972+00:00,TK101_LEVEL,88.06251677219741,PCT,Good,TK101,WTI
2025-08-26 09:32:03.942367972+00:00,TK101_TEMP,86.51631371057204,DEGF,Good,TK101,WTI
2025-08-26 09:32:03.942367972+00:00,TK101_VOLUME,47492.38846108966,BBL,Good,TK101,WTI
2025-08-26 09:32:03.942367972+00:00,TK102_LEVEL,70.86640674258173,PCT,Good,TK102,BRENT
2025-08-26 09:32:03.942367972+00:00,TK102_TEMP,85.97319407697857,DEGF,Good,TK102,BRENT
2025-08-26 09:32:03.942367972+00:00,TK102_VOLUME,33422.505921566844,BBL,Good,TK102,BRENT
2025-08-26 09:32:03.942367972+00:00,TK103_LEVEL,91.8175570590609,PCT,Good,TK103,MAYA
2025-08-26 09:32:03.942367972+00:00,TK103_TEMP,86.52226433927326,DEGF,Good,TK103,MAYA
2025-08-26 09:32:03.942367972+00:00,TK103_VOLUME,41844.04240639516,BBL,Good,TK103,MAYA
2025-08-26 09:32:03.942367972+00:00,TK104_LEVEL,89.94115830537594,PCT,Good,TK104,ARB
2025-08-26 09:32:03.942367972+00:00,TK104_TEMP,86.9183967050354,DEGF,Good,TK104,ARB
2025-08-26 09:32:03.942367972+00:00,TK104_VOLUME,49379.00557933548,BBL,Good,TK104,ARB
2025-08-26 09:32:03.942367972+00:00,TK105_LEVEL,74.48323343245735,PCT,Good,TK105,URALS
2025-08-26 09:32:03.942367972+00:00,TK105_TEMP,86.02894895615023,DEGF,Good,TK105,URALS
2025-08-26 09:32:03.942367972+00:00,TK105_VOLUME,37512.06996912011,BBL,Good,TK105,URALS
2025-08-26 09:32:03.942367972+00:00,VDU_FEED_RATE,19490.371092046953,BPD,Good,VDU001,BLEND_B
2025-08-26 10:49:54.212638243+00:00,CDU_FEED_RATE,47357.37129350828,BPD,Good,CDU001,BLEND_A
2025-08-26 10:49:54.212638243+00:00,CDU_FEED_TEMP,483.89544815708007,DEGF,Good,CDU001,BLEND_A
2025-08-26 10:49:54.212638243+00:00,TK101_LEVEL,89.51650581426884,PCT,Good,TK101,WTI
2025-08-26 10:49:54.212638243+00:00,TK101_TEMP,86.44833838616572,DEGF,Good,TK101,WTI
2025-08-26 10:49:54.212638243+00:00,TK101_VOLUME,48276.52926168537,BBL,Good,TK101,WTI
2025-08-26 10:49:54.212638243+00:00,TK102_LEVEL,69.38939803067078,PCT,Good,TK102,BRENT
2025-08-26 10:49:54.212638243+00:00,TK102_TEMP,86.96856199856273,DEGF,Good,TK102,BRENT
2025-08-26 10:49:54.212638243+00:00,TK102_VOLUME,32725.908835737922,BBL,Good,TK102,BRENT
2025-08-26 10:49:54.212638243+00:00,TK103_LEVEL,90.17496626524361,PCT,Good,TK103,MAYA
2025-08-26 10:49:54.212638243+00:00,TK103_TEMP,86.22559099296777,DEGF,Good,TK103,MAYA
2025-08-26 10:49:54.212638243+00:00,TK103_VOLUME,41095.4640186187,BBL,Good,TK103,MAYA
2025-08-26 10:49:54.212638243+00:00,TK104_LEVEL,87.97527602521009,PCT,Good,TK104,ARB
2025-08-26 10:49:54.212638243+00:00,TK104_TEMP,87.56557554296441,DEGF,Good,TK104,ARB
2025-08-26 10:49:54.212638243+00:00,TK104_VOLUME,48299.70758151523,BBL,Good,TK104,ARB
2025-08-26 10:49:54.212638243+00:00,TK105_LEVEL,71.63233555564851,PCT,Good,TK105,URALS
2025-08-26 10:49:54.212638243+00:00,TK105_TEMP,85.04226820367195,DEGF,Good,TK105,URALS
2025-08-26 10:49:54.212638243+00:00,TK105_VOLUME,36076.269243220544,BBL,Good,TK105,URALS
2025-08-26 10:49:54.212638243+00:00,VDU_FEED_RATE,19428.647200325515,BPD,Good,VDU001,BLEND_B
2025-08-26 12:07:44.482908513+00:00,CDU_FEED_RATE,46872.86549831422,BPD,Good,CDU001,BLEND_A
2025-08-26 12:07:44.482908513+00:00,CDU_FEED_TEMP,484.99700865542474,DEGF,Good,CDU001,BLEND_A
2025-08-26 12:07:44.482908513+00:00,TK101_LEVEL,89.23895118372918,PCT,Good,TK101,WTI
2025-08-26 12:07:44.482908513+00:00,TK101_TEMP,85.74236622463268,DEGF,Good,TK101,WTI
2025-08-26 12:07:44.482908513+00:00,TK101_VOLUME,48126.84318847374,BBL,Good,TK101,WTI
2025-08-26 12:07:44.482908513+00:00,TK102_LEVEL,69.62612515697766,PCT,Good,TK102,BRENT
2025-08-26 12:07:44.482908513+00:00,TK102_TEMP,86.14667815889646,DEGF,Good,TK102,BRENT
2025-08-26 12:07:44.482908513+00:00,TK102_VOLUME,32837.5557237977,BBL,Good,TK102,BRENT
2025-08-26 12:07:44.482908513+00:00,TK103_LEVEL,89.96946462388557,PCT,Good,TK103,MAYA
2025-08-26 12:07:44.482908513+00:00,TK103_TEMP,86.75311108942668,DEGF,Good,TK103,MAYA
2025-08-26 12:07:44.482908513+00:00,TK103_VOLUME,41001.810694886306,BBL,Good,TK103,MAYA
2025-08-26 12:07:44.482908513+00:00,TK104_LEVEL,90.439808971882,PCT,Good,TK104,ARB
2025-08-26 12:07:44.482908513+00:00,TK104_TEMP,86.2285552946839,DEGF,Good,TK104,ARB
2025-08-26 12:07:44.482908513+00:00,TK104_VOLUME,49652.772056301896,BBL,Good,TK104,ARB
2025-08-26 12:07:44.482908513+00:00,TK105_LEVEL,73.12945461753534,PCT,Good,TK105,URALS
2025-08-26 12:07:44.482908513+00:00,TK105_TEMP,86.4060455660032,DEGF,Good,TK105,URALS
2025-08-26 12:07:44.482908513+00:00,TK105_VOLUME,36830.26490658724,BBL,Good,TK105,URALS
2025-08-26 12:07:44.482908513+00:00,VDU_FEED_RATE,19432.38362574839,BPD,Good,VDU001,BLEND_B
2025-08-26 13:25:34.753178783+00:00,CDU_FEED_RATE,47150.838794105955,BPD,Good,CDU001,BLEND_A
2025-08-26 13:25:34.753178783+00:00,CDU_FEED_TEMP,485.4150330556623,DEGF,Good,CDU001,BLEND_A
2025-08-26 13:25:34.753178783+00:00,TK101_LEVEL,88.28294173246599,PCT,Good,TK101,WTI
2025-08-26 13:25:34.753178783+00:00,TK101_TEMP,86.54433004341736,DEGF,Good,TK101,WTI
2025-08-26 13:25:34.753178783+00:00,TK101_VOLUME,47611.2643259105,BBL,Good,TK101,WTI
2025-08-26 13:25:34.753178783+00:00,TK102_LEVEL,68.14336266341694,PCT,Good,TK102,BRENT
2025-08-26 13:25:34.753178783+00:00,TK102_TEMP,86.89842700107394,DEGF,Good,TK102,BRENT
2025-08-26 13:25:34.753178783+00:00,TK102_VOLUME,32138.24499958776,BBL,Good,TK102,BRENT
2025-08-26 13:25:34.753178783+00:00,TK103_LEVEL,92.67652308302361,PCT,Good,TK103,MAYA
2025-08-26 13:25:34.753178783+00:00,TK103_TEMP,86.25653960893423,DEGF,Good,TK103,MAYA
2025-08-26 13:25:34.753178783+00:00,TK103_VOLUME,42235.49924628068,BBL,Good,TK103,MAYA
2025-08-26 13:25:34.753178783+00:00,TK104_LEVEL,90.90764840036081,PCT,Good,TK104,ARB
2025-08-26 13:25:34.753178783+00:00,TK104_TEMP,85.91810859798736,DEGF,Good,TK104,ARB
2025-08-26 13:25:34.753178783+00:00,TK104_VOLUME,49909.62271493643,BBL,Good,TK104,ARB
2025-08-26 13:25:34.753178783+00:00,TK105_LEVEL,72.45209472419687,PCT,Good,TK105,URALS
2025-08-26 13:25:34.753178783+00:00,TK105_TEMP,86.49326057584447,DEGF,Good,TK105,URALS
2025-08-26 13:25:34.753178783+00:00,TK105_VOLUME,36489.12542401859,BBL,Good,TK105,URALS
2025-08-26 13:25:34.753178783+00:00,VDU_FEED_RATE,19608.25580704128,BPD,Good,VDU001,BLEND_B
2025-08-26 14:43:25.023449054+00:00,CDU_FEED_RATE,47477.958056276846,BPD,Good,CDU001,BLEND_A
2025-08-26 14:43:25.023449054+00:00,CDU_FEED_TEMP,485.0546375434714,DEGF,Good,CDU001,BLEND_A
2025-08-26 14:43:25.023449054+00:00,TK101_LEVEL,89.86963221371781,PCT,Good,TK101,WTI
2025-08-26 14:43:25.023449054+00:00,TK101_TEMP,86.82102610925568,DEGF,Good,TK101,WTI
2025-08-26 14:43:25.023449054+00:00,TK101_VOLUME,48466.97142428991,BBL,Good,TK101,WTI
2025-08-26 14:43:25.023449054+00:00,TK102_LEVEL,69.7052535033337,PCT,Good,TK102,BRENT
2025-08-26 14:43:25.023449054+00:00,TK102_TEMP,86.4208501017877,DEGF,Good,TK102,BRENT
2025-08-26 14:43:25.023449054+00:00,TK102_VOLUME,32874.874782943094,BBL,Good,TK102,BRENT
2025-08-26 14:43:25.023449054+00:00,TK103_LEVEL,92.58487360834796,PCT,Good,TK103,MAYA
2025-08-26 14:43:25.023449054+00:00,TK103_TEMP,86.56020118754562,DEGF,Good,TK103,MAYA
2025-08-26 14:43:25.023449054+00:00,TK103_VOLUME,42193.73180410854,BBL,Good,TK103,MAYA
2025-08-26 14:43:25.023449054+00:00,TK104_LEVEL,90.7711260194505,PCT,Good,TK104,ARB
2025-08-26 14:43:25.023449054+00:00,TK104_TEMP,85.57154545385549,DEGF,Good,TK104,ARB
2025-08-26 14:43:25.023449054+00:00,TK104_VOLUME,49834.66993985891,BBL,Good,TK104,ARB
2025-08-26 14:43:25.023449054+00:00,TK105_LEVEL,75.34658177734642,PCT,Good,TK105,URALS
2025-08-26 14:43:25.023449054+00:00,TK105_TEMP,87.10237957649248,DEGF,Good,TK105,URALS
2025-08-26 14:43:25.023449054+00:00,TK105_VOLUME,37946.879013098725,BBL,Good,TK105,URALS
2025-08-26 14:43:25.023449054+00:00,VDU_FEED_RATE,19661.018858483418,BPD,Good,VDU001,BLEND_B
2025-08-26 16:01:15.293719324+00:00,CDU_FEED_RATE,47444.21326587065,BPD,Good,CDU001,BLEND_A
2025-08-26 16:01:15.293719324+00:00,CDU_FEED_TEMP,486.151585982543,DEGF,Good,CDU001,BLEND_A
2025-08-26 16:01:15.293719324+00:00,TK101_LEVEL,88.88776560548519,PCT,Good,TK101,WTI
2025-08-26 16:01:15.293719324+00:00,TK101_TEMP,86.35163224203673,DEGF,Good,TK101,WTI
2025-08-26 16:01:15.293719324+00:00,TK101_VOLUME,47937.44771676537,BBL,Good,TK101,WTI
2025-08-26 16:01:15.293719324+00:00,TK102_LEVEL,70.68215420753569,PCT,Good,TK102,BRENT
2025-08-26 16:01:15.293719324+00:00,TK102_TEMP,86.92545341570654,DEGF,Good,TK102,BRENT
2025-08-26 16:01:15.293719324+00:00,TK102_VOLUME,33335.60746393784,BBL,Good,TK102,BRENT
2025-08-26 16:01:15.293719324+00:00,TK103_LEVEL,91.81782485244013,PCT,Good,TK103,MAYA
2025-08-26 16:01:15.293719324+00:00,TK103_TEMP,87.28638187897647,DEGF,Good,TK103,MAYA
2025-08-26 16:01:15.293719324+00:00,TK103_VOLUME,41844.16444795099,BBL,Good,TK103,MAYA
2025-08-26 16:01:15.293719324+00:00,TK104_LEVEL,92.30208945452947,PCT,Good,TK104,ARB
2025-08-26 16:01:15.293719324+00:00,TK104_TEMP,86.67942527601954,DEGF,Good,TK104,ARB
2025-08-26 16:01:15.293719324+00:00,TK104_VOLUME,50675.19115869676,BBL,Good,TK104,ARB
2025-08-26 16:01:15.293719324+00:00,TK105_LEVEL,74.79355413420318,PCT,Good,TK105,URALS
2025-08-26 16:01:15.293719324+00:00,TK105_TEMP,85.8583271712889,DEGF,Good,TK105,URALS
2025-08-26 16:01:15.293719324+00:00,TK105_VOLUME,37668.35711376068,BBL,Good,TK105,URALS
2025-08-26 16:01:15.293719324+00:00,VDU_FEED_RATE,19752.00086228001,BPD,Good,VDU001,BLEND_B
2025-08-26 17:19:05.563989594+00:00,CDU_FEED_RATE,47924.91072724126,BPD,Good,CDU001,BLEND_A
2025-08-26 17:19:05.563989594+00:00,CDU_FEED_TEMP,485.43678264536794,DEGF,Good,CDU001,BLEND_A
2025-08-26 17:19:05.563989594+00:00,TK101_LEVEL,91.05727589760325,PCT,Good,TK101,WTI
2025-08-26 17:19:05.563989594+00:00,TK101_TEMP,87.00764187728873,DEGF,Good,TK101,WTI
2025-08-26 17:19:05.563989594+00:00,TK101_VOLUME,49107.47134702496,BBL,Good,TK101,WTI
2025-08-26 17:19:05.563989594+00:00,TK102_LEVEL,70.5915523457972,PCT,Good,TK102,BRENT
2025-08-26 17:19:05.563989594+00:00,TK102_TEMP,86.8420224297981,DEGF,Good,TK102,BRENT
2025-08-26 17:19:05.563989594+00:00,TK102_VOLUME,33292.877185945064,BBL,Good,TK102,BRENT
2025-08-26 17:19:05.563989594+00:00,TK103_LEVEL,91.18835384694367,PCT,Good,TK103,MAYA
2025-08-26 17:19:05.563989594+00:00,TK103_TEMP,87.34985902032955,DEGF,Good,TK103,MAYA
2025-08-26 17:19:05.563989594+00:00,TK103_VOLUME,41557.295440636335,BBL,Good,TK103,MAYA
2025-08-26 17:19:05.563989594+00:00,TK104_LEVEL,92.41270926223335,PCT,Good,TK104,ARB
2025-08-26 17:19:05.563989594+00:00,TK104_TEMP,86.75453746928929,DEGF,Good,TK104,ARB
2025-08-26 17:19:05.563989594+00:00,TK104_VOLUME,50735.92304390608,BBL,Good,TK104,ARB
2025-08-26 17:19:05.563989594+00:00,TK105_LEVEL,73.56055531654462,PCT,Good,TK105,URALS
2025-08-26 17:19:05.563989594+00:00,TK105_TEMP,87.49365336130178,DEGF,Good,TK105,URALS
2025-08-26 17:19:05.563989594+00:00,TK105_VOLUME,37047.380609541215,BBL,Good,TK105,URALS
2025-08-26 17:19:05.563989594+00:00,VDU_FEED_RATE,19983.27328456362,BPD,Good,VDU001,BLEND_B
2025-08-26 18:36:55.834259864+00:00,CDU_FEED_RATE,47822.964070937,BPD,Good,CDU001,BLEND_A
2025-08-26 18:36:55.834259864+00:00,CDU_FEED_TEMP,486.21627952814737,DEGF,Good,CDU001,BLEND_A
2025-08-26 18:36:55.834259864+00:00,TK101_LEVEL,90.44680662196045,PCT,Good,TK101,WTI
2025-08-26 18:36:55.834259864+00:00,TK101_TEMP,86.29630434022347,DEGF,Good,TK101,WTI
2025-08-26 18:36:55.834259864+00:00,TK101_VOLUME,48778.24337302342,BBL,Good,TK101,WTI
2025-08-26 18:36:55.834259864+00:00,TK102_LEVEL,72.97701955200235,PCT,Good,TK102,BRENT
2025-08-26 18:36:55.834259864+00:00,TK102_TEMP,87.46024388289874,DEGF,Good,TK102,BRENT
2025-08-26 18:36:55.834259864+00:00,TK102_VOLUME,34417.92776336045,BBL,Good,TK102,BRENT
2025-08-26 18:36:55.834259864+00:00,TK103_LEVEL,92.34380444328274,PCT,Good,TK103,MAYA
2025-08-26 18:36:55.834259864+00:00,TK103_TEMP,86.53276065987696,DEGF,Good,TK103,MAYA
2025-08-26 18:36:55.834259864+00:00,TK103_VOLUME,42083.8692822885,BBL,Good,TK103,MAYA
2025-08-26 18:36:55.834259864+00:00,TK104_LEVEL,90.52734775335172,PCT,Good,TK104,ARB
2025-08-26 18:36:55.834259864+00:00,TK104_TEMP,86.69806751967229,DEGF,Good,TK104,ARB
2025-08-26 18:36:55.834259864+00:00,TK104_VOLUME,49700.83212201647,BBL,Good,TK104,ARB
2025-08-26 18:36:55.834259864+00:00,TK105_LEVEL,75.0694071254677,PCT,Good,TK105,URALS
2025-08-26 18:36:55.834259864+00:00,TK105_TEMP,87.43401523035119,DEGF,Good,TK105,URALS
2025-08-26 18:36:55.834259864+00:00,TK105_VOLUME,37807.285248760214,BBL,Good,TK105,URALS
2025-08-26 18:36:55.834259864+00:00,VDU_FEED_RATE,19836.74348900203,BPD,Good,VDU001,BLEND_B
2025-08-26 19:54:46.104530135+00:00,CDU_FEED_RATE,47759.057954967146,BPD,Good,CDU001,BLEND_A
2025-08-26 19:54:46.104530135+00:00,CDU_FEED_TEMP,485.7887668692296,DEGF,Good,CDU001,BLEND_A
2025-08-26 19:54:46.104530135+00:00,TK101_LEVEL,90.61485484494064,PCT,Good,TK101,WTI
2025-08-26 19:54:46.104530135+00:00,TK101_TEMP,87.80254466551818,DEGF,Good,TK101,WTI
2025-08-26 19:54:46.104530135+00:00,TK101_VOLUME,48868.872300954434,BBL,Good,TK101,WTI
2025-08-26 19:54:46.104530135+00:00,TK102_LEVEL,71.73335885876753,PCT,Good,TK102,BRENT
2025-08-26 19:54:46.104530135+00:00,TK102_TEMP,86.86704594640281,DEGF,Good,TK102,BRENT
2025-08-26 19:54:46.104530135+00:00,TK102_VOLUME,33831.38388742996,BBL,Good,TK102,BRENT
2025-08-26 19:54:46.104530135+00:00,TK103_LEVEL,93.33670803841123,PCT,Good,TK103,MAYA
2025-08-26 19:54:46.104530135+00:00,TK103_TEMP,86.7066883890578,DEGF,Good,TK103,MAYA
2025-08-26 19:54:46.104530135+00:00,TK103_VOLUME,42536.3655310538,BBL,Good,TK103,MAYA
2025-08-26 19:54:46.104530135+00:00,TK104_LEVEL,93.30505427577029,PCT,Good,TK104,ARB
2025-08-26 19:54:46.104530135+00:00,TK104_TEMP,87.2451392425002,DEGF,Good,TK104,ARB
2025-08-26 19:54:46.104530135+00:00,TK104_VOLUME,51225.83345013551,BBL,Good,TK104,ARB
2025-08-26 19:54:46.104530135+00:00,TK105_LEVEL,75.11749252885225,PCT,Good,TK105,URALS
2025-08-26 19:54:46.104530135+00:00,TK105_TEMP,87.76047339736142,DEGF,Good,TK105,URALS
2025-08-26 19:54:46.104530135+00:00,TK105_VOLUME,37831.502551542726,BBL,Good,TK105,URALS
2025-08-26 19:54:46.104530135+00:00,VDU_FEED_RATE,20220.473453392457,BPD,Good,VDU001,BLEND_B
2025-08-26 21:12:36.374800405+00:00,CDU_FEED_RATE,48157.54290527513,BPD,Good,CDU001,BLEND_A
2025-08-26 21:12:36.374800405+00:00,CDU_FEED_TEMP,486.02490055331435,DEGF,Good,CDU001,BLEND_A
2025-08-26 21:12:36.374800405+00:00,TK101_LEVEL,90.40622886599085,PCT,Good,TK101,WTI
2025-08-26 21:12:36.374800405+00:00,TK101_TEMP,87.86888907890544,DEGF,Good,TK101,WTI
2025-08-26 21:12:36.374800405+00:00,TK101_VOLUME,48756.3596633587,BBL,Good,TK101,WTI
2025-08-26 21:12:36.374800405+00:00,TK102_LEVEL,73.4741820853909,PCT,Good,TK102,BRENT
2025-08-26 21:12:36.374800405+00:00,TK102_TEMP,86.4586499613745,DEGF,Good,TK102,BRENT
2025-08-26 21:12:36.374800405+00:00,TK102_VOLUME,34652.40300318061,BBL,Good,TK102,BRENT
2025-08-26 21:12:36.374800405+00:00,TK103_LEVEL,94.84452576705321,PCT,Good,TK103,MAYA
2025-08-26 21:12:36.374800405+00:00,TK103_TEMP,87.29926516278243,DEGF,Good,TK103,MAYA
2025-08-26 21:12:36.374800405+00:00,TK103_VOLUME,43223.52375001867,BBL,Good,TK103,MAYA
2025-08-26 21:12:36.374800405+00:00,TK104_LEVEL,92.4486633775884,PCT,Good,TK104,ARB
2025-08-26 21:12:36.374800405+00:00,TK104_TEMP,87.44250065778347,DEGF,Good,TK104,ARB
2025-08-26 21:12:36.374800405+00:00,TK104_VOLUME,50755.66237677846,BBL,Good,TK104,ARB
2025-08-26 21:12:36.374800405+00:00,TK105_LEVEL,74.63061324750984,PCT,Good,TK105,URALS
2025-08-26 21:12:36.374800405+00:00,TK105_TEMP,87.21855339837366,DEGF,Good,TK105,URALS
2025-08-26 21:12:36.374800405+00:00,TK105_VOLUME,37586.29502192073,BBL,Good,TK105,URALS
2025-08-26 21:12:36.374800405+00:00,VDU_FEED_RATE,19904.91753913594,BPD,Good,VDU001,BLEND_B
2025-08-26 22:30:26.645070675+00:00,CDU_FEED_RATE,48313.9706092563,BPD,Good,CDU001,BLEND_A
2025-08-26 22:30:26.645070675+00:00,CDU_FEED_TEMP,486.2040172746689,DEGF,Good,CDU001,BLEND_A
2025-08-26 22:30:26.645070675+00:00,TK101_LEVEL,92.58100813376845,PCT,Good,TK101,WTI
2025-08-26 22:30:26.645070675+00:00,TK101_TEMP,87.2288301708793,DEGF,Good,TK101,WTI
2025-08-26 22:30:26.645070675+00:00,TK101_VOLUME,49929.2248685356,BBL,Good,TK101,WTI
2025-08-26 22:30:26.645070675+00:00,TK102_LEVEL,72.51875085482264,PCT,Good,TK102,BRENT
2025-08-26 22:30:26.645070675+00:00,TK102_TEMP,86.66411432234896,DEGF,Good,TK102,BRENT
2025-08-26 22:30:26.645070675+00:00,TK102_VOLUME,34201.795904145496,BBL,Good,TK102,BRENT
2025-08-26 22:30:26.645070675+00:00,TK103_LEVEL,92.91358008699935,PCT,Good,TK103,MAYA
2025-08-26 22:30:26.645070675+00:00,TK103_TEMP,88.21815502536553,DEGF,Good,TK103,MAYA
2025-08-26 22:30:26.645070675+00:00,TK103_VOLUME,42343.53330474199,BBL,Good,TK103,MAYA
2025-08-26 22:30:26.645070675+00:00,TK104_LEVEL,94.13398485226755,PCT,Good,TK104,ARB
2025-08-26 22:30:26.645070675+00:00,TK104_TEMP,87.51663046699973,DEGF,Good,TK104,ARB
2025-08-26 22:30:26.645070675+00:00,TK104_VOLUME,51680.928407026826,BBL,Good,TK104,ARB
2025-08-26 22:30:26.645070675+00:00,TK105_LEVEL,76.17671061141237,PCT,Good,TK105,URALS
2025-08-26 22:30:26.645070675+00:00,TK105_TEMP,87.86203725508216,DEGF,Good,TK105,URALS
2025-08-26 22:30:26.645070675+00:00,TK105_VOLUME,38364.95767955598,BBL,Good,TK105,URALS
2025-08-26 22:30:26.645070675+00:00,VDU_FEED_RATE,20337.621742424624,BPD,Good,VDU001,BLEND_B
2025-08-26 23:48:16.915340945+00:00,CDU_FEED_RATE,48631.56919287625,BPD,Good,CDU001,BLEND_A
2025-08-26 23:48:16.915340945+00:00,CDU_FEED_TEMP,485.76553288074217,DEGF,Good,CDU001,BLEND_A
2025-08-26 23:48:16.915340945+00:00,TK101_LEVEL,91.45855661421392,PCT,Good,TK101,WTI
2025-08-26 23:48:16.915340945+00:00,TK101_TEMP,87.64668891885981,DEGF,Good,TK101,WTI
2025-08-26 23:48:16.915340945+00:00,TK101_VOLUME,49323.883282247276,BBL,Good,TK101,WTI
2025-08-26 23:48:16.915340945+00:00,TK102_LEVEL,72.74889335838215,PCT,Good,TK102,BRENT
2025-08-26 23:48:16.915340945+00:00,TK102_TEMP,87.1990230029689,DEGF,Good,TK102,BRENT
2025-08-26 23:48:16.915340945+00:00,TK102_VOLUME,34310.33730678726,BBL,Good,TK102,BRENT
2025-08-26 23:48:16.915340945+00:00,TK103_LEVEL,94.12026148154585,PCT,Good,TK103,MAYA
2025-08-26 23:48:16.915340945+00:00,TK103_TEMP,86.50717916770577,DEGF,Good,TK103,MAYA
2025-08-26 23:48:16.915340945+00:00,TK103_VOLUME,42893.45457319758,BBL,Good,TK103,MAYA
2025-08-26 23:48:16.915340945+00:00,TK104_LEVEL,92.62106394653668,PCT,Good,TK104,ARB
2025-08-26 23:48:16.915340945+00:00,TK104_TEMP,87.30689931395602,DEGF,Good,TK104,ARB
2025-08-26 23:48:16.915340945+00:00,TK104_VOLUME,50850.312799525665,BBL,Good,TK104,ARB
2025-08-26 23:48:16.915340945+00:00,TK105_LEVEL,76.06247108647692,PCT,Good,TK105,URALS
2025-08-26 23:48:16.915340945+00:00,TK105_TEMP,86.72933973248682,DEGF,Good,TK105,URALS
2025-08-26 23:48:16.915340945+00:00,TK105_VOLUME,38307.42310626837,BBL,Good,TK105,URALS
2025-08-26 23:48:16.915340945+00:00,VDU_FEED_RATE,20071.88551083775,BPD,Good,VDU001,BLEND_B
2025-08-27 01:06:07.185611216+00:00,CDU_FEED_RATE,48618.777576058754,BPD,Good,CDU001,BLEND_A
2025-08-27 01:06:07.185611216+00:00,CDU_FEED_TEMP,487.68453083051725,DEGF,Good,CDU001,BLEND_A
2025-08-27 01:06:07.185611216+00:00,TK101_LEVEL,91.42216644328984,PCT,Good,TK101,WTI
2025-08-27 01:06:07.185611216+00:00,TK101_TEMP,86.36955775735258,DEGF,Good,TK101,WTI
2025-08-27 01:06:07.185611216+00:00,TK101_VOLUME,49304.2579501873,BBL,Good,TK101,WTI
2025-08-27 01:06:07.185611216+00:00,TK102_LEVEL,72.86027724341831,PCT,Good,TK102,BRENT
2025-08-27 01:06:07.185611216+00:00,TK102_TEMP,86.94998875491349,DEGF,Good,TK102,BRENT
2025-08-27 01:06:07.185611216+00:00,TK102_VOLUME,34362.86894664747,BBL,Good,TK102,BRENT
2025-08-27 01:06:07.185611216+00:00,TK103_LEVEL,95.11733419212246,PCT,Good,TK103,MAYA
2025-08-27 01:06:07.185611216+00:00,TK103_TEMP,87.71368521003777,DEGF,Good,TK103,MAYA
2025-08-27 01:06:07.185611216+00:00,TK103_VOLUME,43347.85081417783,BBL,Good,TK103,MAYA
2025-08-27 01:06:07.185611216+00:00,TK104_LEVEL,94.17032990196653,PCT,Good,TK104,ARB
2025-08-27 01:06:07.185611216+00:00,TK104_TEMP,87.02370782546538,DEGF,Good,TK104,ARB
2025-08-27 01:06:07.185611216+00:00,TK104_VOLUME,51700.882368546576,BBL,Good,TK104,ARB
2025-08-27 01:06:07.185611216+00:00,TK105_LEVEL,76.1262725784287,PCT,Good,TK105,URALS
2025-08-27 01:06:07.185611216+00:00,TK105_TEMP,87.93104252285478,DEGF,Good,TK105,URALS
2025-08-27 01:06:07.185611216+00:00,TK105_VOLUME,38339.55551942951,BBL,Good,TK105,URALS
2025-08-27 01:06:07.185611216+00:00,VDU_FEED_RATE,20260.11952106887,BPD,Good,VDU001,BLEND_B
2025-08-27 02:23:57.455881486+00:00,CDU_FEED_RATE,48754.31213597386,BPD,Good,CDU001,BLEND_A
2025-08-27 02:23:57.455881486+00:00,CDU_FEED_TEMP,486.9572348566988,DEGF,Good,CDU001,BLEND_A
2025-08-27 02:23:57.455881486+00:00,TK101_LEVEL,91.71807099176677,PCT,Good,TK101,WTI
2025-08-27 02:23:57.455881486+00:00,TK101_TEMP,87.10557193747317,DEGF,Good,TK101,WTI
2025-08-27 02:23:57.455881486+00:00,TK101_VOLUME,49463.84019106309,BBL,Good,TK101,WTI
2025-08-27 02:23:57.455881486+00:00,TK102_LEVEL,73.1725802195543,PCT,Good,TK102,BRENT
2025-08-27 02:23:57.455881486+00:00,TK102_TEMP,87.88885177544562,DEGF,Good,TK102,BRENT
2025-08-27 02:23:57.455881486+00:00,TK102_VOLUME,34510.15944081833,BBL,Good,TK102,BRENT
2025-08-27 02:23:57.455881486+00:00,TK103_LEVEL,92.28063246890767,PCT,Good,TK103,MAYA
2025-08-27 02:23:57.455881486+00:00,TK103_TEMP,86.99572410181926,DEGF,Good,TK103,MAYA
2025-08-27 02:23:57.455881486+00:00,TK103_VOLUME,42055.07989974214,BBL,Good,TK103,MAYA
2025-08-27 02:23:57.455881486+00:00,TK104_LEVEL,94.07687031135112,PCT,Good,TK104,ARB
2025-08-27 02:23:57.455881486+00:00,TK104_TEMP,88.0166623165092,DEGF,Good,TK104,ARB
2025-08-27 02:23:57.455881486+00:00,TK104_VOLUME,51649.571692395715,BBL,Good,TK104,ARB
2025-08-27 02:23:57.455881486+00:00,TK105_LEVEL,76.08836443010246,PCT,Good,TK105,URALS
2025-08-27 02:23:57.455881486+00:00,TK105_TEMP,87.29816438655587,DEGF,Good,TK105,URALS
2025-08-27 02:23:57.455881486+00:00,TK105_VOLUME,38320.46379842221,BBL,Good,TK105,URALS
2025-08-27 02:23:57.455881486+00:00,VDU_FEED_RATE,20258.2382548822,BPD,Good,VDU001,BLEND_B
2025-08-27 03:41:47.726151756+00:00,CDU_FEED_RATE,48833.43444726543,BPD,Good,CDU001,BLEND_A
2025-08-27 03:41:47.726151756+00:00,CDU_FEED_TEMP,487.10600366264964,DEGF,Good,CDU001,BLEND_A
2025-08-27 03:41:47.726151756+00:00,TK101_LEVEL,92.80407563805821,PCT,Good,TK101,WTI
2025-08-27 03:41:47.726151756+00:00,TK101_TEMP,87.64573937285223,DEGF,Good,TK101,WTI
2025-08-27 03:41:47.726151756+00:00,TK101_VOLUME,50049.52586554412,BBL,Good,TK101,WTI
2025-08-27 03:41:47.726151756+00:00,TK102_LEVEL,75.08914088123258,PCT,Good,TK102,BRENT
2025-08-27 03:41:47.726151756+00:00,TK102_TEMP,87.55974475049926,DEGF,Good,TK102,BRENT
2025-08-27 03:41:47.726151756+00:00,TK102_VOLUME,35414.06106372218,BBL,Good,TK102,BRENT
2025-08-27 03:41:47.726151756+00:00,TK103_LEVEL,95.89724788721837,PCT,Good,TK103,MAYA
2025-08-27 03:41:47.726151756+00:00,TK103_TEMP,87.47546333616553,DEGF,Good,TK103,MAYA
2025-08-27 03:41:47.726151756+00:00,TK103_VOLUME,43703.28111287255,BBL,Good,TK103,MAYA
2025-08-27 03:41:47.726151756+00:00,TK104_LEVEL,94.86469743543783,PCT,Good,TK104,ARB
2025-08-27 03:41:47.726151756+00:00,TK104_TEMP,87.79888571263906,DEGF,Good,TK104,ARB
2025-08-27 03:41:47.726151756+00:00,TK104_VOLUME,52082.100255389596,BBL,Good,TK104,ARB
2025-08-27 03:41:47.726151756+00:00,TK105_LEVEL,76.76290054419431,PCT,Good,TK105,URALS
2025-08-27 03:41:47.726151756+00:00,TK105_TEMP,86.96692791671683,DEGF,Good,TK105,URALS
2025-08-27 03:41:47.726151756+00:00,TK105_VOLUME,38660.18113804949,BBL,Good,TK105,URALS
2025-08-27 03:41:47.726151756+00:00,VDU_FEED_RATE,20333.71467918958,BPD,Good,VDU001,BLEND_B
2025-08-27 04:59:37.996422027+00:00,CDU_FEED_RATE,48816.31281085334,BPD,Good,CDU001,BLEND_A
2025-08-27 04:59:37.996422027+00:00,CDU_FEED_TEMP,487.13675104154635,DEGF,Good,CDU001,BLEND_A
2025-08-27 04:59:37.996422027+00:00,TK101_LEVEL,92.82021079616065,PCT,Good,TK101,WTI
2025-08-27 04:59:37.996422027+00:00,TK101_TEMP,87.36508747051835,DEGF,Good,TK101,WTI
2025-08-27 04:59:37.996422027+00:00,TK101_VOLUME,50058.22760635928,BBL,Good,TK101,WTI
2025-08-27 04:59:37.996422027+00:00,TK102_LEVEL,71.2337354307232,PCT,Good,TK102,BRENT
2025-08-27 04:59:37.996422027+00:00,TK102_TEMP,89.088457256245,DEGF,Good,TK102,BRENT
2025-08-27 04:59:37.996422027+00:00,TK102_VOLUME,33595.74802341583,BBL,Good,TK102,BRENT
2025-08-27 04:59:37.996422027+00:00,TK103_LEVEL,93.86401142636474,PCT,Good,TK103,MAYA
2025-08-27 04:59:37.996422027+00:00,TK103_TEMP,87.71893977219965,DEGF,Good,TK103,MAYA
2025-08-27 04:59:37.996422027+00:00,TK103_VOLUME,42776.67365983978,BBL,Good,TK103,MAYA
2025-08-27 04:59:37.996422027+00:00,TK104_LEVEL,94.86929310743055,PCT,Good,TK104,ARB
2025-08-27 04:59:37.996422027+00:00,TK104_TEMP,88.3453327436491,DEGF,Good,TK104,ARB
2025-08-27 04:59:37.996422027+00:00,TK104_VOLUME,52084.62334623304,BBL,Good,TK104,ARB
2025-08-27 04:59:37.996422027+00:00,TK105_LEVEL,76.74423399237881,PCT,Good,TK105,URALS
2025-08-27 04:59:37.996422027+00:00,TK105_TEMP,87.3390837221496,DEGF,Good,TK105,URALS
2025-08-27 04:59:37.996422027+00:00,TK105_VOLUME,38650.78008273118,BBL,Good,TK105,URALS
2025-08-27 04:59:37.996422027+00:00,VDU_FEED_RATE,20531.853875132605,BPD,Good,VDU001,BLEND_B
2025-08-27 06:17:28.266692297+00:00,CDU_FEED_RATE,48789.864623700254,BPD,Good,CDU001,BLEND_A
2025-08-27 06:17:28.266692297+00:00,CDU_FEED_TEMP,487.835659086688,DEGF,Good,CDU001,BLEND_A
2025-08-27 06:17:28.266692297+00:00,TK101_LEVEL,93.0315627844182,PCT,Good,TK101,WTI
2025-08-27 06:17:28.266692297+00:00,TK101_TEMP,88.36650554471588,DEGF,Good,TK101,WTI
2025-08-27 06:17:28.266692297+00:00,TK101_VOLUME,50172.21038923065,BBL,Good,TK101,WTI
2025-08-27 06:17:28.266692297+00:00,TK102_LEVEL,71.7158638540614,PCT,Good,TK102,BRENT
2025-08-27 06:17:28.266692297+00:00,TK102_TEMP,87.14045000583198,DEGF,Good,TK102,BRENT
2025-08-27 06:17:28.266692297+00:00,TK102_VOLUME,33823.13277205293,BBL,Good,TK102,BRENT
2025-08-27 06:17:28.266692297+00:00,TK103_LEVEL,95.54252093305375,PCT,Good,TK103,MAYA
2025-08-27 06:17:28.266692297+00:00,TK103_TEMP,87.7990531316821,DEGF,Good,TK103,MAYA
2025-08-27 06:17:28.266692297+00:00,TK103_VOLUME,43541.6212932456,BBL,Good,TK103,MAYA
2025-08-27 06:17:28.266692297+00:00,TK104_LEVEL,94.6534950957834,PCT,Good,TK104,ARB
2025-08-27 06:17:28.266692297+00:00,TK104_TEMP,88.40434507813666,DEGF,Good,TK104,ARB
2025-08-27 06:17:28.266692297+00:00,TK104_VOLUME,51966.14709551639,BBL,Good,TK104,ARB
2025-08-27 06:17:28.266692297+00:00,TK105_LEVEL,76.73800310493702,PCT,Good,TK105,URALS
2025-08-27 06:17:28.266692297+00:00,TK105_TEMP,88.01207287271518,DEGF,Good,TK105,URALS
2025-08-27 06:17:28.266692297+00:00,TK105_VOLUME,38647.642014270474,BBL,Good,TK105,URALS
2025-08-27 06:17:28.266692297+00:00,VDU_FEED_RATE,20671.938050892637,BPD,Good,VDU001,BLEND_B
2025-08-27 07:35:18.536962567+00:00,CDU_FEED_RATE,49142.102257122606,BPD,Good,CDU001,BLEND_A
2025-08-27 07:35:18.536962567+00:00,CDU_FEED_TEMP,489.02153149369536,DEGF,Good,CDU001,BLEND_A
2025-08-27 07:35:18.536962567+00:00,TK101_LEVEL,93.19444139767118,PCT,Good,TK101,WTI
2025-08-27 07:35:18.536962567+00:00,TK101_TEMP,89.115723203348,DEGF,Good,TK101,WTI
2025-08-27 07:35:18.536962567+00:00,TK101_VOLUME,50260.05133059988,BBL,Good,TK101,WTI
2025-08-27 07:35:18.536962567+00:00,TK102_LEVEL,73.31902898928504,PCT,Good,TK102,BRENT
2025-08-27 07:35:18.536962567+00:00,TK102_TEMP,88.21889152732889,DEGF,Good,TK102,BRENT
2025-08-27 07:35:18.536962567+00:00,TK102_VOLUME,34579.228624632204,BBL,Good,TK102,BRENT
2025-08-27 07:35:18.536962567+00:00,TK103_LEVEL,95.60199881104866,PCT,Good,TK103,MAYA
2025-08-27 07:35:18.536962567+00:00,TK103_TEMP,87.8501769681444,DEGF,Good,TK103,MAYA
2025-08-27 07:35:18.536962567+00:00,TK103_VOLUME,43568.72716415719,BBL,Good,TK103,MAYA
2025-08-27 07:35:18.536962567+00:00,TK104_LEVEL,93.5171771786017,PCT,Good,TK104,ARB
2025-08-27 07:35:18.536962567+00:00,TK104_TEMP,87.40619390345044,DEGF,Good,TK104,ARB
2025-08-27 07:35:18.536962567+00:00,TK104_VOLUME,51342.29201259758,BBL,Good,TK104,ARB
2025-08-27 07:35:18.536962567+00:00,TK105_LEVEL,76.18268407776553,PCT,Good,TK105,URALS
2025-08-27 07:35:18.536962567+00:00,TK105_TEMP,87.70492533386519,DEGF,Good,TK105,URALS
2025-08-27 07:35:18.536962567+00:00,TK105_VOLUME,38367.96610276039,BBL,Good,TK105,URALS
2025-08-27 07:35:18.536962567+00:00,VDU_FEED_RATE,20683.761922723334,BPD,Good,VDU001,BLEND_B
2025-08-27 08:53:08.807232837+00:00,CDU_FEED_RATE,49082.89058878046,BPD,Good,CDU001,BLEND_A
2025-08-27 08:53:08.807232837+00:00,CDU_FEED_TEMP,489.3792329859141,DEGF,Good,CDU001,BLEND_A
2025-08-27 08:53:08.807232837+00:00,TK101_LEVEL,95.0304881333464,PCT,Good,TK101,WTI
2025-08-27 08:53:08.807232837+00:00,TK101_TEMP,87.63613571320842,DEGF,Good,TK101,WTI
2025-08-27 08:53:08.807232837+00:00,TK101_VOLUME,51250.23703048137,BBL,Good,TK101,WTI
2025-08-27 08:53:08.807232837+00:00,TK102_LEVEL,74.00194784009136,PCT,Good,TK102,BRENT
2025-08-27 08:53:08.807232837+00:00,TK102_TEMP,87.66046656117022,DEGF,Good,TK102,BRENT
2025-08-27 08:53:08.807232837+00:00,TK102_VOLUME,34901.31154634621,BBL,Good,TK102,BRENT
2025-08-27 08:53:08.807232837+00:00,TK103_LEVEL,96.56512219071439,PCT,Good,TK103,MAYA
2025-08-27 08:53:08.807232837+00:00,TK103_TEMP,88.22804660311125,DEGF,Good,TK103,MAYA
2025-08-27 08:53:08.807232837+00:00,TK103_VOLUME,44007.65166653096,BBL,Good,TK103,MAYA
2025-08-27 08:53:08.807232837+00:00,TK104_LEVEL,93.70146166699755,PCT,Good,TK104,ARB
2025-08-27 08:53:08.807232837+00:00,TK104_TEMP,87.50733196919427,DEGF,Good,TK104,ARB
2025-08-27 08:53:08.807232837+00:00,TK104_VOLUME,51443.466880168075,BBL,Good,TK104,ARB
2025-08-27 08:53:08.807232837+00:00,TK105_LEVEL,78.64268637232821,PCT,Good,TK105,URALS
2025-08-27 08:53:08.807232837+00:00,TK105_TEMP,88.41247983877096,DEGF,Good,TK105,URALS
2025-08-27 08:53:08.807232837+00:00,TK105_VOLUME,39606.89967136697,BBL,Good,TK105,URALS
2025-08-27 08:53:08.807232837+00:00,VDU_FEED_RATE,20532.478848582952,BPD,Good,VDU001,BLEND_B
2025-08-27 10:10:59.077503108+00:00,CDU_FEED_RATE,49680.101343776805,BPD,Good,CDU001,BLEND_A
2025-08-27 10:10:59.077503108+00:00,CDU_FEED_TEMP,487.6848579394321,DEGF,Good,CDU001,BLEND_A
2025-08-27 10:10:59.077503108+00:00,TK101_LEVEL,92.58781882977114,PCT,Good,TK101,WTI
2025-08-27 10:10:59.077503108+00:00,TK101_TEMP,87.91266624537798,DEGF,Good,TK101,WTI
2025-08-27 10:10:59.077503108+00:00,TK101_VOLUME,49932.897898016316,BBL,Good,TK101,WTI
2025-08-27 10:10:59.077503108+00:00,TK102_LEVEL,74.78291769659762,PCT,Good,TK102,BRENT
2025-08-27 10:10:59.077503108+00:00,TK102_TEMP,88.08469727722922,DEGF,Good,TK102,BRENT
2025-08-27 10:10:59.077503108+00:00,TK102_VOLUME,35269.63796295795,BBL,Good,TK102,BRENT
2025-08-27 10:10:59.077503108+00:00,TK103_LEVEL,96.13685349382389,PCT,Good,TK103,MAYA
2025-08-27 10:10:59.077503108+00:00,TK103_TEMP,88.06377016410528,DEGF,Good,TK103,MAYA
2025-08-27 10:10:59.077503108+00:00,TK103_VOLUME,43812.47664676333,BBL,Good,TK103,MAYA
2025-08-27 10:10:59.077503108+00:00,TK104_LEVEL,94.70017600504616,PCT,Good,TK104,ARB
2025-08-27 10:10:59.077503108+00:00,TK104_TEMP,87.95362758805031,DEGF,Good,TK104,ARB
2025-08-27 10:10:59.077503108+00:00,TK104_VOLUME,51991.77559444129,BBL,Good,TK104,ARB
2025-08-27 10:10:59.077503108+00:00,TK105_LEVEL,76.003893501897,PCT,Good,TK105,URALS
2025-08-27 10:10:59.077503108+00:00,TK105_TEMP,87.42727916991856,DEGF,Good,TK105,URALS
2025-08-27 10:10:59.077503108+00:00,TK105_VOLUME,38277.92161512571,BBL,Good,TK105,URALS
2025-08-27 10:10:59.077503108+00:00,VDU_FEED_RATE,20651.854747133846,BPD,Good,VDU001,BLEND_B
2025-08-27 11:28:49.347773378+00:00,CDU_FEED_RATE,49679.75446345592,BPD,Good,CDU001,BLEND_A
2025-08-27 11:28:49.347773378+00:00,CDU_FEED_TEMP,488.5111937815371,DEGF,Good,CDU001,BLEND_A
2025-08-27 11:28:49.347773378+00:00,TK101_LEVEL,92.56734151766322,PCT,Good,TK101,WTI
2025-08-27 11:28:49.347773378+00:00,TK101_TEMP,88.55565003775978,DEGF,Good,TK101,WTI
2025-08-27 11:28:49.347773378+00:00,TK101_VOLUME,49921.854420076845,BBL,Good,TK101,WTI
2025-08-27 11:28:49.347773378+00:00,TK102_LEVEL,74.65125087044008,PCT,Good,TK102,BRENT
2025-08-27 11:28:49.347773378+00:00,TK102_TEMP,88.50863559027508,DEGF,Good,TK102,BRENT
2025-08-27 11:28:49.347773378+00:00,TK102_VOLUME,35207.54034182543,BBL,Good,TK102,BRENT
2025-08-27 11:28:49.347773378+00:00,TK103_LEVEL,93.29398902177938,PCT,Good,TK103,MAYA
2025-08-27 11:28:49.347773378+00:00,TK103_TEMP,87.70669716117773,DEGF,Good,TK103,MAYA
2025-08-27 11:28:49.347773378+00:00,TK103_VOLUME,42516.89718098266,BBL,Good,TK103,MAYA
2025-08-27 11:28:49.347773378+00:00,TK104_LEVEL,95.3611334607878,PCT,Good,TK104,ARB
2025-08-27 11:28:49.347773378+00:00,TK104_TEMP,87.90979314945947,DEGF,Good,TK104,ARB
2025-08-27 11:28:49.347773378+00:00,TK104_VOLUME,52354.650862113034,BBL,Good,TK104,ARB
2025-08-27 11:28:49.347773378+00:00,TK105_LEVEL,77.56730006470428,PCT,Good,TK105,URALS
2025-08-27 11:28:49.347773378+00:00,TK105_TEMP,87.37437708179688,DEGF,Good,TK105,URALS
2025-08-27 11:28:49.347773378+00:00,TK105_VOLUME,39065.30172299107,BBL,Good,TK105,URALS
2025-08-27 11:28:49.347773378+00:00,VDU_FEED_RATE,20574.34471067276,BPD,Good,VDU001,BLEND_B
2025-08-27 12:46:39.618043648+00:00,CDU_FEED_RATE,49583.97132587595,BPD,Good,CDU001,BLEND_A
2025-08-27 12:46:39.618043648+00:00,CDU_FEED_TEMP,488.33434420052924,DEGF,Good,CDU001,BLEND_A
2025-08-27 12:46:39.618043648+00:00,TK101_LEVEL,92.33094401118278,PCT,Good,TK101,WTI
2025-08-27 12:46:39.618043648+00:00,TK101_TEMP,89.34957121258624,DEGF,Good,TK101,WTI
2025-08-27 12:46:39.618043648+00:00,TK101_VOLUME,49794.36451153784,BBL,Good,TK101,WTI
2025-08-27 12:46:39.618043648+00:00,TK102_LEVEL,73.85905025222795,PCT,Good,TK102,BRENT
2025-08-27 12:46:39.618043648+00:00,TK102_TEMP,87.38132745089928,DEGF,Good,TK102,BRENT
2025-08-27 12:46:39.618043648+00:00,TK102_VOLUME,34833.917195537775,BBL,Good,TK102,BRENT
2025-08-27 12:46:39.618043648+00:00,TK103_LEVEL,94.95163275904928,PCT,Good,TK103,MAYA
2025-08-27 12:46:39.618043648+00:00,TK103_TEMP,88.93394794459782,DEGF,Good,TK103,MAYA
2025-08-27 12:46:39.618043648+00:00,TK103_VOLUME,43272.335651126225,BBL,Good,TK103,MAYA
2025-08-27 12:46:39.618043648+00:00,TK104_LEVEL,94.82629789021418,PCT,Good,TK104,ARB
2025-08-27 12:46:39.618043648+00:00,TK104_TEMP,88.92163902632447,DEGF,Good,TK104,ARB
2025-08-27 12:46:39.618043648+00:00,TK104_VOLUME,52061.01834591046,BBL,Good,TK104,ARB
2025-08-27 12:46:39.618043648+00:00,TK105_LEVEL,76.88455559621902,PCT,Good,TK105,URALS
2025-08-27 12:46:39.618043648+00:00,TK105_TEMP,89.23020685540821,DEGF,Good,TK105,URALS
2025-08-27 12:46:39.618043648+00:00,TK105_VOLUME,38721.45040112178,BBL,Good,TK105,URALS
2025-08-27 12:46:39.618043648+00:00,VDU_FEED_RATE,20588.93698232219,BPD,Good,VDU001,BLEND_B
2025-08-27 14:04:29.888313918+00:00,CDU_FEED_RATE,49596.826320908694,BPD,Good,CDU001,BLEND_A
2025-08-27 14:04:29.888313918+00:00,CDU_FEED_TEMP,489.49858804277665,DEGF,Good,CDU001,BLEND_A
2025-08-27 14:04:29.888313918+00:00,TK101_LEVEL,93.80547720501602,PCT,Good,TK101,WTI
2025-08-27 14:04:29.888313918+00:00,TK101_TEMP,88.0384590486783,DEGF,Good,TK101,WTI
2025-08-27 14:04:29.888313918+00:00,TK101_VOLUME,50589.5848369057,BBL,Good,TK101,WTI
2025-08-27 14:04:29.888313918+00:00,TK102_LEVEL,75.30712090136014,PCT,Good,TK102,BRENT
2025-08-27 14:04:29.888313918+00:00,TK102_TEMP,88.76805926334227,DEGF,Good,TK102,BRENT
2025-08-27 14:04:29.888313918+00:00,TK102_VOLUME,35516.86631162985,BBL,Good,TK102,BRENT
2025-08-27 14:04:29.888313918+00:00,TK103_LEVEL,95.91939817856841,PCT,Good,TK103,MAYA
2025-08-27 14:04:29.888313918+00:00,TK103_TEMP,89.0260822885227,DEGF,Good,TK103,MAYA
2025-08-27 14:04:29.888313918+00:00,TK103_VOLUME,43713.3756716939,BBL,Good,TK103,MAYA
2025-08-27 14:04:29.888313918+00:00,TK104_LEVEL,96.10453881100263,PCT,Good,TK104,ARB
2025-08-27 14:04:29.888313918+00:00,TK104_TEMP,88.82530104294221,DEGF,Good,TK104,ARB
2025-08-27 14:04:29.888313918+00:00,TK104_VOLUME,52762.79122440779,BBL,Good,TK104,ARB
2025-08-27 14:04:29.888313918+00:00,TK105_LEVEL,79.00912465097962,PCT,Good,TK105,URALS
2025-08-27 14:04:29.888313918+00:00,TK105_TEMP,89.10154626964898,DEGF,Good,TK105,URALS
2025-08-27 14:04:29.888313918+00:00,TK105_VOLUME,39791.449370872164,BBL,Good,TK105,URALS
2025-08-27 14:04:29.888313918+00:00,VDU_FEED_RATE,20607.81717982664,BPD,Good,VDU001,BLEND_B
2025-08-27 15:22:20.158584189+00:00,CDU_FEED_RATE,49551.47508283557,BPD,Good,CDU001,BLEND_A
2025-08-27 15:22:20.158584189+00:00,CDU_FEED_TEMP,489.2902264648087,DEGF,Good,CDU001,BLEND_A
2025-08-27 15:22:20.158584189+00:00,TK101_LEVEL,94.34280785346363,PCT,Good,TK101,WTI
2025-08-27 15:22:20.158584189+00:00,TK101_TEMP,88.87932957614146,DEGF,Good,TK101,WTI
2025-08-27 15:22:20.158584189+00:00,TK101_VOLUME,50879.36892238825,BBL,Good,TK101,WTI
2025-08-27 15:22:20.158584189+00:00,TK102_LEVEL,75.34261038957332,PCT,Good,TK102,BRENT
2025-08-27 15:22:20.158584189+00:00,TK102_TEMP,89.70626524612507,DEGF,Good,TK102,BRENT
2025-08-27 15:22:20.158584189+00:00,TK102_VOLUME,35533.60411003788,BBL,Good,TK102,BRENT
2025-08-27 15:22:20.158584189+00:00,TK103_LEVEL,95.61055094139756,PCT,Good,TK103,MAYA
2025-08-27 15:22:20.158584189+00:00,TK103_TEMP,89.17639866999933,DEGF,Good,TK103,MAYA
2025-08-27 15:22:20.158584189+00:00,TK103_VOLUME,43572.62462904786,BBL,Good,TK103,MAYA
2025-08-27 15:22:20.158584189+00:00,TK104_LEVEL,95.22444373951369,PCT,Good,TK104,ARB
2025-08-27 15:22:20.158584189+00:00,TK104_TEMP,89.30440351188065,DEGF,Good,TK104,ARB
2025-08-27 15:22:20.158584189+00:00,TK104_VOLUME,52279.606214739084,BBL,Good,TK104,ARB
2025-08-27 15:22:20.158584189+00:00,TK105_LEVEL,76.37043262260869,PCT,Good,TK105,URALS
2025-08-27 15:22:20.158584189+00:00,TK105_TEMP,88.2301630970311,DEGF,Good,TK105,URALS
2025-08-27 15:22:20.158584189+00:00,TK105_VOLUME,38462.52210182485,BBL,Good,TK105,URALS
2025-08-27 15:22:20.158584189+00:00,VDU_FEED_RATE,20732.035759417417,BPD,Good,VDU001,BLEND_B
2025-08-27 16:40:10.428854459+00:00,CDU_FEED_RATE,49324.16420364576,BPD,Good,CDU001,BLEND_A
2025-08-27 16:40:10.428854459+00:00,CDU_FEED_TEMP,488.9606056092752,DEGF,Good,CDU001,BLEND_A
2025-08-27 16:40:10.428854459+00:00,TK101_LEVEL,93.10373271669151,PCT,Good,TK101,WTI
2025-08-27 16:40:10.428854459+00:00,TK101_TEMP,89.77014501535984,DEGF,Good,TK101,WTI
2025-08-27 16:40:10.428854459+00:00,TK101_VOLUME,50211.131857573426,BBL,Good,TK101,WTI
2025-08-27 16:40:10.428854459+00:00,TK102_LEVEL,74.5003174312958,PCT,Good,TK102,BRENT
2025-08-27 16:40:10.428854459+00:00,TK102_TEMP,88.63277644076899,DEGF,Good,TK102,BRENT
2025-08-27 16:40:10.428854459+00:00,TK102_VOLUME,35136.35606713959,BBL,Good,TK102,BRENT
2025-08-27 16:40:10.428854459+00:00,TK103_LEVEL,96.28698617087777,PCT,Good,TK103,MAYA
2025-08-27 16:40:10.428854459+00:00,TK103_TEMP,88.08912834182124,DEGF,Good,TK103,MAYA
2025-08-27 16:40:10.428854459+00:00,TK103_VOLUME,43880.896656034405,BBL,Good,TK103,MAYA
2025-08-27 16:40:10.428854459+00:00,TK104_LEVEL,94.5424965475495,PCT,Good,TK104,ARB
2025-08-27 16:40:10.428854459+00:00,TK104_TEMP,89.05773899865875,DEGF,Good,TK104,ARB
2025-08-27 16:40:10.428854459+00:00,TK104_VOLUME,51905.2072762411,BBL,Good,TK104,ARB
2025-08-27 16:40:10.428854459+00:00,TK105_LEVEL,76.54249651167584,PCT,Good,TK105,URALS
2025-08-27 16:40:10.428854459+00:00,TK105_TEMP,88.85799576821802,DEGF,Good,TK105,URALS
2025-08-27 16:40:10.428854459+00:00,TK105_VOLUME,38549.1788210407,BBL,Good,TK105,URALS
2025-08-27 16:40:10.428854459+00:00,VDU_FEED_RATE,20850.92327211814,BPD,Good,VDU001,BLEND_B
2025-08-27 17:58:00.699124729+00:00,CDU_FEED_RATE,49646.031302241165,BPD,Good,CDU001,BLEND_A
2025-08-27 17:58:00.699124729+00:00,CDU_FEED_TEMP,489.4364352564388,DEGF,Good,CDU001,BLEND_A
2025-08-27 17:58:00.699124729+00:00,TK101_LEVEL,92.3608672636391,PCT,Good,TK101,WTI
2025-08-27 17:58:00.699124729+00:00,TK101_TEMP,88.1378054389296,DEGF,Good,TK101,WTI
2025-08-27 17:58:00.699124729+00:00,TK101_VOLUME,49810.502214408065,BBL,Good,TK101,WTI
2025-08-27 17:58:00.699124729+00:00,TK102_LEVEL,75.26226073876633,PCT,Good,TK102,BRENT
2025-08-27 17:58:00.699124729+00:00,TK102_TEMP,89.093588941422,DEGF,Good,TK102,BRENT
2025-08-27 17:58:00.699124729+00:00,TK102_VOLUME,35495.70905082248,BBL,Good,TK102,BRENT
2025-08-27 17:58:00.699124729+00:00,TK103_LEVEL,96.58208556304594,PCT,Good,TK103,MAYA
2025-08-27 17:58:00.699124729+00:00,TK103_TEMP,89.11314408931132,DEGF,Good,TK103,MAYA
2025-08-27 17:58:00.699124729+00:00,TK103_VOLUME,44015.38238921551,BBL,Good,TK103,MAYA
2025-08-27 17:58:00.699124729+00:00,TK104_LEVEL,95.21275654559635,PCT,Good,TK104,ARB
2025-08-27 17:58:00.699124729+00:00,TK104_TEMP,89.06800980395593,DEGF,Good,TK104,ARB
2025-08-27 17:58:00.699124729+00:00,TK104_VOLUME,52273.18977509649,BBL,Good,TK104,ARB
2025-08-27 17:58:00.699124729+00:00,TK105_LEVEL,76.29128527642959,PCT,Good,TK105,URALS
2025-08-27 17:58:00.699124729+00:00,TK105_TEMP,89.47343854311991,DEGF,Good,TK105,URALS
2025-08-27 17:58:00.699124729+00:00,TK105_VOLUME,38422.66103979895,BBL,Good,TK105,URALS
2025-08-27 17:58:00.699124729+00:00,VDU_FEED_RATE,20611.06028406689,BPD,Good,VDU001,BLEND_B
2025-08-27 19:15:50.969395+00:00,CDU_FEED_RATE,49780.63258982708,BPD,Good,CDU001,BLEND_A
2025-08-27 19:15:50.969395+00:00,CDU_FEED_TEMP,489.27185585224765,DEGF,Good,CDU001,BLEND_A
2025-08-27 19:15:50.969395+00:00,TK101_LEVEL,92.3394191946704,PCT,Good,TK101,WTI
2025-08-27 19:15:50.969395+00:00,TK101_TEMP,88.42683182733508,DEGF,Good,TK101,WTI
2025-08-27 19:15:50.969395+00:00,TK101_VOLUME,49798.93520428234,BBL,Good,TK101,WTI
2025-08-27 19:15:50.969395+00:00,TK102_LEVEL,74.53512509947161,PCT,Good,TK102,BRENT
2025-08-27 19:15:50.969395+00:00,TK102_TEMP,89.5798272773207,DEGF,Good,TK102,BRENT
2025-08-27 19:15:50.969395+00:00,TK102_VOLUME,35152.77230085591,BBL,Good,TK102,BRENT
2025-08-27 19:15:50.969395+00:00,TK103_LEVEL,96.36404741356591,PCT,Good,TK103,MAYA
2025-08-27 19:15:50.969395+00:00,TK103_TEMP,89.40535585866147,DEGF,Good,TK103,MAYA
2025-08-27 19:15:50.969395+00:00,TK103_VOLUME,43916.01579893273,BBL,Good,TK103,MAYA
2025-08-27 19:15:50.969395+00:00,TK104_LEVEL,95.67958934466081,PCT,Good,TK104,ARB
2025-08-27 19:15:50.969395+00:00,TK104_TEMP,89.66723132093009,DEGF,Good,TK104,ARB
2025-08-27 19:15:50.969395+00:00,TK104_VOLUME,52529.48777952461,BBL,Good,TK104,ARB
2025-08-27 19:15:50.969395+00:00,TK105_LEVEL,77.54744506040204,PCT,Good,TK105,URALS
2025-08-27 19:15:50.969395+00:00,TK105_TEMP,89.2769667349033,DEGF,Good,TK105,URALS
2025-08-27 19:15:50.969395+00:00,TK105_VOLUME,39055.30212608449,BBL,Good,TK105,URALS
2025-08-27 19:15:50.969395+00:00,VDU_FEED_RATE,20871.84707791529,BPD,Good,VDU001,BLEND_B
2025-08-27 20:33:41.239665270+00:00,CDU_FEED_RATE,49862.370248934974,BPD,Good,CDU001,BLEND_A
2025-08-27 20:33:41.239665270+00:00,CDU_FEED_TEMP,490.4171353078351,DEGF,Good,CDU001,BLEND_A
2025-08-27 20:33:41.239665270+00:00,TK101_LEVEL,93.75697908578738,PCT,Good,TK101,WTI
2025-08-27 20:33:41.239665270+00:00,TK101_TEMP,88.95872325161969,DEGF,Good,TK101,WTI
2025-08-27 20:33:41.239665270+00:00,TK101_VOLUME,50563.429650766775,BBL,Good,TK101,WTI
2025-08-27 20:33:41.239665270+00:00,TK102_LEVEL,73.64348269685765,PCT,Good,TK102,BRENT
2025-08-27 20:33:41.239665270+00:00,TK102_TEMP,89.08854980483662,DEGF,Good,TK102,BRENT
2025-08-27 20:33:41.239665270+00:00,TK102_VOLUME,34732.249730979674,BBL,Good,TK102,BRENT
2025-08-27 20:33:41.239665270+00:00,TK103_LEVEL,95.48380662218281,PCT,Good,TK103,MAYA
2025-08-27 20:33:41.239665270+00:00,TK103_TEMP,88.65492552063031,DEGF,Good,TK103,MAYA
2025-08-27 20:33:41.239665270+00:00,TK103_VOLUME,43514.863403005,BBL,Good,TK103,MAYA
2025-08-27 20:33:41.239665270+00:00,TK104_LEVEL,95.72110011476988,PCT,Good,TK104,ARB
2025-08-27 20:33:41.239665270+00:00,TK104_TEMP,89.40539022471764,DEGF,Good,TK104,ARB
2025-08-27 20:33:41.239665270+00:00,TK104_VOLUME,52552.277796769646,BBL,Good,TK104,ARB
2025-08-27 20:33:41.239665270+00:00,TK105_LEVEL,75.79341523748381,PCT,Good,TK105,URALS
2025-08-27 20:33:41.239665270+00:00,TK105_TEMP,89.24463810294185,DEGF,Good,TK105,URALS
2025-08-27 20:33:41.239665270+00:00,TK105_VOLUME,38171.91822325087,BBL,Good,TK105,URALS
2025-08-27 20:33:41.239665270+00:00,VDU_FEED_RATE,21092.006205730595,BPD,Good,VDU001,BLEND_B
2025-08-27 21:51:31.509935540+00:00,CDU_FEED_RATE,49966.571745943445,BPD,Good,CDU001,BLEND_A
2025-08-27 21:51:31.509935540+00:00,CDU_FEED_TEMP,489.971855065887,DEGF,Good,CDU001,BLEND_A
2025-08-27 21:51:31.509935540+00:00,TK101_LEVEL,93.77185349636964,PCT,Good,TK101,WTI
2025-08-27 21:51:31.509935540+00:00,TK101_TEMP,89.01285795736003,DEGF,Good,TK101,WTI
2025-08-27 21:51:31.509935540+00:00,TK101_VOLUME,50571.45146653352,BBL,Good,TK101,WTI
2025-08-27 21:51:31.509935540+00:00,TK102_LEVEL,74.82499558984405,PCT,Good,TK102,BRENT
2025-08-27 21:51:31.509935540+00:00,TK102_TEMP,88.98267206952198,DEGF,Good,TK102,BRENT
2025-08-27 21:51:31.509935540+00:00,TK102_VOLUME,35289.48303061186,BBL,Good,TK102,BRENT
2025-08-27 21:51:31.509935540+00:00,TK103_LEVEL,93.77395758082032,PCT,Good,TK103,MAYA
2025-08-27 21:51:31.509935540+00:00,TK103_TEMP,89.27773878787879,DEGF,Good,TK103,MAYA
2025-08-27 21:51:31.509935540+00:00,TK103_VOLUME,42735.63339420305,BBL,Good,TK103,MAYA
2025-08-27 21:51:31.509935540+00:00,TK104_LEVEL,97.19680755514196,PCT,Good,TK104,ARB
2025-08-27 21:51:31.509935540+00:00,TK104_TEMP,89.30720264550659,DEGF,Good,TK104,ARB
2025-08-27 21:51:31.509935540+00:00,TK104_VOLUME,53362.46266990846,BBL,Good,TK104,ARB
2025-08-27 21:51:31.509935540+00:00,TK105_LEVEL,76.61015042949822,PCT,Good,TK105,URALS
2025-08-27 21:51:31.509935540+00:00,TK105_TEMP,89.82072920444402,DEGF,Good,TK105,URALS
2025-08-27 21:51:31.509935540+00:00,TK105_VOLUME,38583.25143553507,BBL,Good,TK105,URALS
2025-08-27 21:51:31.509935540+00:00,VDU_FEED_RATE,21064.83271072901,BPD,Good,VDU001,BLEND_B
2025-08-27 23:09:21.780205810+00:00,CDU_FEED_RATE,50118.10874420785,BPD,Good,CDU001,BLEND_A
2025-08-27 23:09:21.780205810+00:00,CDU_FEED_TEMP,490.1104640999351,DEGF,Good,CDU001,BLEND_A
2025-08-27 23:09:21.780205810+00:00,TK101_LEVEL,93.47385324768786,PCT,Good,TK101,WTI
2025-08-27 23:09:21.780205810+00:00,TK101_TEMP,89.78153074844586,DEGF,Good,TK101,WTI
2025-08-27 23:09:21.780205810+00:00,TK101_VOLUME,50410.73900803648,BBL,Good,TK101,WTI
2025-08-27 23:09:21.780205810+00:00,TK102_LEVEL,74.1398915276392,PCT,Good,TK102,BRENT
2025-08-27 23:09:21.780205810+00:00,TK102_TEMP,88.23736190270816,DEGF,Good,TK102,BRENT
2025-08-27 23:09:21.780205810+00:00,TK102_VOLUME,34966.36950435242,BBL,Good,TK102,BRENT
2025-08-27 23:09:21.780205810+00:00,TK103_LEVEL,95.06691299730244,PCT,Good,TK103,MAYA
2025-08-27 23:09:21.780205810+00:00,TK103_TEMP,89.31709678191386,DEGF,Good,TK103,MAYA
2025-08-27 23:09:21.780205810+00:00,TK103_VOLUME,43324.87234816536,BBL,Good,TK103,MAYA
2025-08-27 23:09:21.780205810+00:00,TK104_LEVEL,94.55161873736186,PCT,Good,TK104,ARB
2025-08-27 23:09:21.780205810+00:00,TK104_TEMP,90.11545662153438,DEGF,Good,TK104,ARB
2025-08-27 23:09:21.780205810+00:00,TK104_VOLUME,51910.21549127999,BBL,Good,TK104,ARB
2025-08-27 23:09:21.780205810+00:00,TK105_LEVEL,74.83841275561817,PCT,Good,TK105,URALS
2025-08-27 23:09:21.780205810+00:00,TK105_TEMP,89.00987386696843,DEGF,Good,TK105,URALS
2025-08-27 23:09:21.780205810+00:00,TK105_VOLUME,37690.9493089124,BBL,Good,TK105,URALS
2025-08-27 23:09:21.780205810+00:00,VDU_FEED_RATE,20870.74008780338,BPD,Good,VDU001,BLEND_B
2025-08-28 00:27:12.050476081+00:00,CDU_FEED_RATE,49747.6887265796,BPD,Good,CDU001,BLEND_A
2025-08-28 00:27:12.050476081+00:00,CDU_FEED_TEMP,488.50799574998916,DEGF,Good,CDU001,BLEND_A
2025-08-28 00:27:12.050476081+00:00,TK101_LEVEL,92.14737627938412,PCT,Good,TK101,WTI
2025-08-28 00:27:12.050476081+00:00,TK101_TEMP,89.59757715429454,DEGF,Good,TK101,WTI
2025-08-28 00:27:12.050476081+00:00,TK101_VOLUME,49695.365864360225,BBL,Good,TK101,WTI
2025-08-28 00:27:12.050476081+00:00,TK102_LEVEL,73.91280525910516,PCT,Good,TK102,BRENT
2025-08-28 00:27:12.050476081+00:00,TK102_TEMP,89.79724265408161,DEGF,Good,TK102,BRENT
2025-08-28 00:27:12.050476081+00:00,TK102_VOLUME,34859.26950445607,BBL,Good,TK102,BRENT
2025-08-28 00:27:12.050476081+00:00,TK103_LEVEL,95.82094940158638,PCT,Good,TK103,MAYA
2025-08-28 00:27:12.050476081+00:00,TK103_TEMP,90.39782262366826,DEGF,Good,TK103,MAYA
2025-08-28 00:27:12.050476081+00:00,TK103_VOLUME,43668.50958147278,BBL,Good,TK103,MAYA
2025-08-28 00:27:12.050476081+00:00,TK104_LEVEL,95.02923642306504,PCT,Good,TK104,ARB
2025-08-28 00:27:12.050476081+00:00,TK104_TEMP,89.53433773596052,DEGF,Good,TK104,ARB
2025-08-28 00:27:12.050476081+00:00,TK104_VOLUME,52172.434555515865,BBL,Good,TK104,ARB
2025-08-28 00:27:12.050476081+00:00,TK105_LEVEL,77.11338693989069,PCT,Good,TK105,URALS
2025-08-28 00:27:12.050476081+00:00,TK105_TEMP,89.49233651871644,DEGF,Good,TK105,URALS
2025-08-28 00:27:12.050476081+00:00,TK105_VOLUME,38836.696973798076,BBL,Good,TK105,URALS
2025-08-28 00:27:12.050476081+00:00,VDU_FEED_RATE,20785.75450859106,BPD,Good,VDU001,BLEND_B
2025-08-28 01:45:02.320746351+00:00,CDU_FEED_RATE,49777.23389641338,BPD,Good,CDU001,BLEND_A
2025-08-28 01:45:02.320746351+00:00,CDU_FEED_TEMP,489.86261125701685,DEGF,Good,CDU001,BLEND_A
2025-08-28 01:45:02.320746351+00:00,TK101_LEVEL,92.90756322326386,PCT,Good,TK101,WTI
2025-08-28 01:45:02.320746351+00:00,TK101_TEMP,88.69020969247056,DEGF,Good,TK101,WTI
2025-08-28 01:45:02.320746351+00:00,TK101_VOLUME,50105.33704125923,BBL,Good,TK101,WTI
2025-08-28 01:45:02.320746351+00:00,TK102_LEVEL,75.24693489806458,PCT,Good,TK102,BRENT
2025-08-28 01:45:02.320746351+00:00,TK102_TEMP,89.52110651742717,DEGF,Good,TK102,BRENT
2025-08-28 01:45:02.320746351+00:00,TK102_VOLUME,35488.48097160763,BBL,Good,TK102,BRENT
2025-08-28 01:45:02.320746351+00:00,TK103_LEVEL,94.17664991442128,PCT,Good,TK103,MAYA
2025-08-28 01:45:02.320746351+00:00,TK103_TEMP,90.53993874079791,DEGF,Good,TK103,MAYA
2025-08-28 01:45:02.320746351+00:00,TK103_VOLUME,42919.152490372086,BBL,Good,TK103,MAYA
2025-08-28 01:45:02.320746351+00:00,TK104_LEVEL,95.39135494499921,PCT,Good,TK104,ARB
2025-08-28 01:45:02.320746351+00:00,TK104_TEMP,89.42552041983267,DEGF,Good,TK104,ARB
2025-08-28 01:45:02.320746351+00:00,TK104_VOLUME,52371.24289701239,BBL,Good,TK104,ARB
2025-08-28 01:45:02.320746351+00:00,TK105_LEVEL,76.23526664053067,PCT,Good,TK105,URALS
2025-08-28 01:45:02.320746351+00:00,TK105_TEMP,89.56876640314543,DEGF,Good,TK105,URALS
2025-08-28 01:45:02.320746351+00:00,TK105_VOLUME,38394.4483146986,BBL,Good,TK105,URALS
2025-08-28 01:45:02.320746351+00:00,VDU_FEED_RATE,21031.48018741592,BPD,Good,VDU001,BLEND_B
2025-08-28 03:02:52.591016621+00:00,CDU_FEED_RATE,50332.28556658119,BPD,Good,CDU001,BLEND_A
2025-08-28 03:02:52.591016621+00:00,CDU_FEED_TEMP,490.9807482728203,DEGF,Good,CDU001,BLEND_A
2025-08-28 03:02:52.591016621+00:00,TK101_LEVEL,92.63521441409767,PCT,Good,TK101,WTI
2025-08-28 03:02:52.591016621+00:00,TK101_TEMP,89.93575265233673,DEGF,Good,TK101,WTI
2025-08-28 03:02:52.591016621+00:00,TK101_VOLUME,49958.45848366252,BBL,Good,TK101,WTI
2025-08-28 03:02:52.591016621+00:00,TK102_LEVEL,71.16623590209471,PCT,Good,TK102,BRENT
2025-08-28 03:02:52.591016621+00:00,TK102_TEMP,89.17170552519224,DEGF,Good,TK102,BRENT
2025-08-28 03:02:52.591016621+00:00,TK102_VOLUME,33563.9134278862,BBL,Good,TK102,BRENT
2025-08-28 03:02:52.591016621+00:00,TK103_LEVEL,95.74149860185312,PCT,Good,TK103,MAYA
2025-08-28 03:02:52.591016621+00:00,TK103_TEMP,88.84586925422123,DEGF,Good,TK103,MAYA
2025-08-28 03:02:52.591016621+00:00,TK103_VOLUME,43632.30144503629,BBL,Good,TK103,MAYA
2025-08-28 03:02:52.591016621+00:00,TK104_LEVEL,94.78493474373876,PCT,Good,TK104,ARB
2025-08-28 03:02:52.591016621+00:00,TK104_TEMP,89.2591358214975,DEGF,Good,TK104,ARB
2025-08-28 03:02:52.591016621+00:00,TK104_VOLUME,52038.3093761899,BBL,Good,TK104,ARB
2025-08-28 03:02:52.591016621+00:00,TK105_LEVEL,75.09055146011488,PCT,Good,TK105,URALS
2025-08-28 03:02:52.591016621+00:00,TK105_TEMP,89.5416664270508,DEGF,Good,TK105,URALS
2025-08-28 03:02:52.591016621+00:00,TK105_VOLUME,37817.93419247792,BBL,Good,TK105,URALS
2025-08-28 03:02:52.591016621+00:00,VDU_FEED_RATE,20695.10716704676,BPD,Good,VDU001,BLEND_B
2025-08-28 04:20:42.861286891+00:00,CDU_FEED_RATE,50178.1535601791,BPD,Good,CDU001,BLEND_A
2025-08-28 04:20:42.861286891+00:00,CDU_FEED_TEMP,490.63388086078,DEGF,Good,CDU001,BLEND_A
2025-08-28 04:20:42.861286891+00:00,TK101_LEVEL,92.5612763365717,PCT,Good,TK101,WTI
2025-08-28 04:20:42.861286891+00:00,TK101_TEMP,89.48903517427948,DEGF,Good,TK101,WTI
2025-08-28 04:20:42.861286891+00:00,TK101_VOLUME,49918.58344910027,BBL,Good,TK101,WTI
2025-08-28 04:20:42.861286891+00:00,TK102_LEVEL,72.02348299536096,PCT,Good,TK102,BRENT
2025-08-28 04:20:42.861286891+00:00,TK102_TEMP,89.84110297309614,DEGF,Good,TK102,BRENT
2025-08-28 04:20:42.861286891+00:00,TK102_VOLUME,33968.21424357467,BBL,Good,TK102,BRENT
2025-08-28 04:20:42.861286891+00:00,TK103_LEVEL,95.8426763038846,PCT,Good,TK103,MAYA
2025-08-28 04:20:42.861286891+00:00,TK103_TEMP,91.02476812082129,DEGF,Good,TK103,MAYA
2025-08-28 04:20:42.861286891+00:00,TK103_VOLUME,43678.411189076454,BBL,Good,TK103,MAYA
2025-08-28 04:20:42.861286891+00:00,TK104_LEVEL,94.13179869183666,PCT,Good,TK104,ARB
2025-08-28 04:20:42.861286891+00:00,TK104_TEMP,90.12931734748001,DEGF,Good,TK104,ARB
2025-08-28 04:20:42.861286891+00:00,TK104_VOLUME,51679.7281731167,BBL,Good,TK104,ARB
2025-08-28 04:20:42.861286891+00:00,TK105_LEVEL,77.48827674190653,PCT,Good,TK105,URALS
2025-08-28 04:20:42.861286891+00:00,TK105_TEMP,89.58290186224693,DEGF,Good,TK105,URALS
2025-08-28 04:20:42.861286891+00:00,TK105_VOLUME,39025.50312299246,BBL,Good,TK105,URALS
2025-08-28 04:20:42.861286891+00:00,VDU_FEED_RATE,21131.47334592574,BPD,Good,VDU001,BLEND_B
2025-08-28 05:38:33.131557162+00:00,CDU_FEED_RATE,49897.80209549008,BPD,Good,CDU001,BLEND_A
2025-08-28 05:38:33.131557162+00:00,CDU_FEED_TEMP,489.0674448690866,DEGF,Good,CDU001,BLEND_A
2025-08-28 05:38:33.131557162+00:00,TK101_LEVEL,93.01936881612278,PCT,Good,TK101,WTI
2025-08-28 05:38:33.131557162+00:00,TK101_TEMP,90.51417304660697,DEGF,Good,TK101,WTI
2025-08-28 05:38:33.131557162+00:00,TK101_VOLUME,50165.6341443038,BBL,Good,TK101,WTI
2025-08-28 05:38:33.131557162+00:00,TK102_LEVEL,72.05944903747806,PCT,Good,TK102,BRENT
2025-08-28 05:38:33.131557162+00:00,TK102_TEMP,89.58510925973326,DEGF,Good,TK102,BRENT
2025-08-28 05:38:33.131557162+00:00,TK102_VOLUME,33985.17679763785,BBL,Good,TK102,BRENT
2025-08-28 05:38:33.131557162+00:00,TK103_LEVEL,94.86650228124503,PCT,Good,TK103,MAYA
2025-08-28 05:38:33.131557162+00:00,TK103_TEMP,89.41933657755969,DEGF,Good,TK103,MAYA
2025-08-28 05:38:33.131557162+00:00,TK103_VOLUME,43233.539113324354,BBL,Good,TK103,MAYA
2025-08-28 05:38:33.131557162+00:00,TK104_LEVEL,92.88851195981297,PCT,Good,TK104,ARB
2025-08-28 05:38:33.131557162+00:00,TK104_TEMP,90.49547470905759,DEGF,Good,TK104,ARB
2025-08-28 05:38:33.131557162+00:00,TK104_VOLUME,50997.14565323335,BBL,Good,TK104,ARB
2025-08-28 05:38:33.131557162+00:00,TK105_LEVEL,74.90035273887943,PCT,Good,TK105,URALS
2025-08-28 05:38:33.131557162+00:00,TK105_TEMP,89.9133835570506,DEGF,Good,TK105,URALS
2025-08-28 05:38:33.131557162+00:00,TK105_VOLUME,37722.14420847446,BBL,Good,TK105,URALS
2025-08-28 05:38:33.131557162+00:00,VDU_FEED_RATE,20971.0489832763,BPD,Good,VDU001,BLEND_B
2025-08-28 06:56:23.401827432+00:00,CDU_FEED_RATE,49973.01697501712,BPD,Good,CDU001,BLEND_A
2025-08-28 06:56:23.401827432+00:00,CDU_FEED_TEMP,489.8429266181685,DEGF,Good,CDU001,BLEND_A
2025-08-28 06:56:23.401827432+00:00,TK101_LEVEL,92.15858013686213,PCT,Good,TK101,WTI
2025-08-28 06:56:23.401827432+00:00,TK101_TEMP,89.66167543631819,DEGF,Good,TK101,WTI
2025-08-28 06:56:23.401827432+00:00,TK101_VOLUME,49701.40813945196,BBL,Good,TK101,WTI
2025-08-28 06:56:23.401827432+00:00,TK102_LEVEL,72.67030336619649,PCT,Good,TK102,BRENT
2025-08-28 06:56:23.401827432+00:00,TK102_TEMP,89.71125613897888,DEGF,Good,TK102,BRENT
2025-08-28 06:56:23.401827432+00:00,TK102_VOLUME,34273.27214996702,BBL,Good,TK102,BRENT
2025-08-28 06:56:23.401827432+00:00,TK103_LEVEL,91.46289998854965,PCT,Good,TK103,MAYA
2025-08-28 06:56:23.401827432+00:00,TK103_TEMP,90.46580585170037,DEGF,Good,TK103,MAYA
2025-08-28 06:56:23.401827432+00:00,TK103_VOLUME,41682.4144348662,BBL,Good,TK103,MAYA
2025-08-28 06:56:23.401827432+00:00,TK104_LEVEL,93.71397912701707,PCT,Good,TK104,ARB
2025-08-28 06:56:23.401827432+00:00,TK104_TEMP,89.95017550381993,DEGF,Good,TK104,ARB
2025-08-28 06:56:23.401827432+00:00,TK104_VOLUME,51450.339147990606,BBL,Good,TK104,ARB
2025-08-28 06:56:23.401827432+00:00,TK105_LEVEL,76.79200787720545,PCT,Good,TK105,URALS
2025-08-28 06:56:23.401827432+00:00,TK105_TEMP,89.99267295252942,DEGF,Good,TK105,URALS
2025-08-28 06:56:23.401827432+00:00,TK105_VOLUME,38674.840495091485,BBL,Good,TK105,URALS
2025-08-28 06:56:23.401827432+00:00,VDU_FEED_RATE,21228.822423699763,BPD,Good,VDU001,BLEND_B
2025-08-28 08:14:13.672097702+00:00,CDU_FEED_RATE,49972.699496588124,BPD,Good,CDU001,BLEND_A
2025-08-28 08:14:13.672097702+00:00,CDU_FEED_TEMP,489.39599623355434,DEGF,Good,CDU001,BLEND_A
2025-08-28 08:14:13.672097702+00:00,TK101_LEVEL,92.38307157734816,PCT,Good,TK101,WTI
2025-08-28 08:14:13.672097702+00:00,TK101_TEMP,89.75504364883025,DEGF,Good,TK101,WTI
2025-08-28 08:14:13.672097702+00:00,TK101_VOLUME,49822.47706966812,BBL,Good,TK101,WTI
2025-08-28 08:14:13.672097702+00:00,TK102_LEVEL,72.54812927018808,PCT,Good,TK102,BRENT
2025-08-28 08:14:13.672097702+00:00,TK102_TEMP,90.37649686843572,DEGF,Good,TK102,BRENT
2025-08-28 08:14:13.672097702+00:00,TK102_VOLUME,34215.651556021345,BBL,Good,TK102,BRENT
2025-08-28 08:14:13.672097702+00:00,TK103_LEVEL,93.01776491833907,PCT,Good,TK103,MAYA
2025-08-28 08:14:13.672097702+00:00,TK103_TEMP,90.55860028081324,DEGF,Good,TK103,MAYA
2025-08-28 08:14:13.672097702+00:00,TK103_VOLUME,42391.013488710276,BBL,Good,TK103,MAYA
2025-08-28 08:14:13.672097702+00:00,TK104_LEVEL,92.92028469954109,PCT,Good,TK104,ARB
2025-08-28 08:14:13.672097702+00:00,TK104_TEMP,90.72730910227129,DEGF,Good,TK104,ARB
2025-08-28 08:14:13.672097702+00:00,TK104_VOLUME,51014.58934999983,BBL,Good,TK104,ARB
2025-08-28 08:14:13.672097702+00:00,TK105_LEVEL,75.06319678937824,PCT,Good,TK105,URALS
2025-08-28 08:14:13.672097702+00:00,TK105_TEMP,89.5491374691141,DEGF,Good,TK105,URALS
2025-08-28 08:14:13.672097702+00:00,TK105_VOLUME,37804.1575305989,BBL,Good,TK105,URALS
2025-08-28 08:14:13.672097702+00:00,VDU_FEED_RATE,20783.318305931367,BPD,Good,VDU001,BLEND_B
2025-08-28 09:32:03.942367973+00:00,CDU_FEED_RATE,49999.06467253172,BPD,Good,CDU001,BLEND_A
2025-08-28 09:32:03.942367973+00:00,CDU_FEED_TEMP,490.83789306410415,DEGF,Good,CDU001,BLEND_A
2025-08-28 09:32:03.942367973+00:00,TK101_LEVEL,91.5235126522691,PCT,Good,TK101,WTI
2025-08-28 09:32:03.942367973+00:00,TK101_TEMP,90.44114895602418,DEGF,Good,TK101,WTI
2025-08-28 09:32:03.942367973+00:00,TK101_VOLUME,49358.914275061055,BBL,Good,TK101,WTI
2025-08-28 09:32:03.942367973+00:00,TK102_LEVEL,71.04718736068503,PCT,Good,TK102,BRENT
2025-08-28 09:32:03.942367973+00:00,TK102_TEMP,89.50139194495999,DEGF,Good,TK102,BRENT
2025-08-28 09:32:03.942367973+00:00,TK102_VOLUME,33507.76692966353,BBL,Good,TK102,BRENT
2025-08-28 09:32:03.942367973+00:00,TK103_LEVEL,95.9338180081109,PCT,Good,TK103,MAYA
2025-08-28 09:32:03.942367973+00:00,TK103_TEMP,89.672738037201,DEGF,Good,TK103,MAYA
2025-08-28 09:32:03.942367973+00:00,TK103_VOLUME,43719.9472248717,BBL,Good,TK103,MAYA
2025-08-28 09:32:03.942367973+00:00,TK104_LEVEL,92.01915599963907,PCT,Good,TK104,ARB
2025-08-28 09:32:03.942367973+00:00,TK104_TEMP,89.18557563463612,DEGF,Good,TK104,ARB
2025-08-28 09:32:03.942367973+00:00,TK104_VOLUME,50519.85657205315,BBL,Good,TK104,ARB
2025-08-28 09:32:03.942367973+00:00,TK105_LEVEL,77.11758455976543,PCT,Good,TK105,URALS
2025-08-28 09:32:03.942367973+00:00,TK105_TEMP,90.57148110557213,DEGF,Good,TK105,URALS
2025-08-28 09:32:03.942367973+00:00,TK105_VOLUME,38838.81102555428,BBL,Good,TK105,URALS
2025-08-28 09:32:03.942367973+00:00,VDU_FEED_RATE,21110.353849131665,BPD,Good,VDU001,BLEND_B
2025-08-28 10:49:54.212638243+00:00,CDU_FEED_RATE,50096.37832869551,BPD,Good,CDU001,BLEND_A
2025-08-28 10:49:54.212638243+00:00,CDU_FEED_TEMP,490.0785542524097,DEGF,Good,CDU001,BLEND_A
2025-08-28 10:49:54.212638243+00:00,TK101_LEVEL,91.47993962933059,PCT,Good,TK101,WTI
2025-08-28 10:49:54.212638243+00:00,TK101_TEMP,90.64861556471426,DEGF,Good,TK101,WTI
2025-08-28 10:49:54.212638243+00:00,TK101_VOLUME,49335.415208628816,BBL,Good,TK101,WTI
2025-08-28 10:49:54.212638243+00:00,TK102_LEVEL,71.30424162400763,PCT,Good,TK102,BRENT
2025-08-28 10:49:54.212638243+00:00,TK102_TEMP,90.79080996658269,DEGF,Good,TK102,BRENT
2025-08-28 10:49:54.212638243+00:00,TK102_VOLUME,33629.00064296963,BBL,Good,TK102,BRENT
2025-08-28 10:49:54.212638243+00:00,TK103_LEVEL,93.23597770438683,PCT,Good,TK103,MAYA
2025-08-28 10:49:54.212638243+00:00,TK103_TEMP,90.51378622046535,DEGF,Good,TK103,MAYA
2025-08-28 10:49:54.212638243+00:00,TK103_VOLUME,42490.45966616767,BBL,Good,TK103,MAYA
2025-08-28 10:49:54.212638243+00:00,TK104_LEVEL,92.68497048695264,PCT,Good,TK104,ARB
2025-08-28 10:49:54.212638243+00:00,TK104_TEMP,90.23942563614185,DEGF,Good,TK104,ARB
2025-08-28 10:49:54.212638243+00:00,TK104_VOLUME,50885.39842078308,BBL,Good,TK104,ARB
2025-08-28 10:49:54.212638243+00:00,TK105_LEVEL,76.00045036865653,PCT,Good,TK105,URALS
2025-08-28 10:49:54.212638243+00:00,TK105_TEMP,89.77895971966267,DEGF,Good,TK105,URALS
2025-08-28 10:49:54.212638243+00:00,TK105_VOLUME,38276.187546274545,BBL,Good,TK105,URALS
2025-08-28 10:49:54.212638243+00:00,VDU_FEED_RATE,20976.54017321615,BPD,Good,VDU001,BLEND_B
2025-08-28 12:07:44.482908513+00:00,CDU_FEED_RATE,50593.250362819344,BPD,Good,CDU001,BLEND_A
2025-08-28 12:07:44.482908513+00:00,CDU_FEED_TEMP,489.53510657272307,DEGF,Good,CDU001,BLEND_A
2025-08-28 12:07:44.482908513+00:00,TK101_LEVEL,91.5406497482606,PCT,Good,TK101,WTI
2025-08-28 12:07:44.482908513+00:00,TK101_TEMP,90.58709611434192,DEGF,Good,TK101,WTI
2025-08-28 12:07:44.482908513+00:00,TK101_VOLUME,49368.15636408775,BBL,Good,TK101,WTI
2025-08-28 12:07:44.482908513+00:00,TK102_LEVEL,71.14709926957634,PCT,Good,TK102,BRENT
2025-08-28 12:07:44.482908513+00:00,TK102_TEMP,89.66420335081462,DEGF,Good,TK102,BRENT
2025-08-28 12:07:44.482908513+00:00,TK102_VOLUME,33554.888076622265,BBL,Good,TK102,BRENT
2025-08-28 12:07:44.482908513+00:00,TK103_LEVEL,91.51691356606767,PCT,Good,TK103,MAYA
2025-08-28 12:07:44.482908513+00:00,TK103_TEMP,90.3092795602408,DEGF,Good,TK103,MAYA
2025-08-28 12:07:44.482908513+00:00,TK103_VOLUME,41707.030058507014,BBL,Good,TK103,MAYA
2025-08-28 12:07:44.482908513+00:00,TK104_LEVEL,92.15209889963823,PCT,Good,TK104,ARB
2025-08-28 12:07:44.482908513+00:00,TK104_TEMP,90.34299897632161,DEGF,Good,TK104,ARB
2025-08-28 12:07:44.482908513+00:00,TK104_VOLUME,50592.84415998817,BBL,Good,TK104,ARB
2025-08-28 12:07:44.482908513+00:00,TK105_LEVEL,73.96139325063783,PCT,Good,TK105,URALS
2025-08-28 12:07:44.482908513+00:00,TK105_TEMP,90.25392971010024,DEGF,Good,TK105,URALS
2025-08-28 12:07:44.482908513+00:00,TK105_VOLUME,37249.255044055615,BBL,Good,TK105,URALS
2025-08-28 12:07:44.482908513+00:00,VDU_FEED_RATE,20938.369771713184,BPD,Good,VDU001,BLEND_B
2025-08-28 13:25:34.753178783+00:00,CDU_FEED_RATE,49982.5157187432,BPD,Good,CDU001,BLEND_A
2025-08-28 13:25:34.753178783+00:00,CDU_FEED_TEMP,489.88723212867546,DEGF,Good,CDU001,BLEND_A
2025-08-28 13:25:34.753178783+00:00,TK101_LEVEL,89.15497871588107,PCT,Good,TK101,WTI
2025-08-28 13:25:34.753178783+00:00,TK101_TEMP,89.6154545281539,DEGF,Good,TK101,WTI
2025-08-28 13:25:34.753178783+00:00,TK101_VOLUME,48081.55657608455,BBL,Good,TK101,WTI
2025-08-28 13:25:34.753178783+00:00,TK102_LEVEL,74.1681380534905,PCT,Good,TK102,BRENT
2025-08-28 13:25:34.753178783+00:00,TK102_TEMP,90.12690248266867,DEGF,Good,TK102,BRENT
2025-08-28 13:25:34.753178783+00:00,TK102_VOLUME,34979.69132665051,BBL,Good,TK102,BRENT
2025-08-28 13:25:34.753178783+00:00,TK103_LEVEL,94.43907719082162,PCT,Good,TK103,MAYA
2025-08-28 13:25:34.753178783+00:00,TK103_TEMP,90.7354181891625,DEGF,Good,TK103,MAYA
2025-08-28 13:25:34.753178783+00:00,TK103_VOLUME,43038.74855058122,BBL,Good,TK103,MAYA
2025-08-28 13:25:34.753178783+00:00,TK104_LEVEL,93.48575017901233,PCT,Good,TK104,ARB
2025-08-28 13:25:34.753178783+00:00,TK104_TEMP,90.09475600064263,DEGF,Good,TK104,ARB
2025-08-28 13:25:34.753178783+00:00,TK104_VOLUME,51325.03813220173,BBL,Good,TK104,ARB
2025-08-28 13:25:34.753178783+00:00,TK105_LEVEL,73.75513158261623,PCT,Good,TK105,URALS
2025-08-28 13:25:34.753178783+00:00,TK105_TEMP,90.31061295048629,DEGF,Good,TK105,URALS
2025-08-28 13:25:34.753178783+00:00,TK105_VOLUME,37145.37526110031,BBL,Good,TK105,URALS
2025-08-28 13:25:34.753178783+00:00,VDU_FEED_RATE,20796.30785607475,BPD,Good,VDU001,BLEND_B
2025-08-28 14:43:25.023449054+00:00,CDU_FEED_RATE,50070.60847184996,BPD,Good,CDU001,BLEND_A
2025-08-28 14:43:25.023449054+00:00,CDU_FEED_TEMP,488.5062351039531,DEGF,Good,CDU001,BLEND_A
2025-08-28 14:43:25.023449054+00:00,TK101_LEVEL,89.98007746169894,PCT,Good,TK101,WTI
2025-08-28 14:43:25.023449054+00:00,TK101_TEMP,90.82177760476237,DEGF,Good,TK101,WTI
2025-08-28 14:43:25.023449054+00:00,TK101_VOLUME,48526.53488912217,BBL,Good,TK101,WTI
2025-08-28 14:43:25.023449054+00:00,TK102_LEVEL,73.20007005148125,PCT,Good,TK102,BRENT
2025-08-28 14:43:25.023449054+00:00,TK102_TEMP,91.51423348183154,DEGF,Good,TK102,BRENT
2025-08-28 14:43:25.023449054+00:00,TK102_VOLUME,34523.12438588319,BBL,Good,TK102,BRENT
2025-08-28 14:43:25.023449054+00:00,TK103_LEVEL,92.90479953637453,PCT,Good,TK103,MAYA
2025-08-28 14:43:25.023449054+00:00,TK103_TEMP,90.66809653598857,DEGF,Good,TK103,MAYA
2025-08-28 14:43:25.023449054+00:00,TK103_VOLUME,42339.531741811494,BBL,Good,TK103,MAYA
2025-08-28 14:43:25.023449054+00:00,TK104_LEVEL,93.19066961345317,PCT,Good,TK104,ARB
2025-08-28 14:43:25.023449054+00:00,TK104_TEMP,91.74469090378918,DEGF,Good,TK104,ARB
2025-08-28 14:43:25.023449054+00:00,TK104_VOLUME,51163.03460492195,BBL,Good,TK104,ARB
2025-08-28 14:43:25.023449054+00:00,TK105_LEVEL,74.96535348237035,PCT,Good,TK105,URALS
2025-08-28 14:43:25.023449054+00:00,TK105_TEMP,90.73181219112786,DEGF,Good,TK105,URALS
2025-08-28 14:43:25.023449054+00:00,TK105_VOLUME,37754.88060196209,BBL,Good,TK105,URALS
2025-08-28 14:43:25.023449054+00:00,VDU_FEED_RATE,21026.94795546079,BPD,Good,VDU001,BLEND_B
2025-08-28 16:01:15.293719324+00:00,CDU_FEED_RATE,49447.564804377995,BPD,Good,CDU001,BLEND_A
2025-08-28 16:01:15.293719324+00:00,CDU_FEED_TEMP,489.19588731012277,DEGF,Good,CDU001,BLEND_A
2025-08-28 16:01:15.293719324+00:00,TK101_LEVEL,89.50247178294464,PCT,Good,TK101,WTI
2025-08-28 16:01:15.293719324+00:00,TK101_TEMP,90.12940188788608,DEGF,Good,TK101,WTI
2025-08-28 16:01:15.293719324+00:00,TK101_VOLUME,48268.96066505931,BBL,Good,TK101,WTI
2025-08-28 16:01:15.293719324+00:00,TK102_LEVEL,70.65967444523065,PCT,Good,TK102,BRENT
2025-08-28 16:01:15.293719324+00:00,TK102_TEMP,91.21023329454448,DEGF,Good,TK102,BRENT
2025-08-28 16:01:15.293719324+00:00,TK102_VOLUME,33325.00540263276,BBL,Good,TK102,BRENT
2025-08-28 16:01:15.293719324+00:00,TK103_LEVEL,93.66948019296977,PCT,Good,TK103,MAYA
2025-08-28 16:01:15.293719324+00:00,TK103_TEMP,91.2447256564084,DEGF,Good,TK103,MAYA
2025-08-28 16:01:15.293719324+00:00,TK103_VOLUME,42688.01988336964,BBL,Good,TK103,MAYA
2025-08-28 16:01:15.293719324+00:00,TK104_LEVEL,91.3587942456392,PCT,Good,TK104,ARB
2025-08-28 16:01:15.293719324+00:00,TK104_TEMP,90.61345959737889,DEGF,Good,TK104,ARB
2025-08-28 16:01:15.293719324+00:00,TK104_VOLUME,50157.30835331189,BBL,Good,TK104,ARB
2025-08-28 16:01:15.293719324+00:00,TK105_LEVEL,73.77054590561707,PCT,Good,TK105,URALS
2025-08-28 16:01:15.293719324+00:00,TK105_TEMP,89.5870039436146,DEGF,Good,TK105,URALS
2025-08-28 16:01:15.293719324+00:00,TK105_VOLUME,37153.1383929662,BBL,Good,TK105,URALS
2025-08-28 16:01:15.293719324+00:00,VDU_FEED_RATE,21019.109163559875,BPD,Good,VDU001,BLEND_B
2025-08-28 17:19:05.563989594+00:00,CDU_FEED_RATE,49706.567982620225,BPD,Good,CDU001,BLEND_A
2025-08-28 17:19:05.563989594+00:00,CDU_FEED_TEMP,489.673807824543,DEGF,Good,CDU001,BLEND_A
2025-08-28 17:19:05.563989594+00:00,TK101_LEVEL,88.99321422008038,PCT,Good,TK101,WTI
2025-08-28 17:19:05.563989594+00:00,TK101_TEMP,90.85726580812013,DEGF,Good,TK101,WTI
2025-08-28 17:19:05.563989594+00:00,TK101_VOLUME,47994.31648171327,BBL,Good,TK101,WTI
2025-08-28 17:19:05.563989594+00:00,TK102_LEVEL,70.36708820369478,PCT,Good,TK102,BRENT
2025-08-28 17:19:05.563989594+00:00,TK102_TEMP,90.78842974857372,DEGF,Good,TK102,BRENT
2025-08-28 17:19:05.563989594+00:00,TK102_VOLUME,33187.013851490294,BBL,Good,TK102,BRENT
2025-08-28 17:19:05.563989594+00:00,TK103_LEVEL,92.50074601031768,PCT,Good,TK103,MAYA
2025-08-28 17:19:05.563989594+00:00,TK103_TEMP,90.77732752389903,DEGF,Good,TK103,MAYA
2025-08-28 17:19:05.563989594+00:00,TK103_VOLUME,42155.39230900236,BBL,Good,TK103,MAYA
2025-08-28 17:19:05.563989594+00:00,TK104_LEVEL,91.66169253574323,PCT,Good,TK104,ARB
2025-08-28 17:19:05.563989594+00:00,TK104_TEMP,90.53576236652378,DEGF,Good,TK104,ARB
2025-08-28 17:19:05.563989594+00:00,TK104_VOLUME,50323.60392520385,BBL,Good,TK104,ARB
2025-08-28 17:19:05.563989594+00:00,TK105_LEVEL,73.52282916039213,PCT,Good,TK105,URALS
2025-08-28 17:19:05.563989594+00:00,TK105_TEMP,91.18508265979074,DEGF,Good,TK105,URALS
2025-08-28 17:19:05.563989594+00:00,TK105_VOLUME,37028.380545445696,BBL,Good,TK105,URALS
2025-08-28 17:19:05.563989594+00:00,VDU_FEED_RATE,21137.037465653204,BPD,Good,VDU001,BLEND_B
2025-08-28 18:36:55.834259864+00:00,CDU_FEED_RATE,50088.037424375405,BPD,Good,CDU001,BLEND_A
2025-08-28 18:36:55.834259864+00:00,CDU_FEED_TEMP,489.98450503161916,DEGF,Good,CDU001,BLEND_A
2025-08-28 18:36:55.834259864+00:00,TK101_LEVEL,89.00304796808769,PCT,Good,TK101,WTI
2025-08-28 18:36:55.834259864+00:00,TK101_TEMP,90.1200967543632,DEGF,Good,TK101,WTI
2025-08-28 18:36:55.834259864+00:00,TK101_VOLUME,47999.61985251744,BBL,Good,TK101,WTI
2025-08-28 18:36:55.834259864+00:00,TK102_LEVEL,69.22756564780393,PCT,Good,TK102,BRENT
2025-08-28 18:36:55.834259864+00:00,TK102_TEMP,90.36169886431213,DEGF,Good,TK102,BRENT
2025-08-28 18:36:55.834259864+00:00,TK102_VOLUME,32649.584325673288,BBL,Good,TK102,BRENT
2025-08-28 18:36:55.834259864+00:00,TK103_LEVEL,92.32844462230115,PCT,Good,TK103,MAYA
2025-08-28 18:36:55.834259864+00:00,TK103_TEMP,90.74802693734958,DEGF,Good,TK103,MAYA
2025-08-28 18:36:55.834259864+00:00,TK103_VOLUME,42076.86934653444,BBL,Good,TK103,MAYA
2025-08-28 18:36:55.834259864+00:00,TK104_LEVEL,89.70977665518447,PCT,Good,TK104,ARB
2025-08-28 18:36:55.834259864+00:00,TK104_TEMP,90.84494502877949,DEGF,Good,TK104,ARB
2025-08-28 18:36:55.834259864+00:00,TK104_VOLUME,49251.973684138306,BBL,Good,TK104,ARB
2025-08-28 18:36:55.834259864+00:00,TK105_LEVEL,74.61050868017625,PCT,Good,TK105,URALS
2025-08-28 18:36:55.834259864+00:00,TK105_TEMP,90.49346879825666,DEGF,Good,TK105,URALS
2025-08-28 18:36:55.834259864+00:00,TK105_VOLUME,37576.16973731959,BBL,Good,TK105,URALS
2025-08-28 18:36:55.834259864+00:00,VDU_FEED_RATE,21016.4231197057,BPD,Good,VDU001,BLEND_B
2025-08-28 19:54:46.104530135+00:00,CDU_FEED_RATE,49828.93906959828,BPD,Good,CDU001,BLEND_A
2025-08-28 19:54:46.104530135+00:00,CDU_FEED_TEMP,488.4860633832196,DEGF,Good,CDU001,BLEND_A
2025-08-28 19:54:46.104530135+00:00,TK101_LEVEL,90.40680580995404,PCT,Good,TK101,WTI
2025-08-28 19:54:46.104530135+00:00,TK101_TEMP,91.14671381244186,DEGF,Good,TK101,WTI
2025-08-28 19:54:46.104530135+00:00,TK101_VOLUME,48756.670811027696,BBL,Good,TK101,WTI
2025-08-28 19:54:46.104530135+00:00,TK102_LEVEL,68.10231351117223,PCT,Good,TK102,BRENT
2025-08-28 19:54:46.104530135+00:00,TK102_TEMP,90.65891658532038,DEGF,Good,TK102,BRENT
2025-08-28 19:54:46.104530135+00:00,TK102_VOLUME,32118.885113895267,BBL,Good,TK102,BRENT
2025-08-28 19:54:46.104530135+00:00,TK103_LEVEL,91.86656901320876,PCT,Good,TK103,MAYA
2025-08-28 19:54:46.104530135+00:00,TK103_TEMP,91.47158485519891,DEGF,Good,TK103,MAYA
2025-08-28 19:54:46.104530135+00:00,TK103_VOLUME,41866.37863873974,BBL,Good,TK103,MAYA
2025-08-28 19:54:46.104530135+00:00,TK104_LEVEL,90.70735364651958,PCT,Good,TK104,ARB
2025-08-28 19:54:46.104530135+00:00,TK104_TEMP,89.92214586940742,DEGF,Good,TK104,ARB
2025-08-28 19:54:46.104530135+00:00,TK104_VOLUME,49799.657978504445,BBL,Good,TK104,ARB
2025-08-28 19:54:46.104530135+00:00,TK105_LEVEL,72.22325522443947,PCT,Good,TK105,URALS
2025-08-28 19:54:46.104530135+00:00,TK105_TEMP,91.53353438605885,DEGF,Good,TK105,URALS
2025-08-28 19:54:46.104530135+00:00,TK105_VOLUME,36373.87474368417,BBL,Good,TK105,URALS
2025-08-28 19:54:46.104530135+00:00,VDU_FEED_RATE,20789.943194760097,BPD,Good,VDU001,BLEND_B
2025-08-28 21:12:36.374800405+00:00,CDU_FEED_RATE,48573.15450091231,BPD,Good,CDU001,BLEND_A
2025-08-28 21:12:36.374800405+00:00,CDU_FEED_TEMP,489.1502886404058,DEGF,Good,CDU001,BLEND_A
2025-08-28 21:12:36.374800405+00:00,TK101_LEVEL,87.668034872145,PCT,Good,TK101,WTI
2025-08-28 21:12:36.374800405+00:00,TK101_TEMP,90.6110828615292,DEGF,Good,TK101,WTI
2025-08-28 21:12:36.374800405+00:00,TK101_VOLUME,47279.64314872683,BBL,Good,TK101,WTI
2025-08-28 21:12:36.374800405+00:00,TK102_LEVEL,69.51556522710757,PCT,Good,TK102,BRENT
2025-08-28 21:12:36.374800405+00:00,TK102_TEMP,91.05101997097573,DEGF,Good,TK102,BRENT
2025-08-28 21:12:36.374800405+00:00,TK102_VOLUME,32785.41268338373,BBL,Good,TK102,BRENT
2025-08-28 21:12:36.374800405+00:00,TK103_LEVEL,91.82304956653385,PCT,Good,TK103,MAYA
2025-08-28 21:12:36.374800405+00:00,TK103_TEMP,91.30458029611219,DEGF,Good,TK103,MAYA
2025-08-28 21:12:36.374800405+00:00,TK103_VOLUME,41846.545508448595,BBL,Good,TK103,MAYA
2025-08-28 21:12:36.374800405+00:00,TK104_LEVEL,91.22267698652323,PCT,Good,TK104,ARB
2025-08-28 21:12:36.374800405+00:00,TK104_TEMP,90.63444835101043,DEGF,Good,TK104,ARB
2025-08-28 21:12:36.374800405+00:00,TK104_VOLUME,50082.5779959986,BBL,Good,TK104,ARB
2025-08-28 21:12:36.374800405+00:00,TK105_LEVEL,72.68523935910348,PCT,Good,TK105,URALS
2025-08-28 21:12:36.374800405+00:00,TK105_TEMP,90.7752998514248,DEGF,Good,TK105,URALS
2025-08-28 21:12:36.374800405+00:00,TK105_VOLUME,36606.54430414108,BBL,Good,TK105,URALS
2025-08-28 21:12:36.374800405+00:00,VDU_FEED_RATE,20709.73375061207,BPD,Good,VDU001,BLEND_B
2025-08-28 22:30:26.645070675+00:00,CDU_FEED_RATE,49775.62506263847,BPD,Good,CDU001,BLEND_A
2025-08-28 22:30:26.645070675+00:00,CDU_FEED_TEMP,489.71908139337825,DEGF,Good,CDU001,BLEND_A
2025-08-28 22:30:26.645070675+00:00,TK101_LEVEL,89.11324805539935,PCT,Good,TK101,WTI
2025-08-28 22:30:26.645070675+00:00,TK101_TEMP,90.46312373080596,DEGF,Good,TK101,WTI
2025-08-28 22:30:26.645070675+00:00,TK101_VOLUME,48059.051101440185,BBL,Good,TK101,WTI
2025-08-28 22:30:26.645070675+00:00,TK102_LEVEL,68.2456971432417,PCT,Good,TK102,BRENT
2025-08-28 22:30:26.645070675+00:00,TK102_TEMP,91.12320267210602,DEGF,Good,TK102,BRENT
2025-08-28 22:30:26.645070675+00:00,TK102_VOLUME,32186.508696240922,BBL,Good,TK102,BRENT
2025-08-28 22:30:26.645070675+00:00,TK103_LEVEL,93.01409541613859,PCT,Good,TK103,MAYA
2025-08-28 22:30:26.645070675+00:00,TK103_TEMP,91.47034775309666,DEGF,Good,TK103,MAYA
2025-08-28 22:30:26.645070675+00:00,TK103_VOLUME,42389.34118538828,BBL,Good,TK103,MAYA
2025-08-28 22:30:26.645070675+00:00,TK104_LEVEL,91.25973668840462,PCT,Good,TK104,ARB
2025-08-28 22:30:26.645070675+00:00,TK104_TEMP,91.59606104065892,DEGF,Good,TK104,ARB
2025-08-28 22:30:26.645070675+00:00,TK104_VOLUME,50102.924311972834,BBL,Good,TK104,ARB
2025-08-28 22:30:26.645070675+00:00,TK105_LEVEL,73.15967709354997,PCT,Good,TK105,URALS
2025-08-28 22:30:26.645070675+00:00,TK105_TEMP,91.08001926306922,DEGF,Good,TK105,URALS
2025-08-28 22:30:26.645070675+00:00,TK105_VOLUME,36845.48588428458,BBL,Good,TK105,URALS
2025-08-28 22:30:26.645070675+00:00,VDU_FEED_RATE,20632.498201839415,BPD,Good,VDU001,BLEND_B
2025-08-28 23:48:16.915340945+00:00,CDU_FEED_RATE,50018.03269053371,BPD,Good,CDU001,BLEND_A
2025-08-28 23:48:16.915340945+00:00,CDU_FEED_TEMP,488.3512565215664,DEGF,Good,CDU001,BLEND_A
2025-08-28 23:48:16.915340945+00:00,TK101_LEVEL,86.06310322397022,PCT,Good,TK101,WTI
2025-08-28 23:48:16.915340945+00:00,TK101_TEMP,91.55062749130109,DEGF,Good,TK101,WTI
2025-08-28 23:48:16.915340945+00:00,TK101_VOLUME,46414.098532442615,BBL,Good,TK101,WTI
2025-08-28 23:48:16.915340945+00:00,TK102_LEVEL,68.75970188960186,PCT,Good,TK102,BRENT
2025-08-28 23:48:16.915340945+00:00,TK102_TEMP,91.1482819582469,DEGF,Good,TK102,BRENT
2025-08-28 23:48:16.915340945+00:00,TK102_VOLUME,32428.927177275793,BBL,Good,TK102,BRENT
2025-08-28 23:48:16.915340945+00:00,TK103_LEVEL,91.30867459831983,PCT,Good,TK103,MAYA
2025-08-28 23:48:16.915340945+00:00,TK103_TEMP,90.86142408693058,DEGF,Good,TK103,MAYA
2025-08-28 23:48:16.915340945+00:00,TK103_VOLUME,41612.129252210245,BBL,Good,TK103,MAYA
2025-08-28 23:48:16.915340945+00:00,TK104_LEVEL,89.32275501187735,PCT,Good,TK104,ARB
2025-08-28 23:48:16.915340945+00:00,TK104_TEMP,90.8792447455935,DEGF,Good,TK104,ARB
2025-08-28 23:48:16.915340945+00:00,TK104_VOLUME,49039.49316638358,BBL,Good,TK104,ARB
2025-08-28 23:48:16.915340945+00:00,TK105_LEVEL,72.6151700830614,PCT,Good,TK105,URALS
2025-08-28 23:48:16.915340945+00:00,TK105_TEMP,92.1506104430941,DEGF,Good,TK105,URALS
2025-08-28 23:48:16.915340945+00:00,TK105_VOLUME,36571.255240220955,BBL,Good,TK105,URALS
2025-08-28 23:48:16.915340945+00:00,VDU_FEED_RATE,20953.398839143192,BPD,Good,VDU001,BLEND_B
2025-08-29 01:06:07.185611216+00:00,CDU_FEED_RATE,48965.65239421789,BPD,Good,CDU001,BLEND_A
2025-08-29 01:06:07.185611216+00:00,CDU_FEED_TEMP,489.04384999888777,DEGF,Good,CDU001,BLEND_A
2025-08-29 01:06:07.185611216+00:00,TK101_LEVEL,87.00280890913305,PCT,Good,TK101,WTI
2025-08-29 01:06:07.185611216+00:00,TK101_TEMP,91.4030222337948,DEGF,Good,TK101,WTI
2025-08-29 01:06:07.185611216+00:00,TK101_VOLUME,46920.884723374395,BBL,Good,TK101,WTI
2025-08-29 01:06:07.185611216+00:00,TK102_LEVEL,66.8360675157532,PCT,Good,TK102,BRENT
2025-08-29 01:06:07.185611216+00:00,TK102_TEMP,91.26678371591433,DEGF,Good,TK102,BRENT
2025-08-29 01:06:07.185611216+00:00,TK102_VOLUME,31521.689401210388,BBL,Good,TK102,BRENT
2025-08-29 01:06:07.185611216+00:00,TK103_LEVEL,88.3490498880479,PCT,Good,TK103,MAYA
2025-08-29 01:06:07.185611216+00:00,TK103_TEMP,90.75956858225719,DEGF,Good,TK103,MAYA
2025-08-29 01:06:07.185611216+00:00,TK103_VOLUME,40263.3386085649,BBL,Good,TK103,MAYA
2025-08-29 01:06:07.185611216+00:00,TK104_LEVEL,90.67937789762897,PCT,Good,TK104,ARB
2025-08-29 01:06:07.185611216+00:00,TK104_TEMP,90.86776239155628,DEGF,Good,TK104,ARB
2025-08-29 01:06:07.185611216+00:00,TK104_VOLUME,49784.298884997275,BBL,Good,TK104,ARB
2025-08-29 01:06:07.185611216+00:00,TK105_LEVEL,71.23816087068793,PCT,Good,TK105,URALS
2025-08-29 01:06:07.185611216+00:00,TK105_TEMP,91.14353086855958,DEGF,Good,TK105,URALS
2025-08-29 01:06:07.185611216+00:00,TK105_VOLUME,35877.75062794446,BBL,Good,TK105,URALS
2025-08-29 01:06:07.185611216+00:00,VDU_FEED_RATE,20635.042859839188,BPD,Good,VDU001,BLEND_B
2025-08-29 02:23:57.455881486+00:00,CDU_FEED_RATE,49765.46446930087,BPD,Good,CDU001,BLEND_A
2025-08-29 02:23:57.455881486+00:00,CDU_FEED_TEMP,488.804222352332,DEGF,Good,CDU001,BLEND_A
2025-08-29 02:23:57.455881486+00:00,TK101_LEVEL,87.08372269515529,PCT,Good,TK101,WTI
2025-08-29 02:23:57.455881486+00:00,TK101_TEMP,91.06288896457148,DEGF,Good,TK101,WTI
2025-08-29 02:23:57.455881486+00:00,TK101_VOLUME,46964.521779167,BBL,Good,TK101,WTI
2025-08-29 02:23:57.455881486+00:00,TK102_LEVEL,67.25757459741787,PCT,Good,TK102,BRENT
2025-08-29 02:23:57.455881486+00:00,TK102_TEMP,91.26268981041538,DEGF,Good,TK102,BRENT
2025-08-29 02:23:57.455881486+00:00,TK102_VOLUME,31720.48349252213,BBL,Good,TK102,BRENT
2025-08-29 02:23:57.455881486+00:00,TK103_LEVEL,89.95932641210379,PCT,Good,TK103,MAYA
2025-08-29 02:23:57.455881486+00:00,TK103_TEMP,91.08601629364159,DEGF,Good,TK103,MAYA
2025-08-29 02:23:57.455881486+00:00,TK103_VOLUME,40997.19040463562,BBL,Good,TK103,MAYA
2025-08-29 02:23:57.455881486+00:00,TK104_LEVEL,87.69510680651945,PCT,Good,TK104,ARB
2025-08-29 02:23:57.455881486+00:00,TK104_TEMP,92.02464018352514,DEGF,Good,TK104,ARB
2025-08-29 02:23:57.455881486+00:00,TK104_VOLUME,48145.89060079644,BBL,Good,TK104,ARB
2025-08-29 02:23:57.455881486+00:00,TK105_LEVEL,70.69214334828742,PCT,Good,TK105,URALS
2025-08-29 02:23:57.455881486+00:00,TK105_TEMP,91.98930230760467,DEGF,Good,TK105,URALS
2025-08-29 02:23:57.455881486+00:00,TK105_VOLUME,35602.75924316217,BBL,Good,TK105,URALS
2025-08-29 02:23:57.455881486+00:00,VDU_FEED_RATE,20877.83750881616,BPD,Good,VDU001,BLEND_B
2025-08-29 03:41:47.726151756+00:00,CDU_FEED_RATE,48608.55859415024,BPD,Good,CDU001,BLEND_A
2025-08-29 03:41:47.726151756+00:00,CDU_FEED_TEMP,489.46028516379175,DEGF,Good,CDU001,BLEND_A
2025-08-29 03:41:47.726151756+00:00,TK101_LEVEL,87.0828768137698,PCT,Good,TK101,WTI
2025-08-29 03:41:47.726151756+00:00,TK101_TEMP,92.18232778734001,DEGF,Good,TK101,WTI
2025-08-29 03:41:47.726151756+00:00,TK101_VOLUME,46964.06559271192,BBL,Good,TK101,WTI
2025-08-29 03:41:47.726151756+00:00,TK102_LEVEL,67.7438610033912,PCT,Good,TK102,BRENT
2025-08-29 03:41:47.726151756+00:00,TK102_TEMP,90.73574899500947,DEGF,Good,TK102,BRENT
2025-08-29 03:41:47.726151756+00:00,TK102_VOLUME,31949.829257748508,BBL,Good,TK102,BRENT
2025-08-29 03:41:47.726151756+00:00,TK103_LEVEL,90.22983051728835,PCT,Good,TK103,MAYA
2025-08-29 03:41:47.726151756+00:00,TK103_TEMP,91.14632766998919,DEGF,Good,TK103,MAYA
2025-08-29 03:41:47.726151756+00:00,TK103_VOLUME,41120.467320412914,BBL,Good,TK103,MAYA
2025-08-29 03:41:47.726151756+00:00,TK104_LEVEL,87.53885578124937,PCT,Good,TK104,ARB
2025-08-29 03:41:47.726151756+00:00,TK104_TEMP,92.1268655633054,DEGF,Good,TK104,ARB
2025-08-29 03:41:47.726151756+00:00,TK104_VOLUME,48060.10651268862,BBL,Good,TK104,ARB
2025-08-29 03:41:47.726151756+00:00,TK105_LEVEL,68.81791861897938,PCT,Good,TK105,URALS
2025-08-29 03:41:47.726151756+00:00,TK105_TEMP,91.47626090561177,DEGF,Good,TK105,URALS
2025-08-29 03:41:47.726151756+00:00,TK105_VOLUME,34658.84145195332,BBL,Good,TK105,URALS
2025-08-29 03:41:47.726151756+00:00,VDU_FEED_RATE,20716.40775601112,BPD,Good,VDU001,BLEND_B
2025-08-29 04:59:37.996422027+00:00,CDU_FEED_RATE,49447.01584644814,BPD,Good,CDU001,BLEND_A
2025-08-29 04:59:37.996422027+00:00,CDU_FEED_TEMP,488.30996412381376,DEGF,Good,CDU001,BLEND_A
2025-08-29 04:59:37.996422027+00:00,TK101_LEVEL,86.77684505359494,PCT,Good,TK101,WTI
2025-08-29 04:59:37.996422027+00:00,TK101_TEMP,91.32244562232434,DEGF,Good,TK101,WTI
2025-08-29 04:59:37.996422027+00:00,TK101_VOLUME,46799.02171515329,BBL,Good,TK101,WTI
2025-08-29 04:59:37.996422027+00:00,TK102_LEVEL,67.53040749726388,PCT,Good,TK102,BRENT
2025-08-29 04:59:37.996422027+00:00,TK102_TEMP,91.28451646202879,DEGF,Good,TK102,BRENT
2025-08-29 04:59:37.996422027+00:00,TK102_VOLUME,31849.15883574681,BBL,Good,TK102,BRENT
2025-08-29 04:59:37.996422027+00:00,TK103_LEVEL,89.86001454711284,PCT,Good,TK103,MAYA
2025-08-29 04:59:37.996422027+00:00,TK103_TEMP,91.93587146743567,DEGF,Good,TK103,MAYA
2025-08-29 04:59:37.996422027+00:00,TK103_VOLUME,40951.9309790612,BBL,Good,TK103,MAYA
2025-08-29 04:59:37.996422027+00:00,TK104_LEVEL,89.06510943742259,PCT,Good,TK104,ARB
2025-08-29 04:59:37.996422027+00:00,TK104_TEMP,91.80126706918979,DEGF,Good,TK104,ARB
2025-08-29 04:59:37.996422027+00:00,TK104_VOLUME,48898.04199432622,BBL,Good,TK104,ARB
2025-08-29 04:59:37.996422027+00:00,TK105_LEVEL,69.06945308022668,PCT,Good,TK105,URALS
2025-08-29 04:59:37.996422027+00:00,TK105_TEMP,91.75048124825595,DEGF,Good,TK105,URALS
2025-08-29 04:59:37.996422027+00:00,TK105_VOLUME,34785.52201984931,BBL,Good,TK105,URALS
2025-08-29 04:59:37.996422027+00:00,VDU_FEED_RATE,20647.49591529164,BPD,Good,VDU001,BLEND_B
2025-08-29 06:17:28.266692297+00:00,CDU_FEED_RATE,49116.4639065476,BPD,Good,CDU001,BLEND_A
2025-08-29 06:17:28.266692297+00:00,CDU_FEED_TEMP,488.1514518269138,DEGF,Good,CDU001,BLEND_A
2025-08-29 06:17:28.266692297+00:00,TK101_LEVEL,86.42209259687614,PCT,Good,TK101,WTI
2025-08-29 06:17:28.266692297+00:00,TK101_TEMP,91.64402058662075,DEGF,Good,TK101,WTI
2025-08-29 06:17:28.266692297+00:00,TK101_VOLUME,46607.70261481917,BBL,Good,TK101,WTI
2025-08-29 06:17:28.266692297+00:00,TK102_LEVEL,67.14479674609608,PCT,Good,TK102,BRENT
2025-08-29 06:17:28.266692297+00:00,TK102_TEMP,92.08527877662871,DEGF,Good,TK102,BRENT
2025-08-29 06:17:28.266692297+00:00,TK102_VOLUME,31667.29442062074,BBL,Good,TK102,BRENT
2025-08-29 06:17:28.266692297+00:00,TK103_LEVEL,87.79383564539172,PCT,Good,TK103,MAYA
2025-08-29 06:17:28.266692297+00:00,TK103_TEMP,92.11595877478231,DEGF,Good,TK103,MAYA
2025-08-29 06:17:28.266692297+00:00,TK103_VOLUME,40010.31065771891,BBL,Good,TK103,MAYA
2025-08-29 06:17:28.266692297+00:00,TK104_LEVEL,89.5896956882221,PCT,Good,TK104,ARB
2025-08-29 06:17:28.266692297+00:00,TK104_TEMP,91.40040808261595,DEGF,Good,TK104,ARB
2025-08-29 06:17:28.266692297+00:00,TK104_VOLUME,49186.047484728304,BBL,Good,TK104,ARB
2025-08-29 06:17:28.266692297+00:00,TK105_LEVEL,70.00718418734073,PCT,Good,TK105,URALS
2025-08-29 06:17:28.266692297+00:00,TK105_TEMP,91.66294604434098,DEGF,Good,TK105,URALS
2025-08-29 06:17:28.266692297+00:00,TK105_VOLUME,35257.79253337611,BBL,Good,TK105,URALS
2025-08-29 06:17:28.266692297+00:00,VDU_FEED_RATE,20520.954492455294,BPD,Good,VDU001,BLEND_B
2025-08-29 07:35:18.536962567+00:00,CDU_FEED_RATE,48432.49284802355,BPD,Good,CDU001,BLEND_A
2025-08-29 07:35:18.536962567+00:00,CDU_FEED_TEMP,488.46745118025177,DEGF,Good,CDU001,BLEND_A
2025-08-29 07:35:18.536962567+00:00,TK101_LEVEL,84.83820579910751,PCT,Good,TK101,WTI
2025-08-29 07:35:18.536962567+00:00,TK101_TEMP,91.84676891724834,DEGF,Good,TK101,WTI
2025-08-29 07:35:18.536962567+00:00,TK101_VOLUME,45753.507551639144,BBL,Good,TK101,WTI
2025-08-29 07:35:18.536962567+00:00,TK102_LEVEL,64.96502131287677,PCT,Good,TK102,BRENT
2025-08-29 07:35:18.536962567+00:00,TK102_TEMP,91.02814504463348,DEGF,Good,TK102,BRENT
2025-08-29 07:35:18.536962567+00:00,TK102_VOLUME,30639.253622826454,BBL,Good,TK102,BRENT
2025-08-29 07:35:18.536962567+00:00,TK103_LEVEL,88.94357058331869,PCT,Good,TK103,MAYA
2025-08-29 07:35:18.536962567+00:00,TK103_TEMP,91.63474704864284,DEGF,Good,TK103,MAYA
2025-08-29 07:35:18.536962567+00:00,TK103_VOLUME,40534.27970067421,BBL,Good,TK103,MAYA
2025-08-29 07:35:18.536962567+00:00,TK104_LEVEL,87.97019195752229,PCT,Good,TK104,ARB
2025-08-29 07:35:18.536962567+00:00,TK104_TEMP,91.59257666085087,DEGF,Good,TK104,ARB
2025-08-29 07:35:18.536962567+00:00,TK104_VOLUME,48296.91635432345,BBL,Good,TK104,ARB
2025-08-29 07:35:18.536962567+00:00,TK105_LEVEL,69.1091282815035,PCT,Good,TK105,URALS
2025-08-29 07:35:18.536962567+00:00,TK105_TEMP,92.1362380065591,DEGF,Good,TK105,URALS
2025-08-29 07:35:18.536962567+00:00,TK105_VOLUME,34805.50368361106,BBL,Good,TK105,URALS
2025-08-29 07:35:18.536962567+00:00,VDU_FEED_RATE,20592.576940042632,BPD,Good,VDU001,BLEND_B
2025-08-29 08:53:08.807232837+00:00,CDU_FEED_RATE,49028.24310377887,BPD,Good,CDU001,BLEND_A
2025-08-29 08:53:08.807232837+00:00,CDU_FEED_TEMP,487.17024295991314,DEGF,Good,CDU001,BLEND_A
2025-08-29 08:53:08.807232837+00:00,TK101_LEVEL,84.27872906685711,PCT,Good,TK101,WTI
2025-08-29 08:53:08.807232837+00:00,TK101_TEMP,91.48596438724003,DEGF,Good,TK101,WTI
2025-08-29 08:53:08.807232837+00:00,TK101_VOLUME,45451.78001446562,BBL,Good,TK101,WTI
2025-08-29 08:53:08.807232837+00:00,TK102_LEVEL,66.69434601533509,PCT,Good,TK102,BRENT
2025-08-29 08:53:08.807232837+00:00,TK102_TEMP,91.7010195985347,DEGF,Good,TK102,BRENT
2025-08-29 08:53:08.807232837+00:00,TK102_VOLUME,31454.849724914347,BBL,Good,TK102,BRENT
2025-08-29 08:53:08.807232837+00:00,TK103_LEVEL,88.26051852584749,PCT,Good,TK103,MAYA
2025-08-29 08:53:08.807232837+00:00,TK103_TEMP,92.51125686371651,DEGF,Good,TK103,MAYA
2025-08-29 08:53:08.807232837+00:00,TK103_VOLUME,40222.99218471236,BBL,Good,TK103,MAYA
2025-08-29 08:53:08.807232837+00:00,TK104_LEVEL,86.9905675709703,PCT,Good,TK104,ARB
2025-08-29 08:53:08.807232837+00:00,TK104_TEMP,91.39372237351687,DEGF,Good,TK104,ARB
2025-08-29 08:53:08.807232837+00:00,TK104_VOLUME,47759.088301398406,BBL,Good,TK104,ARB
2025-08-29 08:53:08.807232837+00:00,TK105_LEVEL,68.8760875371777,PCT,Good,TK105,URALS
2025-08-29 08:53:08.807232837+00:00,TK105_TEMP,91.45303154787781,DEGF,Good,TK105,URALS
2025-08-29 08:53:08.807232837+00:00,TK105_VOLUME,34688.13712601212,BBL,Good,TK105,URALS
2025-08-29 08:53:08.807232837+00:00,VDU_FEED_RATE,20456.42047812986,BPD,Good,VDU001,BLEND_B
2025-08-29 10:10:59.077503108+00:00,CDU_FEED_RATE,49096.624103953785,BPD,Good,CDU001,BLEND_A
2025-08-29 10:10:59.077503108+00:00,CDU_FEED_TEMP,487.5073867300561,DEGF,Good,CDU001,BLEND_A
2025-08-29 10:10:59.077503108+00:00,TK101_LEVEL,85.15008533818113,PCT,Good,TK101,WTI
2025-08-29 10:10:59.077503108+00:00,TK101_TEMP,92.11397967915319,DEGF,Good,TK101,WTI
2025-08-29 10:10:59.077503108+00:00,TK101_VOLUME,45921.70515449742,BBL,Good,TK101,WTI
2025-08-29 10:10:59.077503108+00:00,TK102_LEVEL,64.59047718599999,PCT,Good,TK102,BRENT
2025-08-29 10:10:59.077503108+00:00,TK102_TEMP,91.46853456806781,DEGF,Good,TK102,BRENT
2025-08-29 10:10:59.077503108+00:00,TK102_VOLUME,30462.608525751064,BBL,Good,TK102,BRENT
2025-08-29 10:10:59.077503108+00:00,TK103_LEVEL,89.45632216066832,PCT,Good,TK103,MAYA
2025-08-29 10:10:59.077503108+00:00,TK103_TEMP,92.5626462293358,DEGF,Good,TK103,MAYA
2025-08-29 10:10:59.077503108+00:00,TK103_VOLUME,40767.95612851429,BBL,Good,TK103,MAYA
2025-08-29 10:10:59.077503108+00:00,TK104_LEVEL,84.38675480838441,PCT,Good,TK104,ARB
2025-08-29 10:10:59.077503108+00:00,TK104_TEMP,91.3810249729389,DEGF,Good,TK104,ARB
2025-08-29 10:10:59.077503108+00:00,TK104_VOLUME,46329.55717956507,BBL,Good,TK104,ARB
2025-08-29 10:10:59.077503108+00:00,TK105_LEVEL,69.39144266564783,PCT,Good,TK105,URALS
2025-08-29 10:10:59.077503108+00:00,TK105_TEMP,91.38638727094363,DEGF,Good,TK105,URALS
2025-08-29 10:10:59.077503108+00:00,TK105_VOLUME,34947.68597676989,BBL,Good,TK105,URALS
2025-08-29 10:10:59.077503108+00:00,VDU_FEED_RATE,20358.305421899287,BPD,Good,VDU001,BLEND_B
2025-08-29 11:28:49.347773378+00:00,CDU_FEED_RATE,48787.69829048432,BPD,Good,CDU001,BLEND_A
2025-08-29 11:28:49.347773378+00:00,CDU_FEED_TEMP,487.1655905736376,DEGF,Good,CDU001,BLEND_A
2025-08-29 11:28:49.347773378+00:00,TK101_LEVEL,83.64963286925061,PCT,Good,TK101,WTI
2025-08-29 11:28:49.347773378+00:00,TK101_TEMP,91.69341796603473,DEGF,Good,TK101,WTI
2025-08-29 11:28:49.347773378+00:00,TK101_VOLUME,45112.5064836692,BBL,Good,TK101,WTI
2025-08-29 11:28:49.347773378+00:00,TK102_LEVEL,65.57237453441738,PCT,Good,TK102,BRENT
2025-08-29 11:28:49.347773378+00:00,TK102_TEMP,92.01581935431614,DEGF,Good,TK102,BRENT
2025-08-29 11:28:49.347773378+00:00,TK102_VOLUME,30925.697758722315,BBL,Good,TK102,BRENT
2025-08-29 11:28:49.347773378+00:00,TK103_LEVEL,85.68263072465832,PCT,Good,TK103,MAYA
2025-08-29 11:28:49.347773378+00:00,TK103_TEMP,92.08184359781735,DEGF,Good,TK103,MAYA
2025-08-29 11:28:49.347773378+00:00,TK103_VOLUME,39048.17061542902,BBL,Good,TK103,MAYA
2025-08-29 11:28:49.347773378+00:00,TK104_LEVEL,84.10831923607138,PCT,Good,TK104,ARB
2025-08-29 11:28:49.347773378+00:00,TK104_TEMP,91.43793589546287,DEGF,Good,TK104,ARB
2025-08-29 11:28:49.347773378+00:00,TK104_VOLUME,46176.69199595192,BBL,Good,TK104,ARB
2025-08-29 11:28:49.347773378+00:00,TK105_LEVEL,66.71369368415974,PCT,Good,TK105,URALS
2025-08-29 11:28:49.347773378+00:00,TK105_TEMP,91.64085604442857,DEGF,Good,TK105,URALS
2025-08-29 11:28:49.347773378+00:00,TK105_VOLUME,33599.08841293817,BBL,Good,TK105,URALS
2025-08-29 11:28:49.347773378+00:00,VDU_FEED_RATE,20435.363868095486,BPD,Good,VDU001,BLEND_B
2025-08-29 12:46:39.618043648+00:00,CDU_FEED_RATE,48726.48207041933,BPD,Good,CDU001,BLEND_A
2025-08-29 12:46:39.618043648+00:00,CDU_FEED_TEMP,487.09109441595626,DEGF,Good,CDU001,BLEND_A
2025-08-29 12:46:39.618043648+00:00,TK101_LEVEL,82.1128027908236,PCT,Good,TK101,WTI
2025-08-29 12:46:39.618043648+00:00,TK101_TEMP,91.83516553943568,DEGF,Good,TK101,WTI
2025-08-29 12:46:39.618043648+00:00,TK101_VOLUME,44283.689255197874,BBL,Good,TK101,WTI
2025-08-29 12:46:39.618043648+00:00,TK102_LEVEL,64.47642986322117,PCT,Good,TK102,BRENT
2025-08-29 12:46:39.618043648+00:00,TK102_TEMP,91.84666811001038,DEGF,Good,TK102,BRENT
2025-08-29 12:46:39.618043648+00:00,TK102_VOLUME,30408.820736922433,BBL,Good,TK102,BRENT
2025-08-29 12:46:39.618043648+00:00,TK103_LEVEL,85.4727838045357,PCT,Good,TK103,MAYA
2025-08-29 12:46:39.618043648+00:00,TK103_TEMP,91.63003881477226,DEGF,Good,TK103,MAYA
2025-08-29 12:46:39.618043648+00:00,TK103_VOLUME,38952.53701652142,BBL,Good,TK103,MAYA
2025-08-29 12:46:39.618043648+00:00,TK104_LEVEL,85.80772774904001,PCT,Good,TK104,ARB
2025-08-29 12:46:39.618043648+00:00,TK104_TEMP,91.73195749715119,DEGF,Good,TK104,ARB
2025-08-29 12:46:39.618043648+00:00,TK104_VOLUME,47109.6920153483,BBL,Good,TK104,ARB
2025-08-29 12:46:39.618043648+00:00,TK105_LEVEL,67.21238841101865,PCT,Good,TK105,URALS
2025-08-29 12:46:39.618043648+00:00,TK105_TEMP,92.09083988870583,DEGF,Good,TK105,URALS
2025-08-29 12:46:39.618043648+00:00,TK105_VOLUME,33850.246567935916,BBL,Good,TK105,URALS
2025-08-29 12:46:39.618043648+00:00,VDU_FEED_RATE,20272.141066924574,BPD,Good,VDU001,BLEND_B
2025-08-29 14:04:29.888313918+00:00,CDU_FEED_RATE,48356.77531680296,BPD,Good,CDU001,BLEND_A
2025-08-29 14:04:29.888313918+00:00,CDU_FEED_TEMP,487.3435919142569,DEGF,Good,CDU001,BLEND_A
2025-08-29 14:04:29.888313918+00:00,TK101_LEVEL,81.80240566184423,PCT,Good,TK101,WTI
2025-08-29 14:04:29.888313918+00:00,TK101_TEMP,92.80224417421192,DEGF,Good,TK101,WTI
2025-08-29 14:04:29.888313918+00:00,TK101_VOLUME,44116.291120701804,BBL,Good,TK101,WTI
2025-08-29 14:04:29.888313918+00:00,TK102_LEVEL,62.65788480244761,PCT,Good,TK102,BRENT
2025-08-29 14:04:29.888313918+00:00,TK102_TEMP,92.85961968679759,DEGF,Good,TK102,BRENT
2025-08-29 14:04:29.888313918+00:00,TK102_VOLUME,29551.145911061405,BBL,Good,TK102,BRENT
2025-08-29 14:04:29.888313918+00:00,TK103_LEVEL,85.22126909416237,PCT,Good,TK103,MAYA
2025-08-29 14:04:29.888313918+00:00,TK103_TEMP,92.90861117902801,DEGF,Good,TK103,MAYA
2025-08-29 14:04:29.888313918+00:00,TK103_VOLUME,38837.91414325194,BBL,Good,TK103,MAYA
2025-08-29 14:04:29.888313918+00:00,TK104_LEVEL,84.86745930425917,PCT,Good,TK104,ARB
2025-08-29 14:04:29.888313918+00:00,TK104_TEMP,91.60356235896788,DEGF,Good,TK104,ARB
2025-08-29 14:04:29.888313918+00:00,TK104_VOLUME,46593.47094753344,BBL,Good,TK104,ARB
2025-08-29 14:04:29.888313918+00:00,TK105_LEVEL,67.1844834383487,PCT,Good,TK105,URALS
2025-08-29 14:04:29.888313918+00:00,TK105_TEMP,92.01051346153508,DEGF,Good,TK105,URALS
2025-08-29 14:04:29.888313918+00:00,TK105_VOLUME,33836.1927569097,BBL,Good,TK105,URALS
2025-08-29 14:04:29.888313918+00:00,VDU_FEED_RATE,20130.05532510151,BPD,Good,VDU001,BLEND_B
2025-08-29 15:22:20.158584189+00:00,CDU_FEED_RATE,47869.77572810328,BPD,Good,CDU001,BLEND_A
2025-08-29 15:22:20.158584189+00:00,CDU_FEED_TEMP,486.9473270763582,DEGF,Good,CDU001,BLEND_A
2025-08-29 15:22:20.158584189+00:00,TK101_LEVEL,81.5640245658576,PCT,Good,TK101,WTI
2025-08-29 15:22:20.158584189+00:00,TK101_TEMP,91.6796553293941,DEGF,Good,TK101,WTI
2025-08-29 15:22:20.158584189+00:00,TK101_VOLUME,43987.7314561891,BBL,Good,TK101,WTI
2025-08-29 15:22:20.158584189+00:00,TK102_LEVEL,63.26585857295588,PCT,Good,TK102,BRENT
2025-08-29 15:22:20.158584189+00:00,TK102_TEMP,92.45323993274543,DEGF,Good,TK102,BRENT
2025-08-29 15:22:20.158584189+00:00,TK102_VOLUME,29837.88271456241,BBL,Good,TK102,BRENT
2025-08-29 15:22:20.158584189+00:00,TK103_LEVEL,84.58494996859504,PCT,Good,TK103,MAYA
2025-08-29 15:22:20.158584189+00:00,TK103_TEMP,92.16943968013611,DEGF,Good,TK103,MAYA
2025-08-29 15:22:20.158584189+00:00,TK103_VOLUME,38547.924240154076,BBL,Good,TK103,MAYA
2025-08-29 15:22:20.158584189+00:00,TK104_LEVEL,83.66747076768972,PCT,Good,TK104,ARB
2025-08-29 15:22:20.158584189+00:00,TK104_TEMP,91.41809579637874,DEGF,Good,TK104,ARB
2025-08-29 15:22:20.158584189+00:00,TK104_VOLUME,45934.65976743705,BBL,Good,TK104,ARB
2025-08-29 15:22:20.158584189+00:00,TK105_LEVEL,65.83939651337448,PCT,Good,TK105,URALS
2025-08-29 15:22:20.158584189+00:00,TK105_TEMP,92.5550857938859,DEGF,Good,TK105,URALS
2025-08-29 15:22:20.158584189+00:00,TK105_VOLUME,33158.765200143695,BBL,Good,TK105,URALS
2025-08-29 15:22:20.158584189+00:00,VDU_FEED_RATE,20242.53993038685,BPD,Good,VDU001,BLEND_B
2025-08-29 16:40:10.428854459+00:00,CDU_FEED_RATE,48379.67131140668,BPD,Good,CDU001,BLEND_A
2025-08-29 16:40:10.428854459+00:00,CDU_FEED_TEMP,486.0390694573805,DEGF,Good,CDU001,BLEND_A
2025-08-29 16:40:10.428854459+00:00,TK101_LEVEL,82.52992896929892,PCT,Good,TK101,WTI
2025-08-29 16:40:10.428854459+00:00,TK101_TEMP,91.07166091080306,DEGF,Good,TK101,WTI
2025-08-29 16:40:10.428854459+00:00,TK101_VOLUME,44508.64669715568,BBL,Good,TK101,WTI
2025-08-29 16:40:10.428854459+00:00,TK102_LEVEL,63.49671139298679,PCT,Good,TK102,BRENT
2025-08-29 16:40:10.428854459+00:00,TK102_TEMP,91.6221494933792,DEGF,Good,TK102,BRENT
2025-08-29 16:40:10.428854459+00:00,TK102_VOLUME,29946.75912158161,BBL,Good,TK102,BRENT
2025-08-29 16:40:10.428854459+00:00,TK103_LEVEL,83.73444274225616,PCT,Good,TK103,MAYA
2025-08-29 16:40:10.428854459+00:00,TK103_TEMP,92.34113367448329,DEGF,Good,TK103,MAYA
2025-08-29 16:40:10.428854459+00:00,TK103_VOLUME,38160.322330608855,BBL,Good,TK103,MAYA
2025-08-29 16:40:10.428854459+00:00,TK104_LEVEL,84.38812990405785,PCT,Good,TK104,ARB
2025-08-29 16:40:10.428854459+00:00,TK104_TEMP,92.38775241114476,DEGF,Good,TK104,ARB
2025-08-29 16:40:10.428854459+00:00,TK104_VOLUME,46330.31212711312,BBL,Good,TK104,ARB
2025-08-29 16:40:10.428854459+00:00,TK105_LEVEL,67.52432493826237,PCT,Good,TK105,URALS
2025-08-29 16:40:10.428854459+00:00,TK105_TEMP,92.93041692617857,DEGF,Good,TK105,URALS
2025-08-29 16:40:10.428854459+00:00,TK105_VOLUME,34007.34749248831,BBL,Good,TK105,URALS
2025-08-29 16:40:10.428854459+00:00,VDU_FEED_RATE,20095.354445957637,BPD,Good,VDU001,BLEND_B
2025-08-29 17:58:00.699124729+00:00,CDU_FEED_RATE,48512.02735680545,BPD,Good,CDU001,BLEND_A
2025-08-29 17:58:00.699124729+00:00,CDU_FEED_TEMP,486.21752735555134,DEGF,Good,CDU001,BLEND_A
2025-08-29 17:58:00.699124729+00:00,TK101_LEVEL,81.72691682449333,PCT,Good,TK101,WTI
2025-08-29 17:58:00.699124729+00:00,TK101_TEMP,93.16068950364063,DEGF,Good,TK101,WTI
2025-08-29 17:58:00.699124729+00:00,TK101_VOLUME,44075.57975655559,BBL,Good,TK101,WTI
2025-08-29 17:58:00.699124729+00:00,TK102_LEVEL,63.29603589457522,PCT,Good,TK102,BRENT
2025-08-29 17:58:00.699124729+00:00,TK102_TEMP,92.69083501194153,DEGF,Good,TK102,BRENT
2025-08-29 17:58:00.699124729+00:00,TK102_VOLUME,29852.115152142927,BBL,Good,TK102,BRENT
2025-08-29 17:58:00.699124729+00:00,TK103_LEVEL,81.41351084952363,PCT,Good,TK103,MAYA
2025-08-29 17:58:00.699124729+00:00,TK103_TEMP,92.1854184933314,DEGF,Good,TK103,MAYA
2025-08-29 17:58:00.699124729+00:00,TK103_VOLUME,37102.603353405124,BBL,Good,TK103,MAYA
2025-08-29 17:58:00.699124729+00:00,TK104_LEVEL,83.98945155391321,PCT,Good,TK104,ARB
2025-08-29 17:58:00.699124729+00:00,TK104_TEMP,92.4725187965814,DEGF,Good,TK104,ARB
2025-08-29 17:58:00.699124729+00:00,TK104_VOLUME,46111.43190756656,BBL,Good,TK104,ARB
2025-08-29 17:58:00.699124729+00:00,TK105_LEVEL,66.55315748912571,PCT,Good,TK105,URALS
2025-08-29 17:58:00.699124729+00:00,TK105_TEMP,91.86730183751718,DEGF,Good,TK105,URALS
2025-08-29 17:58:00.699124729+00:00,TK105_VOLUME,33518.237398512836,BBL,Good,TK105,URALS
2025-08-29 17:58:00.699124729+00:00,VDU_FEED_RATE,20098.408189941663,BPD,Good,VDU001,BLEND_B
2025-08-29 19:15:50.969395+00:00,CDU_FEED_RATE,48221.32147501923,BPD,Good,CDU001,BLEND_A
2025-08-29 19:15:50.969395+00:00,CDU_FEED_TEMP,486.623073329975,DEGF,Good,CDU001,BLEND_A
2025-08-29 19:15:50.969395+00:00,TK101_LEVEL,81.83004990256907,PCT,Good,TK101,WTI
2025-08-29 19:15:50.969395+00:00,TK101_TEMP,93.70611223107744,DEGF,Good,TK101,WTI
2025-08-29 19:15:50.969395+00:00,TK101_VOLUME,44131.19974547586,BBL,Good,TK101,WTI
2025-08-29 19:15:50.969395+00:00,TK102_LEVEL,62.097156076734734,PCT,Good,TK102,BRENT
2025-08-29 19:15:50.969395+00:00,TK102_TEMP,92.0441223266429,DEGF,Good,TK102,BRENT
2025-08-29 19:15:50.969395+00:00,TK102_VOLUME,29286.691143041255,BBL,Good,TK102,BRENT
2025-08-29 19:15:50.969395+00:00,TK103_LEVEL,83.29656034155278,PCT,Good,TK103,MAYA
2025-08-29 19:15:50.969395+00:00,TK103_TEMP,91.98655309162534,DEGF,Good,TK103,MAYA
2025-08-29 19:15:50.969395+00:00,TK103_VOLUME,37960.76605476217,BBL,Good,TK103,MAYA
2025-08-29 19:15:50.969395+00:00,TK104_LEVEL,84.3738095150242,PCT,Good,TK104,ARB
2025-08-29 19:15:50.969395+00:00,TK104_TEMP,93.2818446339881,DEGF,Good,TK104,ARB
2025-08-29 19:15:50.969395+00:00,TK104_VOLUME,46322.45002500865,BBL,Good,TK104,ARB
2025-08-29 19:15:50.969395+00:00,TK105_LEVEL,65.48977747467984,PCT,Good,TK105,URALS
2025-08-29 19:15:50.969395+00:00,TK105_TEMP,92.06447385896698,DEGF,Good,TK105,URALS
2025-08-29 19:15:50.969395+00:00,TK105_VOLUME,32982.68619232319,BBL,Good,TK105,URALS
2025-08-29 19:15:50.969395+00:00,VDU_FEED_RATE,19912.73064843691,BPD,Good,VDU001,BLEND_B
2025-08-29 20:33:41.239665270+00:00,CDU_FEED_RATE,47302.904973287645,BPD,Good,CDU001,BLEND_A
2025-08-29 20:33:41.239665270+00:00,CDU_FEED_TEMP,485.1840650119773,DEGF,Good,CDU001,BLEND_A
2025-08-29 20:33:41.239665270+00:00,TK101_LEVEL,80.2716481964911,PCT,Good,TK101,WTI
2025-08-29 20:33:41.239665270+00:00,TK101_TEMP,92.30408841980258,DEGF,Good,TK101,WTI
2025-08-29 20:33:41.239665270+00:00,TK101_VOLUME,43290.74887129818,BBL,Good,TK101,WTI
2025-08-29 20:33:41.239665270+00:00,TK102_LEVEL,63.32925915910655,PCT,Good,TK102,BRENT
2025-08-29 20:33:41.239665270+00:00,TK102_TEMP,92.21822486683848,DEGF,Good,TK102,BRENT
2025-08-29 20:33:41.239665270+00:00,TK102_VOLUME,29867.78413843097,BBL,Good,TK102,BRENT
2025-08-29 20:33:41.239665270+00:00,TK103_LEVEL,83.65995416930215,PCT,Good,TK103,MAYA
2025-08-29 20:33:41.239665270+00:00,TK103_TEMP,91.77240333736961,DEGF,Good,TK103,MAYA
2025-08-29 20:33:41.239665270+00:00,TK103_VOLUME,38126.37563124857,BBL,Good,TK103,MAYA
2025-08-29 20:33:41.239665270+00:00,TK104_LEVEL,83.12533222382298,PCT,Good,TK104,ARB
2025-08-29 20:33:41.239665270+00:00,TK104_TEMP,92.1725538683499,DEGF,Good,TK104,ARB
2025-08-29 20:33:41.239665270+00:00,TK104_VOLUME,45637.01781255499,BBL,Good,TK104,ARB
2025-08-29 20:33:41.239665270+00:00,TK105_LEVEL,66.55321222124601,PCT,Good,TK105,URALS
2025-08-29 20:33:41.239665270+00:00,TK105_TEMP,91.78860334337082,DEGF,Good,TK105,URALS
2025-08-29 20:33:41.239665270+00:00,TK105_VOLUME,33518.26496330872,BBL,Good,TK105,URALS
2025-08-29 20:33:41.239665270+00:00,VDU_FEED_RATE,19748.796802258872,BPD,Good,VDU001,BLEND_B
2025-08-29 21:51:31.509935540+00:00,CDU_FEED_RATE,47278.868663776935,BPD,Good,CDU001,BLEND_A
2025-08-29 21:51:31.509935540+00:00,CDU_FEED_TEMP,485.38776792135786,DEGF,Good,CDU001,BLEND_A
2025-08-29 21:51:31.509935540+00:00,TK101_LEVEL,80.42194315969356,PCT,Good,TK101,WTI
2025-08-29 21:51:31.509935540+00:00,TK101_TEMP,91.61261673149691,DEGF,Good,TK101,WTI
2025-08-29 21:51:31.509935540+00:00,TK101_VOLUME,43371.80341116127,BBL,Good,TK101,WTI
2025-08-29 21:51:31.509935540+00:00,TK102_LEVEL,62.369493665281254,PCT,Good,TK102,BRENT
2025-08-29 21:51:31.509935540+00:00,TK102_TEMP,92.73794526186057,DEGF,Good,TK102,BRENT
2025-08-29 21:51:31.509935540+00:00,TK102_VOLUME,29415.132884117877,BBL,Good,TK102,BRENT
2025-08-29 21:51:31.509935540+00:00,TK103_LEVEL,82.36187688988554,PCT,Good,TK103,MAYA
2025-08-29 21:51:31.509935540+00:00,TK103_TEMP,92.89746991358565,DEGF,Good,TK103,MAYA
2025-08-29 21:51:31.509935540+00:00,TK103_VOLUME,37534.80248917785,BBL,Good,TK103,MAYA
2025-08-29 21:51:31.509935540+00:00,TK104_LEVEL,83.78162693493385,PCT,Good,TK104,ARB
2025-08-29 21:51:31.509935540+00:00,TK104_TEMP,92.72908604661865,DEGF,Good,TK104,ARB
2025-08-29 21:51:31.509935540+00:00,TK104_VOLUME,45997.333165528325,BBL,Good,TK104,ARB
2025-08-29 21:51:31.509935540+00:00,TK105_LEVEL,62.824587788096494,PCT,Good,TK105,URALS
2025-08-29 21:51:31.509935540+00:00,TK105_TEMP,93.59622224718656,DEGF,Good,TK105,URALS
2025-08-29 21:51:31.509935540+00:00,TK105_VOLUME,31640.413879524738,BBL,Good,TK105,URALS
2025-08-29 21:51:31.509935540+00:00,VDU_FEED_RATE,20045.68037810412,BPD,Good,VDU001,BLEND_B
2025-08-29 23:09:21.780205810+00:00,CDU_FEED_RATE,47300.753436314866,BPD,Good,CDU001,BLEND_A
2025-08-29 23:09:21.780205810+00:00,CDU_FEED_TEMP,484.9279104050591,DEGF,Good,CDU001,BLEND_A
2025-08-29 23:09:21.780205810+00:00,TK101_LEVEL,80.45955572447008,PCT,Good,TK101,WTI
2025-08-29 23:09:21.780205810+00:00,TK101_TEMP,92.49913484023496,DEGF,Good,TK101,WTI
2025-08-29 23:09:21.780205810+00:00,TK101_VOLUME,43392.087984017686,BBL,Good,TK101,WTI
2025-08-29 23:09:21.780205810+00:00,TK102_LEVEL,60.67589063978084,PCT,Good,TK102,BRENT
2025-08-29 23:09:21.780205810+00:00,TK102_TEMP,92.40850311846786,DEGF,Good,TK102,BRENT
2025-08-29 23:09:21.780205810+00:00,TK102_VOLUME,28616.384086903086,BBL,Good,TK102,BRENT
2025-08-29 23:09:21.780205810+00:00,TK103_LEVEL,84.36104178080646,PCT,Good,TK103,MAYA
2025-08-29 23:09:21.780205810+00:00,TK103_TEMP,92.26267630138462,DEGF,Good,TK103,MAYA
2025-08-29 23:09:21.780205810+00:00,TK103_VOLUME,38445.882495578604,BBL,Good,TK103,MAYA
2025-08-29 23:09:21.780205810+00:00,TK104_LEVEL,82.13178845803418,PCT,Good,TK104,ARB
2025-08-29 23:09:21.780205810+00:00,TK104_TEMP,92.81073311797033,DEGF,Good,TK104,ARB
2025-08-29 23:09:21.780205810+00:00,TK104_VOLUME,45091.54781774321,BBL,Good,TK104,ARB
2025-08-29 23:09:21.780205810+00:00,TK105_LEVEL,63.88631864848684,PCT,Good,TK105,URALS
2025-08-29 23:09:21.780205810+00:00,TK105_TEMP,92.80671157789384,DEGF,Good,TK105,URALS
2025-08-29 23:09:21.780205810+00:00,TK105_VOLUME,32175.13452050568,BBL,Good,TK105,URALS
2025-08-29 23:09:21.780205810+00:00,VDU_FEED_RATE,19949.449112227547,BPD,Good,VDU001,BLEND_B
2025-08-30 00:27:12.050476081+00:00,CDU_FEED_RATE,46965.757027438995,BPD,Good,CDU001,BLEND_A
2025-08-30 00:27:12.050476081+00:00,CDU_FEED_TEMP,484.6964992725997,DEGF,Good,CDU001,BLEND_A
2025-08-30 00:27:12.050476081+00:00,TK101_LEVEL,79.1021203700864,PCT,Good,TK101,WTI
2025-08-30 00:27:12.050476081+00:00,TK101_TEMP,92.58362540743232,DEGF,Good,TK101,WTI
2025-08-30 00:27:12.050476081+00:00,TK101_VOLUME,42660.01888669704,BBL,Good,TK101,WTI
2025-08-30 00:27:12.050476081+00:00,TK102_LEVEL,61.26016814762144,PCT,Good,TK102,BRENT
2025-08-30 00:27:12.050476081+00:00,TK102_TEMP,93.17316479051414,DEGF,Good,TK102,BRENT
2025-08-30 00:27:12.050476081+00:00,TK102_VOLUME,28891.94509476645,BBL,Good,TK102,BRENT
2025-08-30 00:27:12.050476081+00:00,TK103_LEVEL,82.0165379892971,PCT,Good,TK103,MAYA
2025-08-30 00:27:12.050476081+00:00,TK103_TEMP,94.25650249685107,DEGF,Good,TK103,MAYA
2025-08-30 00:27:12.050476081+00:00,TK103_VOLUME,37377.421089980904,BBL,Good,TK103,MAYA
2025-08-30 00:27:12.050476081+00:00,TK104_LEVEL,81.58596101298193,PCT,Good,TK104,ARB
2025-08-30 00:27:12.050476081+00:00,TK104_TEMP,92.5998181017899,DEGF,Good,TK104,ARB
2025-08-30 00:27:12.050476081+00:00,TK104_VOLUME,44791.88060239472,BBL,Good,TK104,ARB
2025-08-30 00:27:12.050476081+00:00,TK105_LEVEL,63.837883477830495,PCT,Good,TK105,URALS
2025-08-30 00:27:12.050476081+00:00,TK105_TEMP,92.96663804237845,DEGF,Good,TK105,URALS
2025-08-30 00:27:12.050476081+00:00,TK105_VOLUME,32150.74106406055,BBL,Good,TK105,URALS
2025-08-30 00:27:12.050476081+00:00,VDU_FEED_RATE,19792.47356528726,BPD,Good,VDU001,BLEND_B
2025-08-30 01:45:02.320746351+00:00,CDU_FEED_RATE,47224.07728400661,BPD,Good,CDU001,BLEND_A
2025-08-30 01:45:02.320746351+00:00,CDU_FEED_TEMP,483.61073079711053,DEGF,Good,CDU001,BLEND_A
2025-08-30 01:45:02.320746351+00:00,TK101_LEVEL,79.45354969683504,PCT,Good,TK101,WTI
2025-08-30 01:45:02.320746351+00:00,TK101_TEMP,92.70314471933533,DEGF,Good,TK101,WTI
2025-08-30 01:45:02.320746351+00:00,TK101_VOLUME,42849.54581273006,BBL,Good,TK101,WTI
2025-08-30 01:45:02.320746351+00:00,TK102_LEVEL,62.02914737014368,PCT,Good,TK102,BRENT
2025-08-30 01:45:02.320746351+00:00,TK102_TEMP,92.41085160908976,DEGF,Good,TK102,BRENT
2025-08-30 01:45:02.320746351+00:00,TK102_VOLUME,29254.616405471814,BBL,Good,TK102,BRENT
2025-08-30 01:45:02.320746351+00:00,TK103_LEVEL,82.87949878123638,PCT,Good,TK103,MAYA
2025-08-30 01:45:02.320746351+00:00,TK103_TEMP,92.25506984854022,DEGF,Good,TK103,MAYA
2025-08-30 01:45:02.320746351+00:00,TK103_VOLUME,37770.69846665665,BBL,Good,TK103,MAYA
2025-08-30 01:45:02.320746351+00:00,TK104_LEVEL,82.35091574350744,PCT,Good,TK104,ARB
2025-08-30 01:45:02.320746351+00:00,TK104_TEMP,93.17027343422129,DEGF,Good,TK104,ARB
2025-08-30 01:45:02.320746351+00:00,TK104_VOLUME,45211.8518882693,BBL,Good,TK104,ARB
2025-08-30 01:45:02.320746351+00:00,TK105_LEVEL,62.142299011573506,PCT,Good,TK105,URALS
2025-08-30 01:45:02.320746351+00:00,TK105_TEMP,92.12800244733093,DEGF,Good,TK105,URALS
2025-08-30 01:45:02.320746351+00:00,TK105_VOLUME,31296.792058282444,BBL,Good,TK105,URALS
2025-08-30 01:45:02.320746351+00:00,VDU_FEED_RATE,19558.03856638702,BPD,Good,VDU001,BLEND_B
2025-08-30 03:02:52.591016621+00:00,CDU_FEED_RATE,47157.860192515094,BPD,Good,CDU001,BLEND_A
2025-08-30 03:02:52.591016621+00:00,CDU_FEED_TEMP,484.82439390959604,DEGF,Good,CDU001,BLEND_A
2025-08-30 03:02:52.591016621+00:00,TK101_LEVEL,77.92881228593924,PCT,Good,TK101,WTI
2025-08-30 03:02:52.591016621+00:00,TK101_TEMP,92.31178293275498,DEGF,Good,TK101,WTI
2025-08-30 03:02:52.591016621+00:00,TK101_VOLUME,42027.25019736921,BBL,Good,TK101,WTI
2025-08-30 03:02:52.591016621+00:00,TK102_LEVEL,61.64980225346678,PCT,Good,TK102,BRENT
2025-08-30 03:02:52.591016621+00:00,TK102_TEMP,92.55900367742022,DEGF,Good,TK102,BRENT
2025-08-30 03:02:52.591016621+00:00,TK102_VOLUME,29075.70703231133,BBL,Good,TK102,BRENT
2025-08-30 03:02:52.591016621+00:00,TK103_LEVEL,81.44385390651047,PCT,Good,TK103,MAYA
2025-08-30 03:02:52.591016621+00:00,TK103_TEMP,92.23978571622521,DEGF,Good,TK103,MAYA
2025-08-30 03:02:52.591016621+00:00,TK103_VOLUME,37116.431603730714,BBL,Good,TK103,MAYA
2025-08-30 03:02:52.591016621+00:00,TK104_LEVEL,79.9021264449471,PCT,Good,TK104,ARB
2025-08-30 03:02:52.591016621+00:00,TK104_TEMP,93.25609154714125,DEGF,Good,TK104,ARB
2025-08-30 03:02:52.591016621+00:00,TK104_VOLUME,43867.43090554553,BBL,Good,TK104,ARB
2025-08-30 03:02:52.591016621+00:00,TK105_LEVEL,62.951532367913416,PCT,Good,TK105,URALS
2025-08-30 03:02:52.591016621+00:00,TK105_TEMP,92.86789195921246,DEGF,Good,TK105,URALS
2025-08-30 03:02:52.591016621+00:00,TK105_VOLUME,31704.347113097512,BBL,Good,TK105,URALS
2025-08-30 03:02:52.591016621+00:00,VDU_FEED_RATE,19492.21337396485,BPD,Good,VDU001,BLEND_B
2025-08-30 04:20:42.861286891+00:00,CDU_FEED_RATE,46546.043952625536,BPD,Good,CDU001,BLEND_A
2025-08-30 04:20:42.861286891+00:00,CDU_FEED_TEMP,483.4200385964282,DEGF,Good,CDU001,BLEND_A
2025-08-30 04:20:42.861286891+00:00,TK101_LEVEL,77.83113686658544,PCT,Good,TK101,WTI
2025-08-30 04:20:42.861286891+00:00,TK101_TEMP,93.22761937619438,DEGF,Good,TK101,WTI
2025-08-30 04:20:42.861286891+00:00,TK101_VOLUME,41974.57354072708,BBL,Good,TK101,WTI
2025-08-30 04:20:42.861286891+00:00,TK102_LEVEL,58.064770258005865,PCT,Good,TK102,BRENT
2025-08-30 04:20:42.861286891+00:00,TK102_TEMP,92.60965335818209,DEGF,Good,TK102,BRENT
2025-08-30 04:20:42.861286891+00:00,TK102_VOLUME,27384.90939482787,BBL,Good,TK102,BRENT
2025-08-30 04:20:42.861286891+00:00,TK103_LEVEL,81.61229328981837,PCT,Good,TK103,MAYA
2025-08-30 04:20:42.861286891+00:00,TK103_TEMP,93.19290816276286,DEGF,Good,TK103,MAYA
2025-08-30 04:20:42.861286891+00:00,TK103_VOLUME,37193.194533651724,BBL,Good,TK103,MAYA
2025-08-30 04:20:42.861286891+00:00,TK104_LEVEL,83.29846726439929,PCT,Good,TK104,ARB
2025-08-30 04:20:42.861286891+00:00,TK104_TEMP,93.10154435255491,DEGF,Good,TK104,ARB
2025-08-30 04:20:42.861286891+00:00,TK104_VOLUME,45732.07147092093,BBL,Good,TK104,ARB
2025-08-30 04:20:42.861286891+00:00,TK105_LEVEL,61.14768781845242,PCT,Good,TK105,URALS
2025-08-30 04:20:42.861286891+00:00,TK105_TEMP,93.19246279716269,DEGF,Good,TK105,URALS
2025-08-30 04:20:42.861286891+00:00,TK105_VOLUME,30795.874966622327,BBL,Good,TK105,URALS
2025-08-30 04:20:42.861286891+00:00,VDU_FEED_RATE,19624.594567455122,BPD,Good,VDU001,BLEND_B
2025-08-30 05:38:33.131557162+00:00,CDU_FEED_RATE,46939.794827212834,BPD,Good,CDU001,BLEND_A
2025-08-30 05:38:33.131557162+00:00,CDU_FEED_TEMP,484.0040614098647,DEGF,Good,CDU001,BLEND_A
2025-08-30 05:38:33.131557162+00:00,TK101_LEVEL,77.42620706905764,PCT,Good,TK101,WTI
2025-08-30 05:38:33.131557162+00:00,TK101_TEMP,93.26843699145492,DEGF,Good,TK101,WTI
2025-08-30 05:38:33.131557162+00:00,TK101_VOLUME,41756.193644846884,BBL,Good,TK101,WTI
2025-08-30 05:38:33.131557162+00:00,TK102_LEVEL,57.97999127757668,PCT,Good,TK102,BRENT
2025-08-30 05:38:33.131557162+00:00,TK102_TEMP,92.72336392963436,DEGF,Good,TK102,BRENT
2025-08-30 05:38:33.131557162+00:00,TK102_VOLUME,27344.92534447646,BBL,Good,TK102,BRENT
2025-08-30 05:38:33.131557162+00:00,TK103_LEVEL,80.67888178376414,PCT,Good,TK103,MAYA
2025-08-30 05:38:33.131557162+00:00,TK103_TEMP,93.77084004329552,DEGF,Good,TK103,MAYA
2025-08-30 05:38:33.131557162+00:00,TK103_VOLUME,36767.81063221741,BBL,Good,TK103,MAYA
2025-08-30 05:38:33.131557162+00:00,TK104_LEVEL,80.47303153920534,PCT,Good,TK104,ARB
2025-08-30 05:38:33.131557162+00:00,TK104_TEMP,92.87836345128798,DEGF,Good,TK104,ARB
2025-08-30 05:38:33.131557162+00:00,TK104_VOLUME,44180.866115473924,BBL,Good,TK104,ARB
2025-08-30 05:38:33.131557162+00:00,TK105_LEVEL,62.558581880420014,PCT,Good,TK105,URALS
2025-08-30 05:38:33.131557162+00:00,TK105_TEMP,92.87980445854467,DEGF,Good,TK105,URALS
2025-08-30 05:38:33.131557162+00:00,TK105_VOLUME,31506.445041692154,BBL,Good,TK105,URALS
2025-08-30 05:38:33.131557162+00:00,VDU_FEED_RATE,19328.52760150105,BPD,Good,VDU001,BLEND_B
2025-08-30 06:56:23.401827432+00:00,CDU_FEED_RATE,46735.680888092014,BPD,Good,CDU001,BLEND_A
2025-08-30 06:56:23.401827432+00:00,CDU_FEED_TEMP,482.8601215001503,DEGF,Good,CDU001,BLEND_A
2025-08-30 06:56:23.401827432+00:00,TK101_LEVEL,76.23695325466825,PCT,Good,TK101,WTI
2025-08-30 06:56:23.401827432+00:00,TK101_TEMP,92.32629888100699,DEGF,Good,TK101,WTI
2025-08-30 06:56:23.401827432+00:00,TK101_VOLUME,41114.8253737365,BBL,Good,TK101,WTI
2025-08-30 06:56:23.401827432+00:00,TK102_LEVEL,60.016291112669,PCT,Good,TK102,BRENT
2025-08-30 06:56:23.401827432+00:00,TK102_TEMP,93.62309746869055,DEGF,Good,TK102,BRENT
2025-08-30 06:56:23.401827432+00:00,TK102_VOLUME,28305.299186255634,BBL,Good,TK102,BRENT
2025-08-30 06:56:23.401827432+00:00,TK103_LEVEL,81.39327279893547,PCT,Good,TK103,MAYA
2025-08-30 06:56:23.401827432+00:00,TK103_TEMP,93.10579651938825,DEGF,Good,TK103,MAYA
2025-08-30 06:56:23.401827432+00:00,TK103_VOLUME,37093.380260631166,BBL,Good,TK103,MAYA
2025-08-30 06:56:23.401827432+00:00,TK104_LEVEL,80.1034512510776,PCT,Good,TK104,ARB
2025-08-30 06:56:23.401827432+00:00,TK104_TEMP,92.89473663663938,DEGF,Good,TK104,ARB
2025-08-30 06:56:23.401827432+00:00,TK104_VOLUME,43977.961155683326,BBL,Good,TK104,ARB
2025-08-30 06:56:23.401827432+00:00,TK105_LEVEL,62.55070726747599,PCT,Good,TK105,URALS
2025-08-30 06:56:23.401827432+00:00,TK105_TEMP,93.61135450332984,DEGF,Good,TK105,URALS
2025-08-30 06:56:23.401827432+00:00,TK105_VOLUME,31502.4791420108,BBL,Good,TK105,URALS
2025-08-30 06:56:23.401827432+00:00,VDU_FEED_RATE,19213.632946500093,BPD,Good,VDU001,BLEND_B
2025-08-30 08:14:13.672097702+00:00,CDU_FEED_RATE,46286.42872735068,BPD,Good,CDU001,BLEND_A
2025-08-30 08:14:13.672097702+00:00,CDU_FEED_TEMP,482.5341846911753,DEGF,Good,CDU001,BLEND_A
2025-08-30 08:14:13.672097702+00:00,TK101_LEVEL,77.55647618357673,PCT,Good,TK101,WTI
2025-08-30 08:14:13.672097702+00:00,TK101_TEMP,93.48938370426296,DEGF,Good,TK101,WTI
2025-08-30 08:14:13.672097702+00:00,TK101_VOLUME,41826.44818239578,BBL,Good,TK101,WTI
2025-08-30 08:14:13.672097702+00:00,TK102_LEVEL,57.109802077631365,PCT,Good,TK102,BRENT
2025-08-30 08:14:13.672097702+00:00,TK102_TEMP,93.45418348522067,DEGF,Good,TK102,BRENT
2025-08-30 08:14:13.672097702+00:00,TK102_VOLUME,26934.520682734525,BBL,Good,TK102,BRENT
2025-08-30 08:14:13.672097702+00:00,TK103_LEVEL,79.71713831969817,PCT,Good,TK103,MAYA
2025-08-30 08:14:13.672097702+00:00,TK103_TEMP,93.42590654850916,DEGF,Good,TK103,MAYA
2025-08-30 08:14:13.672097702+00:00,TK103_VOLUME,36329.514999187624,BBL,Good,TK103,MAYA
2025-08-30 08:14:13.672097702+00:00,TK104_LEVEL,79.88442877474638,PCT,Good,TK104,ARB
2025-08-30 08:14:13.672097702+00:00,TK104_TEMP,92.455908389017,DEGF,Good,TK104,ARB
2025-08-30 08:14:13.672097702+00:00,TK104_VOLUME,43857.71462690238,BBL,Good,TK104,ARB
2025-08-30 08:14:13.672097702+00:00,TK105_LEVEL,61.40191670300926,PCT,Good,TK105,URALS
2025-08-30 08:14:13.672097702+00:00,TK105_TEMP,94.29570090123694,DEGF,Good,TK105,URALS
2025-08-30 08:14:13.672097702+00:00,TK105_VOLUME,30923.912529791705,BBL,Good,TK105,URALS
2025-08-30 08:14:13.672097702+00:00,VDU_FEED_RATE,19445.763588735357,BPD,Good,VDU001,BLEND_B
2025-08-30 09:32:03.942367973+00:00,CDU_FEED_RATE,46216.759810429634,BPD,Good,CDU001,BLEND_A
2025-08-30 09:32:03.942367973+00:00,CDU_FEED_TEMP,483.126342239084,DEGF,Good,CDU001,BLEND_A
2025-08-30 09:32:03.942367973+00:00,TK101_LEVEL,76.2494198859397,PCT,Good,TK101,WTI
2025-08-30 09:32:03.942367973+00:00,TK101_TEMP,94.23136824204383,DEGF,Good,TK101,WTI
2025-08-30 09:32:03.942367973+00:00,TK101_VOLUME,41121.5486666521,BBL,Good,TK101,WTI
2025-08-30 09:32:03.942367973+00:00,TK102_LEVEL,56.494860518528604,PCT,Good,TK102,BRENT
2025-08-30 09:32:03.942367973+00:00,TK102_TEMP,94.05999772807691,DEGF,Good,TK102,BRENT
2025-08-30 09:32:03.942367973+00:00,TK102_VOLUME,26644.497682482983,BBL,Good,TK102,BRENT
2025-08-30 09:32:03.942367973+00:00,TK103_LEVEL,79.80663820100581,PCT,Good,TK103,MAYA
2025-08-30 09:32:03.942367973+00:00,TK103_TEMP,92.28325204234152,DEGF,Good,TK103,MAYA
2025-08-30 09:32:03.942367973+00:00,TK103_VOLUME,36370.30280653906,BBL,Good,TK103,MAYA
2025-08-30 09:32:03.942367973+00:00,TK104_LEVEL,80.8857877994567,PCT,Good,TK104,ARB
2025-08-30 09:32:03.942367973+00:00,TK104_TEMP,92.80206686176203,DEGF,Good,TK104,ARB
2025-08-30 09:32:03.942367973+00:00,TK104_VOLUME,44407.47531266323,BBL,Good,TK104,ARB
2025-08-30 09:32:03.942367973+00:00,TK105_LEVEL,58.92610401016727,PCT,Good,TK105,URALS
2025-08-30 09:32:03.942367973+00:00,TK105_TEMP,92.7314943375239,DEGF,Good,TK105,URALS
2025-08-30 09:32:03.942367973+00:00,TK105_VOLUME,29677.016353506027,BBL,Good,TK105,URALS
2025-08-30 09:32:03.942367973+00:00,VDU_FEED_RATE,19123.98544326108,BPD,Good,VDU001,BLEND_B
2025-08-30 10:49:54.212638243+00:00,CDU_FEED_RATE,45607.40867201161,BPD,Good,CDU001,BLEND_A
2025-08-30 10:49:54.212638243+00:00,CDU_FEED_TEMP,482.68666023358867,DEGF,Good,CDU001,BLEND_A
2025-08-30 10:49:54.212638243+00:00,TK101_LEVEL,76.3939615947873,PCT,Good,TK101,WTI
2025-08-30 10:49:54.212638243+00:00,TK101_TEMP,93.35519473356973,DEGF,Good,TK101,WTI
2025-08-30 10:49:54.212638243+00:00,TK101_VOLUME,41199.50045859529,BBL,Good,TK101,WTI
2025-08-30 10:49:54.212638243+00:00,TK102_LEVEL,56.99385277103841,PCT,Good,TK102,BRENT
2025-08-30 10:49:54.212638243+00:00,TK102_TEMP,94.40303666930083,DEGF,Good,TK102,BRENT
2025-08-30 10:49:54.212638243+00:00,TK102_VOLUME,26879.835867116857,BBL,Good,TK102,BRENT
2025-08-30 10:49:54.212638243+00:00,TK103_LEVEL,79.33949567648426,PCT,Good,TK103,MAYA
2025-08-30 10:49:54.212638243+00:00,TK103_TEMP,92.93045879450531,DEGF,Good,TK103,MAYA
2025-08-30 10:49:54.212638243+00:00,TK103_VOLUME,36157.411805819705,BBL,Good,TK103,MAYA
2025-08-30 10:49:54.212638243+00:00,TK104_LEVEL,79.46380398571485,PCT,Good,TK104,ARB
2025-08-30 10:49:54.212638243+00:00,TK104_TEMP,92.95821080540036,DEGF,Good,TK104,ARB
2025-08-30 10:49:54.212638243+00:00,TK104_VOLUME,43626.78549283592,BBL,Good,TK104,ARB
2025-08-30 10:49:54.212638243+00:00,TK105_LEVEL,59.47475355398336,PCT,Good,TK105,URALS
2025-08-30 10:49:54.212638243+00:00,TK105_TEMP,92.75817094436285,DEGF,Good,TK105,URALS
2025-08-30 10:49:54.212638243+00:00,TK105_VOLUME,29953.333306029555,BBL,Good,TK105,URALS
2025-08-30 10:49:54.212638243+00:00,VDU_FEED_RATE,19268.482649026664,BPD,Good,VDU001,BLEND_B
2025-08-30 12:07:44.482908513+00:00,CDU_FEED_RATE,45845.499291263375,BPD,Good,CDU001,BLEND_A
2025-08-30 12:07:44.482908513+00:00,CDU_FEED_TEMP,481.9614626101523,DEGF,Good,CDU001,BLEND_A
2025-08-30 12:07:44.482908513+00:00,TK101_LEVEL,76.53887779327594,PCT,Good,TK101,WTI
2025-08-30 12:07:44.482908513+00:00,TK101_TEMP,93.16368097946847,DEGF,Good,TK101,WTI
2025-08-30 12:07:44.482908513+00:00,TK101_VOLUME,41277.65421396354,BBL,Good,TK101,WTI
2025-08-30 12:07:44.482908513+00:00,TK102_LEVEL,57.57693726952247,PCT,Good,TK102,BRENT
2025-08-30 12:07:44.482908513+00:00,TK102_TEMP,92.81698504453655,DEGF,Good,TK102,BRENT
2025-08-30 12:07:44.482908513+00:00,TK102_VOLUME,27154.834219638764,BBL,Good,TK102,BRENT
2025-08-30 12:07:44.482908513+00:00,TK103_LEVEL,78.36154094301732,PCT,Good,TK103,MAYA
2025-08-30 12:07:44.482908513+00:00,TK103_TEMP,92.79553569593394,DEGF,Good,TK103,MAYA
2025-08-30 12:07:44.482908513+00:00,TK103_VOLUME,35711.72820619612,BBL,Good,TK103,MAYA
2025-08-30 12:07:44.482908513+00:00,TK104_LEVEL,76.74290425334874,PCT,Good,TK104,ARB
2025-08-30 12:07:44.482908513+00:00,TK104_TEMP,92.77035767928801,DEGF,Good,TK104,ARB
2025-08-30 12:07:44.482908513+00:00,TK104_VOLUME,42132.97191964239,BBL,Good,TK104,ARB
2025-08-30 12:07:44.482908513+00:00,TK105_LEVEL,60.682920736672976,PCT,Good,TK105,URALS
2025-08-30 12:07:44.482908513+00:00,TK105_TEMP,92.89346552773843,DEGF,Good,TK105,URALS
2025-08-30 12:07:44.482908513+00:00,TK105_VOLUME,30561.803827553642,BBL,Good,TK105,URALS
2025-08-30 12:07:44.482908513+00:00,VDU_FEED_RATE,18789.48342633132,BPD,Good,VDU001,BLEND_B
2025-08-30 13:25:34.753178783+00:00,CDU_FEED_RATE,45763.04594495397,BPD,Good,CDU001,BLEND_A
2025-08-30 13:25:34.753178783+00:00,CDU_FEED_TEMP,481.90297467774593,DEGF,Good,CDU001,BLEND_A
2025-08-30 13:25:34.753178783+00:00,TK101_LEVEL,76.19600731684768,PCT,Good,TK101,WTI
2025-08-30 13:25:34.753178783+00:00,TK101_TEMP,93.32340303240007,DEGF,Good,TK101,WTI
2025-08-30 13:25:34.753178783+00:00,TK101_VOLUME,41092.74310245747,BBL,Good,TK101,WTI
2025-08-30 13:25:34.753178783+00:00,TK102_LEVEL,56.74565885988449,PCT,Good,TK102,BRENT
2025-08-30 13:25:34.753178783+00:00,TK102_TEMP,93.42961420326746,DEGF,Good,TK102,BRENT
2025-08-30 13:25:34.753178783+00:00,TK102_VOLUME,26762.780934511473,BBL,Good,TK102,BRENT
2025-08-30 13:25:34.753178783+00:00,TK103_LEVEL,78.74615372651702,PCT,Good,TK103,MAYA
2025-08-30 13:25:34.753178783+00:00,TK103_TEMP,92.44688171462988,DEGF,Good,TK103,MAYA
2025-08-30 13:25:34.753178783+00:00,TK103_VOLUME,35887.00790365585,BBL,Good,TK103,MAYA
2025-08-30 13:25:34.753178783+00:00,TK104_LEVEL,79.44277562356787,PCT,Good,TK104,ARB
2025-08-30 13:25:34.753178783+00:00,TK104_TEMP,93.61436662294766,DEGF,Good,TK104,ARB
2025-08-30 13:25:34.753178783+00:00,TK104_VOLUME,43615.24061581472,BBL,Good,TK104,ARB
2025-08-30 13:25:34.753178783+00:00,TK105_LEVEL,59.83075438341989,PCT,Good,TK105,URALS
2025-08-30 13:25:34.753178783+00:00,TK105_TEMP,94.19750421961207,DEGF,Good,TK105,URALS
2025-08-30 13:25:34.753178783+00:00,TK105_VOLUME,30132.62638190008,BBL,Good,TK105,URALS
2025-08-30 13:25:34.753178783+00:00,VDU_FEED_RATE,18945.372961058758,BPD,Good,VDU001,BLEND_B
2025-08-30 14:43:25.023449054+00:00,CDU_FEED_RATE,45635.143514523916,BPD,Good,CDU001,BLEND_A
2025-08-30 14:43:25.023449054+00:00,CDU_FEED_TEMP,481.04163684130555,DEGF,Good,CDU001,BLEND_A
2025-08-30 14:43:25.023449054+00:00,TK101_LEVEL,76.1215204428042,PCT,Good,TK101,WTI
2025-08-30 14:43:25.023449054+00:00,TK101_TEMP,93.76301823408623,DEGF,Good,TK101,WTI
2025-08-30 14:43:25.023449054+00:00,TK101_VOLUME,41052.57210023099,BBL,Good,TK101,WTI
2025-08-30 14:43:25.023449054+00:00,TK102_LEVEL,55.904151139103675,PCT,Good,TK102,BRENT
2025-08-30 14:43:25.023449054+00:00,TK102_TEMP,92.86728969228022,DEGF,Good,TK102,BRENT
2025-08-30 14:43:25.023449054+00:00,TK102_VOLUME,26365.903230763848,BBL,Good,TK102,BRENT
2025-08-30 14:43:25.023449054+00:00,TK103_LEVEL,80.2822168468037,PCT,Good,TK103,MAYA
2025-08-30 14:43:25.023449054+00:00,TK103_TEMP,93.51387996761389,DEGF,Good,TK103,MAYA
2025-08-30 14:43:25.023449054+00:00,TK103_VOLUME,36587.038403300176,BBL,Good,TK103,MAYA
2025-08-30 14:43:25.023449054+00:00,TK104_LEVEL,77.40506785236903,PCT,Good,TK104,ARB
2025-08-30 14:43:25.023449054+00:00,TK104_TEMP,94.05370378509545,DEGF,Good,TK104,ARB
2025-08-30 14:43:25.023449054+00:00,TK104_VOLUME,42496.50937753725,BBL,Good,TK104,ARB
2025-08-30 14:43:25.023449054+00:00,TK105_LEVEL,56.82221231522871,PCT,Good,TK105,URALS
2025-08-30 14:43:25.023449054+00:00,TK105_TEMP,93.97656750911679,DEGF,Good,TK105,URALS
2025-08-30 14:43:25.023449054+00:00,TK105_VOLUME,28617.431144446153,BBL,Good,TK105,URALS
2025-08-30 14:43:25.023449054+00:00,VDU_FEED_RATE,19055.36363276051,BPD,Good,VDU001,BLEND_B
2025-08-30 16:01:15.293719324+00:00,CDU_FEED_RATE,45518.74885038259,BPD,Good,CDU001,BLEND_A
2025-08-30 16:01:15.293719324+00:00,CDU_FEED_TEMP,480.8438754308956,DEGF,Good,CDU001,BLEND_A
2025-08-30 16:01:15.293719324+00:00,TK101_LEVEL,75.08022466850007,PCT,Good,TK101,WTI
2025-08-30 16:01:15.293719324+00:00,TK101_TEMP,92.64995557457951,DEGF,Good,TK101,WTI
2025-08-30 16:01:15.293719324+00:00,TK101_VOLUME,40490.99805909756,BBL,Good,TK101,WTI
2025-08-30 16:01:15.293719324+00:00,TK102_LEVEL,55.60307711696284,PCT,Good,TK102,BRENT
2025-08-30 16:01:15.293719324+00:00,TK102_TEMP,93.12648841345899,DEGF,Good,TK102,BRENT
2025-08-30 16:01:15.293719324+00:00,TK102_VOLUME,26223.908613703832,BBL,Good,TK102,BRENT
2025-08-30 16:01:15.293719324+00:00,TK103_LEVEL,77.50000847768865,PCT,Good,TK103,MAYA
2025-08-30 16:01:15.293719324+00:00,TK103_TEMP,92.39387756652789,DEGF,Good,TK103,MAYA
2025-08-30 16:01:15.293719324+00:00,TK103_VOLUME,35319.10176122863,BBL,Good,TK103,MAYA
2025-08-30 16:01:15.293719324+00:00,TK104_LEVEL,77.57569432383144,PCT,Good,TK104,ARB
2025-08-30 16:01:15.293719324+00:00,TK104_TEMP,93.06126016116853,DEGF,Good,TK104,ARB
2025-08-30 16:01:15.293719324+00:00,TK104_VOLUME,42590.18579493137,BBL,Good,TK104,ARB
2025-08-30 16:01:15.293719324+00:00,TK105_LEVEL,60.48162013596752,PCT,Good,TK105,URALS
2025-08-30 16:01:15.293719324+00:00,TK105_TEMP,93.44752746843629,DEGF,Good,TK105,URALS
2025-08-30 16:01:15.293719324+00:00,TK105_VOLUME,30460.422592200364,BBL,Good,TK105,URALS
2025-08-30 16:01:15.293719324+00:00,VDU_FEED_RATE,18715.73365427113,BPD,Good,VDU001,BLEND_B
2025-08-30 17:19:05.563989594+00:00,CDU_FEED_RATE,45315.673995176294,BPD,Good,CDU001,BLEND_A
2025-08-30 17:19:05.563989594+00:00,CDU_FEED_TEMP,480.17841492250534,DEGF,Good,CDU001,BLEND_A
2025-08-30 17:19:05.563989594+00:00,TK101_LEVEL,74.49447109393827,PCT,Good,TK101,WTI
2025-08-30 17:19:05.563989594+00:00,TK101_TEMP,93.65629689401229,DEGF,Good,TK101,WTI
2025-08-30 17:19:05.563989594+00:00,TK101_VOLUME,40175.099339355955,BBL,Good,TK101,WTI
2025-08-30 17:19:05.563989594+00:00,TK102_LEVEL,55.304011767247566,PCT,Good,TK102,BRENT
2025-08-30 17:19:05.563989594+00:00,TK102_TEMP,93.2590602873958,DEGF,Good,TK102,BRENT
2025-08-30 17:19:05.563989594+00:00,TK102_VOLUME,26082.861340655232,BBL,Good,TK102,BRENT
2025-08-30 17:19:05.563989594+00:00,TK103_LEVEL,77.92892956561028,PCT,Good,TK103,MAYA
2025-08-30 17:19:05.563989594+00:00,TK103_TEMP,92.91300355947992,DEGF,Good,TK103,MAYA
2025-08-30 17:19:05.563989594+00:00,TK103_VOLUME,35514.57409535363,BBL,Good,TK103,MAYA
2025-08-30 17:19:05.563989594+00:00,TK104_LEVEL,75.92834453178979,PCT,Good,TK104,ARB
2025-08-30 17:19:05.563989594+00:00,TK104_TEMP,93.71582226039595,DEGF,Good,TK104,ARB
2025-08-30 17:19:05.563989594+00:00,TK104_VOLUME,41685.76677137206,BBL,Good,TK104,ARB
2025-08-30 17:19:05.563989594+00:00,TK105_LEVEL,59.114505511326044,PCT,Good,TK105,URALS
2025-08-30 17:19:05.563989594+00:00,TK105_TEMP,93.59238137472407,DEGF,Good,TK105,URALS
2025-08-30 17:19:05.563989594+00:00,TK105_VOLUME,29771.901201653283,BBL,Good,TK105,URALS
2025-08-30 17:19:05.563989594+00:00,VDU_FEED_RATE,18594.30621815085,BPD,Good,VDU001,BLEND_B
2025-08-30 18:36:55.834259864+00:00,CDU_FEED_RATE,45018.8179044249,BPD,Good,CDU001,BLEND_A
2025-08-30 18:36:55.834259864+00:00,CDU_FEED_TEMP,480.6218401321328,DEGF,Good,CDU001,BLEND_A
2025-08-30 18:36:55.834259864+00:00,TK101_LEVEL,74.59412989127436,PCT,Good,TK101,WTI
2025-08-30 18:36:55.834259864+00:00,TK101_TEMP,93.43658083404266,DEGF,Good,TK101,WTI
2025-08-30 18:36:55.834259864+00:00,TK101_VOLUME,40228.84563789628,BBL,Good,TK101,WTI
2025-08-30 18:36:55.834259864+00:00,TK102_LEVEL,54.892917899199674,PCT,Good,TK102,BRENT
2025-08-30 18:36:55.834259864+00:00,TK102_TEMP,93.10323537170493,DEGF,Good,TK102,BRENT
2025-08-30 18:36:55.834259864+00:00,TK102_VOLUME,25888.97840132321,BBL,Good,TK102,BRENT
2025-08-30 18:36:55.834259864+00:00,TK103_LEVEL,78.52332231982481,PCT,Good,TK103,MAYA
2025-08-30 18:36:55.834259864+00:00,TK103_TEMP,93.36321591176736,DEGF,Good,TK103,MAYA
2025-08-30 18:36:55.834259864+00:00,TK103_VOLUME,35785.45688084757,BBL,Good,TK103,MAYA
2025-08-30 18:36:55.834259864+00:00,TK104_LEVEL,77.4898792182873,PCT,Good,TK104,ARB
2025-08-30 18:36:55.834259864+00:00,TK104_TEMP,93.11475723900921,DEGF,Good,TK104,ARB
2025-08-30 18:36:55.834259864+00:00,TK104_VOLUME,42543.07205239908,BBL,Good,TK104,ARB
2025-08-30 18:36:55.834259864+00:00,TK105_LEVEL,57.914853037270504,PCT,Good,TK105,URALS
2025-08-30 18:36:55.834259864+00:00,TK105_TEMP,93.22354099567569,DEGF,Good,TK105,URALS
2025-08-30 18:36:55.834259864+00:00,TK105_VOLUME,29167.718951882835,BBL,Good,TK105,URALS
2025-08-30 18:36:55.834259864+00:00,VDU_FEED_RATE,18396.482924670854,BPD,Good,VDU001,BLEND_B
2025-08-30 19:54:46.104530135+00:00,CDU_FEED_RATE,44986.644906897265,BPD,Good,CDU001,BLEND_A
2025-08-30 19:54:46.104530135+00:00,CDU_FEED_TEMP,479.4834856769337,DEGF,Good,CDU001,BLEND_A
2025-08-30 19:54:46.104530135+00:00,TK101_LEVEL,72.76011192194188,PCT,Good,TK101,WTI
2025-08-30 19:54:46.104530135+00:00,TK101_TEMP,94.61233028600326,DEGF,Good,TK101,WTI
2025-08-30 19:54:46.104530135+00:00,TK101_VOLUME,39239.75405799657,BBL,Good,TK101,WTI
2025-08-30 19:54:46.104530135+00:00,TK102_LEVEL,57.82765865885383,PCT,Good,TK102,BRENT
2025-08-30 19:54:46.104530135+00:00,TK102_TEMP,93.16247414307603,DEGF,Good,TK102,BRENT
2025-08-30 19:54:46.104530135+00:00,TK102_VOLUME,27273.081179020093,BBL,Good,TK102,BRENT
2025-08-30 19:54:46.104530135+00:00,TK103_LEVEL,78.1793949036188,PCT,Good,TK103,MAYA
2025-08-30 19:54:46.104530135+00:00,TK103_TEMP,93.2727748615497,DEGF,Good,TK103,MAYA
2025-08-30 19:54:46.104530135+00:00,TK103_VOLUME,35628.71873784525,BBL,Good,TK103,MAYA
2025-08-30 19:54:46.104530135+00:00,TK104_LEVEL,76.085901163815,PCT,Good,TK104,ARB
2025-08-30 19:54:46.104530135+00:00,TK104_TEMP,93.53595669405566,DEGF,Good,TK104,ARB
2025-08-30 19:54:46.104530135+00:00,TK104_VOLUME,41772.26765659991,BBL,Good,TK104,ARB
2025-08-30 19:54:46.104530135+00:00,TK105_LEVEL,59.50248155255637,PCT,Good,TK105,URALS
2025-08-30 19:54:46.104530135+00:00,TK105_TEMP,94.13343135839683,DEGF,Good,TK105,URALS
2025-08-30 19:54:46.104530135+00:00,TK105_VOLUME,29967.297987403348,BBL,Good,TK105,URALS
2025-08-30 19:54:46.104530135+00:00,VDU_FEED_RATE,18592.84096743375,BPD,Good,VDU001,BLEND_B
2025-08-30 21:12:36.374800405+00:00,CDU_FEED_RATE,44995.894438958916,BPD,Good,CDU001,BLEND_A
2025-08-30 21:12:36.374800405+00:00,CDU_FEED_TEMP,480.23335105373167,DEGF,Good,CDU001,BLEND_A
2025-08-30 21:12:36.374800405+00:00,TK101_LEVEL,72.79191588848772,PCT,Good,TK101,WTI
2025-08-30 21:12:36.374800405+00:00,TK101_TEMP,93.65682283310377,DEGF,Good,TK101,WTI
2025-08-30 21:12:36.374800405+00:00,TK101_VOLUME,39256.906035809174,BBL,Good,TK101,WTI
2025-08-30 21:12:36.374800405+00:00,TK102_LEVEL,55.63511885777422,PCT,Good,TK102,BRENT
2025-08-30 21:12:36.374800405+00:00,TK102_TEMP,93.67176701074612,DEGF,Good,TK102,BRENT
2025-08-30 21:12:36.374800405+00:00,TK102_VOLUME,26239.020361585957,BBL,Good,TK102,BRENT
2025-08-30 21:12:36.374800405+00:00,TK103_LEVEL,76.84244004540479,PCT,Good,TK103,MAYA
2025-08-30 21:12:36.374800405+00:00,TK103_TEMP,93.94211345110979,DEGF,Good,TK103,MAYA
2025-08-30 21:12:36.374800405+00:00,TK103_VOLUME,35019.42790530265,BBL,Good,TK103,MAYA
2025-08-30 21:12:36.374800405+00:00,TK104_LEVEL,76.62902709688692,PCT,Good,TK104,ARB
2025-08-30 21:12:36.374800405+00:00,TK104_TEMP,93.39874441041736,DEGF,Good,TK104,ARB
2025-08-30 21:12:36.374800405+00:00,TK104_VOLUME,42070.45170253339,BBL,Good,TK104,ARB
2025-08-30 21:12:36.374800405+00:00,TK105_LEVEL,57.62156794709371,PCT,Good,TK105,URALS
2025-08-30 21:12:36.374800405+00:00,TK105_TEMP,93.55395828795199,DEGF,Good,TK105,URALS
2025-08-30 21:12:36.374800405+00:00,TK105_VOLUME,29020.011470391873,BBL,Good,TK105,URALS
2025-08-30 21:12:36.374800405+00:00,VDU_FEED_RATE,18276.427209985588,BPD,Good,VDU001,BLEND_B
2025-08-30 22:30:26.645070675+00:00,CDU_FEED_RATE,44552.09585929505,BPD,Good,CDU001,BLEND_A
2025-08-30 22:30:26.645070675+00:00,CDU_FEED_TEMP,478.99402367108496,DEGF,Good,CDU001,BLEND_A
2025-08-30 22:30:26.645070675+00:00,TK101_LEVEL,72.72632182636437,PCT,Good,TK101,WTI
2025-08-30 22:30:26.645070675+00:00,TK101_TEMP,94.63222376372406,DEGF,Good,TK101,WTI
2025-08-30 22:30:26.645070675+00:00,TK101_VOLUME,39221.53095463631,BBL,Good,TK101,WTI
2025-08-30 22:30:26.645070675+00:00,TK102_LEVEL,56.03435991880136,PCT,Good,TK102,BRENT
2025-08-30 22:30:26.645070675+00:00,TK102_TEMP,93.18992074897109,DEGF,Good,TK102,BRENT
2025-08-30 22:30:26.645070675+00:00,TK102_VOLUME,26427.313197919284,BBL,Good,TK102,BRENT
2025-08-30 22:30:26.645070675+00:00,TK103_LEVEL,74.257328002536,PCT,Good,TK103,MAYA
2025-08-30 22:30:26.645070675+00:00,TK103_TEMP,93.95107005411555,DEGF,Good,TK103,MAYA
2025-08-30 22:30:26.645070675+00:00,TK103_VOLUME,33841.314030224225,BBL,Good,TK103,MAYA
2025-08-30 22:30:26.645070675+00:00,TK104_LEVEL,76.0547515313406,PCT,Good,TK104,ARB
2025-08-30 22:30:26.645070675+00:00,TK104_TEMP,94.09922778246752,DEGF,Good,TK104,ARB
2025-08-30 22:30:26.645070675+00:00,TK104_VOLUME,41755.16605478904,BBL,Good,TK104,ARB
2025-08-30 22:30:26.645070675+00:00,TK105_LEVEL,57.420648920204336,PCT,Good,TK105,URALS
2025-08-30 22:30:26.645070675+00:00,TK105_TEMP,93.66824168843681,DEGF,Good,TK105,URALS
2025-08-30 22:30:26.645070675+00:00,TK105_VOLUME,28918.822407464897,BBL,Good,TK105,URALS
2025-08-30 22:30:26.645070675+00:00,VDU_FEED_RATE,18276.13411888748,BPD,Good,VDU001,BLEND_B
2025-08-30 23:48:16.915340946+00:00,CDU_FEED_RATE,44486.44210699105,BPD,Good,CDU001,BLEND_A
2025-08-30 23:48:16.915340946+00:00,CDU_FEED_TEMP,478.82434105057445,DEGF,Good,CDU001,BLEND_A
2025-08-30 23:48:16.915340946+00:00,TK101_LEVEL,72.88056833482037,PCT,Good,TK101,WTI
2025-08-30 23:48:16.915340946+00:00,TK101_TEMP,93.2996527366851,DEGF,Good,TK101,WTI
2025-08-30 23:48:16.915340946+00:00,TK101_VOLUME,39304.71657511215,BBL,Good,TK101,WTI
2025-08-30 23:48:16.915340946+00:00,TK102_LEVEL,54.48731711998079,PCT,Good,TK102,BRENT
2025-08-30 23:48:16.915340946+00:00,TK102_TEMP,94.27258656514492,DEGF,Good,TK102,BRENT
2025-08-30 23:48:16.915340946+00:00,TK102_VOLUME,25697.686150617206,BBL,Good,TK102,BRENT
2025-08-30 23:48:16.915340946+00:00,TK103_LEVEL,76.98621324784493,PCT,Good,TK103,MAYA
2025-08-30 23:48:16.915340946+00:00,TK103_TEMP,94.29842245854384,DEGF,Good,TK103,MAYA
2025-08-30 23:48:16.915340946+00:00,TK103_VOLUME,35084.94970932907,BBL,Good,TK103,MAYA
2025-08-30 23:48:16.915340946+00:00,TK104_LEVEL,78.09265706214033,PCT,Good,TK104,ARB
2025-08-30 23:48:16.915340946+00:00,TK104_TEMP,93.51212899865502,DEGF,Good,TK104,ARB
2025-08-30 23:48:16.915340946+00:00,TK104_VOLUME,42874.005865967054,BBL,Good,TK104,ARB
2025-08-30 23:48:16.915340946+00:00,TK105_LEVEL,58.29624741252568,PCT,Good,TK105,URALS
2025-08-30 23:48:16.915340946+00:00,TK105_TEMP,94.15591797134073,DEGF,Good,TK105,URALS
2025-08-30 23:48:16.915340946+00:00,TK105_VOLUME,29359.801006206842,BBL,Good,TK105,URALS
2025-08-30 23:48:16.915340946+00:00,VDU_FEED_RATE,18049.20890716749,BPD,Good,VDU001,BLEND_B
2025-08-31 01:06:07.185611216+00:00,CDU_FEED_RATE,44192.257532912576,BPD,Good,CDU001,BLEND_A
2025-08-31 01:06:07.185611216+00:00,CDU_FEED_TEMP,478.8569646074844,DEGF,Good,CDU001,BLEND_A
2025-08-31 01:06:07.185611216+00:00,TK101_LEVEL,74.12553478468881,PCT,Good,TK101,WTI
2025-08-31 01:06:07.185611216+00:00,TK101_TEMP,94.1972613417425,DEGF,Good,TK101,WTI
2025-08-31 01:06:07.185611216+00:00,TK101_VOLUME,39976.130843354396,BBL,Good,TK101,WTI
2025-08-31 01:06:07.185611216+00:00,TK102_LEVEL,54.63838330645718,PCT,Good,TK102,BRENT
2025-08-31 01:06:07.185611216+00:00,TK102_TEMP,93.44475498963234,DEGF,Good,TK102,BRENT
2025-08-31 01:06:07.185611216+00:00,TK102_VOLUME,25768.933032519883,BBL,Good,TK102,BRENT
2025-08-31 01:06:07.185611216+00:00,TK103_LEVEL,74.09798156611693,PCT,Good,TK103,MAYA
2025-08-31 01:06:07.185611216+00:00,TK103_TEMP,94.27982362469744,DEGF,Good,TK103,MAYA
2025-08-31 01:06:07.185611216+00:00,TK103_VOLUME,33768.695031675416,BBL,Good,TK103,MAYA
2025-08-31 01:06:07.185611216+00:00,TK104_LEVEL,77.99784995609359,PCT,Good,TK104,ARB
2025-08-31 01:06:07.185611216+00:00,TK104_TEMP,94.40946196519442,DEGF,Good,TK104,ARB
2025-08-31 01:06:07.185611216+00:00,TK104_VOLUME,42821.95538422267,BBL,Good,TK104,ARB
2025-08-31 01:06:07.185611216+00:00,TK105_LEVEL,59.56687861629746,PCT,Good,TK105,URALS
2025-08-31 01:06:07.185611216+00:00,TK105_TEMP,93.8096342892995,DEGF,Good,TK105,URALS
2025-08-31 01:06:07.185611216+00:00,TK105_VOLUME,29999.730349017354,BBL,Good,TK105,URALS
2025-08-31 01:06:07.185611216+00:00,VDU_FEED_RATE,18314.011974301484,BPD,Good,VDU001,BLEND_B
2025-08-31 02:23:57.455881486+00:00,CDU_FEED_RATE,43909.74544054497,BPD,Good,CDU001,BLEND_A
2025-08-31 02:23:57.455881486+00:00,CDU_FEED_TEMP,478.1548025499245,DEGF,Good,CDU001,BLEND_A
2025-08-31 02:23:57.455881486+00:00,TK101_LEVEL,72.6876903290697,PCT,Good,TK101,WTI
2025-08-31 02:23:57.455881486+00:00,TK101_TEMP,94.11429942985168,DEGF,Good,TK101,WTI
2025-08-31 02:23:57.455881486+00:00,TK101_VOLUME,39200.69686831218,BBL,Good,TK101,WTI
2025-08-31 02:23:57.455881486+00:00,TK102_LEVEL,53.97819482873726,PCT,Good,TK102,BRENT
2025-08-31 02:23:57.455881486+00:00,TK102_TEMP,95.35938378300426,DEGF,Good,TK102,BRENT
2025-08-31 02:23:57.455881486+00:00,TK102_VOLUME,25457.57036690464,BBL,Good,TK102,BRENT
2025-08-31 02:23:57.455881486+00:00,TK103_LEVEL,77.65480188214559,PCT,Good,TK103,MAYA
2025-08-31 02:23:57.455881486+00:00,TK103_TEMP,94.52500569263675,DEGF,Good,TK103,MAYA
2025-08-31 02:23:57.455881486+00:00,TK103_VOLUME,35389.64580517613,BBL,Good,TK103,MAYA
2025-08-31 02:23:57.455881486+00:00,TK104_LEVEL,75.92951165262713,PCT,Good,TK104,ARB
2025-08-31 02:23:57.455881486+00:00,TK104_TEMP,93.83173891112497,DEGF,Good,TK104,ARB
2025-08-31 02:23:57.455881486+00:00,TK104_VOLUME,41686.40753770668,BBL,Good,TK104,ARB
2025-08-31 02:23:57.455881486+00:00,TK105_LEVEL,59.27683616149243,PCT,Good,TK105,URALS
2025-08-31 02:23:57.455881486+00:00,TK105_TEMP,93.83711630120715,DEGF,Good,TK105,URALS
2025-08-31 02:23:57.455881486+00:00,TK105_VOLUME,29853.65595942298,BBL,Good,TK105,URALS
2025-08-31 02:23:57.455881486+00:00,VDU_FEED_RATE,18180.07824867314,BPD,Good,VDU001,BLEND_B
2025-08-31 03:41:47.726151756+00:00,CDU_FEED_RATE,44035.860950804534,BPD,Good,CDU001,BLEND_A
2025-08-31 03:41:47.726151756+00:00,CDU_FEED_TEMP,477.6613279110076,DEGF,Good,CDU001,BLEND_A
2025-08-31 03:41:47.726151756+00:00,TK101_LEVEL,73.10215094078845,PCT,Good,TK101,WTI
2025-08-31 03:41:47.726151756+00:00,TK101_TEMP,93.56989554823849,DEGF,Good,TK101,WTI
2025-08-31 03:41:47.726151756+00:00,TK101_VOLUME,39424.216761849704,BBL,Good,TK101,WTI
2025-08-31 03:41:47.726151756+00:00,TK102_LEVEL,51.92718458558649,PCT,Good,TK102,BRENT
2025-08-31 03:41:47.726151756+00:00,TK102_TEMP,93.77872694668869,DEGF,Good,TK102,BRENT
2025-08-31 03:41:47.726151756+00:00,TK102_VOLUME,24490.258700519404,BBL,Good,TK102,BRENT
2025-08-31 03:41:47.726151756+00:00,TK103_LEVEL,76.2414826327957,PCT,Good,TK103,MAYA
2025-08-31 03:41:47.726151756+00:00,TK103_TEMP,94.00345997216635,DEGF,Good,TK103,MAYA
2025-08-31 03:41:47.726151756+00:00,TK103_VOLUME,34745.553406099,BBL,Good,TK103,MAYA
2025-08-31 03:41:47.726151756+00:00,TK104_LEVEL,75.83412030417931,PCT,Good,TK104,ARB
2025-08-31 03:41:47.726151756+00:00,TK104_TEMP,93.67961731737347,DEGF,Good,TK104,ARB
2025-08-31 03:41:47.726151756+00:00,TK104_VOLUME,41634.03629837671,BBL,Good,TK104,ARB
2025-08-31 03:41:47.726151756+00:00,TK105_LEVEL,57.90010459282173,PCT,Good,TK105,URALS
2025-08-31 03:41:47.726151756+00:00,TK105_TEMP,94.00970677493542,DEGF,Good,TK105,URALS
2025-08-31 03:41:47.726151756+00:00,TK105_VOLUME,29160.29117713941,BBL,Good,TK105,URALS
2025-08-31 03:41:47.726151756+00:00,VDU_FEED_RATE,17948.622423385925,BPD,Good,VDU001,BLEND_B
2025-08-31 04:59:37.996422027+00:00,CDU_FEED_RATE,43601.30320703182,BPD,Good,CDU001,BLEND_A
2025-08-31 04:59:37.996422027+00:00,CDU_FEED_TEMP,477.4652076622445,DEGF,Good,CDU001,BLEND_A
2025-08-31 04:59:37.996422027+00:00,TK101_LEVEL,74.68665257650792,PCT,Good,TK101,WTI
2025-08-31 04:59:37.996422027+00:00,TK101_TEMP,94.14178305314444,DEGF,Good,TK101,WTI
2025-08-31 04:59:37.996422027+00:00,TK101_VOLUME,40278.74340904382,BBL,Good,TK101,WTI
2025-08-31 04:59:37.996422027+00:00,TK102_LEVEL,53.10799442755184,PCT,Good,TK102,BRENT
2025-08-31 04:59:37.996422027+00:00,TK102_TEMP,94.0890938167845,DEGF,Good,TK102,BRENT
2025-08-31 04:59:37.996422027+00:00,TK102_VOLUME,25047.16042235621,BBL,Good,TK102,BRENT
2025-08-31 04:59:37.996422027+00:00,TK103_LEVEL,76.97879356536845,PCT,Good,TK103,MAYA
2025-08-31 04:59:37.996422027+00:00,TK103_TEMP,94.2048184462343,DEGF,Good,TK103,MAYA
2025-08-31 04:59:37.996422027+00:00,TK103_VOLUME,35081.568335241886,BBL,Good,TK103,MAYA
2025-08-31 04:59:37.996422027+00:00,TK104_LEVEL,75.30381041035497,PCT,Good,TK104,ARB
2025-08-31 04:59:37.996422027+00:00,TK104_TEMP,93.4264323646534,DEGF,Good,TK104,ARB
2025-08-31 04:59:37.996422027+00:00,TK104_VOLUME,41342.8884446097,BBL,Good,TK104,ARB
2025-08-31 04:59:37.996422027+00:00,TK105_LEVEL,57.909889536661964,PCT,Good,TK105,URALS
2025-08-31 04:59:37.996422027+00:00,TK105_TEMP,94.45076270272251,DEGF,Good,TK105,URALS
2025-08-31 04:59:37.996422027+00:00,TK105_VOLUME,29165.21917879916,BBL,Good,TK105,URALS
2025-08-31 04:59:37.996422027+00:00,VDU_FEED_RATE,17725.78622958882,BPD,Good,VDU001,BLEND_B
2025-08-31 06:17:28.266692297+00:00,CDU_FEED_RATE,43673.06821668645,BPD,Good,CDU001,BLEND_A
2025-08-31 06:17:28.266692297+00:00,CDU_FEED_TEMP,477.5999721596556,DEGF,Good,CDU001,BLEND_A
2025-08-31 06:17:28.266692297+00:00,TK101_LEVEL,72.95842821674174,PCT,Good,TK101,WTI
2025-08-31 06:17:28.266692297+00:00,TK101_TEMP,94.70684995008627,DEGF,Good,TK101,WTI
2025-08-31 06:17:28.266692297+00:00,TK101_VOLUME,39346.70665095009,BBL,Good,TK101,WTI
2025-08-31 06:17:28.266692297+00:00,TK102_LEVEL,52.60265293350062,PCT,Good,TK102,BRENT
2025-08-31 06:17:28.266692297+00:00,TK102_TEMP,93.45291993943745,DEGF,Good,TK102,BRENT
2025-08-31 06:17:28.266692297+00:00,TK102_VOLUME,24808.82776442011,BBL,Good,TK102,BRENT
2025-08-31 06:17:28.266692297+00:00,TK103_LEVEL,75.00427631639671,PCT,Good,TK103,MAYA
2025-08-31 06:17:28.266692297+00:00,TK103_TEMP,94.35634738263006,DEGF,Good,TK103,MAYA
2025-08-31 06:17:28.266692297+00:00,TK103_VOLUME,34181.721005988875,BBL,Good,TK103,MAYA
2025-08-31 06:17:28.266692297+00:00,TK104_LEVEL,76.71052757728857,PCT,Good,TK104,ARB
2025-08-31 06:17:28.266692297+00:00,TK104_TEMP,94.22719278681814,DEGF,Good,TK104,ARB
2025-08-31 06:17:28.266692297+00:00,TK104_VOLUME,42115.19665303545,BBL,Good,TK104,ARB
2025-08-31 06:17:28.266692297+00:00,TK105_LEVEL,58.16627071897778,PCT,Good,TK105,URALS
2025-08-31 06:17:28.266692297+00:00,TK105_TEMP,94.92383706941239,DEGF,Good,TK105,URALS
2025-08-31 06:17:28.266692297+00:00,TK105_VOLUME,29294.340705975043,BBL,Good,TK105,URALS
2025-08-31 06:17:28.266692297+00:00,VDU_FEED_RATE,17980.25412687453,BPD,Good,VDU001,BLEND_B
2025-08-31 07:35:18.536962567+00:00,CDU_FEED_RATE,43421.658940790505,BPD,Good,CDU001,BLEND_A
2025-08-31 07:35:18.536962567+00:00,CDU_FEED_TEMP,476.4977640847576,DEGF,Good,CDU001,BLEND_A
2025-08-31 07:35:18.536962567+00:00,TK101_LEVEL,73.99978191387427,PCT,Good,TK101,WTI
2025-08-31 07:35:18.536962567+00:00,TK101_TEMP,93.98503383901843,DEGF,Good,TK101,WTI
2025-08-31 07:35:18.536962567+00:00,TK101_VOLUME,39908.31193004455,BBL,Good,TK101,WTI
2025-08-31 07:35:18.536962567+00:00,TK102_LEVEL,52.11106199313343,PCT,Good,TK102,BRENT
2025-08-31 07:35:18.536962567+00:00,TK102_TEMP,94.99997557022554,DEGF,Good,TK102,BRENT
2025-08-31 07:35:18.536962567+00:00,TK102_VOLUME,24576.98023791728,BBL,Good,TK102,BRENT
2025-08-31 07:35:18.536962567+00:00,TK103_LEVEL,74.30145413888174,PCT,Good,TK103,MAYA
2025-08-31 07:35:18.536962567+00:00,TK103_TEMP,94.21775803985724,DEGF,Good,TK103,MAYA
2025-08-31 07:35:18.536962567+00:00,TK103_VOLUME,33861.42364737832,BBL,Good,TK103,MAYA
2025-08-31 07:35:18.536962567+00:00,TK104_LEVEL,75.22317557305644,PCT,Good,TK104,ARB
2025-08-31 07:35:18.536962567+00:00,TK104_TEMP,94.59453889227483,DEGF,Good,TK104,ARB
2025-08-31 07:35:18.536962567+00:00,TK104_VOLUME,41298.618744776235,BBL,Good,TK104,ARB
2025-08-31 07:35:18.536962567+00:00,TK105_LEVEL,56.065362269127625,PCT,Good,TK105,URALS
2025-08-31 07:35:18.536962567+00:00,TK105_TEMP,94.43967280728477,DEGF,Good,TK105,URALS
2025-08-31 07:35:18.536962567+00:00,TK105_VOLUME,28236.257951807824,BBL,Good,TK105,URALS
2025-08-31 07:35:18.536962567+00:00,VDU_FEED_RATE,17661.556083075604,BPD,Good,VDU001,BLEND_B
2025-08-31 08:53:08.807232837+00:00,CDU_FEED_RATE,43178.503618476,BPD,Good,CDU001,BLEND_A
2025-08-31 08:53:08.807232837+00:00,CDU_FEED_TEMP,476.44585607157546,DEGF,Good,CDU001,BLEND_A
2025-08-31 08:53:08.807232837+00:00,TK101_LEVEL,72.29663656075448,PCT,Good,TK101,WTI
2025-08-31 08:53:08.807232837+00:00,TK101_TEMP,93.34611521066073,DEGF,Good,TK101,WTI
2025-08-31 08:53:08.807232837+00:00,TK101_VOLUME,38989.800358029126,BBL,Good,TK101,WTI
2025-08-31 08:53:08.807232837+00:00,TK102_LEVEL,53.133474692144105,PCT,Good,TK102,BRENT
2025-08-31 08:53:08.807232837+00:00,TK102_TEMP,94.75184687564708,DEGF,Good,TK102,BRENT
2025-08-31 08:53:08.807232837+00:00,TK102_VOLUME,25059.17760134641,BBL,Good,TK102,BRENT
2025-08-31 08:53:08.807232837+00:00,TK103_LEVEL,76.08270389168013,PCT,Good,TK103,MAYA
2025-08-31 08:53:08.807232837+00:00,TK103_TEMP,93.99349938028708,DEGF,Good,TK103,MAYA
2025-08-31 08:53:08.807232837+00:00,TK103_VOLUME,34673.19312349858,BBL,Good,TK103,MAYA
2025-08-31 08:53:08.807232837+00:00,TK104_LEVEL,75.09874606410129,PCT,Good,TK104,ARB
2025-08-31 08:53:08.807232837+00:00,TK104_TEMP,94.32875716351404,DEGF,Good,TK104,ARB
2025-08-31 08:53:08.807232837+00:00,TK104_VOLUME,41230.30513249132,BBL,Good,TK104,ARB
2025-08-31 08:53:08.807232837+00:00,TK105_LEVEL,57.934482177006124,PCT,Good,TK105,URALS
2025-08-31 08:53:08.807232837+00:00,TK105_TEMP,94.59375364705774,DEGF,Good,TK105,URALS
2025-08-31 08:53:08.807232837+00:00,TK105_VOLUME,29177.60479637781,BBL,Good,TK105,URALS
2025-08-31 08:53:08.807232837+00:00,VDU_FEED_RATE,17489.09303870083,BPD,Good,VDU001,BLEND_B
2025-08-31 10:10:59.077503108+00:00,CDU_FEED_RATE,43014.357018527204,BPD,Good,CDU001,BLEND_A
2025-08-31 10:10:59.077503108+00:00,CDU_FEED_TEMP,476.1979288167965,DEGF,Good,CDU001,BLEND_A
2025-08-31 10:10:59.077503108+00:00,TK101_LEVEL,73.01328395074623,PCT,Good,TK101,WTI
2025-08-31 10:10:59.077503108+00:00,TK101_TEMP,94.22730386187895,DEGF,Good,TK101,WTI
2025-08-31 10:10:59.077503108+00:00,TK101_VOLUME,39376.29051845865,BBL,Good,TK101,WTI
2025-08-31 10:10:59.077503108+00:00,TK102_LEVEL,55.64225661367334,PCT,Good,TK102,BRENT
2025-08-31 10:10:59.077503108+00:00,TK102_TEMP,94.38454321048573,DEGF,Good,TK102,BRENT
2025-08-31 10:10:59.077503108+00:00,TK102_VOLUME,26242.386719494738,BBL,Good,TK102,BRENT
2025-08-31 10:10:59.077503108+00:00,TK103_LEVEL,75.77681333543232,PCT,Good,TK103,MAYA
2025-08-31 10:10:59.077503108+00:00,TK103_TEMP,94.06986400794779,DEGF,Good,TK103,MAYA
2025-08-31 10:10:59.077503108+00:00,TK103_VOLUME,34533.78952992317,BBL,Good,TK103,MAYA
2025-08-31 10:10:59.077503108+00:00,TK104_LEVEL,76.48714347026146,PCT,Good,TK104,ARB
2025-08-31 10:10:59.077503108+00:00,TK104_TEMP,95.35550110832489,DEGF,Good,TK104,ARB
2025-08-31 10:10:59.077503108+00:00,TK104_VOLUME,41992.555525490985,BBL,Good,TK104,ARB
2025-08-31 10:10:59.077503108+00:00,TK105_LEVEL,56.544727639560115,PCT,Good,TK105,URALS
2025-08-31 10:10:59.077503108+00:00,TK105_TEMP,94.13615824406712,DEGF,Good,TK105,URALS
2025-08-31 10:10:59.077503108+00:00,TK105_VOLUME,28477.681242497038,BBL,Good,TK105,URALS
2025-08-31 10:10:59.077503108+00:00,VDU_FEED_RATE,17327.931611722866,BPD,Good,VDU001,BLEND_B
2025-08-31 11:28:49.347773378+00:00,CDU_FEED_RATE,42813.46351067611,BPD,Good,CDU001,BLEND_A
2025-08-31 11:28:49.347773378+00:00,CDU_FEED_TEMP,476.3132801153239,DEGF,Good,CDU001,BLEND_A
2025-08-31 11:28:49.347773378+00:00,TK101_LEVEL,72.2776697397215,PCT,Good,TK101,WTI
2025-08-31 11:28:49.347773378+00:00,TK101_TEMP,93.82767872556884,DEGF,Good,TK101,WTI
2025-08-31 11:28:49.347773378+00:00,TK101_VOLUME,38979.571492611845,BBL,Good,TK101,WTI
2025-08-31 11:28:49.347773378+00:00,TK102_LEVEL,54.28183505260558,PCT,Good,TK102,BRENT
2025-08-31 11:28:49.347773378+00:00,TK102_TEMP,93.60548899857531,DEGF,Good,TK102,BRENT
2025-08-31 11:28:49.347773378+00:00,TK102_VOLUME,25600.775273809664,BBL,Good,TK102,BRENT
2025-08-31 11:28:49.347773378+00:00,TK103_LEVEL,75.32784623524952,PCT,Good,TK103,MAYA
2025-08-31 11:28:49.347773378+00:00,TK103_TEMP,93.87011107380012,DEGF,Good,TK103,MAYA
2025-08-31 11:28:49.347773378+00:00,TK103_VOLUME,34329.18162070771,BBL,Good,TK103,MAYA
2025-08-31 11:28:49.347773378+00:00,TK104_LEVEL,74.97922179729807,PCT,Good,TK104,ARB
2025-08-31 11:28:49.347773378+00:00,TK104_TEMP,94.9937839992003,DEGF,Good,TK104,ARB
2025-08-31 11:28:49.347773378+00:00,TK104_VOLUME,41164.68456957502,BBL,Good,TK104,ARB
2025-08-31 11:28:49.347773378+00:00,TK105_LEVEL,57.60624946051845,PCT,Good,TK105,URALS
2025-08-31 11:28:49.347773378+00:00,TK105_TEMP,93.92499134138075,DEGF,Good,TK105,URALS
2025-08-31 11:28:49.347773378+00:00,TK105_VOLUME,29012.296604726795,BBL,Good,TK105,URALS
2025-08-31 11:28:49.347773378+00:00,VDU_FEED_RATE,17389.501237903296,BPD,Good,VDU001,BLEND_B
2025-08-31 12:46:39.618043648+00:00,CDU_FEED_RATE,42375.51990286015,BPD,Good,CDU001,BLEND_A
2025-08-31 12:46:39.618043648+00:00,CDU_FEED_TEMP,475.5240177048291,DEGF,Good,CDU001,BLEND_A
2025-08-31 12:46:39.618043648+00:00,TK101_LEVEL,72.91811363105109,PCT,Good,TK101,WTI
2025-08-31 12:46:39.618043648+00:00,TK101_TEMP,94.14933557335729,DEGF,Good,TK101,WTI
2025-08-31 12:46:39.618043648+00:00,TK101_VOLUME,39324.964869833144,BBL,Good,TK101,WTI
2025-08-31 12:46:39.618043648+00:00,TK102_LEVEL,55.64628989495068,PCT,Good,TK102,BRENT
2025-08-31 12:46:39.618043648+00:00,TK102_TEMP,94.42583948155155,DEGF,Good,TK102,BRENT
2025-08-31 12:46:39.618043648+00:00,TK102_VOLUME,26244.288923565346,BBL,Good,TK102,BRENT
2025-08-31 12:46:39.618043648+00:00,TK103_LEVEL,75.93350325445901,PCT,Good,TK103,MAYA
2025-08-31 12:46:39.618043648+00:00,TK103_TEMP,94.53131445764414,DEGF,Good,TK103,MAYA
2025-08-31 12:46:39.618043648+00:00,TK103_VOLUME,34605.19787301587,BBL,Good,TK103,MAYA
2025-08-31 12:46:39.618043648+00:00,TK104_LEVEL,75.50922077048574,PCT,Good,TK104,ARB
2025-08-31 12:46:39.618043648+00:00,TK104_TEMP,94.16674216033073,DEGF,Good,TK104,ARB
2025-08-31 12:46:39.618043648+00:00,TK104_VOLUME,41455.661723385056,BBL,Good,TK104,ARB
2025-08-31 12:46:39.618043648+00:00,TK105_LEVEL,57.089758678434094,PCT,Good,TK105,URALS
2025-08-31 12:46:39.618043648+00:00,TK105_TEMP,94.6474991588068,DEGF,Good,TK105,URALS
2025-08-31 12:46:39.618043648+00:00,TK105_VOLUME,28752.175803533017,BBL,Good,TK105,URALS
2025-08-31 12:46:39.618043648+00:00,VDU_FEED_RATE,17211.65533262496,BPD,Good,VDU001,BLEND_B
2025-08-31 14:04:29.888313918+00:00,CDU_FEED_RATE,42731.7228835314,BPD,Good,CDU001,BLEND_A
2025-08-31 14:04:29.888313918+00:00,CDU_FEED_TEMP,476.1761477667288,DEGF,Good,CDU001,BLEND_A
2025-08-31 14:04:29.888313918+00:00,TK101_LEVEL,74.14733399132781,PCT,Good,TK101,WTI
2025-08-31 14:04:29.888313918+00:00,TK101_TEMP,94.32013336576622,DEGF,Good,TK101,WTI
2025-08-31 14:04:29.888313918+00:00,TK101_VOLUME,39987.88722311494,BBL,Good,TK101,WTI
2025-08-31 14:04:29.888313918+00:00,TK102_LEVEL,54.81658785644915,PCT,Good,TK102,BRENT
2025-08-31 14:04:29.888313918+00:00,TK102_TEMP,93.80021172760016,DEGF,Good,TK102,BRENT
2025-08-31 14:04:29.888313918+00:00,TK102_VOLUME,25852.979097519226,BBL,Good,TK102,BRENT
2025-08-31 14:04:29.888313918+00:00,TK103_LEVEL,78.66615701267729,PCT,Good,TK103,MAYA
2025-08-31 14:04:29.888313918+00:00,TK103_TEMP,94.31391966356621,DEGF,Good,TK103,MAYA
2025-08-31 14:04:29.888313918+00:00,TK103_VOLUME,35850.55097762231,BBL,Good,TK103,MAYA
2025-08-31 14:04:29.888313918+00:00,TK104_LEVEL,74.01554417034207,PCT,Good,TK104,ARB
2025-08-31 14:04:29.888313918+00:00,TK104_TEMP,94.20191353370525,DEGF,Good,TK104,ARB
2025-08-31 14:04:29.888313918+00:00,TK104_VOLUME,40635.611519875405,BBL,Good,TK104,ARB
2025-08-31 14:04:29.888313918+00:00,TK105_LEVEL,57.86831378007442,PCT,Good,TK105,URALS
2025-08-31 14:04:29.888313918+00:00,TK105_TEMP,94.44654766290907,DEGF,Good,TK105,URALS
2025-08-31 14:04:29.888313918+00:00,TK105_VOLUME,29144.28033634752,BBL,Good,TK105,URALS
2025-08-31 14:04:29.888313918+00:00,VDU_FEED_RATE,17240.146950305138,BPD,Good,VDU001,BLEND_B
2025-08-31 15:22:20.158584189+00:00,CDU_FEED_RATE,42545.64133455538,BPD,Good,CDU001,BLEND_A
2025-08-31 15:22:20.158584189+00:00,CDU_FEED_TEMP,474.89723996761404,DEGF,Good,CDU001,BLEND_A
2025-08-31 15:22:20.158584189+00:00,TK101_LEVEL,71.64990654448091,PCT,Good,TK101,WTI
2025-08-31 15:22:20.158584189+00:00,TK101_TEMP,93.54732260813556,DEGF,Good,TK101,WTI
2025-08-31 15:22:20.158584189+00:00,TK101_VOLUME,38641.016854126276,BBL,Good,TK101,WTI
2025-08-31 15:22:20.158584189+00:00,TK102_LEVEL,55.25836521906627,PCT,Good,TK102,BRENT
2025-08-31 15:22:20.158584189+00:00,TK102_TEMP,95.13132634788,DEGF,Good,TK102,BRENT
2025-08-31 15:22:20.158584189+00:00,TK102_VOLUME,26061.33319922667,BBL,Good,TK102,BRENT
2025-08-31 15:22:20.158584189+00:00,TK103_LEVEL,76.80344778181691,PCT,Good,TK103,MAYA
2025-08-31 15:22:20.158584189+00:00,TK103_TEMP,94.06856184082494,DEGF,Good,TK103,MAYA
2025-08-31 15:22:20.158584189+00:00,TK103_VOLUME,35001.65794949733,BBL,Good,TK103,MAYA
2025-08-31 15:22:20.158584189+00:00,TK104_LEVEL,76.37124641077905,PCT,Good,TK104,ARB
2025-08-31 15:22:20.158584189+00:00,TK104_TEMP,94.63499707588599,DEGF,Good,TK104,ARB
2025-08-31 15:22:20.158584189+00:00,TK104_VOLUME,41928.92635221105,BBL,Good,TK104,ARB
2025-08-31 15:22:20.158584189+00:00,TK105_LEVEL,57.55541003176951,PCT,Good,TK105,URALS
2025-08-31 15:22:20.158584189+00:00,TK105_TEMP,93.68883439176845,DEGF,Good,TK105,URALS
2025-08-31 15:22:20.158584189+00:00,TK105_VOLUME,28986.692289224706,BBL,Good,TK105,URALS
2025-08-31 15:22:20.158584189+00:00,VDU_FEED_RATE,17336.928405830116,BPD,Good,VDU001,BLEND_B
2025-08-31 16:40:10.428854459+00:00,CDU_FEED_RATE,42554.82529753246,BPD,Good,CDU001,BLEND_A
2025-08-31 16:40:10.428854459+00:00,CDU_FEED_TEMP,474.565973649638,DEGF,Good,CDU001,BLEND_A
2025-08-31 16:40:10.428854459+00:00,TK101_LEVEL,73.90202975785836,PCT,Good,TK101,WTI
2025-08-31 16:40:10.428854459+00:00,TK101_TEMP,93.63033624281695,DEGF,Good,TK101,WTI
2025-08-31 16:40:10.428854459+00:00,TK101_VOLUME,39855.593889082505,BBL,Good,TK101,WTI
2025-08-31 16:40:10.428854459+00:00,TK102_LEVEL,53.66528854468577,PCT,Good,TK102,BRENT
2025-08-31 16:40:10.428854459+00:00,TK102_TEMP,94.84276277840388,DEGF,Good,TK102,BRENT
2025-08-31 16:40:10.428854459+00:00,TK102_VOLUME,25309.99533647316,BBL,Good,TK102,BRENT
2025-08-31 16:40:10.428854459+00:00,TK103_LEVEL,77.10879998695042,PCT,Good,TK103,MAYA
2025-08-31 16:40:10.428854459+00:00,TK103_TEMP,94.10704300281499,DEGF,Good,TK103,MAYA
2025-08-31 16:40:10.428854459+00:00,TK103_VOLUME,35140.81620016036,BBL,Good,TK103,MAYA
2025-08-31 16:40:10.428854459+00:00,TK104_LEVEL,77.698302151477,PCT,Good,TK104,ARB
2025-08-31 16:40:10.428854459+00:00,TK104_TEMP,94.01915582226445,DEGF,Good,TK104,ARB
2025-08-31 16:40:10.428854459+00:00,TK104_VOLUME,42657.499277651084,BBL,Good,TK104,ARB
2025-08-31 16:40:10.428854459+00:00,TK105_LEVEL,54.454655442580986,PCT,Good,TK105,URALS
2025-08-31 16:40:10.428854459+00:00,TK105_TEMP,94.2741306007645,DEGF,Good,TK105,URALS
2025-08-31 16:40:10.428854459+00:00,TK105_VOLUME,27425.055961873433,BBL,Good,TK105,URALS
2025-08-31 16:40:10.428854459+00:00,VDU_FEED_RATE,17124.278846713263,BPD,Good,VDU001,BLEND_B
2025-08-31 17:58:00.699124729+00:00,CDU_FEED_RATE,42067.26184373532,BPD,Good,CDU001,BLEND_A
2025-08-31 17:58:00.699124729+00:00,CDU_FEED_TEMP,474.3147360778152,DEGF,Good,CDU001,BLEND_A
2025-08-31 17:58:00.699124729+00:00,TK101_LEVEL,73.81571359084967,PCT,Good,TK101,WTI
2025-08-31 17:58:00.699124729+00:00,TK101_TEMP,94.71600588496706,DEGF,Good,TK101,WTI
2025-08-31 17:58:00.699124729+00:00,TK101_VOLUME,39809.04331246597,BBL,Good,TK101,WTI
2025-08-31 17:58:00.699124729+00:00,TK102_LEVEL,55.200508368387915,PCT,Good,TK102,BRENT
2025-08-31 17:58:00.699124729+00:00,TK102_TEMP,94.52269198644817,DEGF,Good,TK102,BRENT
2025-08-31 17:58:00.699124729+00:00,TK102_VOLUME,26034.04635030508,BBL,Good,TK102,BRENT
2025-08-31 17:58:00.699124729+00:00,TK103_LEVEL,77.01361014684535,PCT,Good,TK103,MAYA
2025-08-31 17:58:00.699124729+00:00,TK103_TEMP,93.8697731033129,DEGF,Good,TK103,MAYA
2025-08-31 17:58:00.699124729+00:00,TK103_VOLUME,35097.43530620506,BBL,Good,TK103,MAYA
2025-08-31 17:58:00.699124729+00:00,TK104_LEVEL,76.58903245929982,PCT,Good,TK104,ARB
2025-08-31 17:58:00.699124729+00:00,TK104_TEMP,95.05811662047054,DEGF,Good,TK104,ARB
2025-08-31 17:58:00.699124729+00:00,TK104_VOLUME,42048.494064119936,BBL,Good,TK104,ARB
2025-08-31 17:58:00.699124729+00:00,TK105_LEVEL,57.81694929931236,PCT,Good,TK105,URALS
2025-08-31 17:58:00.699124729+00:00,TK105_TEMP,94.43352395546351,DEGF,Good,TK105,URALS
2025-08-31 17:58:00.699124729+00:00,TK105_VOLUME,29118.411588342362,BBL,Good,TK105,URALS
2025-08-31 17:58:00.699124729+00:00,VDU_FEED_RATE,17144.524707420223,BPD,Good,VDU001,BLEND_B
2025-08-31 19:15:50.969395+00:00,CDU_FEED_RATE,42534.919644906804,BPD,Good,CDU001,BLEND_A
2025-08-31 19:15:50.969395+00:00,CDU_FEED_TEMP,473.46382676274624,DEGF,Good,CDU001,BLEND_A
2025-08-31 19:15:50.969395+00:00,TK101_LEVEL,73.11396633803056,PCT,Good,TK101,WTI
2025-08-31 19:15:50.969395+00:00,TK101_TEMP,94.2492058148667,DEGF,Good,TK101,WTI
2025-08-31 19:15:50.969395+00:00,TK101_VOLUME,39430.58884223319,BBL,Good,TK101,WTI
2025-08-31 19:15:50.969395+00:00,TK102_LEVEL,55.53540995347956,PCT,Good,TK102,BRENT
2025-08-31 19:15:50.969395+00:00,TK102_TEMP,93.29237733132787,DEGF,Good,TK102,BRENT
2025-08-31 19:15:50.969395+00:00,TK102_VOLUME,26191.99495706211,BBL,Good,TK102,BRENT
2025-08-31 19:15:50.969395+00:00,TK103_LEVEL,77.77927370435415,PCT,Good,TK103,MAYA
2025-08-31 19:15:50.969395+00:00,TK103_TEMP,94.99998583357014,DEGF,Good,TK103,MAYA
2025-08-31 19:15:50.969395+00:00,TK103_VOLUME,35446.37138548694,BBL,Good,TK103,MAYA
2025-08-31 19:15:50.969395+00:00,TK104_LEVEL,77.4597445592573,PCT,Good,TK104,ARB
2025-08-31 19:15:50.969395+00:00,TK104_TEMP,94.69136542387332,DEGF,Good,TK104,ARB
2025-08-31 19:15:50.969395+00:00,TK104_VOLUME,42526.52768578862,BBL,Good,TK104,ARB
2025-08-31 19:15:50.969395+00:00,TK105_LEVEL,58.41034884511641,PCT,Good,TK105,URALS
2025-08-31 19:15:50.969395+00:00,TK105_TEMP,94.25533622943729,DEGF,Good,TK105,URALS
2025-08-31 19:15:50.969395+00:00,TK105_VOLUME,29417.2660319002,BBL,Good,TK105,URALS
2025-08-31 19:15:50.969395+00:00,VDU_FEED_RATE,16940.120036827288,BPD,Good,VDU001,BLEND_B
2025-08-31 20:33:41.239665270+00:00,CDU_FEED_RATE,41830.477136093716,BPD,Good,CDU001,BLEND_A
2025-08-31 20:33:41.239665270+00:00,CDU_FEED_TEMP,473.3324588227329,DEGF,Good,CDU001,BLEND_A
2025-08-31 20:33:41.239665270+00:00,TK101_LEVEL,72.41169635168166,PCT,Good,TK101,WTI
2025-08-31 20:33:41.239665270+00:00,TK101_TEMP,93.26256676707413,DEGF,Good,TK101,WTI
2025-08-31 20:33:41.239665270+00:00,TK101_VOLUME,39051.85246018629,BBL,Good,TK101,WTI
2025-08-31 20:33:41.239665270+00:00,TK102_LEVEL,54.37968633951427,PCT,Good,TK102,BRENT
2025-08-31 20:33:41.239665270+00:00,TK102_TEMP,94.0532309486549,DEGF,Good,TK102,BRENT
2025-08-31 20:33:41.239665270+00:00,TK102_VOLUME,25646.92457594683,BBL,Good,TK102,BRENT
2025-08-31 20:33:41.239665270+00:00,TK103_LEVEL,76.25937779994398,PCT,Good,TK103,MAYA
2025-08-31 20:33:41.239665270+00:00,TK103_TEMP,94.5842477727503,DEGF,Good,TK103,MAYA
2025-08-31 20:33:41.239665270+00:00,TK103_VOLUME,34753.70877591069,BBL,Good,TK103,MAYA
2025-08-31 20:33:41.239665270+00:00,TK104_LEVEL,75.30148116787541,PCT,Good,TK104,ARB
2025-08-31 20:33:41.239665270+00:00,TK104_TEMP,94.67316839341368,DEGF,Good,TK104,ARB
2025-08-31 20:33:41.239665270+00:00,TK104_VOLUME,41341.60965657138,BBL,Good,TK104,ARB
2025-08-31 20:33:41.239665270+00:00,TK105_LEVEL,58.36376215349836,PCT,Good,TK105,URALS
2025-08-31 20:33:41.239665270+00:00,TK105_TEMP,95.28580673525548,DEGF,Good,TK105,URALS
2025-08-31 20:33:41.239665270+00:00,TK105_VOLUME,29393.803526916563,BBL,Good,TK105,URALS
2025-08-31 20:33:41.239665270+00:00,VDU_FEED_RATE,16970.851694823592,BPD,Good,VDU001,BLEND_B
2025-08-31 21:51:31.509935540+00:00,CDU_FEED_RATE,41574.51728362891,BPD,Good,CDU001,BLEND_A
2025-08-31 21:51:31.509935540+00:00,CDU_FEED_TEMP,473.3212559434856,DEGF,Good,CDU001,BLEND_A
2025-08-31 21:51:31.509935540+00:00,TK101_LEVEL,74.09871442914715,PCT,Good,TK101,WTI
2025-08-31 21:51:31.509935540+00:00,TK101_TEMP,94.97051140509525,DEGF,Good,TK101,WTI
2025-08-31 21:51:31.509935540+00:00,TK101_VOLUME,39961.66654241528,BBL,Good,TK101,WTI
2025-08-31 21:51:31.509935540+00:00,TK102_LEVEL,55.68470471772731,PCT,Good,TK102,BRENT
2025-08-31 21:51:31.509935540+00:00,TK102_TEMP,94.92196995259111,DEGF,Good,TK102,BRENT
2025-08-31 21:51:31.509935540+00:00,TK102_VOLUME,26262.40638853562,BBL,Good,TK102,BRENT
2025-08-31 21:51:31.509935540+00:00,TK103_LEVEL,74.5635188805326,PCT,Good,TK103,MAYA
2025-08-31 21:51:31.509935540+00:00,TK103_TEMP,94.14668937700455,DEGF,Good,TK103,MAYA
2025-08-31 21:51:31.509935540+00:00,TK103_VOLUME,33980.854489518955,BBL,Good,TK103,MAYA
2025-08-31 21:51:31.509935540+00:00,TK104_LEVEL,76.55273830144412,PCT,Good,TK104,ARB
2025-08-31 21:51:31.509935540+00:00,TK104_TEMP,94.92156622067658,DEGF,Good,TK104,ARB
2025-08-31 21:51:31.509935540+00:00,TK104_VOLUME,42028.568042963205,BBL,Good,TK104,ARB
2025-08-31 21:51:31.509935540+00:00,TK105_LEVEL,57.984078574314495,PCT,Good,TK105,URALS
2025-08-31 21:51:31.509935540+00:00,TK105_TEMP,94.81800890524228,DEGF,Good,TK105,URALS
2025-08-31 21:51:31.509935540+00:00,TK105_VOLUME,29202.583082635145,BBL,Good,TK105,URALS
2025-08-31 21:51:31.509935540+00:00,VDU_FEED_RATE,17136.759949849547,BPD,Good,VDU001,BLEND_B
2025-08-31 23:09:21.780205810+00:00,CDU_FEED_RATE,41416.45560313079,BPD,Good,CDU001,BLEND_A
2025-08-31 23:09:21.780205810+00:00,CDU_FEED_TEMP,473.89766859060796,DEGF,Good,CDU001,BLEND_A
2025-08-31 23:09:21.780205810+00:00,TK101_LEVEL,73.68476957544421,PCT,Good,TK101,WTI
2025-08-31 23:09:21.780205810+00:00,TK101_TEMP,94.74619713828474,DEGF,Good,TK101,WTI
2025-08-31 23:09:21.780205810+00:00,TK101_VOLUME,39738.424798775544,BBL,Good,TK101,WTI
2025-08-31 23:09:21.780205810+00:00,TK102_LEVEL,55.8790294687607,PCT,Good,TK102,BRENT
2025-08-31 23:09:21.780205810+00:00,TK102_TEMP,95.2164541065092,DEGF,Good,TK102,BRENT
2025-08-31 23:09:21.780205810+00:00,TK102_VOLUME,26354.055174478905,BBL,Good,TK102,BRENT
2025-08-31 23:09:21.780205810+00:00,TK103_LEVEL,76.6173714182766,PCT,Good,TK103,MAYA
2025-08-31 23:09:21.780205810+00:00,TK103_TEMP,95.01428613544863,DEGF,Good,TK103,MAYA
2025-08-31 23:09:21.780205810+00:00,TK103_VOLUME,34916.85731336408,BBL,Good,TK103,MAYA
2025-08-31 23:09:21.780205810+00:00,TK104_LEVEL,75.56093145812125,PCT,Good,TK104,ARB
2025-08-31 23:09:21.780205810+00:00,TK104_TEMP,95.47142720233215,DEGF,Good,TK104,ARB
2025-08-31 23:09:21.780205810+00:00,TK104_VOLUME,41484.05164387725,BBL,Good,TK104,ARB
2025-08-31 23:09:21.780205810+00:00,TK105_LEVEL,59.9165035755282,PCT,Good,TK105,URALS
2025-08-31 23:09:21.780205810+00:00,TK105_TEMP,95.29659971959195,DEGF,Good,TK105,URALS
2025-08-31 23:09:21.780205810+00:00,TK105_VOLUME,30175.81233860374,BBL,Good,TK105,URALS
2025-08-31 23:09:21.780205810+00:00,VDU_FEED_RATE,16788.877656792363,BPD,Good,VDU001,BLEND_B
2025-09-01 00:27:12.050476081+00:00,CDU_FEED_RATE,41106.82505430485,BPD,Good,CDU001,BLEND_A
2025-09-01 00:27:12.050476081+00:00,CDU_FEED_TEMP,473.06404828054355,DEGF,Good,CDU001,BLEND_A
2025-09-01 00:27:12.050476081+00:00,TK101_LEVEL,74.6530777098693,PCT,Good,TK101,WTI
2025-09-01 00:27:12.050476081+00:00,TK101_TEMP,94.28376605614326,DEGF,Good,TK101,WTI
2025-09-01 00:27:12.050476081+00:00,TK101_VOLUME,40260.636379317926,BBL,Good,TK101,WTI
2025-09-01 00:27:12.050476081+00:00,TK102_LEVEL,54.96942830306237,PCT,Good,TK102,BRENT
2025-09-01 00:27:12.050476081+00:00,TK102_TEMP,95.19528837390757,DEGF,Good,TK102,BRENT
2025-09-01 00:27:12.050476081+00:00,TK102_VOLUME,25925.062768284995,BBL,Good,TK102,BRENT
2025-09-01 00:27:12.050476081+00:00,TK103_LEVEL,77.82383247528571,PCT,Good,TK103,MAYA
2025-09-01 00:27:12.050476081+00:00,TK103_TEMP,94.36047906326432,DEGF,Good,TK103,MAYA
2025-09-01 00:27:12.050476081+00:00,TK103_VOLUME,35466.67816732865,BBL,Good,TK103,MAYA
2025-09-01 00:27:12.050476081+00:00,TK104_LEVEL,76.48246505091589,PCT,Good,TK104,ARB
2025-09-01 00:27:12.050476081+00:00,TK104_TEMP,94.72618114425526,DEGF,Good,TK104,ARB
2025-09-01 00:27:12.050476081+00:00,TK104_VOLUME,41989.98700514591,BBL,Good,TK104,ARB
2025-09-01 00:27:12.050476081+00:00,TK105_LEVEL,58.79185422672605,PCT,Good,TK105,URALS
2025-09-01 00:27:12.050476081+00:00,TK105_TEMP,94.77241609898759,DEGF,Good,TK105,URALS
2025-09-01 00:27:12.050476081+00:00,TK105_VOLUME,29609.403992472417,BBL,Good,TK105,URALS
2025-09-01 00:27:12.050476081+00:00,VDU_FEED_RATE,16818.20650725859,BPD,Good,VDU001,BLEND_B
2025-09-01 01:45:02.320746351+00:00,CDU_FEED_RATE,41802.88181194385,BPD,Good,CDU001,BLEND_A
2025-09-01 01:45:02.320746351+00:00,CDU_FEED_TEMP,472.59712758288333,DEGF,Good,CDU001,BLEND_A
2025-09-01 01:45:02.320746351+00:00,TK101_LEVEL,74.6664320596787,PCT,Good,TK101,WTI
2025-09-01 01:45:02.320746351+00:00,TK101_TEMP,94.01174397026793,DEGF,Good,TK101,WTI
2025-09-01 01:45:02.320746351+00:00,TK101_VOLUME,40267.83842159471,BBL,Good,TK101,WTI
2025-09-01 01:45:02.320746351+00:00,TK102_LEVEL,54.62039090756212,PCT,Good,TK102,BRENT
2025-09-01 01:45:02.320746351+00:00,TK102_TEMP,93.87415257467632,DEGF,Good,TK102,BRENT
2025-09-01 01:45:02.320746351+00:00,TK102_VOLUME,25760.447332648044,BBL,Good,TK102,BRENT
2025-09-01 01:45:02.320746351+00:00,TK103_LEVEL,76.2664747858148,PCT,Good,TK103,MAYA
2025-09-01 01:45:02.320746351+00:00,TK103_TEMP,93.96690876229093,DEGF,Good,TK103,MAYA
2025-09-01 01:45:02.320746351+00:00,TK103_VOLUME,34756.94308737843,BBL,Good,TK103,MAYA
2025-09-01 01:45:02.320746351+00:00,TK104_LEVEL,77.70662048949039,PCT,Good,TK104,ARB
2025-09-01 01:45:02.320746351+00:00,TK104_TEMP,94.61363889036136,DEGF,Good,TK104,ARB
2025-09-01 01:45:02.320746351+00:00,TK104_VOLUME,42662.06616634713,BBL,Good,TK104,ARB
2025-09-01 01:45:02.320746351+00:00,TK105_LEVEL,59.14233281343815,PCT,Good,TK105,URALS
2025-09-01 01:45:02.320746351+00:00,TK105_TEMP,94.71085299400958,DEGF,Good,TK105,URALS
2025-09-01 01:45:02.320746351+00:00,TK105_VOLUME,29785.915895373953,BBL,Good,TK105,URALS
2025-09-01 01:45:02.320746351+00:00,VDU_FEED_RATE,16514.17151598923,BPD,Good,VDU001,BLEND_B
2025-09-01 03:02:52.591016621+00:00,CDU_FEED_RATE,41646.04030816325,BPD,Good,CDU001,BLEND_A
2025-09-01 03:02:52.591016621+00:00,CDU_FEED_TEMP,473.21981429374546,DEGF,Good,CDU001,BLEND_A
2025-09-01 03:02:52.591016621+00:00,TK101_LEVEL,76.48811678749709,PCT,Good,TK101,WTI
2025-09-01 03:02:52.591016621+00:00,TK101_TEMP,95.11627925653615,DEGF,Good,TK101,WTI
2025-09-01 03:02:52.591016621+00:00,TK101_VOLUME,41250.27864608872,BBL,Good,TK101,WTI
2025-09-01 03:02:52.591016621+00:00,TK102_LEVEL,54.80078898995575,PCT,Good,TK102,BRENT
2025-09-01 03:02:52.591016621+00:00,TK102_TEMP,94.84915146178542,DEGF,Good,TK102,BRENT
2025-09-01 03:02:52.591016621+00:00,TK102_VOLUME,25845.527926601982,BBL,Good,TK102,BRENT
2025-09-01 03:02:52.591016621+00:00,TK103_LEVEL,77.30166721246144,PCT,Good,TK103,MAYA
2025-09-01 03:02:52.591016621+00:00,TK103_TEMP,95.20898645298854,DEGF,Good,TK103,MAYA
2025-09-01 03:02:52.591016621+00:00,TK103_VOLUME,35228.7116378259,BBL,Good,TK103,MAYA
2025-09-01 03:02:52.591016621+00:00,TK104_LEVEL,77.27798760726209,PCT,Good,TK104,ARB
2025-09-01 03:02:52.591016621+00:00,TK104_TEMP,95.45273512004026,DEGF,Good,TK104,ARB
2025-09-01 03:02:52.591016621+00:00,TK104_VOLUME,42426.74047250656,BBL,Good,TK104,ARB
2025-09-01 03:02:52.591016621+00:00,TK105_LEVEL,59.99090938931652,PCT,Good,TK105,URALS
2025-09-01 03:02:52.591016621+00:00,TK105_TEMP,94.23007639957385,DEGF,Good,TK105,URALS
2025-09-01 03:02:52.591016621+00:00,TK105_VOLUME,30213.28541763525,BBL,Good,TK105,URALS
2025-09-01 03:02:52.591016621+00:00,VDU_FEED_RATE,16841.64999553765,BPD,Good,VDU001,BLEND_B
2025-09-01 04:20:42.861286891+00:00,CDU_FEED_RATE,41341.27212405542,BPD,Good,CDU001,BLEND_A
2025-09-01 04:20:42.861286891+00:00,CDU_FEED_TEMP,473.1577602331146,DEGF,Good,CDU001,BLEND_A
2025-09-01 04:20:42.861286891+00:00,TK101_LEVEL,74.90582413828923,PCT,Good,TK101,WTI
2025-09-01 04:20:42.861286891+00:00,TK101_TEMP,94.90002386085663,DEGF,Good,TK101,WTI
2025-09-01 04:20:42.861286891+00:00,TK101_VOLUME,40396.9433121725,BBL,Good,TK101,WTI
2025-09-01 04:20:42.861286891+00:00,TK102_LEVEL,56.33026473336157,PCT,Good,TK102,BRENT
2025-09-01 04:20:42.861286891+00:00,TK102_TEMP,95.23310615781789,DEGF,Good,TK102,BRENT
2025-09-01 04:20:42.861286891+00:00,TK102_VOLUME,26566.86987747245,BBL,Good,TK102,BRENT
2025-09-01 04:20:42.861286891+00:00,TK103_LEVEL,77.04510528953455,PCT,Good,TK103,MAYA
2025-09-01 04:20:42.861286891+00:00,TK103_TEMP,94.45680005479336,DEGF,Good,TK103,MAYA
2025-09-01 04:20:42.861286891+00:00,TK103_VOLUME,35111.788596888175,BBL,Good,TK103,MAYA
2025-09-01 04:20:42.861286891+00:00,TK104_LEVEL,76.02236784114366,PCT,Good,TK104,ARB
2025-09-01 04:20:42.861286891+00:00,TK104_TEMP,95.20912375757199,DEGF,Good,TK104,ARB
2025-09-01 04:20:42.861286891+00:00,TK104_VOLUME,41737.38693731887,BBL,Good,TK104,ARB
2025-09-01 04:20:42.861286891+00:00,TK105_LEVEL,59.56785236454864,PCT,Good,TK105,URALS
2025-09-01 04:20:42.861286891+00:00,TK105_TEMP,94.7313133161747,DEGF,Good,TK105,URALS
2025-09-01 04:20:42.861286891+00:00,TK105_VOLUME,30000.220758883406,BBL,Good,TK105,URALS
2025-09-01 04:20:42.861286891+00:00,VDU_FEED_RATE,16535.892088049004,BPD,Good,VDU001,BLEND_B
2025-09-01 05:38:33.131557162+00:00,CDU_FEED_RATE,40859.26915108713,BPD,Good,CDU001,BLEND_A
2025-09-01 05:38:33.131557162+00:00,CDU_FEED_TEMP,472.79427393651605,DEGF,Good,CDU001,BLEND_A
2025-09-01 05:38:33.131557162+00:00,TK101_LEVEL,74.39707732421057,PCT,Good,TK101,WTI
2025-09-01 05:38:33.131557162+00:00,TK101_TEMP,95.94237648370843,DEGF,Good,TK101,WTI
2025-09-01 05:38:33.131557162+00:00,TK101_VOLUME,40122.57457723085,BBL,Good,TK101,WTI
2025-09-01 05:38:33.131557162+00:00,TK102_LEVEL,56.846164111299615,PCT,Good,TK102,BRENT
2025-09-01 05:38:33.131557162+00:00,TK102_TEMP,93.92190755957527,DEGF,Good,TK102,BRENT
2025-09-01 05:38:33.131557162+00:00,TK102_VOLUME,26810.181917783735,BBL,Good,TK102,BRENT
2025-09-01 05:38:33.131557162+00:00,TK103_LEVEL,79.51429933545018,PCT,Good,TK103,MAYA
2025-09-01 05:38:33.131557162+00:00,TK103_TEMP,94.546625797262,DEGF,Good,TK103,MAYA
2025-09-01 05:38:33.131557162+00:00,TK103_VOLUME,36237.07512896669,BBL,Good,TK103,MAYA
2025-09-01 05:38:33.131557162+00:00,TK104_LEVEL,76.39537480927733,PCT,Good,TK104,ARB
2025-09-01 05:38:33.131557162+00:00,TK104_TEMP,94.59058542217453,DEGF,Good,TK104,ARB
2025-09-01 05:38:33.131557162+00:00,TK104_VOLUME,41942.173194330004,BBL,Good,TK104,ARB
2025-09-01 05:38:33.131557162+00:00,TK105_LEVEL,58.58263666250803,PCT,Good,TK105,URALS
2025-09-01 05:38:33.131557162+00:00,TK105_TEMP,94.75760230520412,DEGF,Good,TK105,URALS
2025-09-01 05:38:33.131557162+00:00,TK105_VOLUME,29504.035528375967,BBL,Good,TK105,URALS
2025-09-01 05:38:33.131557162+00:00,VDU_FEED_RATE,16672.96238275385,BPD,Good,VDU001,BLEND_B
2025-09-01 06:56:23.401827432+00:00,CDU_FEED_RATE,41432.83126855508,BPD,Good,CDU001,BLEND_A
2025-09-01 06:56:23.401827432+00:00,CDU_FEED_TEMP,471.533483697713,DEGF,Good,CDU001,BLEND_A
2025-09-01 06:56:23.401827432+00:00,TK101_LEVEL,75.89123403910796,PCT,Good,TK101,WTI
2025-09-01 06:56:23.401827432+00:00,TK101_TEMP,94.98564668883932,DEGF,Good,TK101,WTI
2025-09-01 06:56:23.401827432+00:00,TK101_VOLUME,40928.37792837986,BBL,Good,TK101,WTI
2025-09-01 06:56:23.401827432+00:00,TK102_LEVEL,56.01801199937159,PCT,Good,TK102,BRENT
2025-09-01 06:56:23.401827432+00:00,TK102_TEMP,94.77160013179024,DEGF,Good,TK102,BRENT
2025-09-01 06:56:23.401827432+00:00,TK102_VOLUME,26419.603078850716,BBL,Good,TK102,BRENT
2025-09-01 06:56:23.401827432+00:00,TK103_LEVEL,79.05311068633281,PCT,Good,TK103,MAYA
2025-09-01 06:56:23.401827432+00:00,TK103_TEMP,94.79614239965144,DEGF,Good,TK103,MAYA
2025-09-01 06:56:23.401827432+00:00,TK103_VOLUME,36026.897489644376,BBL,Good,TK103,MAYA
2025-09-01 06:56:23.401827432+00:00,TK104_LEVEL,76.6206235706435,PCT,Good,TK104,ARB
2025-09-01 06:56:23.401827432+00:00,TK104_TEMP,94.77814561380637,DEGF,Good,TK104,ARB
2025-09-01 06:56:23.401827432+00:00,TK104_VOLUME,42065.8380442586,BBL,Good,TK104,ARB
2025-09-01 06:56:23.401827432+00:00,TK105_LEVEL,57.33370058946181,PCT,Good,TK105,URALS
2025-09-01 06:56:23.401827432+00:00,TK105_TEMP,94.09199544745974,DEGF,Good,TK105,URALS
2025-09-01 06:56:23.401827432+00:00,TK105_VOLUME,28875.032527297175,BBL,Good,TK105,URALS
2025-09-01 06:56:23.401827432+00:00,VDU_FEED_RATE,16474.609637112786,BPD,Good,VDU001,BLEND_B
2025-09-01 08:14:13.672097702+00:00,CDU_FEED_RATE,40793.44414656893,BPD,Good,CDU001,BLEND_A
2025-09-01 08:14:13.672097702+00:00,CDU_FEED_TEMP,471.5151235638018,DEGF,Good,CDU001,BLEND_A
2025-09-01 08:14:13.672097702+00:00,TK101_LEVEL,76.23872978500036,PCT,Good,TK101,WTI
2025-09-01 08:14:13.672097702+00:00,TK101_TEMP,94.99262812444032,DEGF,Good,TK101,WTI
2025-09-01 08:14:13.672097702+00:00,TK101_VOLUME,41115.78346205532,BBL,Good,TK101,WTI
2025-09-01 08:14:13.672097702+00:00,TK102_LEVEL,57.14389786803254,PCT,Good,TK102,BRENT
2025-09-01 08:14:13.672097702+00:00,TK102_TEMP,94.93569775296353,DEGF,Good,TK102,BRENT
2025-09-01 08:14:13.672097702+00:00,TK102_VOLUME,26950.601175720756,BBL,Good,TK102,BRENT
2025-09-01 08:14:13.672097702+00:00,TK103_LEVEL,79.26196898844715,PCT,Good,TK103,MAYA
2025-09-01 08:14:13.672097702+00:00,TK103_TEMP,95.37007116520437,DEGF,Good,TK103,MAYA
2025-09-01 08:14:13.672097702+00:00,TK103_VOLUME,36122.08054537498,BBL,Good,TK103,MAYA
2025-09-01 08:14:13.672097702+00:00,TK104_LEVEL,78.8000147889508,PCT,Good,TK104,ARB
2025-09-01 08:14:13.672097702+00:00,TK104_TEMP,94.8964670117787,DEGF,Good,TK104,ARB
2025-09-01 08:14:13.672097702+00:00,TK104_VOLUME,43262.35555810875,BBL,Good,TK104,ARB
2025-09-01 08:14:13.672097702+00:00,TK105_LEVEL,59.6016917981003,PCT,Good,TK105,URALS
2025-09-01 08:14:13.672097702+00:00,TK105_TEMP,94.5290128189241,DEGF,Good,TK105,URALS
2025-09-01 08:14:13.672097702+00:00,TK105_VOLUME,30017.263348747016,BBL,Good,TK105,URALS
2025-09-01 08:14:13.672097702+00:00,VDU_FEED_RATE,16517.13438910227,BPD,Good,VDU001,BLEND_B
2025-09-01 09:32:03.942367973+00:00,CDU_FEED_RATE,40720.22743200854,BPD,Good,CDU001,BLEND_A
2025-09-01 09:32:03.942367973+00:00,CDU_FEED_TEMP,472.48183581478776,DEGF,Good,CDU001,BLEND_A
2025-09-01 09:32:03.942367973+00:00,TK101_LEVEL,77.6994574994661,PCT,Good,TK101,WTI
2025-09-01 09:32:03.942367973+00:00,TK101_TEMP,94.73728089378656,DEGF,Good,TK101,WTI
2025-09-01 09:32:03.942367973+00:00,TK101_VOLUME,41903.55844957633,BBL,Good,TK101,WTI
2025-09-01 09:32:03.942367973+00:00,TK102_LEVEL,58.00938638604201,PCT,Good,TK102,BRENT
2025-09-01 09:32:03.942367973+00:00,TK102_TEMP,94.67036256641747,DEGF,Good,TK102,BRENT
2025-09-01 09:32:03.942367973+00:00,TK102_VOLUME,27358.78886926778,BBL,Good,TK102,BRENT
2025-09-01 09:32:03.942367973+00:00,TK103_LEVEL,79.55356650412125,PCT,Good,TK103,MAYA
2025-09-01 09:32:03.942367973+00:00,TK103_TEMP,94.83076350427399,DEGF,Good,TK103,MAYA
2025-09-01 09:32:03.942367973+00:00,TK103_VOLUME,36254.9703673468,BBL,Good,TK103,MAYA
2025-09-01 09:32:03.942367973+00:00,TK104_LEVEL,80.69399355786497,PCT,Good,TK104,ARB
2025-09-01 09:32:03.942367973+00:00,TK104_TEMP,95.00165133114334,DEGF,Good,TK104,ARB
2025-09-01 09:32:03.942367973+00:00,TK104_VOLUME,44302.17748123564,BBL,Good,TK104,ARB
2025-09-01 09:32:03.942367973+00:00,TK105_LEVEL,61.16129504919658,PCT,Good,TK105,URALS
2025-09-01 09:32:03.942367973+00:00,TK105_TEMP,94.65910355958266,DEGF,Good,TK105,URALS
2025-09-01 09:32:03.942367973+00:00,TK105_VOLUME,30802.72799069551,BBL,Good,TK105,URALS
2025-09-01 09:32:03.942367973+00:00,VDU_FEED_RATE,16477.61849830898,BPD,Good,VDU001,BLEND_B
2025-09-01 10:49:54.212638243+00:00,CDU_FEED_RATE,41057.7672683023,BPD,Good,CDU001,BLEND_A
2025-09-01 10:49:54.212638243+00:00,CDU_FEED_TEMP,471.51747484238655,DEGF,Good,CDU001,BLEND_A
2025-09-01 10:49:54.212638243+00:00,TK101_LEVEL,77.51102086948427,PCT,Good,TK101,WTI
2025-09-01 10:49:54.212638243+00:00,TK101_TEMP,95.24984242260602,DEGF,Good,TK101,WTI
2025-09-01 10:49:54.212638243+00:00,TK101_VOLUME,41801.93399050544,BBL,Good,TK101,WTI
2025-09-01 10:49:54.212638243+00:00,TK102_LEVEL,58.392679763912845,PCT,Good,TK102,BRENT
2025-09-01 10:49:54.212638243+00:00,TK102_TEMP,93.91537356130503,DEGF,Good,TK102,BRENT
2025-09-01 10:49:54.212638243+00:00,TK102_VOLUME,27539.56034873787,BBL,Good,TK102,BRENT
2025-09-01 10:49:54.212638243+00:00,TK103_LEVEL,79.23035563779217,PCT,Good,TK103,MAYA
2025-09-01 10:49:54.212638243+00:00,TK103_TEMP,94.24189592593301,DEGF,Good,TK103,MAYA
2025-09-01 10:49:54.212638243+00:00,TK103_VOLUME,36107.673383740694,BBL,Good,TK103,MAYA
2025-09-01 10:49:54.212638243+00:00,TK104_LEVEL,80.32819696555254,PCT,Good,TK104,ARB
2025-09-01 10:49:54.212638243+00:00,TK104_TEMP,94.16315456353607,DEGF,Good,TK104,ARB
2025-09-01 10:49:54.212638243+00:00,TK104_VOLUME,44101.34982554357,BBL,Good,TK104,ARB
2025-09-01 10:49:54.212638243+00:00,TK105_LEVEL,60.382892891241674,PCT,Good,TK105,URALS
2025-09-01 10:49:54.212638243+00:00,TK105_TEMP,95.04819426103349,DEGF,Good,TK105,URALS
2025-09-01 10:49:54.212638243+00:00,TK105_VOLUME,30410.700485071746,BBL,Good,TK105,URALS
2025-09-01 10:49:54.212638243+00:00,VDU_FEED_RATE,16292.67120665755,BPD,Good,VDU001,BLEND_B
2025-09-01 12:07:44.482908513+00:00,CDU_FEED_RATE,40779.11009573073,BPD,Good,CDU001,BLEND_A
2025-09-01 12:07:44.482908513+00:00,CDU_FEED_TEMP,471.094951366773,DEGF,Good,CDU001,BLEND_A
2025-09-01 12:07:44.482908513+00:00,TK101_LEVEL,77.38183509276853,PCT,Good,TK101,WTI
2025-09-01 12:07:44.482908513+00:00,TK101_TEMP,95.17344539067993,DEGF,Good,TK101,WTI
2025-09-01 12:07:44.482908513+00:00,TK101_VOLUME,41732.26370039435,BBL,Good,TK101,WTI
2025-09-01 12:07:44.482908513+00:00,TK102_LEVEL,59.67542357941936,PCT,Good,TK102,BRENT
2025-09-01 12:07:44.482908513+00:00,TK102_TEMP,94.698053735019,DEGF,Good,TK102,BRENT
2025-09-01 12:07:44.482908513+00:00,TK102_VOLUME,28144.536877678463,BBL,Good,TK102,BRENT
2025-09-01 12:07:44.482908513+00:00,TK103_LEVEL,79.81421558292112,PCT,Good,TK103,MAYA
2025-09-01 12:07:44.482908513+00:00,TK103_TEMP,95.13284129211195,DEGF,Good,TK103,MAYA
2025-09-01 12:07:44.482908513+00:00,TK103_VOLUME,36373.75604903809,BBL,Good,TK103,MAYA
2025-09-01 12:07:44.482908513+00:00,TK104_LEVEL,77.41880793245558,PCT,Good,TK104,ARB
2025-09-01 12:07:44.482908513+00:00,TK104_TEMP,94.08966048615508,DEGF,Good,TK104,ARB
2025-09-01 12:07:44.482908513+00:00,TK104_VOLUME,42504.05288157965,BBL,Good,TK104,ARB
2025-09-01 12:07:44.482908513+00:00,TK105_LEVEL,61.886222004990536,PCT,Good,TK105,URALS
2025-09-01 12:07:44.482908513+00:00,TK105_TEMP,95.09157784604871,DEGF,Good,TK105,URALS
2025-09-01 12:07:44.482908513+00:00,TK105_VOLUME,31167.82372345399,BBL,Good,TK105,URALS
2025-09-01 12:07:44.482908513+00:00,VDU_FEED_RATE,16443.679529275487,BPD,Good,VDU001,BLEND_B
2025-09-01 13:25:34.753178783+00:00,CDU_FEED_RATE,41085.6464939408,BPD,Good,CDU001,BLEND_A
2025-09-01 13:25:34.753178783+00:00,CDU_FEED_TEMP,471.4299153991698,DEGF,Good,CDU001,BLEND_A
2025-09-01 13:25:34.753178783+00:00,TK101_LEVEL,78.85002037583571,PCT,Good,TK101,WTI
2025-09-01 13:25:34.753178783+00:00,TK101_TEMP,95.50494977368437,DEGF,Good,TK101,WTI
2025-09-01 13:25:34.753178783+00:00,TK101_VOLUME,42524.06057779515,BBL,Good,TK101,WTI
2025-09-01 13:25:34.753178783+00:00,TK102_LEVEL,59.76227774249206,PCT,Good,TK102,BRENT
2025-09-01 13:25:34.753178783+00:00,TK102_TEMP,94.71543455427427,DEGF,Good,TK102,BRENT
2025-09-01 13:25:34.753178783+00:00,TK102_VOLUME,28185.499640051257,BBL,Good,TK102,BRENT
2025-09-01 13:25:34.753178783+00:00,TK103_LEVEL,78.79322817085844,PCT,Good,TK103,MAYA
2025-09-01 13:25:34.753178783+00:00,TK103_TEMP,94.63659240727091,DEGF,Good,TK103,MAYA
2025-09-01 13:25:34.753178783+00:00,TK103_VOLUME,35908.4611540839,BBL,Good,TK103,MAYA
2025-09-01 13:25:34.753178783+00:00,TK104_LEVEL,81.09762252066858,PCT,Good,TK104,ARB
2025-09-01 13:25:34.753178783+00:00,TK104_TEMP,94.43539225840055,DEGF,Good,TK104,ARB
2025-09-01 13:25:34.753178783+00:00,TK104_VOLUME,44523.77565921984,BBL,Good,TK104,ARB
2025-09-01 13:25:34.753178783+00:00,TK105_LEVEL,61.59552525962623,PCT,Good,TK105,URALS
2025-09-01 13:25:34.753178783+00:00,TK105_TEMP,94.58842802841917,DEGF,Good,TK105,URALS
2025-09-01 13:25:34.753178783+00:00,TK105_VOLUME,31021.41981281026,BBL,Good,TK105,URALS
2025-09-01 13:25:34.753178783+00:00,VDU_FEED_RATE,16172.812246626941,BPD,Good,VDU001,BLEND_B
2025-09-01 14:43:25.023449054+00:00,CDU_FEED_RATE,40523.688973203236,BPD,Good,CDU001,BLEND_A
2025-09-01 14:43:25.023449054+00:00,CDU_FEED_TEMP,471.426666349926,DEGF,Good,CDU001,BLEND_A
2025-09-01 14:43:25.023449054+00:00,TK101_LEVEL,76.57166521550975,PCT,Good,TK101,WTI
2025-09-01 14:43:25.023449054+00:00,TK101_TEMP,94.63534413711263,DEGF,Good,TK101,WTI
2025-09-01 14:43:25.023449054+00:00,TK101_VOLUME,41295.336572479304,BBL,Good,TK101,WTI
2025-09-01 14:43:25.023449054+00:00,TK102_LEVEL,57.857716262753904,PCT,Good,TK102,BRENT
2025-09-01 14:43:25.023449054+00:00,TK102_TEMP,94.82196939415739,DEGF,Good,TK102,BRENT
2025-09-01 14:43:25.023449054+00:00,TK102_VOLUME,27287.25715450009,BBL,Good,TK102,BRENT
2025-09-01 14:43:25.023449054+00:00,TK103_LEVEL,78.16568155785664,PCT,Good,TK103,MAYA
2025-09-01 14:43:25.023449054+00:00,TK103_TEMP,95.839967582196,DEGF,Good,TK103,MAYA
2025-09-01 14:43:25.023449054+00:00,TK103_VOLUME,35622.4691507294,BBL,Good,TK103,MAYA
2025-09-01 14:43:25.023449054+00:00,TK104_LEVEL,80.98665778482989,PCT,Good,TK104,ARB
2025-09-01 14:43:25.023449054+00:00,TK104_TEMP,94.41363637492559,DEGF,Good,TK104,ARB
2025-09-01 14:43:25.023449054+00:00,TK104_VOLUME,44462.85440344188,BBL,Good,TK104,ARB
2025-09-01 14:43:25.023449054+00:00,TK105_LEVEL,63.108573939184566,PCT,Good,TK105,URALS
2025-09-01 14:43:25.023449054+00:00,TK105_TEMP,95.1304403977022,DEGF,Good,TK105,URALS
2025-09-01 14:43:25.023449054+00:00,TK105_VOLUME,31783.43812644518,BBL,Good,TK105,URALS
2025-09-01 14:43:25.023449054+00:00,VDU_FEED_RATE,16327.995981565182,BPD,Good,VDU001,BLEND_B
2025-09-01 16:01:15.293719324+00:00,CDU_FEED_RATE,40293.623038045895,BPD,Good,CDU001,BLEND_A
2025-09-01 16:01:15.293719324+00:00,CDU_FEED_TEMP,470.500036690417,DEGF,Good,CDU001,BLEND_A
2025-09-01 16:01:15.293719324+00:00,TK101_LEVEL,77.50557863354778,PCT,Good,TK101,WTI
2025-09-01 16:01:15.293719324+00:00,TK101_TEMP,94.6939518663365,DEGF,Good,TK101,WTI
2025-09-01 16:01:15.293719324+00:00,TK101_VOLUME,41798.99897578333,BBL,Good,TK101,WTI
2025-09-01 16:01:15.293719324+00:00,TK102_LEVEL,60.9274958015134,PCT,Good,TK102,BRENT
2025-09-01 16:01:15.293719324+00:00,TK102_TEMP,94.62991989009595,DEGF,Good,TK102,BRENT
2025-09-01 16:01:15.293719324+00:00,TK102_VOLUME,28735.047857149682,BBL,Good,TK102,BRENT
2025-09-01 16:01:15.293719324+00:00,TK103_LEVEL,80.88710656341716,PCT,Good,TK103,MAYA
2025-09-01 16:01:15.293719324+00:00,TK103_TEMP,94.91109574180953,DEGF,Good,TK103,MAYA
2025-09-01 16:01:15.293719324+00:00,TK103_VOLUME,36862.70497256954,BBL,Good,TK103,MAYA
2025-09-01 16:01:15.293719324+00:00,TK104_LEVEL,78.8898593187514,PCT,Good,TK104,ARB
2025-09-01 16:01:15.293719324+00:00,TK104_TEMP,94.58974359582223,DEGF,Good,TK104,ARB
2025-09-01 16:01:15.293719324+00:00,TK104_VOLUME,43311.68151323192,BBL,Good,TK104,ARB
2025-09-01 16:01:15.293719324+00:00,TK105_LEVEL,61.91019305826666,PCT,Good,TK105,URALS
2025-09-01 16:01:15.293719324+00:00,TK105_TEMP,94.82061613813423,DEGF,Good,TK105,URALS
2025-09-01 16:01:15.293719324+00:00,TK105_VOLUME,31179.896290477314,BBL,Good,TK105,URALS
2025-09-01 16:01:15.293719324+00:00,VDU_FEED_RATE,16147.664707199472,BPD,Good,VDU001,BLEND_B
2025-09-01 17:19:05.563989594+00:00,CDU_FEED_RATE,40176.615632006535,BPD,Good,CDU001,BLEND_A
2025-09-01 17:19:05.563989594+00:00,CDU_FEED_TEMP,470.76885368505293,DEGF,Good,CDU001,BLEND_A
2025-09-01 17:19:05.563989594+00:00,TK101_LEVEL,77.61405806438704,PCT,Good,TK101,WTI
2025-09-01 17:19:05.563989594+00:00,TK101_TEMP,94.68648369729578,DEGF,Good,TK101,WTI
2025-09-01 17:19:05.563989594+00:00,TK101_VOLUME,41857.502269333105,BBL,Good,TK101,WTI
2025-09-01 17:19:05.563989594+00:00,TK102_LEVEL,59.10823692691471,PCT,Good,TK102,BRENT
2025-09-01 17:19:05.563989594+00:00,TK102_TEMP,94.70452920613104,DEGF,Good,TK102,BRENT
2025-09-01 17:19:05.563989594+00:00,TK102_VOLUME,27877.036377465014,BBL,Good,TK102,BRENT
2025-09-01 17:19:05.563989594+00:00,TK103_LEVEL,81.45631952883932,PCT,Good,TK103,MAYA
2025-09-01 17:19:05.563989594+00:00,TK103_TEMP,93.80851753380243,DEGF,Good,TK103,MAYA
2025-09-01 17:19:05.563989594+00:00,TK103_VOLUME,37122.112565477655,BBL,Good,TK103,MAYA
2025-09-01 17:19:05.563989594+00:00,TK104_LEVEL,80.5272614870647,PCT,Good,TK104,ARB
2025-09-01 17:19:05.563989594+00:00,TK104_TEMP,95.24339060379677,DEGF,Good,TK104,ARB
2025-09-01 17:19:05.563989594+00:00,TK104_VOLUME,44210.639146512985,BBL,Good,TK104,ARB
2025-09-01 17:19:05.563989594+00:00,TK105_LEVEL,63.06832843145005,PCT,Good,TK105,URALS
2025-09-01 17:19:05.563989594+00:00,TK105_TEMP,93.49122527032429,DEGF,Good,TK105,URALS
2025-09-01 17:19:05.563989594+00:00,TK105_VOLUME,31763.16923863637,BBL,Good,TK105,URALS
2025-09-01 17:19:05.563989594+00:00,VDU_FEED_RATE,16208.478170014749,BPD,Good,VDU001,BLEND_B
2025-09-01 18:36:55.834259864+00:00,CDU_FEED_RATE,39809.89073394322,BPD,Good,CDU001,BLEND_A
2025-09-01 18:36:55.834259864+00:00,CDU_FEED_TEMP,471.0065595910903,DEGF,Good,CDU001,BLEND_A
2025-09-01 18:36:55.834259864+00:00,TK101_LEVEL,78.5557194897354,PCT,Good,TK101,WTI
2025-09-01 18:36:55.834259864+00:00,TK101_TEMP,95.33454365388029,DEGF,Good,TK101,WTI
2025-09-01 18:36:55.834259864+00:00,TK101_VOLUME,42365.34319701355,BBL,Good,TK101,WTI
2025-09-01 18:36:55.834259864+00:00,TK102_LEVEL,61.08898153102346,PCT,Good,TK102,BRENT
2025-09-01 18:36:55.834259864+00:00,TK102_TEMP,94.91928965211731,DEGF,Good,TK102,BRENT
2025-09-01 18:36:55.834259864+00:00,TK102_VOLUME,28811.208876155535,BBL,Good,TK102,BRENT
2025-09-01 18:36:55.834259864+00:00,TK103_LEVEL,82.74648912809116,PCT,Good,TK103,MAYA
2025-09-01 18:36:55.834259864+00:00,TK103_TEMP,95.11782527936863,DEGF,Good,TK103,MAYA
2025-09-01 18:36:55.834259864+00:00,TK103_VOLUME,37710.081938130534,BBL,Good,TK103,MAYA
2025-09-01 18:36:55.834259864+00:00,TK104_LEVEL,82.3308808023696,PCT,Good,TK104,ARB
2025-09-01 18:36:55.834259864+00:00,TK104_TEMP,94.85467821512843,DEGF,Good,TK104,ARB
2025-09-01 18:36:55.834259864+00:00,TK104_VOLUME,45200.85241384773,BBL,Good,TK104,ARB
2025-09-01 18:36:55.834259864+00:00,TK105_LEVEL,63.51149395651632,PCT,Good,TK105,URALS
2025-09-01 18:36:55.834259864+00:00,TK105_TEMP,94.69679177731503,DEGF,Good,TK105,URALS
2025-09-01 18:36:55.834259864+00:00,TK105_VOLUME,31986.36116275259,BBL,Good,TK105,URALS
2025-09-01 18:36:55.834259864+00:00,VDU_FEED_RATE,16078.070763826156,BPD,Good,VDU001,BLEND_B
2025-09-01 19:54:46.104530135+00:00,CDU_FEED_RATE,40149.5173831022,BPD,Good,CDU001,BLEND_A
2025-09-01 19:54:46.104530135+00:00,CDU_FEED_TEMP,469.85818907962755,DEGF,Good,CDU001,BLEND_A
2025-09-01 19:54:46.104530135+00:00,TK101_LEVEL,77.9824997191693,PCT,Good,TK101,WTI
2025-09-01 19:54:46.104530135+00:00,TK101_TEMP,95.70016367465104,DEGF,Good,TK101,WTI
2025-09-01 19:54:46.104530135+00:00,TK101_VOLUME,42056.2039966461,BBL,Good,TK101,WTI
2025-09-01 19:54:46.104530135+00:00,TK102_LEVEL,60.525751918454546,PCT,Good,TK102,BRENT
2025-09-01 19:54:46.104530135+00:00,TK102_TEMP,95.17220375698751,DEGF,Good,TK102,BRENT
2025-09-01 19:54:46.104530135+00:00,TK102_VOLUME,28545.574622542743,BBL,Good,TK102,BRENT
2025-09-01 19:54:46.104530135+00:00,TK103_LEVEL,83.52221694958259,PCT,Good,TK103,MAYA
2025-09-01 19:54:46.104530135+00:00,TK103_TEMP,95.92327535063278,DEGF,Good,TK103,MAYA
2025-09-01 19:54:46.104530135+00:00,TK103_VOLUME,38063.60460741075,BBL,Good,TK103,MAYA
2025-09-01 19:54:46.104530135+00:00,TK104_LEVEL,82.19944847564302,PCT,Good,TK104,ARB
2025-09-01 19:54:46.104530135+00:00,TK104_TEMP,95.04917375700776,DEGF,Good,TK104,ARB
2025-09-01 19:54:46.104530135+00:00,TK104_VOLUME,45128.69415263542,BBL,Good,TK104,ARB
2025-09-01 19:54:46.104530135+00:00,TK105_LEVEL,64.92086733844658,PCT,Good,TK105,URALS
2025-09-01 19:54:46.104530135+00:00,TK105_TEMP,95.49047077457385,DEGF,Good,TK105,URALS
2025-09-01 19:54:46.104530135+00:00,TK105_VOLUME,32696.16537611996,BBL,Good,TK105,URALS
2025-09-01 19:54:46.104530135+00:00,VDU_FEED_RATE,16115.830159990197,BPD,Good,VDU001,BLEND_B
2025-09-01 21:12:36.374800405+00:00,CDU_FEED_RATE,40458.35535389191,BPD,Good,CDU001,BLEND_A
2025-09-01 21:12:36.374800405+00:00,CDU_FEED_TEMP,470.3505867670832,DEGF,Good,CDU001,BLEND_A
2025-09-01 21:12:36.374800405+00:00,TK101_LEVEL,80.41590654988849,PCT,Good,TK101,WTI
2025-09-01 21:12:36.374800405+00:00,TK101_TEMP,94.7321145031526,DEGF,Good,TK101,WTI
2025-09-01 21:12:36.374800405+00:00,TK101_VOLUME,43368.54784876812,BBL,Good,TK101,WTI
2025-09-01 21:12:36.374800405+00:00,TK102_LEVEL,60.46718565029497,PCT,Good,TK102,BRENT
2025-09-01 21:12:36.374800405+00:00,TK102_TEMP,94.80932136829891,DEGF,Good,TK102,BRENT
2025-09-01 21:12:36.374800405+00:00,TK102_VOLUME,28517.953193231704,BBL,Good,TK102,BRENT
2025-09-01 21:12:36.374800405+00:00,TK103_LEVEL,83.94244935484764,PCT,Good,TK103,MAYA
2025-09-01 21:12:36.374800405+00:00,TK103_TEMP,95.74949489399994,DEGF,Good,TK103,MAYA
2025-09-01 21:12:36.374800405+00:00,TK103_VOLUME,38255.117245621565,BBL,Good,TK103,MAYA
2025-09-01 21:12:36.374800405+00:00,TK104_LEVEL,80.76148964866873,PCT,Good,TK104,ARB
2025-09-01 21:12:36.374800405+00:00,TK104_TEMP,94.34938304470612,DEGF,Good,TK104,ARB
2025-09-01 21:12:36.374800405+00:00,TK104_VOLUME,44339.23381792485,BBL,Good,TK104,ARB
2025-09-01 21:12:36.374800405+00:00,TK105_LEVEL,62.134197895829594,PCT,Good,TK105,URALS
2025-09-01 21:12:36.374800405+00:00,TK105_TEMP,94.12063187141341,DEGF,Good,TK105,URALS
2025-09-01 21:12:36.374800405+00:00,TK105_VOLUME,31292.712084755396,BBL,Good,TK105,URALS
2025-09-01 21:12:36.374800405+00:00,VDU_FEED_RATE,15951.766796881062,BPD,Good,VDU001,BLEND_B
2025-09-01 22:30:26.645070675+00:00,CDU_FEED_RATE,40280.52456223848,BPD,Good,CDU001,BLEND_A
2025-09-01 22:30:26.645070675+00:00,CDU_FEED_TEMP,469.7044372116236,DEGF,Good,CDU001,BLEND_A
2025-09-01 22:30:26.645070675+00:00,TK101_LEVEL,79.98715145617957,PCT,Good,TK101,WTI
2025-09-01 22:30:26.645070675+00:00,TK101_TEMP,94.75842946186509,DEGF,Good,TK101,WTI
2025-09-01 22:30:26.645070675+00:00,TK101_VOLUME,43137.318896752484,BBL,Good,TK101,WTI
2025-09-01 22:30:26.645070675+00:00,TK102_LEVEL,59.500256719181266,PCT,Good,TK102,BRENT
2025-09-01 22:30:26.645070675+00:00,TK102_TEMP,94.76599186157763,DEGF,Good,TK102,BRENT
2025-09-01 22:30:26.645070675+00:00,TK102_VOLUME,28061.923468975012,BBL,Good,TK102,BRENT
2025-09-01 22:30:26.645070675+00:00,TK103_LEVEL,81.80304582675907,PCT,Good,TK103,MAYA
2025-09-01 22:30:26.645070675+00:00,TK103_TEMP,95.88629347013992,DEGF,Good,TK103,MAYA
2025-09-01 22:30:26.645070675+00:00,TK103_VOLUME,37280.12624367032,BBL,Good,TK103,MAYA
2025-09-01 22:30:26.645070675+00:00,TK104_LEVEL,83.10994540705717,PCT,Good,TK104,ARB
2025-09-01 22:30:26.645070675+00:00,TK104_TEMP,94.73999522430115,DEGF,Good,TK104,ARB
2025-09-01 22:30:26.645070675+00:00,TK104_VOLUME,45628.57022609688,BBL,Good,TK104,ARB
2025-09-01 22:30:26.645070675+00:00,TK105_LEVEL,63.81104547781498,PCT,Good,TK105,URALS
2025-09-01 22:30:26.645070675+00:00,TK105_TEMP,95.02716192596941,DEGF,Good,TK105,URALS
2025-09-01 22:30:26.645070675+00:00,TK105_VOLUME,32137.224613605613,BBL,Good,TK105,URALS
2025-09-01 22:30:26.645070675+00:00,VDU_FEED_RATE,16096.352632623333,BPD,Good,VDU001,BLEND_B
2025-09-01 23:48:16.915340946+00:00,CDU_FEED_RATE,40100.11806739645,BPD,Good,CDU001,BLEND_A
2025-09-01 23:48:16.915340946+00:00,CDU_FEED_TEMP,469.69829188304925,DEGF,Good,CDU001,BLEND_A
2025-09-01 23:48:16.915340946+00:00,TK101_LEVEL,79.17335642192373,PCT,Good,TK101,WTI
2025-09-01 23:48:16.915340946+00:00,TK101_TEMP,95.13585860496835,DEGF,Good,TK101,WTI
2025-09-01 23:48:16.915340946+00:00,TK101_VOLUME,42698.43671042384,BBL,Good,TK101,WTI
2025-09-01 23:48:16.915340946+00:00,TK102_LEVEL,61.571177631887885,PCT,Good,TK102,BRENT
2025-09-01 23:48:16.915340946+00:00,TK102_TEMP,95.02499701216068,DEGF,Good,TK102,BRENT
2025-09-01 23:48:16.915340946+00:00,TK102_VOLUME,29038.625543336628,BBL,Good,TK102,BRENT
2025-09-01 23:48:16.915340946+00:00,TK103_LEVEL,82.88359294825122,PCT,Good,TK103,MAYA
2025-09-01 23:48:16.915340946+00:00,TK103_TEMP,94.46893990034272,DEGF,Good,TK103,MAYA
2025-09-01 23:48:16.915340946+00:00,TK103_VOLUME,37772.56430259996,BBL,Good,TK103,MAYA
2025-09-01 23:48:16.915340946+00:00,TK104_LEVEL,80.79649121832843,PCT,Good,TK104,ARB
2025-09-01 23:48:16.915340946+00:00,TK104_TEMP,95.27244882390588,DEGF,Good,TK104,ARB
2025-09-01 23:48:16.915340946+00:00,TK104_VOLUME,44358.450189340074,BBL,Good,TK104,ARB
2025-09-01 23:48:16.915340946+00:00,TK105_LEVEL,65.55275842090467,PCT,Good,TK105,URALS
2025-09-01 23:48:16.915340946+00:00,TK105_TEMP,95.7714506001261,DEGF,Good,TK105,URALS
2025-09-01 23:48:16.915340946+00:00,TK105_VOLUME,33014.40535316829,BBL,Good,TK105,URALS
2025-09-01 23:48:16.915340946+00:00,VDU_FEED_RATE,16053.04401224812,BPD,Good,VDU001,BLEND_B
2025-09-02 01:06:07.185611216+00:00,CDU_FEED_RATE,39816.18981059338,BPD,Good,CDU001,BLEND_A
2025-09-02 01:06:07.185611216+00:00,CDU_FEED_TEMP,469.8482968043548,DEGF,Good,CDU001,BLEND_A
2025-09-02 01:06:07.185611216+00:00,TK101_LEVEL,80.06865075995925,PCT,Good,TK101,WTI
2025-09-02 01:06:07.185611216+00:00,TK101_TEMP,94.86266397574698,DEGF,Good,TK101,WTI
2025-09-02 01:06:07.185611216+00:00,TK101_VOLUME,43181.27172408792,BBL,Good,TK101,WTI
2025-09-02 01:06:07.185611216+00:00,TK102_LEVEL,60.62342603153905,PCT,Good,TK102,BRENT
2025-09-02 01:06:07.185611216+00:00,TK102_TEMP,94.02508676280584,DEGF,Good,TK102,BRENT
2025-09-02 01:06:07.185611216+00:00,TK102_VOLUME,28591.640364732957,BBL,Good,TK102,BRENT
2025-09-02 01:06:07.185611216+00:00,TK103_LEVEL,84.15625940382279,PCT,Good,TK103,MAYA
2025-09-02 01:06:07.185611216+00:00,TK103_TEMP,95.44162092374182,DEGF,Good,TK103,MAYA
2025-09-02 01:06:07.185611216+00:00,TK103_VOLUME,38352.556962412054,BBL,Good,TK103,MAYA
2025-09-02 01:06:07.185611216+00:00,TK104_LEVEL,83.15123676339222,PCT,Good,TK104,ARB
2025-09-02 01:06:07.185611216+00:00,TK104_TEMP,95.28302095484183,DEGF,Good,TK104,ARB
2025-09-02 01:06:07.185611216+00:00,TK104_VOLUME,45651.23978198501,BBL,Good,TK104,ARB
2025-09-02 01:06:07.185611216+00:00,TK105_LEVEL,66.69020592003524,PCT,Good,TK105,URALS
2025-09-02 01:06:07.185611216+00:00,TK105_TEMP,94.60523824924819,DEGF,Good,TK105,URALS
2025-09-02 01:06:07.185611216+00:00,TK105_VOLUME,33587.259245343615,BBL,Good,TK105,URALS
2025-09-02 01:06:07.185611216+00:00,VDU_FEED_RATE,15964.942516514673,BPD,Good,VDU001,BLEND_B
2025-09-02 02:23:57.455881486+00:00,CDU_FEED_RATE,40097.216078208796,BPD,Good,CDU001,BLEND_A
2025-09-02 02:23:57.455881486+00:00,CDU_FEED_TEMP,470.31955541635097,DEGF,Good,CDU001,BLEND_A
2025-09-02 02:23:57.455881486+00:00,TK101_LEVEL,81.8421871009106,PCT,Good,TK101,WTI
2025-09-02 02:23:57.455881486+00:00,TK101_TEMP,95.46701648861676,DEGF,Good,TK101,WTI
2025-09-02 02:23:57.455881486+00:00,TK101_VOLUME,44137.745374190476,BBL,Good,TK101,WTI
2025-09-02 02:23:57.455881486+00:00,TK102_LEVEL,63.59455191498103,PCT,Good,TK102,BRENT
2025-09-02 02:23:57.455881486+00:00,TK102_TEMP,95.22950722566004,DEGF,Good,TK102,BRENT
2025-09-02 02:23:57.455881486+00:00,TK102_VOLUME,29992.903346695213,BBL,Good,TK102,BRENT
2025-09-02 02:23:57.455881486+00:00,TK103_LEVEL,86.6522731979772,PCT,Good,TK103,MAYA
2025-09-02 02:23:57.455881486+00:00,TK103_TEMP,94.62999239217847,DEGF,Good,TK103,MAYA
2025-09-02 02:23:57.455881486+00:00,TK103_VOLUME,39490.06606627943,BBL,Good,TK103,MAYA
2025-09-02 02:23:57.455881486+00:00,TK104_LEVEL,84.95645912084309,PCT,Good,TK104,ARB
2025-09-02 02:23:57.455881486+00:00,TK104_TEMP,94.62870274795286,DEGF,Good,TK104,ARB
2025-09-02 02:23:57.455881486+00:00,TK104_VOLUME,46642.33314280044,BBL,Good,TK104,ARB
2025-09-02 02:23:57.455881486+00:00,TK105_LEVEL,65.82882436519228,PCT,Good,TK105,URALS
2025-09-02 02:23:57.455881486+00:00,TK105_TEMP,94.99206420226066,DEGF,Good,TK105,URALS
2025-09-02 02:23:57.455881486+00:00,TK105_VOLUME,33153.44073792503,BBL,Good,TK105,URALS
2025-09-02 02:23:57.455881486+00:00,VDU_FEED_RATE,16013.370416054022,BPD,Good,VDU001,BLEND_B
2025-09-02 03:41:47.726151756+00:00,CDU_FEED_RATE,40274.99587066299,BPD,Good,CDU001,BLEND_A
2025-09-02 03:41:47.726151756+00:00,CDU_FEED_TEMP,469.8825735744092,DEGF,Good,CDU001,BLEND_A
2025-09-02 03:41:47.726151756+00:00,TK101_LEVEL,82.81470827441613,PCT,Good,TK101,WTI
2025-09-02 03:41:47.726151756+00:00,TK101_TEMP,93.86926545875431,DEGF,Good,TK101,WTI
2025-09-02 03:41:47.726151756+00:00,TK101_VOLUME,44662.229059777594,BBL,Good,TK101,WTI
2025-09-02 03:41:47.726151756+00:00,TK102_LEVEL,64.59195378933886,PCT,Good,TK102,BRENT
2025-09-02 03:41:47.726151756+00:00,TK102_TEMP,94.99487255550237,DEGF,Good,TK102,BRENT
2025-09-02 03:41:47.726151756+00:00,TK102_VOLUME,30463.304931652052,BBL,Good,TK102,BRENT
2025-09-02 03:41:47.726151756+00:00,TK103_LEVEL,86.04837617701028,PCT,Good,TK103,MAYA
2025-09-02 03:41:47.726151756+00:00,TK103_TEMP,95.10729880377231,DEGF,Good,TK103,MAYA
2025-09-02 03:41:47.726151756+00:00,TK103_VOLUME,39214.85189849036,BBL,Good,TK103,MAYA
2025-09-02 03:41:47.726151756+00:00,TK104_LEVEL,84.28480502007571,PCT,Good,TK104,ARB
2025-09-02 03:41:47.726151756+00:00,TK104_TEMP,95.07598529725362,DEGF,Good,TK104,ARB
2025-09-02 03:41:47.726151756+00:00,TK104_VOLUME,46273.58526125138,BBL,Good,TK104,ARB
2025-09-02 03:41:47.726151756+00:00,TK105_LEVEL,65.74395714119005,PCT,Good,TK105,URALS
2025-09-02 03:41:47.726151756+00:00,TK105_TEMP,94.34314597544989,DEGF,Good,TK105,URALS
2025-09-02 03:41:47.726151756+00:00,TK105_VOLUME,33110.69896775547,BBL,Good,TK105,URALS
2025-09-02 03:41:47.726151756+00:00,VDU_FEED_RATE,16027.646781703063,BPD,Good,VDU001,BLEND_B
2025-09-02 04:59:37.996422027+00:00,CDU_FEED_RATE,40116.508672156124,BPD,Good,CDU001,BLEND_A
2025-09-02 04:59:37.996422027+00:00,CDU_FEED_TEMP,469.69344865359307,DEGF,Good,CDU001,BLEND_A
2025-09-02 04:59:37.996422027+00:00,TK101_LEVEL,84.42376774084936,PCT,Good,TK101,WTI
2025-09-02 04:59:37.996422027+00:00,TK101_TEMP,94.58468499461074,DEGF,Good,TK101,WTI
2025-09-02 04:59:37.996422027+00:00,TK101_VOLUME,45529.99982125289,BBL,Good,TK101,WTI
2025-09-02 04:59:37.996422027+00:00,TK102_LEVEL,62.72870528553874,PCT,Good,TK102,BRENT
2025-09-02 04:59:37.996422027+00:00,TK102_TEMP,95.01788428136797,DEGF,Good,TK102,BRENT
2025-09-02 04:59:37.996422027+00:00,TK102_VOLUME,29584.546758152177,BBL,Good,TK102,BRENT
2025-09-02 04:59:37.996422027+00:00,TK103_LEVEL,86.13812927793056,PCT,Good,TK103,MAYA
2025-09-02 04:59:37.996422027+00:00,TK103_TEMP,94.36156130369932,DEGF,Good,TK103,MAYA
2025-09-02 04:59:37.996422027+00:00,TK103_VOLUME,39255.755105690674,BBL,Good,TK103,MAYA
2025-09-02 04:59:37.996422027+00:00,TK104_LEVEL,84.21792839717826,PCT,Good,TK104,ARB
2025-09-02 04:59:37.996422027+00:00,TK104_TEMP,96.09746144481035,DEGF,Good,TK104,ARB
2025-09-02 04:59:37.996422027+00:00,TK104_VOLUME,46236.86902146305,BBL,Good,TK104,ARB
2025-09-02 04:59:37.996422027+00:00,TK105_LEVEL,67.2442348169218,PCT,Good,TK105,URALS
2025-09-02 04:59:37.996422027+00:00,TK105_TEMP,95.81165308890097,DEGF,Good,TK105,URALS
2025-09-02 04:59:37.996422027+00:00,TK105_VOLUME,33866.28540716793,BBL,Good,TK105,URALS
2025-09-02 04:59:37.996422027+00:00,VDU_FEED_RATE,15927.369797361178,BPD,Good,VDU001,BLEND_B
2025-09-02 06:17:28.266692297+00:00,CDU_FEED_RATE,40043.30580915149,BPD,Good,CDU001,BLEND_A
2025-09-02 06:17:28.266692297+00:00,CDU_FEED_TEMP,470.0290213151488,DEGF,Good,CDU001,BLEND_A
2025-09-02 06:17:28.266692297+00:00,TK101_LEVEL,85.79297757467874,PCT,Good,TK101,WTI
2025-09-02 06:17:28.266692297+00:00,TK101_TEMP,94.60843136752963,DEGF,Good,TK101,WTI
2025-09-02 06:17:28.266692297+00:00,TK101_VOLUME,46268.418931862485,BBL,Good,TK101,WTI
2025-09-02 06:17:28.266692297+00:00,TK102_LEVEL,64.27966527686853,PCT,Good,TK102,BRENT
2025-09-02 06:17:28.266692297+00:00,TK102_TEMP,95.48000668830758,DEGF,Good,TK102,BRENT
2025-09-02 06:17:28.266692297+00:00,TK102_VOLUME,30316.021258935434,BBL,Good,TK102,BRENT
2025-09-02 06:17:28.266692297+00:00,TK103_LEVEL,85.08302241989674,PCT,Good,TK103,MAYA
2025-09-02 06:17:28.266692297+00:00,TK103_TEMP,94.677411652069,DEGF,Good,TK103,MAYA
2025-09-02 06:17:28.266692297+00:00,TK103_VOLUME,38774.91094554332,BBL,Good,TK103,MAYA
2025-09-02 06:17:28.266692297+00:00,TK104_LEVEL,86.05829046042639,PCT,Good,TK104,ARB
2025-09-02 06:17:28.266692297+00:00,TK104_TEMP,94.99084056988254,DEGF,Good,TK104,ARB
2025-09-02 06:17:28.266692297+00:00,TK104_VOLUME,47247.25459244468,BBL,Good,TK104,ARB
2025-09-02 06:17:28.266692297+00:00,TK105_LEVEL,67.80789738299289,PCT,Good,TK105,URALS
2025-09-02 06:17:28.266692297+00:00,TK105_TEMP,94.95797322101204,DEGF,Good,TK105,URALS
2025-09-02 06:17:28.266692297+00:00,TK105_VOLUME,34150.16338403647,BBL,Good,TK105,URALS
2025-09-02 06:17:28.266692297+00:00,VDU_FEED_RATE,15984.716186405367,BPD,Good,VDU001,BLEND_B
2025-09-02 07:35:18.536962567+00:00,CDU_FEED_RATE,39800.940819424526,BPD,Good,CDU001,BLEND_A
2025-09-02 07:35:18.536962567+00:00,CDU_FEED_TEMP,469.42687910135646,DEGF,Good,CDU001,BLEND_A
2025-09-02 07:35:18.536962567+00:00,TK101_LEVEL,83.74629901774999,PCT,Good,TK101,WTI
2025-09-02 07:35:18.536962567+00:00,TK101_TEMP,93.83978194187196,DEGF,Good,TK101,WTI
2025-09-02 07:35:18.536962567+00:00,TK101_VOLUME,45164.638837408835,BBL,Good,TK101,WTI
2025-09-02 07:35:18.536962567+00:00,TK102_LEVEL,63.70507748814388,PCT,Good,TK102,BRENT
2025-09-02 07:35:18.536962567+00:00,TK102_TEMP,94.02355218304092,DEGF,Good,TK102,BRENT
2025-09-02 07:35:18.536962567+00:00,TK102_VOLUME,30045.030183560786,BBL,Good,TK102,BRENT
2025-09-02 07:35:18.536962567+00:00,TK103_LEVEL,85.04038522009348,PCT,Good,TK103,MAYA
2025-09-02 07:35:18.536962567+00:00,TK103_TEMP,94.66183659938324,DEGF,Good,TK103,MAYA
2025-09-02 07:35:18.536962567+00:00,TK103_VOLUME,38755.479881879655,BBL,Good,TK103,MAYA
2025-09-02 07:35:18.536962567+00:00,TK104_LEVEL,86.59647049754321,PCT,Good,TK104,ARB
2025-09-02 07:35:18.536962567+00:00,TK104_TEMP,94.65336647499382,DEGF,Good,TK104,ARB
2025-09-02 07:35:18.536962567+00:00,TK104_VOLUME,47542.72326947961,BBL,Good,TK104,ARB
2025-09-02 07:35:18.536962567+00:00,TK105_LEVEL,67.03230750489648,PCT,Good,TK105,URALS
2025-09-02 07:35:18.536962567+00:00,TK105_TEMP,95.02327336946205,DEGF,Good,TK105,URALS
2025-09-02 07:35:18.536962567+00:00,TK105_VOLUME,33759.55222990502,BBL,Good,TK105,URALS
2025-09-02 07:35:18.536962567+00:00,VDU_FEED_RATE,15874.396123760549,BPD,Good,VDU001,BLEND_B
2025-09-02 08:53:08.807232837+00:00,CDU_FEED_RATE,40221.30062250459,BPD,Good,CDU001,BLEND_A
2025-09-02 08:53:08.807232837+00:00,CDU_FEED_TEMP,470.22341194687016,DEGF,Good,CDU001,BLEND_A
2025-09-02 08:53:08.807232837+00:00,TK101_LEVEL,82.79489382848494,PCT,Good,TK101,WTI
2025-09-02 08:53:08.807232837+00:00,TK101_TEMP,94.51717949548309,DEGF,Good,TK101,WTI
2025-09-02 08:53:08.807232837+00:00,TK101_VOLUME,44651.54306762341,BBL,Good,TK101,WTI
2025-09-02 08:53:08.807232837+00:00,TK102_LEVEL,64.25452664405788,PCT,Good,TK102,BRENT
2025-09-02 08:53:08.807232837+00:00,TK102_TEMP,94.01208178273801,DEGF,Good,TK102,BRENT
2025-09-02 08:53:08.807232837+00:00,TK102_VOLUME,30304.16520269392,BBL,Good,TK102,BRENT
2025-09-02 08:53:08.807232837+00:00,TK103_LEVEL,87.16503509867466,PCT,Good,TK103,MAYA
2025-09-02 08:53:08.807232837+00:00,TK103_TEMP,95.44827635773879,DEGF,Good,TK103,MAYA
2025-09-02 08:53:08.807232837+00:00,TK103_VOLUME,39723.74719878187,BBL,Good,TK103,MAYA
2025-09-02 08:53:08.807232837+00:00,TK104_LEVEL,87.3843007393664,PCT,Good,TK104,ARB
2025-09-02 08:53:08.807232837+00:00,TK104_TEMP,94.9121175229864,DEGF,Good,TK104,ARB
2025-09-02 08:53:08.807232837+00:00,TK104_VOLUME,47975.253544156214,BBL,Good,TK104,ARB
2025-09-02 08:53:08.807232837+00:00,TK105_LEVEL,68.17481885978415,PCT,Good,TK105,URALS
2025-09-02 08:53:08.807232837+00:00,TK105_TEMP,95.6761489504203,DEGF,Good,TK105,URALS
2025-09-02 08:53:08.807232837+00:00,TK105_VOLUME,34334.95643713409,BBL,Good,TK105,URALS
2025-09-02 08:53:08.807232837+00:00,VDU_FEED_RATE,16295.469214358423,BPD,Good,VDU001,BLEND_B
2025-09-02 10:10:59.077503108+00:00,CDU_FEED_RATE,39231.61563243314,BPD,Good,CDU001,BLEND_A
2025-09-02 10:10:59.077503108+00:00,CDU_FEED_TEMP,470.5948770552175,DEGF,Good,CDU001,BLEND_A
2025-09-02 10:10:59.077503108+00:00,TK101_LEVEL,82.10376806792115,PCT,Good,TK101,WTI
2025-09-02 10:10:59.077503108+00:00,TK101_TEMP,94.53917790859074,DEGF,Good,TK101,WTI
2025-09-02 10:10:59.077503108+00:00,TK101_VOLUME,44278.816801111294,BBL,Good,TK101,WTI
2025-09-02 10:10:59.077503108+00:00,TK102_LEVEL,66.10888847819568,PCT,Good,TK102,BRENT
2025-09-02 10:10:59.077503108+00:00,TK102_TEMP,95.13365788917547,DEGF,Good,TK102,BRENT
2025-09-02 10:10:59.077503108+00:00,TK102_VOLUME,31178.73218345432,BBL,Good,TK102,BRENT
2025-09-02 10:10:59.077503108+00:00,TK103_LEVEL,85.7268483511927,PCT,Good,TK103,MAYA
2025-09-02 10:10:59.077503108+00:00,TK103_TEMP,95.39711552734853,DEGF,Good,TK103,MAYA
2025-09-02 10:10:59.077503108+00:00,TK103_VOLUME,39068.32192743381,BBL,Good,TK103,MAYA
2025-09-02 10:10:59.077503108+00:00,TK104_LEVEL,87.39998587508147,PCT,Good,TK104,ARB
2025-09-02 10:10:59.077503108+00:00,TK104_TEMP,95.04284452027711,DEGF,Good,TK104,ARB
2025-09-02 10:10:59.077503108+00:00,TK104_VOLUME,47983.86491206141,BBL,Good,TK104,ARB
2025-09-02 10:10:59.077503108+00:00,TK105_LEVEL,69.47642121015421,PCT,Good,TK105,URALS
2025-09-02 10:10:59.077503108+00:00,TK105_TEMP,95.32749516383645,DEGF,Good,TK105,URALS
2025-09-02 10:10:59.077503108+00:00,TK105_VOLUME,34990.48381140321,BBL,Good,TK105,URALS
2025-09-02 10:10:59.077503108+00:00,VDU_FEED_RATE,16139.685751085617,BPD,Good,VDU001,BLEND_B
2025-09-02 11:28:49.347773378+00:00,CDU_FEED_RATE,40126.14003057089,BPD,Good,CDU001,BLEND_A
2025-09-02 11:28:49.347773378+00:00,CDU_FEED_TEMP,470.0212551862152,DEGF,Good,CDU001,BLEND_A
2025-09-02 11:28:49.347773378+00:00,TK101_LEVEL,84.95282277336294,PCT,Good,TK101,WTI
2025-09-02 11:28:49.347773378+00:00,TK101_TEMP,94.89267965478625,DEGF,Good,TK101,WTI
2025-09-02 11:28:49.347773378+00:00,TK101_VOLUME,45815.320841391636,BBL,Good,TK101,WTI
2025-09-02 11:28:49.347773378+00:00,TK102_LEVEL,65.74515247485354,PCT,Good,TK102,BRENT
2025-09-02 11:28:49.347773378+00:00,TK102_TEMP,94.98967355448141,DEGF,Good,TK102,BRENT
2025-09-02 11:28:49.347773378+00:00,TK102_VOLUME,31007.184488511226,BBL,Good,TK102,BRENT
2025-09-02 11:28:49.347773378+00:00,TK103_LEVEL,87.0383702268134,PCT,Good,TK103,MAYA
2025-09-02 11:28:49.347773378+00:00,TK103_TEMP,95.13164184671108,DEGF,Good,TK103,MAYA
2025-09-02 11:28:49.347773378+00:00,TK103_VOLUME,39666.022179304884,BBL,Good,TK103,MAYA
2025-09-02 11:28:49.347773378+00:00,TK104_LEVEL,88.05631520293888,PCT,Good,TK104,ARB
2025-09-02 11:28:49.347773378+00:00,TK104_TEMP,94.9176477917004,DEGF,Good,TK104,ARB
2025-09-02 11:28:49.347773378+00:00,TK104_VOLUME,48344.19927013267,BBL,Good,TK104,ARB
2025-09-02 11:28:49.347773378+00:00,TK105_LEVEL,70.63564990338334,PCT,Good,TK105,URALS
2025-09-02 11:28:49.347773378+00:00,TK105_TEMP,94.5554176157973,DEGF,Good,TK105,URALS
2025-09-02 11:28:49.347773378+00:00,TK105_VOLUME,35574.307389498215,BBL,Good,TK105,URALS
2025-09-02 11:28:49.347773378+00:00,VDU_FEED_RATE,16049.351064881244,BPD,Good,VDU001,BLEND_B
2025-09-02 12:46:39.618043648+00:00,CDU_FEED_RATE,40694.57769702052,BPD,Good,CDU001,BLEND_A
2025-09-02 12:46:39.618043648+00:00,CDU_FEED_TEMP,470.00266990691864,DEGF,Good,CDU001,BLEND_A
2025-09-02 12:46:39.618043648+00:00,TK101_LEVEL,84.31846054223858,PCT,Good,TK101,WTI
2025-09-02 12:46:39.618043648+00:00,TK101_TEMP,95.54491016174467,DEGF,Good,TK101,WTI
2025-09-02 12:46:39.618043648+00:00,TK101_VOLUME,45473.20732238405,BBL,Good,TK101,WTI
2025-09-02 12:46:39.618043648+00:00,TK102_LEVEL,67.96962910515776,PCT,Good,TK102,BRENT
2025-09-02 12:46:39.618043648+00:00,TK102_TEMP,95.07351568751051,DEGF,Good,TK102,BRENT
2025-09-02 12:46:39.618043648+00:00,TK102_VOLUME,32056.307574697796,BBL,Good,TK102,BRENT
2025-09-02 12:46:39.618043648+00:00,TK103_LEVEL,87.6083189553216,PCT,Good,TK103,MAYA
2025-09-02 12:46:39.618043648+00:00,TK103_TEMP,94.31321650688685,DEGF,Good,TK103,MAYA
2025-09-02 12:46:39.618043648+00:00,TK103_VOLUME,39925.765081741585,BBL,Good,TK103,MAYA
2025-09-02 12:46:39.618043648+00:00,TK104_LEVEL,88.15413929296908,PCT,Good,TK104,ARB
2025-09-02 12:46:39.618043648+00:00,TK104_TEMP,94.97274986557629,DEGF,Good,TK104,ARB
2025-09-02 12:46:39.618043648+00:00,TK104_VOLUME,48397.9061200155,BBL,Good,TK104,ARB
2025-09-02 12:46:39.618043648+00:00,TK105_LEVEL,69.93408619587399,PCT,Good,TK105,URALS
2025-09-02 12:46:39.618043648+00:00,TK105_TEMP,94.66478825387088,DEGF,Good,TK105,URALS
2025-09-02 12:46:39.618043648+00:00,TK105_VOLUME,35220.97811428957,BBL,Good,TK105,URALS
2025-09-02 12:46:39.618043648+00:00,VDU_FEED_RATE,16172.512716826772,BPD,Good,VDU001,BLEND_B
2025-09-02 14:04:29.888313919+00:00,CDU_FEED_RATE,39702.17940866422,BPD,Good,CDU001,BLEND_A
2025-09-02 14:04:29.888313919+00:00,CDU_FEED_TEMP,470.34526568760214,DEGF,Good,CDU001,BLEND_A
2025-09-02 14:04:29.888313919+00:00,TK101_LEVEL,85.15841303452999,PCT,Good,TK101,WTI
2025-09-02 14:04:29.888313919+00:00,TK101_TEMP,94.85981195832738,DEGF,Good,TK101,WTI
2025-09-02 14:04:29.888313919+00:00,TK101_VOLUME,45926.19630697048,BBL,Good,TK101,WTI
2025-09-02 14:04:29.888313919+00:00,TK102_LEVEL,66.1901172416846,PCT,Good,TK102,BRENT
2025-09-02 14:04:29.888313919+00:00,TK102_TEMP,94.75127874633651,DEGF,Good,TK102,BRENT
2025-09-02 14:04:29.888313919+00:00,TK102_VOLUME,31217.041855885884,BBL,Good,TK102,BRENT
2025-09-02 14:04:29.888313919+00:00,TK103_LEVEL,89.75837765060709,PCT,Good,TK103,MAYA
2025-09-02 14:04:29.888313919+00:00,TK103_TEMP,94.82652256694787,DEGF,Good,TK103,MAYA
2025-09-02 14:04:29.888313919+00:00,TK103_VOLUME,40905.6119661876,BBL,Good,TK103,MAYA
2025-09-02 14:04:29.888313919+00:00,TK104_LEVEL,88.12912804180878,PCT,Good,TK104,ARB
2025-09-02 14:04:29.888313919+00:00,TK104_TEMP,94.26061888545432,DEGF,Good,TK104,ARB
2025-09-02 14:04:29.888313919+00:00,TK104_VOLUME,48384.174578929524,BBL,Good,TK104,ARB
2025-09-02 14:04:29.888313919+00:00,TK105_LEVEL,69.67798879046505,PCT,Good,TK105,URALS
2025-09-02 14:04:29.888313919+00:00,TK105_TEMP,95.22980793618439,DEGF,Good,TK105,URALS
2025-09-02 14:04:29.888313919+00:00,TK105_VOLUME,35091.999505978725,BBL,Good,TK105,URALS
2025-09-02 14:04:29.888313919+00:00,VDU_FEED_RATE,15792.22981816312,BPD,Good,VDU001,BLEND_B
2025-09-02 15:22:20.158584189+00:00,CDU_FEED_RATE,40051.88144158623,BPD,Good,CDU001,BLEND_A
2025-09-02 15:22:20.158584189+00:00,CDU_FEED_TEMP,469.2102129011074,DEGF,Good,CDU001,BLEND_A
2025-09-02 15:22:20.158584189+00:00,TK101_LEVEL,85.39921349054738,PCT,Good,TK101,WTI
2025-09-02 15:22:20.158584189+00:00,TK101_TEMP,94.45957110580943,DEGF,Good,TK101,WTI
2025-09-02 15:22:20.158584189+00:00,TK101_VOLUME,46056.06073985252,BBL,Good,TK101,WTI
2025-09-02 15:22:20.158584189+00:00,TK102_LEVEL,68.10922604775953,PCT,Good,TK102,BRENT
2025-09-02 15:22:20.158584189+00:00,TK102_TEMP,95.30715480306496,DEGF,Good,TK102,BRENT
2025-09-02 15:22:20.158584189+00:00,TK102_VOLUME,32122.145252311224,BBL,Good,TK102,BRENT
2025-09-02 15:22:20.158584189+00:00,TK103_LEVEL,88.24830825342212,PCT,Good,TK103,MAYA
2025-09-02 15:22:20.158584189+00:00,TK103_TEMP,94.60191972447363,DEGF,Good,TK103,MAYA
2025-09-02 15:22:20.158584189+00:00,TK103_VOLUME,40217.42759365238,BBL,Good,TK103,MAYA
2025-09-02 15:22:20.158584189+00:00,TK104_LEVEL,88.39064838735364,PCT,Good,TK104,ARB
2025-09-02 15:22:20.158584189+00:00,TK104_TEMP,94.49366272840203,DEGF,Good,TK104,ARB
2025-09-02 15:22:20.158584189+00:00,TK104_VOLUME,48527.75305673746,BBL,Good,TK104,ARB
2025-09-02 15:22:20.158584189+00:00,TK105_LEVEL,70.01731471265907,PCT,Good,TK105,URALS
2025-09-02 15:22:20.158584189+00:00,TK105_TEMP,94.66291743841353,DEGF,Good,TK105,URALS
2025-09-02 15:22:20.158584189+00:00,TK105_VOLUME,35262.894580602755,BBL,Good,TK105,URALS
2025-09-02 15:22:20.158584189+00:00,VDU_FEED_RATE,15736.401935401533,BPD,Good,VDU001,BLEND_B
2025-09-02 16:40:10.428854459+00:00,CDU_FEED_RATE,40148.83459827933,BPD,Good,CDU001,BLEND_A
2025-09-02 16:40:10.428854459+00:00,CDU_FEED_TEMP,470.57003341992,DEGF,Good,CDU001,BLEND_A
2025-09-02 16:40:10.428854459+00:00,TK101_LEVEL,86.30233364318558,PCT,Good,TK101,WTI
2025-09-02 16:40:10.428854459+00:00,TK101_TEMP,94.9378579352217,DEGF,Good,TK101,WTI
2025-09-02 16:40:10.428854459+00:00,TK101_VOLUME,46543.11623960713,BBL,Good,TK101,WTI
2025-09-02 16:40:10.428854459+00:00,TK102_LEVEL,67.63911736823759,PCT,Good,TK102,BRENT
2025-09-02 16:40:10.428854459+00:00,TK102_TEMP,95.43265462732403,DEGF,Good,TK102,BRENT
2025-09-02 16:40:10.428854459+00:00,TK102_VOLUME,31900.429338561346,BBL,Good,TK102,BRENT
2025-09-02 16:40:10.428854459+00:00,TK103_LEVEL,86.59557015780395,PCT,Good,TK103,MAYA
2025-09-02 16:40:10.428854459+00:00,TK103_TEMP,95.40117308417572,DEGF,Good,TK103,MAYA
2025-09-02 16:40:10.428854459+00:00,TK103_VOLUME,39464.22477302814,BBL,Good,TK103,MAYA
2025-09-02 16:40:10.428854459+00:00,TK104_LEVEL,88.49569390848718,PCT,Good,TK104,ARB
2025-09-02 16:40:10.428854459+00:00,TK104_TEMP,94.89166758729272,DEGF,Good,TK104,ARB
2025-09-02 16:40:10.428854459+00:00,TK104_VOLUME,48585.42457745022,BBL,Good,TK104,ARB
2025-09-02 16:40:10.428854459+00:00,TK105_LEVEL,71.06060068588538,PCT,Good,TK105,URALS
2025-09-02 16:40:10.428854459+00:00,TK105_TEMP,93.9077135497682,DEGF,Good,TK105,URALS
2025-09-02 16:40:10.428854459+00:00,TK105_VOLUME,35788.32580346925,BBL,Good,TK105,URALS
2025-09-02 16:40:10.428854459+00:00,VDU_FEED_RATE,16025.49479018652,BPD,Good,VDU001,BLEND_B
2025-09-02 17:58:00.699124729+00:00,CDU_FEED_RATE,40079.348166162046,BPD,Good,CDU001,BLEND_A
2025-09-02 17:58:00.699124729+00:00,CDU_FEED_TEMP,471.9409306412248,DEGF,Good,CDU001,BLEND_A
2025-09-02 17:58:00.699124729+00:00,TK101_LEVEL,87.9343078924148,PCT,Good,TK101,WTI
2025-09-02 17:58:00.699124729+00:00,TK101_TEMP,95.48100192199239,DEGF,Good,TK101,WTI
2025-09-02 17:58:00.699124729+00:00,TK101_VOLUME,47423.245014524895,BBL,Good,TK101,WTI
2025-09-02 17:58:00.699124729+00:00,TK102_LEVEL,68.76268509704924,PCT,Good,TK102,BRENT
2025-09-02 17:58:00.699124729+00:00,TK102_TEMP,95.19840625824747,DEGF,Good,TK102,BRENT
2025-09-02 17:58:00.699124729+00:00,TK102_VOLUME,32430.33413824868,BBL,Good,TK102,BRENT
2025-09-02 17:58:00.699124729+00:00,TK103_LEVEL,89.96446757606422,PCT,Good,TK103,MAYA
2025-09-02 17:58:00.699124729+00:00,TK103_TEMP,95.54550753768031,DEGF,Good,TK103,MAYA
2025-09-02 17:58:00.699124729+00:00,TK103_VOLUME,40999.53338880629,BBL,Good,TK103,MAYA
2025-09-02 17:58:00.699124729+00:00,TK104_LEVEL,87.94578846655006,PCT,Good,TK104,ARB
2025-09-02 17:58:00.699124729+00:00,TK104_TEMP,94.8737811262605,DEGF,Good,TK104,ARB
2025-09-02 17:58:00.699124729+00:00,TK104_VOLUME,48283.51848243057,BBL,Good,TK104,ARB
2025-09-02 17:58:00.699124729+00:00,TK105_LEVEL,70.81273441823748,PCT,Good,TK105,URALS
2025-09-02 17:58:00.699124729+00:00,TK105_TEMP,94.92979471195217,DEGF,Good,TK105,URALS
2025-09-02 17:58:00.699124729+00:00,TK105_VOLUME,35663.49265181205,BBL,Good,TK105,URALS
2025-09-02 17:58:00.699124729+00:00,VDU_FEED_RATE,15925.176416887833,BPD,Good,VDU001,BLEND_B
2025-09-02 19:15:50.969395+00:00,CDU_FEED_RATE,40503.81097916398,BPD,Good,CDU001,BLEND_A
2025-09-02 19:15:50.969395+00:00,CDU_FEED_TEMP,470.4280967264911,DEGF,Good,CDU001,BLEND_A
2025-09-02 19:15:50.969395+00:00,TK101_LEVEL,87.44309645488224,PCT,Good,TK101,WTI
2025-09-02 19:15:50.969395+00:00,TK101_TEMP,94.45723954562528,DEGF,Good,TK101,WTI
2025-09-02 19:15:50.969395+00:00,TK101_VOLUME,47158.333162548486,BBL,Good,TK101,WTI
2025-09-02 19:15:50.969395+00:00,TK102_LEVEL,67.9374696557848,PCT,Good,TK102,BRENT
2025-09-02 19:15:50.969395+00:00,TK102_TEMP,94.81480472448045,DEGF,Good,TK102,BRENT
2025-09-02 19:15:50.969395+00:00,TK102_VOLUME,32041.140312288022,BBL,Good,TK102,BRENT
2025-09-02 19:15:50.969395+00:00,TK103_LEVEL,89.17872130110757,PCT,Good,TK103,MAYA
2025-09-02 19:15:50.969395+00:00,TK103_TEMP,95.47341174669818,DEGF,Good,TK103,MAYA
2025-09-02 19:15:50.969395+00:00,TK103_VOLUME,40641.44500676837,BBL,Good,TK103,MAYA
2025-09-02 19:15:50.969395+00:00,TK104_LEVEL,88.62056547659972,PCT,Good,TK104,ARB
2025-09-02 19:15:50.969395+00:00,TK104_TEMP,94.66212431625274,DEGF,Good,TK104,ARB
2025-09-02 19:15:50.969395+00:00,TK104_VOLUME,48653.98088664955,BBL,Good,TK104,ARB
2025-09-02 19:15:50.969395+00:00,TK105_LEVEL,71.53576798554907,PCT,Good,TK105,URALS
2025-09-02 19:15:50.969395+00:00,TK105_TEMP,94.20511262312034,DEGF,Good,TK105,URALS
2025-09-02 19:15:50.969395+00:00,TK105_VOLUME,36027.634815318015,BBL,Good,TK105,URALS
2025-09-02 19:15:50.969395+00:00,VDU_FEED_RATE,16092.783018706075,BPD,Good,VDU001,BLEND_B
2025-09-02 20:33:41.239665270+00:00,CDU_FEED_RATE,40418.038395517164,BPD,Good,CDU001,BLEND_A
2025-09-02 20:33:41.239665270+00:00,CDU_FEED_TEMP,470.5402887669985,DEGF,Good,CDU001,BLEND_A
2025-09-02 20:33:41.239665270+00:00,TK101_LEVEL,87.53679391402433,PCT,Good,TK101,WTI
2025-09-02 20:33:41.239665270+00:00,TK101_TEMP,94.47746072605533,DEGF,Good,TK101,WTI
2025-09-02 20:33:41.239665270+00:00,TK101_VOLUME,47208.864492908986,BBL,Good,TK101,WTI
2025-09-02 20:33:41.239665270+00:00,TK102_LEVEL,68.74444933918929,PCT,Good,TK102,BRENT
2025-09-02 20:33:41.239665270+00:00,TK102_TEMP,93.87890347420884,DEGF,Good,TK102,BRENT
2025-09-02 20:33:41.239665270+00:00,TK102_VOLUME,32421.7336637351,BBL,Good,TK102,BRENT
2025-09-02 20:33:41.239665270+00:00,TK103_LEVEL,90.32975504227538,PCT,Good,TK103,MAYA
2025-09-02 20:33:41.239665270+00:00,TK103_TEMP,94.55513845830754,DEGF,Good,TK103,MAYA
2025-09-02 20:33:41.239665270+00:00,TK103_VOLUME,41166.00595370836,BBL,Good,TK103,MAYA
2025-09-02 20:33:41.239665270+00:00,TK104_LEVEL,89.70324336711045,PCT,Good,TK104,ARB
2025-09-02 20:33:41.239665270+00:00,TK104_TEMP,94.84424137497783,DEGF,Good,TK104,ARB
2025-09-02 20:33:41.239665270+00:00,TK104_VOLUME,49248.38681385181,BBL,Good,TK104,ARB
2025-09-02 20:33:41.239665270+00:00,TK105_LEVEL,70.69763208562193,PCT,Good,TK105,URALS
2025-09-02 20:33:41.239665270+00:00,TK105_TEMP,95.74088904479791,DEGF,Good,TK105,URALS
2025-09-02 20:33:41.239665270+00:00,TK105_VOLUME,35605.52354177605,BBL,Good,TK105,URALS
2025-09-02 20:33:41.239665270+00:00,VDU_FEED_RATE,16175.669901038533,BPD,Good,VDU001,BLEND_B
2025-09-02 21:51:31.509935540+00:00,CDU_FEED_RATE,40398.62995665428,BPD,Good,CDU001,BLEND_A
2025-09-02 21:51:31.509935540+00:00,CDU_FEED_TEMP,471.09291322708475,DEGF,Good,CDU001,BLEND_A
2025-09-02 21:51:31.509935540+00:00,TK101_LEVEL,87.05997714198944,PCT,Good,TK101,WTI
2025-09-02 21:51:31.509935540+00:00,TK101_TEMP,95.19827883222588,DEGF,Good,TK101,WTI
2025-09-02 21:51:31.509935540+00:00,TK101_VOLUME,46951.71572868705,BBL,Good,TK101,WTI
2025-09-02 21:51:31.509935540+00:00,TK102_LEVEL,69.07871144119416,PCT,Good,TK102,BRENT
2025-09-02 21:51:31.509935540+00:00,TK102_TEMP,95.30362245660733,DEGF,Good,TK102,BRENT
2025-09-02 21:51:31.509935540+00:00,TK102_VOLUME,32579.380673046497,BBL,Good,TK102,BRENT
2025-09-02 21:51:31.509935540+00:00,TK103_LEVEL,90.60062146074773,PCT,Good,TK103,MAYA
2025-09-02 21:51:31.509935540+00:00,TK103_TEMP,93.54923779144403,DEGF,Good,TK103,MAYA
2025-09-02 21:51:31.509935540+00:00,TK103_VOLUME,41289.44798662735,BBL,Good,TK103,MAYA
2025-09-02 21:51:31.509935540+00:00,TK104_LEVEL,90.62691215240031,PCT,Good,TK104,ARB
2025-09-02 21:51:31.509935540+00:00,TK104_TEMP,94.94951178029588,DEGF,Good,TK104,ARB
2025-09-02 21:51:31.509935540+00:00,TK104_VOLUME,49755.494426891746,BBL,Good,TK104,ARB
2025-09-02 21:51:31.509935540+00:00,TK105_LEVEL,73.45276769039619,PCT,Good,TK105,URALS
2025-09-02 21:51:31.509935540+00:00,TK105_TEMP,95.00739817147034,DEGF,Good,TK105,URALS
2025-09-02 21:51:31.509935540+00:00,TK105_VOLUME,36993.095412892864,BBL,Good,TK105,URALS
2025-09-02 21:51:31.509935540+00:00,VDU_FEED_RATE,16295.329244051303,BPD,Good,VDU001,BLEND_B
2025-09-02 23:09:21.780205810+00:00,CDU_FEED_RATE,40625.85329471146,BPD,Good,CDU001,BLEND_A
2025-09-02 23:09:21.780205810+00:00,CDU_FEED_TEMP,471.67573664293724,DEGF,Good,CDU001,BLEND_A
2025-09-02 23:09:21.780205810+00:00,TK101_LEVEL,86.81115083552034,PCT,Good,TK101,WTI
2025-09-02 23:09:21.780205810+00:00,TK101_TEMP,94.79322121101033,DEGF,Good,TK101,WTI
2025-09-02 23:09:21.780205810+00:00,TK101_VOLUME,46817.5229297606,BBL,Good,TK101,WTI
2025-09-02 23:09:21.780205810+00:00,TK102_LEVEL,68.74835609105676,PCT,Good,TK102,BRENT
2025-09-02 23:09:21.780205810+00:00,TK102_TEMP,95.51485360198453,DEGF,Good,TK102,BRENT
2025-09-02 23:09:21.780205810+00:00,TK102_VOLUME,32423.576193128454,BBL,Good,TK102,BRENT
2025-09-02 23:09:21.780205810+00:00,TK103_LEVEL,90.80382505118153,PCT,Good,TK103,MAYA
2025-09-02 23:09:21.780205810+00:00,TK103_TEMP,94.0205083198107,DEGF,Good,TK103,MAYA
2025-09-02 23:09:21.780205810+00:00,TK103_VOLUME,41382.054018933064,BBL,Good,TK103,MAYA
2025-09-02 23:09:21.780205810+00:00,TK104_LEVEL,92.21647547621158,PCT,Good,TK104,ARB
2025-09-02 23:09:21.780205810+00:00,TK104_TEMP,95.348695997138,DEGF,Good,TK104,ARB
2025-09-02 23:09:21.780205810+00:00,TK104_VOLUME,50628.187837940386,BBL,Good,TK104,ARB
2025-09-02 23:09:21.780205810+00:00,TK105_LEVEL,71.4057286521658,PCT,Good,TK105,URALS
2025-09-02 23:09:21.780205810+00:00,TK105_TEMP,94.45140174050394,DEGF,Good,TK105,URALS
2025-09-02 23:09:21.780205810+00:00,TK105_VOLUME,35962.142967719396,BBL,Good,TK105,URALS
2025-09-02 23:09:21.780205810+00:00,VDU_FEED_RATE,16070.984579175167,BPD,Good,VDU001,BLEND_B
2025-09-03 00:27:12.050476081+00:00,CDU_FEED_RATE,40501.97809118249,BPD,Good,CDU001,BLEND_A
2025-09-03 00:27:12.050476081+00:00,CDU_FEED_TEMP,471.48306475004614,DEGF,Good,CDU001,BLEND_A
2025-09-03 00:27:12.050476081+00:00,TK101_LEVEL,88.37892946132882,PCT,Good,TK101,WTI
2025-09-03 00:27:12.050476081+00:00,TK101_TEMP,95.21144718663851,DEGF,Good,TK101,WTI
2025-09-03 00:27:12.050476081+00:00,TK101_VOLUME,47663.03080583572,BBL,Good,TK101,WTI
2025-09-03 00:27:12.050476081+00:00,TK102_LEVEL,70.62589833066177,PCT,Good,TK102,BRENT
2025-09-03 00:27:12.050476081+00:00,TK102_TEMP,95.20998404727577,DEGF,Good,TK102,BRENT
2025-09-03 00:27:12.050476081+00:00,TK102_VOLUME,33309.07567737822,BBL,Good,TK102,BRENT
2025-09-03 00:27:12.050476081+00:00,TK103_LEVEL,92.24727321896147,PCT,Good,TK103,MAYA
2025-09-03 00:27:12.050476081+00:00,TK103_TEMP,95.59851833032488,DEGF,Good,TK103,MAYA
2025-09-03 00:27:12.050476081+00:00,TK103_VOLUME,42039.87707890802,BBL,Good,TK103,MAYA
2025-09-03 00:27:12.050476081+00:00,TK104_LEVEL,91.11326924050928,PCT,Good,TK104,ARB
2025-09-03 00:27:12.050476081+00:00,TK104_TEMP,94.83809897367075,DEGF,Good,TK104,ARB
2025-09-03 00:27:12.050476081+00:00,TK104_VOLUME,50022.511550306386,BBL,Good,TK104,ARB
2025-09-03 00:27:12.050476081+00:00,TK105_LEVEL,72.49320520903893,PCT,Good,TK105,URALS
2025-09-03 00:27:12.050476081+00:00,TK105_TEMP,94.53838863395255,DEGF,Good,TK105,URALS
2025-09-03 00:27:12.050476081+00:00,TK105_VOLUME,36509.82994116685,BBL,Good,TK105,URALS
2025-09-03 00:27:12.050476081+00:00,VDU_FEED_RATE,16298.849042727288,BPD,Good,VDU001,BLEND_B
2025-09-03 01:45:02.320746351+00:00,CDU_FEED_RATE,41369.20457941783,BPD,Good,CDU001,BLEND_A
2025-09-03 01:45:02.320746351+00:00,CDU_FEED_TEMP,470.07067347513214,DEGF,Good,CDU001,BLEND_A
2025-09-03 01:45:02.320746351+00:00,TK101_LEVEL,89.17928121954345,PCT,Good,TK101,WTI
2025-09-03 01:45:02.320746351+00:00,TK101_TEMP,94.86332976100742,DEGF,Good,TK101,WTI
2025-09-03 01:45:02.320746351+00:00,TK101_VOLUME,48094.66299169491,BBL,Good,TK101,WTI
2025-09-03 01:45:02.320746351+00:00,TK102_LEVEL,70.981892201618,PCT,Good,TK102,BRENT
2025-09-03 01:45:02.320746351+00:00,TK102_TEMP,94.43033194322132,DEGF,Good,TK102,BRENT
2025-09-03 01:45:02.320746351+00:00,TK102_VOLUME,33476.97197418491,BBL,Good,TK102,BRENT
2025-09-03 01:45:02.320746351+00:00,TK103_LEVEL,90.29189415878368,PCT,Good,TK103,MAYA
2025-09-03 01:45:02.320746351+00:00,TK103_TEMP,94.66952568724517,DEGF,Good,TK103,MAYA
2025-09-03 01:45:02.320746351+00:00,TK103_VOLUME,41148.75160208853,BBL,Good,TK103,MAYA
2025-09-03 01:45:02.320746351+00:00,TK104_LEVEL,92.52636915922207,PCT,Good,TK104,ARB
2025-09-03 01:45:02.320746351+00:00,TK104_TEMP,95.0697047595542,DEGF,Good,TK104,ARB
2025-09-03 01:45:02.320746351+00:00,TK104_VOLUME,50798.32398240075,BBL,Good,TK104,ARB
2025-09-03 01:45:02.320746351+00:00,TK105_LEVEL,73.39073663030338,PCT,Good,TK105,URALS
2025-09-03 01:45:02.320746351+00:00,TK105_TEMP,93.92545436296811,DEGF,Good,TK105,URALS
2025-09-03 01:45:02.320746351+00:00,TK105_VOLUME,36961.8546442094,BBL,Good,TK105,URALS
2025-09-03 01:45:02.320746351+00:00,VDU_FEED_RATE,16288.917940250005,BPD,Good,VDU001,BLEND_B
2025-09-03 03:02:52.591016621+00:00,CDU_FEED_RATE,40693.627843651564,BPD,Good,CDU001,BLEND_A
2025-09-03 03:02:52.591016621+00:00,CDU_FEED_TEMP,471.5932816393061,DEGF,Good,CDU001,BLEND_A
2025-09-03 03:02:52.591016621+00:00,TK101_LEVEL,91.35648873552672,PCT,Good,TK101,WTI
2025-09-03 03:02:52.591016621+00:00,TK101_TEMP,95.20216828929442,DEGF,Good,TK101,WTI
2025-09-03 03:02:52.591016621+00:00,TK101_VOLUME,49268.837758661444,BBL,Good,TK101,WTI
2025-09-03 03:02:52.591016621+00:00,TK102_LEVEL,71.28069294253027,PCT,Good,TK102,BRENT
2025-09-03 03:02:52.591016621+00:00,TK102_TEMP,95.1882336620835,DEGF,Good,TK102,BRENT
2025-09-03 03:02:52.591016621+00:00,TK102_VOLUME,33617.89445059584,BBL,Good,TK102,BRENT
2025-09-03 03:02:52.591016621+00:00,TK103_LEVEL,91.66323986376709,PCT,Good,TK103,MAYA
2025-09-03 03:02:52.591016621+00:00,TK103_TEMP,94.47597415611708,DEGF,Good,TK103,MAYA
2025-09-03 03:02:52.591016621+00:00,TK103_VOLUME,41773.71538539027,BBL,Good,TK103,MAYA
2025-09-03 03:02:52.591016621+00:00,TK104_LEVEL,92.9577035763616,PCT,Good,TK104,ARB
2025-09-03 03:02:52.591016621+00:00,TK104_TEMP,94.58053631453267,DEGF,Good,TK104,ARB
2025-09-03 03:02:52.591016621+00:00,TK104_VOLUME,51035.13285824573,BBL,Good,TK104,ARB
2025-09-03 03:02:52.591016621+00:00,TK105_LEVEL,75.63962530092527,PCT,Good,TK105,URALS
2025-09-03 03:02:52.591016621+00:00,TK105_TEMP,94.30160552185937,DEGF,Good,TK105,URALS
2025-09-03 03:02:52.591016621+00:00,TK105_VOLUME,38094.46483414737,BBL,Good,TK105,URALS
2025-09-03 03:02:52.591016621+00:00,VDU_FEED_RATE,16371.334218860326,BPD,Good,VDU001,BLEND_B
2025-09-03 04:20:42.861286891+00:00,CDU_FEED_RATE,40791.17483595587,BPD,Good,CDU001,BLEND_A
2025-09-03 04:20:42.861286891+00:00,CDU_FEED_TEMP,472.77067369528777,DEGF,Good,CDU001,BLEND_A
2025-09-03 04:20:42.861286891+00:00,TK101_LEVEL,90.06126817156081,PCT,Good,TK101,WTI
2025-09-03 04:20:42.861286891+00:00,TK101_TEMP,94.31371812093673,DEGF,Good,TK101,WTI
2025-09-03 04:20:42.861286891+00:00,TK101_VOLUME,48570.3212908005,BBL,Good,TK101,WTI
2025-09-03 04:20:42.861286891+00:00,TK102_LEVEL,72.56653872968343,PCT,Good,TK102,BRENT
2025-09-03 04:20:42.861286891+00:00,TK102_TEMP,95.26152203193776,DEGF,Good,TK102,BRENT
2025-09-03 04:20:42.861286891+00:00,TK102_VOLUME,34224.33395290413,BBL,Good,TK102,BRENT
2025-09-03 04:20:42.861286891+00:00,TK103_LEVEL,93.20672682997991,PCT,Good,TK103,MAYA
2025-09-03 04:20:42.861286891+00:00,TK103_TEMP,95.65258732467515,DEGF,Good,TK103,MAYA
2025-09-03 04:20:42.861286891+00:00,TK103_VOLUME,42477.12915653192,BBL,Good,TK103,MAYA
2025-09-03 04:20:42.861286891+00:00,TK104_LEVEL,91.98937595038177,PCT,Good,TK104,ARB
2025-09-03 04:20:42.861286891+00:00,TK104_TEMP,95.11730503975629,DEGF,Good,TK104,ARB
2025-09-03 04:20:42.861286891+00:00,TK104_VOLUME,50503.506891371515,BBL,Good,TK104,ARB
2025-09-03 04:20:42.861286891+00:00,TK105_LEVEL,73.56839026432539,PCT,Good,TK105,URALS
2025-09-03 04:20:42.861286891+00:00,TK105_TEMP,95.33941877922739,DEGF,Good,TK105,URALS
2025-09-03 04:20:42.861286891+00:00,TK105_VOLUME,37051.32653261426,BBL,Good,TK105,URALS
2025-09-03 04:20:42.861286891+00:00,VDU_FEED_RATE,16306.205661822523,BPD,Good,VDU001,BLEND_B
2025-09-03 05:38:33.131557162+00:00,CDU_FEED_RATE,40406.211207355314,BPD,Good,CDU001,BLEND_A
2025-09-03 05:38:33.131557162+00:00,CDU_FEED_TEMP,471.978876962877,DEGF,Good,CDU001,BLEND_A
2025-09-03 05:38:33.131557162+00:00,TK101_LEVEL,91.24240566824574,PCT,Good,TK101,WTI
2025-09-03 05:38:33.131557162+00:00,TK101_TEMP,94.80387554309317,DEGF,Good,TK101,WTI
2025-09-03 05:38:33.131557162+00:00,TK101_VOLUME,49207.31240659642,BBL,Good,TK101,WTI
2025-09-03 05:38:33.131557162+00:00,TK102_LEVEL,72.80759038413684,PCT,Good,TK102,BRENT
2025-09-03 05:38:33.131557162+00:00,TK102_TEMP,95.58932599238685,DEGF,Good,TK102,BRENT
2025-09-03 05:38:33.131557162+00:00,TK102_VOLUME,34338.02040490159,BBL,Good,TK102,BRENT
2025-09-03 05:38:33.131557162+00:00,TK103_LEVEL,92.23727664865292,PCT,Good,TK103,MAYA
2025-09-03 05:38:33.131557162+00:00,TK103_TEMP,95.44249784123147,DEGF,Good,TK103,MAYA
2025-09-03 05:38:33.131557162+00:00,TK103_VOLUME,42035.321338967784,BBL,Good,TK103,MAYA
2025-09-03 05:38:33.131557162+00:00,TK104_LEVEL,93.1441854665755,PCT,Good,TK104,ARB
2025-09-03 05:38:33.131557162+00:00,TK104_TEMP,94.99778301729349,DEGF,Good,TK104,ARB
2025-09-03 05:38:33.131557162+00:00,TK104_VOLUME,51137.5141314116,BBL,Good,TK104,ARB
2025-09-03 05:38:33.131557162+00:00,TK105_LEVEL,73.65372994235207,PCT,Good,TK105,URALS
2025-09-03 05:38:33.131557162+00:00,TK105_TEMP,95.9258109412335,DEGF,Good,TK105,URALS
2025-09-03 05:38:33.131557162+00:00,TK105_VOLUME,37094.306245306005,BBL,Good,TK105,URALS
2025-09-03 05:38:33.131557162+00:00,VDU_FEED_RATE,16589.806002357083,BPD,Good,VDU001,BLEND_B
2025-09-03 06:56:23.401827432+00:00,CDU_FEED_RATE,40794.24474896638,BPD,Good,CDU001,BLEND_A
2025-09-03 06:56:23.401827432+00:00,CDU_FEED_TEMP,471.2829137049486,DEGF,Good,CDU001,BLEND_A
2025-09-03 06:56:23.401827432+00:00,TK101_LEVEL,90.07460686427443,PCT,Good,TK101,WTI
2025-09-03 06:56:23.401827432+00:00,TK101_TEMP,94.6819762646095,DEGF,Good,TK101,WTI
2025-09-03 06:56:23.401827432+00:00,TK101_VOLUME,48577.51488915696,BBL,Good,TK101,WTI
2025-09-03 06:56:23.401827432+00:00,TK102_LEVEL,71.2975371986423,PCT,Good,TK102,BRENT
2025-09-03 06:56:23.401827432+00:00,TK102_TEMP,94.3492663096771,DEGF,Good,TK102,BRENT
2025-09-03 06:56:23.401827432+00:00,TK102_VOLUME,33625.8386554106,BBL,Good,TK102,BRENT
2025-09-03 06:56:23.401827432+00:00,TK103_LEVEL,91.55679102031822,PCT,Good,TK103,MAYA
2025-09-03 06:56:23.401827432+00:00,TK103_TEMP,94.79954563275098,DEGF,Good,TK103,MAYA
2025-09-03 06:56:23.401827432+00:00,TK103_VOLUME,41725.20342251457,BBL,Good,TK103,MAYA
2025-09-03 06:56:23.401827432+00:00,TK104_LEVEL,92.62020351907135,PCT,Good,TK104,ARB
2025-09-03 06:56:23.401827432+00:00,TK104_TEMP,95.22022977338099,DEGF,Good,TK104,ARB
2025-09-03 06:56:23.401827432+00:00,TK104_VOLUME,50849.84041231817,BBL,Good,TK104,ARB
2025-09-03 06:56:23.401827432+00:00,TK105_LEVEL,74.08316514456958,PCT,Good,TK105,URALS
2025-09-03 06:56:23.401827432+00:00,TK105_TEMP,95.15051952839056,DEGF,Good,TK105,URALS
2025-09-03 06:56:23.401827432+00:00,TK105_VOLUME,37310.58315234166,BBL,Good,TK105,URALS
2025-09-03 06:56:23.401827432+00:00,VDU_FEED_RATE,16452.115084342404,BPD,Good,VDU001,BLEND_B
2025-09-03 08:14:13.672097702+00:00,CDU_FEED_RATE,41317.92501797188,BPD,Good,CDU001,BLEND_A
2025-09-03 08:14:13.672097702+00:00,CDU_FEED_TEMP,472.2030760072532,DEGF,Good,CDU001,BLEND_A
2025-09-03 08:14:13.672097702+00:00,TK101_LEVEL,89.68811451859482,PCT,Good,TK101,WTI
2025-09-03 08:14:13.672097702+00:00,TK101_TEMP,94.15552482190704,DEGF,Good,TK101,WTI
2025-09-03 08:14:13.672097702+00:00,TK101_VOLUME,48369.07836825061,BBL,Good,TK101,WTI
2025-09-03 08:14:13.672097702+00:00,TK102_LEVEL,72.34469002912387,PCT,Good,TK102,BRENT
2025-09-03 08:14:13.672097702+00:00,TK102_TEMP,94.65024299168704,DEGF,Good,TK102,BRENT
2025-09-03 08:14:13.672097702+00:00,TK102_VOLUME,34119.70413111738,BBL,Good,TK102,BRENT
2025-09-03 08:14:13.672097702+00:00,TK103_LEVEL,94.13330889504319,PCT,Good,TK103,MAYA
2025-09-03 08:14:13.672097702+00:00,TK103_TEMP,94.61676873842713,DEGF,Good,TK103,MAYA
2025-09-03 08:14:13.672097702+00:00,TK103_VOLUME,42899.400674805634,BBL,Good,TK103,MAYA
2025-09-03 08:14:13.672097702+00:00,TK104_LEVEL,94.48502327707294,PCT,Good,TK104,ARB
2025-09-03 08:14:13.672097702+00:00,TK104_TEMP,95.12020051518135,DEGF,Good,TK104,ARB
2025-09-03 08:14:13.672097702+00:00,TK104_VOLUME,51873.65361385787,BBL,Good,TK104,ARB
2025-09-03 08:14:13.672097702+00:00,TK105_LEVEL,76.59203505171294,PCT,Good,TK105,URALS
2025-09-03 08:14:13.672097702+00:00,TK105_TEMP,94.7174490146486,DEGF,Good,TK105,URALS
2025-09-03 08:14:13.672097702+00:00,TK105_VOLUME,38574.12796857906,BBL,Good,TK105,URALS
2025-09-03 08:14:13.672097702+00:00,VDU_FEED_RATE,16737.313076698934,BPD,Good,VDU001,BLEND_B
2025-09-03 09:32:03.942367973+00:00,CDU_FEED_RATE,40802.767346233704,BPD,Good,CDU001,BLEND_A
2025-09-03 09:32:03.942367973+00:00,CDU_FEED_TEMP,471.6329194919768,DEGF,Good,CDU001,BLEND_A
2025-09-03 09:32:03.942367973+00:00,TK101_LEVEL,90.19140349940267,PCT,Good,TK101,WTI
2025-09-03 09:32:03.942367973+00:00,TK101_TEMP,93.95662898791672,DEGF,Good,TK101,WTI
2025-09-03 09:32:03.942367973+00:00,TK101_VOLUME,48640.503676779364,BBL,Good,TK101,WTI
2025-09-03 09:32:03.942367973+00:00,TK102_LEVEL,71.63149899805468,PCT,Good,TK102,BRENT
2025-09-03 09:32:03.942367973+00:00,TK102_TEMP,95.11200398742278,DEGF,Good,TK102,BRENT
2025-09-03 09:32:03.942367973+00:00,TK102_VOLUME,33783.344033931935,BBL,Good,TK102,BRENT
2025-09-03 09:32:03.942367973+00:00,TK103_LEVEL,94.87131015885119,PCT,Good,TK103,MAYA
2025-09-03 09:32:03.942367973+00:00,TK103_TEMP,94.67231735544449,DEGF,Good,TK103,MAYA
2025-09-03 09:32:03.942367973+00:00,TK103_VOLUME,43235.730208806315,BBL,Good,TK103,MAYA
2025-09-03 09:32:03.942367973+00:00,TK104_LEVEL,94.0821926978836,PCT,Good,TK104,ARB
2025-09-03 09:32:03.942367973+00:00,TK104_TEMP,95.03273577329163,DEGF,Good,TK104,ARB
2025-09-03 09:32:03.942367973+00:00,TK104_VOLUME,51652.493760103476,BBL,Good,TK104,ARB
2025-09-03 09:32:03.942367973+00:00,TK105_LEVEL,72.4042528672188,PCT,Good,TK105,URALS
2025-09-03 09:32:03.942367973+00:00,TK105_TEMP,94.5223882740241,DEGF,Good,TK105,URALS
2025-09-03 09:32:03.942367973+00:00,TK105_VOLUME,36465.03077877146,BBL,Good,TK105,URALS
2025-09-03 09:32:03.942367973+00:00,VDU_FEED_RATE,16469.51719770156,BPD,Good,VDU001,BLEND_B
2025-09-03 10:49:54.212638243+00:00,CDU_FEED_RATE,40707.249180160885,BPD,Good,CDU001,BLEND_A
2025-09-03 10:49:54.212638243+00:00,CDU_FEED_TEMP,473.10967879210716,DEGF,Good,CDU001,BLEND_A
2025-09-03 10:49:54.212638243+00:00,TK101_LEVEL,90.69848114321402,PCT,Good,TK101,WTI
2025-09-03 10:49:54.212638243+00:00,TK101_TEMP,95.05489204034109,DEGF,Good,TK101,WTI
2025-09-03 10:49:54.212638243+00:00,TK101_VOLUME,48913.972223018165,BBL,Good,TK101,WTI
2025-09-03 10:49:54.212638243+00:00,TK102_LEVEL,72.54564194954219,PCT,Good,TK102,BRENT
2025-09-03 10:49:54.212638243+00:00,TK102_TEMP,94.74072255842285,DEGF,Good,TK102,BRENT
2025-09-03 10:49:54.212638243+00:00,TK102_VOLUME,34214.47846861876,BBL,Good,TK102,BRENT
2025-09-03 10:49:54.212638243+00:00,TK103_LEVEL,93.97040726688137,PCT,Good,TK103,MAYA
2025-09-03 10:49:54.212638243+00:00,TK103_TEMP,94.8255989218975,DEGF,Good,TK103,MAYA
2025-09-03 10:49:54.212638243+00:00,TK103_VOLUME,42825.1614676735,BBL,Good,TK103,MAYA
2025-09-03 10:49:54.212638243+00:00,TK104_LEVEL,92.52305255104405,PCT,Good,TK104,ARB
2025-09-03 10:49:54.212638243+00:00,TK104_TEMP,94.66280881837487,DEGF,Good,TK104,ARB
2025-09-03 10:49:54.212638243+00:00,TK104_VOLUME,50796.50311621653,BBL,Good,TK104,ARB
2025-09-03 10:49:54.212638243+00:00,TK105_LEVEL,74.48104879469098,PCT,Good,TK105,URALS
2025-09-03 10:49:54.212638243+00:00,TK105_TEMP,94.23376961591558,DEGF,Good,TK105,URALS
2025-09-03 10:49:54.212638243+00:00,TK105_VOLUME,37510.96971768133,BBL,Good,TK105,URALS
2025-09-03 10:49:54.212638243+00:00,VDU_FEED_RATE,16716.172654362632,BPD,Good,VDU001,BLEND_B
2025-09-03 12:07:44.482908513+00:00,CDU_FEED_RATE,41369.053329662995,BPD,Good,CDU001,BLEND_A
2025-09-03 12:07:44.482908513+00:00,CDU_FEED_TEMP,472.2440076297182,DEGF,Good,CDU001,BLEND_A
2025-09-03 12:07:44.482908513+00:00,TK101_LEVEL,93.802541039716,PCT,Good,TK101,WTI
2025-09-03 12:07:44.482908513+00:00,TK101_TEMP,94.50894615260985,DEGF,Good,TK101,WTI
2025-09-03 12:07:44.482908513+00:00,TK101_VOLUME,50588.00135385155,BBL,Good,TK101,WTI
2025-09-03 12:07:44.482908513+00:00,TK102_LEVEL,72.17290128383983,PCT,Good,TK102,BRENT
2025-09-03 12:07:44.482908513+00:00,TK102_TEMP,94.1257585426932,DEGF,Good,TK102,BRENT
2025-09-03 12:07:44.482908513+00:00,TK102_VOLUME,34038.68393240221,BBL,Good,TK102,BRENT
2025-09-03 12:07:44.482908513+00:00,TK103_LEVEL,92.30492097558592,PCT,Good,TK103,MAYA
2025-09-03 12:07:44.482908513+00:00,TK103_TEMP,95.48444598437864,DEGF,Good,TK103,MAYA
2025-09-03 12:07:44.482908513+00:00,TK103_VOLUME,42066.148908066745,BBL,Good,TK103,MAYA
2025-09-03 12:07:44.482908513+00:00,TK104_LEVEL,94.12542505741732,PCT,Good,TK104,ARB
2025-09-03 12:07:44.482908513+00:00,TK104_TEMP,94.80689195724106,DEGF,Good,TK104,ARB
2025-09-03 12:07:44.482908513+00:00,TK104_VOLUME,51676.22895501141,BBL,Good,TK104,ARB
2025-09-03 12:07:44.482908513+00:00,TK105_LEVEL,78.46543961553019,PCT,Good,TK105,URALS
2025-09-03 12:07:44.482908513+00:00,TK105_TEMP,95.7143052933887,DEGF,Good,TK105,URALS
2025-09-03 12:07:44.482908513+00:00,TK105_VOLUME,39517.63269897061,BBL,Good,TK105,URALS
2025-09-03 12:07:44.482908513+00:00,VDU_FEED_RATE,16673.028670862983,BPD,Good,VDU001,BLEND_B
2025-09-03 13:25:34.753178783+00:00,CDU_FEED_RATE,41822.19377659685,BPD,Good,CDU001,BLEND_A
2025-09-03 13:25:34.753178783+00:00,CDU_FEED_TEMP,472.99613711680223,DEGF,Good,CDU001,BLEND_A
2025-09-03 13:25:34.753178783+00:00,TK101_LEVEL,91.08571255697974,PCT,Good,TK101,WTI
2025-09-03 13:25:34.753178783+00:00,TK101_TEMP,94.1444458208062,DEGF,Good,TK101,WTI
2025-09-03 13:25:34.753178783+00:00,TK101_VOLUME,49122.807325635906,BBL,Good,TK101,WTI
2025-09-03 13:25:34.753178783+00:00,TK102_LEVEL,74.62574897101804,PCT,Good,TK102,BRENT
2025-09-03 13:25:34.753178783+00:00,TK102_TEMP,94.86289410414322,DEGF,Good,TK102,BRENT
2025-09-03 13:25:34.753178783+00:00,TK102_VOLUME,35195.51295926686,BBL,Good,TK102,BRENT
2025-09-03 13:25:34.753178783+00:00,TK103_LEVEL,95.20476424967755,PCT,Good,TK103,MAYA
2025-09-03 13:25:34.753178783+00:00,TK103_TEMP,94.86681967374848,DEGF,Good,TK103,MAYA
2025-09-03 13:25:34.753178783+00:00,TK103_VOLUME,43387.69534013898,BBL,Good,TK103,MAYA
2025-09-03 13:25:34.753178783+00:00,TK104_LEVEL,95.84504049601064,PCT,Good,TK104,ARB
2025-09-03 13:25:34.753178783+00:00,TK104_TEMP,95.18734042585564,DEGF,Good,TK104,ARB
2025-09-03 13:25:34.753178783+00:00,TK104_VOLUME,52620.32287081698,BBL,Good,TK104,ARB
2025-09-03 13:25:34.753178783+00:00,TK105_LEVEL,76.55806090878556,PCT,Good,TK105,URALS
2025-09-03 13:25:34.753178783+00:00,TK105_TEMP,94.56121161069768,DEGF,Good,TK105,URALS
2025-09-03 13:25:34.753178783+00:00,TK105_VOLUME,38557.01753488946,BBL,Good,TK105,URALS
2025-09-03 13:25:34.753178783+00:00,VDU_FEED_RATE,16698.786022780707,BPD,Good,VDU001,BLEND_B
2025-09-03 14:43:25.023449054+00:00,CDU_FEED_RATE,41612.696630021856,BPD,Good,CDU001,BLEND_A
2025-09-03 14:43:25.023449054+00:00,CDU_FEED_TEMP,472.77531264469974,DEGF,Good,CDU001,BLEND_A
2025-09-03 14:43:25.023449054+00:00,TK101_LEVEL,92.96080241875634,PCT,Good,TK101,WTI
2025-09-03 14:43:25.023449054+00:00,TK101_TEMP,94.57742260378747,DEGF,Good,TK101,WTI
2025-09-03 14:43:25.023449054+00:00,TK101_VOLUME,50134.049104533835,BBL,Good,TK101,WTI
2025-09-03 14:43:25.023449054+00:00,TK102_LEVEL,73.58459079104082,PCT,Good,TK102,BRENT
2025-09-03 14:43:25.023449054+00:00,TK102_TEMP,94.91484288915672,DEGF,Good,TK102,BRENT
2025-09-03 14:43:25.023449054+00:00,TK102_VOLUME,34704.47472217974,BBL,Good,TK102,BRENT
2025-09-03 14:43:25.023449054+00:00,TK103_LEVEL,93.05412060037492,PCT,Good,TK103,MAYA
2025-09-03 14:43:25.023449054+00:00,TK103_TEMP,94.9885265887687,DEGF,Good,TK103,MAYA
2025-09-03 14:43:25.023449054+00:00,TK103_VOLUME,42407.5818744259,BBL,Good,TK103,MAYA
2025-09-03 14:43:25.023449054+00:00,TK104_LEVEL,94.23091127845593,PCT,Good,TK104,ARB
2025-09-03 14:43:25.023449054+00:00,TK104_TEMP,94.29947478754774,DEGF,Good,TK104,ARB
2025-09-03 14:43:25.023449054+00:00,TK104_VOLUME,51734.142426389255,BBL,Good,TK104,ARB
2025-09-03 14:43:25.023449054+00:00,TK105_LEVEL,75.07640786477057,PCT,Good,TK105,URALS
2025-09-03 14:43:25.023449054+00:00,TK105_TEMP,95.6833269872804,DEGF,Good,TK105,URALS
2025-09-03 14:43:25.023449054+00:00,TK105_VOLUME,37810.81103853145,BBL,Good,TK105,URALS
2025-09-03 14:43:25.023449054+00:00,VDU_FEED_RATE,16880.090078982357,BPD,Good,VDU001,BLEND_B
2025-09-03 16:01:15.293719324+00:00,CDU_FEED_RATE,41644.58293278881,BPD,Good,CDU001,BLEND_A
2025-09-03 16:01:15.293719324+00:00,CDU_FEED_TEMP,473.1840041381168,DEGF,Good,CDU001,BLEND_A
2025-09-03 16:01:15.293719324+00:00,TK101_LEVEL,91.41634481026233,PCT,Good,TK101,WTI
2025-09-03 16:01:15.293719324+00:00,TK101_TEMP,95.15821395866857,DEGF,Good,TK101,WTI
2025-09-03 16:01:15.293719324+00:00,TK101_VOLUME,49301.11832543713,BBL,Good,TK101,WTI
2025-09-03 16:01:15.293719324+00:00,TK102_LEVEL,73.19982228592279,PCT,Good,TK102,BRENT
2025-09-03 16:01:15.293719324+00:00,TK102_TEMP,94.63818597815941,DEGF,Good,TK102,BRENT
2025-09-03 16:01:15.293719324+00:00,TK102_VOLUME,34523.00753297325,BBL,Good,TK102,BRENT
2025-09-03 16:01:15.293719324+00:00,TK103_LEVEL,95.21976653197213,PCT,Good,TK103,MAYA
2025-09-03 16:01:15.293719324+00:00,TK103_TEMP,95.178839584529,DEGF,Good,TK103,MAYA
2025-09-03 16:01:15.293719324+00:00,TK103_VOLUME,43394.53233468157,BBL,Good,TK103,MAYA
2025-09-03 16:01:15.293719324+00:00,TK104_LEVEL,95.05681611642706,PCT,Good,TK104,ARB
2025-09-03 16:01:15.293719324+00:00,TK104_TEMP,94.28000064064548,DEGF,Good,TK104,ARB
2025-09-03 16:01:15.293719324+00:00,TK104_VOLUME,52187.57620877071,BBL,Good,TK104,ARB
2025-09-03 16:01:15.293719324+00:00,TK105_LEVEL,76.33743360526438,PCT,Good,TK105,URALS
2025-09-03 16:01:15.293719324+00:00,TK105_TEMP,95.29096428479895,DEGF,Good,TK105,URALS
2025-09-03 16:01:15.293719324+00:00,TK105_VOLUME,38445.90277166842,BBL,Good,TK105,URALS
2025-09-03 16:01:15.293719324+00:00,VDU_FEED_RATE,16826.910356824,BPD,Good,VDU001,BLEND_B
2025-09-03 17:19:05.563989594+00:00,CDU_FEED_RATE,41394.27802908654,BPD,Good,CDU001,BLEND_A
2025-09-03 17:19:05.563989594+00:00,CDU_FEED_TEMP,474.4608753499738,DEGF,Good,CDU001,BLEND_A
2025-09-03 17:19:05.563989594+00:00,TK101_LEVEL,93.42914474251823,PCT,Good,TK101,WTI
2025-09-03 17:19:05.563989594+00:00,TK101_TEMP,93.42129842470655,DEGF,Good,TK101,WTI
2025-09-03 17:19:05.563989594+00:00,TK101_VOLUME,50386.62757251479,BBL,Good,TK101,WTI
2025-09-03 17:19:05.563989594+00:00,TK102_LEVEL,74.78976972717822,PCT,Good,TK102,BRENT
2025-09-03 17:19:05.563989594+00:00,TK102_TEMP,94.67145981098248,DEGF,Good,TK102,BRENT
2025-09-03 17:19:05.563989594+00:00,TK102_VOLUME,35272.869565111665,BBL,Good,TK102,BRENT
2025-09-03 17:19:05.563989594+00:00,TK103_LEVEL,94.20180317167643,PCT,Good,TK103,MAYA
2025-09-03 17:19:05.563989594+00:00,TK103_TEMP,93.97682934688031,DEGF,Good,TK103,MAYA
2025-09-03 17:19:05.563989594+00:00,TK103_VOLUME,42930.61559173261,BBL,Good,TK103,MAYA
2025-09-03 17:19:05.563989594+00:00,TK104_LEVEL,95.33327966536575,PCT,Good,TK104,ARB
2025-09-03 17:19:05.563989594+00:00,TK104_TEMP,94.65238304636769,DEGF,Good,TK104,ARB
2025-09-03 17:19:05.563989594+00:00,TK104_VOLUME,52339.35872283592,BBL,Good,TK104,ARB
2025-09-03 17:19:05.563989594+00:00,TK105_LEVEL,76.62510589480165,PCT,Good,TK105,URALS
2025-09-03 17:19:05.563989594+00:00,TK105_TEMP,93.69126913171938,DEGF,Good,TK105,URALS
2025-09-03 17:19:05.563989594+00:00,TK105_VOLUME,38590.78347241142,BBL,Good,TK105,URALS
2025-09-03 17:19:05.563989594+00:00,VDU_FEED_RATE,16596.704339616226,BPD,Good,VDU001,BLEND_B
2025-09-03 18:36:55.834259864+00:00,CDU_FEED_RATE,42105.872373834114,BPD,Good,CDU001,BLEND_A
2025-09-03 18:36:55.834259864+00:00,CDU_FEED_TEMP,474.037346268764,DEGF,Good,CDU001,BLEND_A
2025-09-03 18:36:55.834259864+00:00,TK101_LEVEL,93.04179783526205,PCT,Good,TK101,WTI
2025-09-03 18:36:55.834259864+00:00,TK101_TEMP,93.77958534961827,DEGF,Good,TK101,WTI
2025-09-03 18:36:55.834259864+00:00,TK101_VOLUME,50177.73018389939,BBL,Good,TK101,WTI
2025-09-03 18:36:55.834259864+00:00,TK102_LEVEL,71.58481088503862,PCT,Good,TK102,BRENT
2025-09-03 18:36:55.834259864+00:00,TK102_TEMP,94.39855174372707,DEGF,Good,TK102,BRENT
2025-09-03 18:36:55.834259864+00:00,TK102_VOLUME,33761.32466247693,BBL,Good,TK102,BRENT
2025-09-03 18:36:55.834259864+00:00,TK103_LEVEL,94.08870285016383,PCT,Good,TK103,MAYA
2025-09-03 18:36:55.834259864+00:00,TK103_TEMP,94.90533564080697,DEGF,Good,TK103,MAYA
2025-09-03 18:36:55.834259864+00:00,TK103_VOLUME,42879.07234879372,BBL,Good,TK103,MAYA
2025-09-03 18:36:55.834259864+00:00,TK104_LEVEL,93.91005306797422,PCT,Good,TK104,ARB
2025-09-03 18:36:55.834259864+00:00,TK104_TEMP,94.73554453970267,DEGF,Good,TK104,ARB
2025-09-03 18:36:55.834259864+00:00,TK104_VOLUME,51557.98659668826,BBL,Good,TK104,ARB
2025-09-03 18:36:55.834259864+00:00,TK105_LEVEL,77.56305171415158,PCT,Good,TK105,URALS
2025-09-03 18:36:55.834259864+00:00,TK105_TEMP,94.1949284966903,DEGF,Good,TK105,URALS
2025-09-03 18:36:55.834259864+00:00,TK105_VOLUME,39063.162121689646,BBL,Good,TK105,URALS
2025-09-03 18:36:55.834259864+00:00,VDU_FEED_RATE,16613.545906182495,BPD,Good,VDU001,BLEND_B
2025-09-03 19:54:46.104530135+00:00,CDU_FEED_RATE,42295.504901057764,BPD,Good,CDU001,BLEND_A
2025-09-03 19:54:46.104530135+00:00,CDU_FEED_TEMP,473.98077101081117,DEGF,Good,CDU001,BLEND_A
2025-09-03 19:54:46.104530135+00:00,TK101_LEVEL,92.64013294581198,PCT,Good,TK101,WTI
2025-09-03 19:54:46.104530135+00:00,TK101_TEMP,94.03147767776589,DEGF,Good,TK101,WTI
2025-09-03 19:54:46.104530135+00:00,TK101_VOLUME,49961.111063073105,BBL,Good,TK101,WTI
2025-09-03 19:54:46.104530135+00:00,TK102_LEVEL,71.88124767428263,PCT,Good,TK102,BRENT
2025-09-03 19:54:46.104530135+00:00,TK102_TEMP,95.23206036657155,DEGF,Good,TK102,BRENT
2025-09-03 19:54:46.104530135+00:00,TK102_VOLUME,33901.13223561758,BBL,Good,TK102,BRENT
2025-09-03 19:54:46.104530135+00:00,TK103_LEVEL,94.94655609316499,PCT,Good,TK103,MAYA
2025-09-03 19:54:46.104530135+00:00,TK103_TEMP,94.34563652138272,DEGF,Good,TK103,MAYA
2025-09-03 19:54:46.104530135+00:00,TK103_VOLUME,43270.02206068286,BBL,Good,TK103,MAYA
2025-09-03 19:54:46.104530135+00:00,TK104_LEVEL,95.59730789066622,PCT,Good,TK104,ARB
2025-09-03 19:54:46.104530135+00:00,TK104_TEMP,94.08086764908153,DEGF,Good,TK104,ARB
2025-09-03 19:54:46.104530135+00:00,TK104_VOLUME,52484.31406314795,BBL,Good,TK104,ARB
2025-09-03 19:54:46.104530135+00:00,TK105_LEVEL,78.69635244538243,PCT,Good,TK105,URALS
2025-09-03 19:54:46.104530135+00:00,TK105_TEMP,94.1583983366266,DEGF,Good,TK105,URALS
2025-09-03 19:54:46.104530135+00:00,TK105_VOLUME,39633.92757274297,BBL,Good,TK105,URALS
2025-09-03 19:54:46.104530135+00:00,VDU_FEED_RATE,17224.145831954007,BPD,Good,VDU001,BLEND_B
2025-09-03 21:12:36.374800405+00:00,CDU_FEED_RATE,41825.44028180157,BPD,Good,CDU001,BLEND_A
2025-09-03 21:12:36.374800405+00:00,CDU_FEED_TEMP,473.9691328277103,DEGF,Good,CDU001,BLEND_A
2025-09-03 21:12:36.374800405+00:00,TK101_LEVEL,92.87629423892243,PCT,Good,TK101,WTI
2025-09-03 21:12:36.374800405+00:00,TK101_TEMP,95.18730987687842,DEGF,Good,TK101,WTI
2025-09-03 21:12:36.374800405+00:00,TK101_VOLUME,50088.47358100895,BBL,Good,TK101,WTI
2025-09-03 21:12:36.374800405+00:00,TK102_LEVEL,74.81147484595549,PCT,Good,TK102,BRENT
2025-09-03 21:12:36.374800405+00:00,TK102_TEMP,94.00637435166192,DEGF,Good,TK102,BRENT
2025-09-03 21:12:36.374800405+00:00,TK102_VOLUME,35283.10628366713,BBL,Good,TK102,BRENT
2025-09-03 21:12:36.374800405+00:00,TK103_LEVEL,95.32545447540521,PCT,Good,TK103,MAYA
2025-09-03 21:12:36.374800405+00:00,TK103_TEMP,93.19867284563186,DEGF,Good,TK103,MAYA
2025-09-03 21:12:36.374800405+00:00,TK103_VOLUME,43442.697532368256,BBL,Good,TK103,MAYA
2025-09-03 21:12:36.374800405+00:00,TK104_LEVEL,93.81305071100587,PCT,Good,TK104,ARB
2025-09-03 21:12:36.374800405+00:00,TK104_TEMP,94.41933916181159,DEGF,Good,TK104,ARB
2025-09-03 21:12:36.374800405+00:00,TK104_VOLUME,51504.730890221974,BBL,Good,TK104,ARB
2025-09-03 21:12:36.374800405+00:00,TK105_LEVEL,77.36568804542686,PCT,Good,TK105,URALS
2025-09-03 21:12:36.374800405+00:00,TK105_TEMP,94.41679726146538,DEGF,Good,TK105,URALS
2025-09-03 21:12:36.374800405+00:00,TK105_VOLUME,38963.763647571606,BBL,Good,TK105,URALS
2025-09-03 21:12:36.374800405+00:00,VDU_FEED_RATE,17289.219010523386,BPD,Good,VDU001,BLEND_B
2025-09-03 22:30:26.645070675+00:00,CDU_FEED_RATE,42698.34153686335,BPD,Good,CDU001,BLEND_A
2025-09-03 22:30:26.645070675+00:00,CDU_FEED_TEMP,473.8935661061784,DEGF,Good,CDU001,BLEND_A
2025-09-03 22:30:26.645070675+00:00,TK101_LEVEL,92.3626703150588,PCT,Good,TK101,WTI
2025-09-03 22:30:26.645070675+00:00,TK101_TEMP,94.5606014600718,DEGF,Good,TK101,WTI
2025-09-03 22:30:26.645070675+00:00,TK101_VOLUME,49811.4746056317,BBL,Good,TK101,WTI
2025-09-03 22:30:26.645070675+00:00,TK102_LEVEL,74.17650588428342,PCT,Good,TK102,BRENT
2025-09-03 22:30:26.645070675+00:00,TK102_TEMP,94.12564758723026,DEGF,Good,TK102,BRENT
2025-09-03 22:30:26.645070675+00:00,TK102_VOLUME,34983.637821006334,BBL,Good,TK102,BRENT
2025-09-03 22:30:26.645070675+00:00,TK103_LEVEL,94.96494502687636,PCT,Good,TK103,MAYA
2025-09-03 22:30:26.645070675+00:00,TK103_TEMP,93.35522319761924,DEGF,Good,TK103,MAYA
2025-09-03 22:30:26.645070675+00:00,TK103_VOLUME,43278.40245487623,BBL,Good,TK103,MAYA
2025-09-03 22:30:26.645070675+00:00,TK104_LEVEL,94.68166300206944,PCT,Good,TK104,ARB
2025-09-03 22:30:26.645070675+00:00,TK104_TEMP,94.37230858149775,DEGF,Good,TK104,ARB
2025-09-03 22:30:26.645070675+00:00,TK104_VOLUME,51981.611686231736,BBL,Good,TK104,ARB
2025-09-03 22:30:26.645070675+00:00,TK105_LEVEL,76.53774930656503,PCT,Good,TK105,URALS
2025-09-03 22:30:26.645070675+00:00,TK105_TEMP,94.38915084205527,DEGF,Good,TK105,URALS
2025-09-03 22:30:26.645070675+00:00,TK105_VOLUME,38546.7879810883,BBL,Good,TK105,URALS
2025-09-03 22:30:26.645070675+00:00,VDU_FEED_RATE,17443.271830626516,BPD,Good,VDU001,BLEND_B
2025-09-03 23:48:16.915340946+00:00,CDU_FEED_RATE,42752.94916240485,BPD,Good,CDU001,BLEND_A
2025-09-03 23:48:16.915340946+00:00,CDU_FEED_TEMP,474.4974102451023,DEGF,Good,CDU001,BLEND_A
2025-09-03 23:48:16.915340946+00:00,TK101_LEVEL,93.54384092756275,PCT,Good,TK101,WTI
2025-09-03 23:48:16.915340946+00:00,TK101_TEMP,94.76434688919228,DEGF,Good,TK101,WTI
2025-09-03 23:48:16.915340946+00:00,TK101_VOLUME,50448.48358089155,BBL,Good,TK101,WTI
2025-09-03 23:48:16.915340946+00:00,TK102_LEVEL,74.44679445201929,PCT,Good,TK102,BRENT
2025-09-03 23:48:16.915340946+00:00,TK102_TEMP,94.38618102572542,DEGF,Good,TK102,BRENT
2025-09-03 23:48:16.915340946+00:00,TK102_VOLUME,35111.11318868652,BBL,Good,TK102,BRENT
2025-09-03 23:48:16.915340946+00:00,TK103_LEVEL,96.27816727107043,PCT,Good,TK103,MAYA
2025-09-03 23:48:16.915340946+00:00,TK103_TEMP,93.87162946320232,DEGF,Good,TK103,MAYA
2025-09-03 23:48:16.915340946+00:00,TK103_VOLUME,43876.87761621963,BBL,Good,TK103,MAYA
2025-09-03 23:48:16.915340946+00:00,TK104_LEVEL,96.46332079155749,PCT,Good,TK104,ARB
2025-09-03 23:48:16.915340946+00:00,TK104_TEMP,93.27304821115993,DEGF,Good,TK104,ARB
2025-09-03 23:48:16.915340946+00:00,TK104_VOLUME,52959.767756102345,BBL,Good,TK104,ARB
2025-09-03 23:48:16.915340946+00:00,TK105_LEVEL,77.94493276726867,PCT,Good,TK105,URALS
2025-09-03 23:48:16.915340946+00:00,TK105_TEMP,95.87880781666074,DEGF,Good,TK105,URALS
2025-09-03 23:48:16.915340946+00:00,TK105_VOLUME,39255.489282102186,BBL,Good,TK105,URALS
2025-09-03 23:48:16.915340946+00:00,VDU_FEED_RATE,17278.57160943064,BPD,Good,VDU001,BLEND_B
2025-09-04 01:06:07.185611216+00:00,CDU_FEED_RATE,42994.233624491026,BPD,Good,CDU001,BLEND_A
2025-09-04 01:06:07.185611216+00:00,CDU_FEED_TEMP,475.4782888984306,DEGF,Good,CDU001,BLEND_A
2025-09-04 01:06:07.185611216+00:00,TK101_LEVEL,92.7028407696289,PCT,Good,TK101,WTI
2025-09-04 01:06:07.185611216+00:00,TK101_TEMP,93.77078583469392,DEGF,Good,TK101,WTI
2025-09-04 01:06:07.185611216+00:00,TK101_VOLUME,49994.92958697433,BBL,Good,TK101,WTI
2025-09-04 01:06:07.185611216+00:00,TK102_LEVEL,72.930007572329,PCT,Good,TK102,BRENT
2025-09-04 01:06:07.185611216+00:00,TK102_TEMP,94.78034330810749,DEGF,Good,TK102,BRENT
2025-09-04 01:06:07.185611216+00:00,TK102_VOLUME,34395.75564766783,BBL,Good,TK102,BRENT
2025-09-04 01:06:07.185611216+00:00,TK103_LEVEL,95.30345013828547,PCT,Good,TK103,MAYA
2025-09-04 01:06:07.185611216+00:00,TK103_TEMP,94.60647790855333,DEGF,Good,TK103,MAYA
2025-09-04 01:06:07.185611216+00:00,TK103_VOLUME,43432.66948931141,BBL,Good,TK103,MAYA
2025-09-04 01:06:07.185611216+00:00,TK104_LEVEL,95.80440963826068,PCT,Good,TK104,ARB
2025-09-04 01:06:07.185611216+00:00,TK104_TEMP,94.23106929962766,DEGF,Good,TK104,ARB
2025-09-04 01:06:07.185611216+00:00,TK104_VOLUME,52598.015938269855,BBL,Good,TK104,ARB
2025-09-04 01:06:07.185611216+00:00,TK105_LEVEL,76.51965115219662,PCT,Good,TK105,URALS
2025-09-04 01:06:07.185611216+00:00,TK105_TEMP,93.80225235701965,DEGF,Good,TK105,URALS
2025-09-04 01:06:07.185611216+00:00,TK105_VOLUME,38537.67318838002,BBL,Good,TK105,URALS
2025-09-04 01:06:07.185611216+00:00,VDU_FEED_RATE,17193.99796917736,BPD,Good,VDU001,BLEND_B
2025-09-04 02:23:57.455881486+00:00,CDU_FEED_RATE,43009.30519106448,BPD,Good,CDU001,BLEND_A
2025-09-04 02:23:57.455881486+00:00,CDU_FEED_TEMP,476.2169647205736,DEGF,Good,CDU001,BLEND_A
2025-09-04 02:23:57.455881486+00:00,TK101_LEVEL,91.9718956859451,PCT,Good,TK101,WTI
2025-09-04 02:23:57.455881486+00:00,TK101_TEMP,93.74007921064279,DEGF,Good,TK101,WTI
2025-09-04 02:23:57.455881486+00:00,TK101_VOLUME,49600.7286359859,BBL,Good,TK101,WTI
2025-09-04 02:23:57.455881486+00:00,TK102_LEVEL,74.27284716453984,PCT,Good,TK102,BRENT
2025-09-04 02:23:57.455881486+00:00,TK102_TEMP,93.55116056323078,DEGF,Good,TK102,BRENT
2025-09-04 02:23:57.455881486+00:00,TK102_VOLUME,35029.07496334033,BBL,Good,TK102,BRENT
2025-09-04 02:23:57.455881486+00:00,TK103_LEVEL,96.76938758815878,PCT,Good,TK103,MAYA
2025-09-04 02:23:57.455881486+00:00,TK103_TEMP,94.35674693094819,DEGF,Good,TK103,MAYA
2025-09-04 02:23:57.455881486+00:00,TK103_VOLUME,44100.74159645933,BBL,Good,TK103,MAYA
2025-09-04 02:23:57.455881486+00:00,TK104_LEVEL,95.18285273994846,PCT,Good,TK104,ARB
2025-09-04 02:23:57.455881486+00:00,TK104_TEMP,94.22118823185382,DEGF,Good,TK104,ARB
2025-09-04 02:23:57.455881486+00:00,TK104_VOLUME,52256.77215035436,BBL,Good,TK104,ARB
2025-09-04 02:23:57.455881486+00:00,TK105_LEVEL,76.2242435528131,PCT,Good,TK105,URALS
2025-09-04 02:23:57.455881486+00:00,TK105_TEMP,94.41433211611024,DEGF,Good,TK105,URALS
2025-09-04 02:23:57.455881486+00:00,TK105_VOLUME,38388.89674532277,BBL,Good,TK105,URALS
2025-09-04 02:23:57.455881486+00:00,VDU_FEED_RATE,17379.263978721698,BPD,Good,VDU001,BLEND_B
2025-09-04 03:41:47.726151756+00:00,CDU_FEED_RATE,43181.5781706932,BPD,Good,CDU001,BLEND_A
2025-09-04 03:41:47.726151756+00:00,CDU_FEED_TEMP,475.75613924076964,DEGF,Good,CDU001,BLEND_A
2025-09-04 03:41:47.726151756+00:00,TK101_LEVEL,91.93878140042845,PCT,Good,TK101,WTI
2025-09-04 03:41:47.726151756+00:00,TK101_TEMP,94.48154294660112,DEGF,Good,TK101,WTI
2025-09-04 03:41:47.726151756+00:00,TK101_VOLUME,49582.869999087794,BBL,Good,TK101,WTI
2025-09-04 03:41:47.726151756+00:00,TK102_LEVEL,76.31880781082727,PCT,Good,TK102,BRENT
2025-09-04 03:41:47.726151756+00:00,TK102_TEMP,93.60248771335705,DEGF,Good,TK102,BRENT
2025-09-04 03:41:47.726151756+00:00,TK102_VOLUME,35994.00510385423,BBL,Good,TK102,BRENT
2025-09-04 03:41:47.726151756+00:00,TK103_LEVEL,96.08958740716616,PCT,Good,TK103,MAYA
2025-09-04 03:41:47.726151756+00:00,TK103_TEMP,94.34981944182759,DEGF,Good,TK103,MAYA
2025-09-04 03:41:47.726151756+00:00,TK103_VOLUME,43790.93605912585,BBL,Good,TK103,MAYA
2025-09-04 03:41:47.726151756+00:00,TK104_LEVEL,95.9530090939759,PCT,Good,TK104,ARB
2025-09-04 03:41:47.726151756+00:00,TK104_TEMP,94.17748961682825,DEGF,Good,TK104,ARB
2025-09-04 03:41:47.726151756+00:00,TK104_VOLUME,52679.59920327445,BBL,Good,TK104,ARB
2025-09-04 03:41:47.726151756+00:00,TK105_LEVEL,75.51688970188142,PCT,Good,TK105,URALS
2025-09-04 03:41:47.726151756+00:00,TK105_TEMP,94.56588995947367,DEGF,Good,TK105,URALS
2025-09-04 03:41:47.726151756+00:00,TK105_VOLUME,38032.65137403209,BBL,Good,TK105,URALS
2025-09-04 03:41:47.726151756+00:00,VDU_FEED_RATE,17510.506811165353,BPD,Good,VDU001,BLEND_B
2025-09-04 04:59:37.996422027+00:00,CDU_FEED_RATE,43305.35712220131,BPD,Good,CDU001,BLEND_A
2025-09-04 04:59:37.996422027+00:00,CDU_FEED_TEMP,477.1356255954113,DEGF,Good,CDU001,BLEND_A
2025-09-04 04:59:37.996422027+00:00,TK101_LEVEL,93.38802534091472,PCT,Good,TK101,WTI
2025-09-04 04:59:37.996422027+00:00,TK101_TEMP,94.24337568958657,DEGF,Good,TK101,WTI
2025-09-04 04:59:37.996422027+00:00,TK101_VOLUME,50364.45175167954,BBL,Good,TK101,WTI
2025-09-04 04:59:37.996422027+00:00,TK102_LEVEL,75.13821646866631,PCT,Good,TK102,BRENT
2025-09-04 04:59:37.996422027+00:00,TK102_TEMP,93.19537427025149,DEGF,Good,TK102,BRENT
2025-09-04 04:59:37.996422027+00:00,TK102_VOLUME,35437.206432409585,BBL,Good,TK102,BRENT
2025-09-04 04:59:37.996422027+00:00,TK103_LEVEL,95.10957548337089,PCT,Good,TK103,MAYA
2025-09-04 04:59:37.996422027+00:00,TK103_TEMP,95.1897102654622,DEGF,Good,TK103,MAYA
2025-09-04 04:59:37.996422027+00:00,TK103_VOLUME,43344.314935546136,BBL,Good,TK103,MAYA
2025-09-04 04:59:37.996422027+00:00,TK104_LEVEL,95.4451742734201,PCT,Good,TK104,ARB
2025-09-04 04:59:37.996422027+00:00,TK104_TEMP,94.92219566140749,DEGF,Good,TK104,ARB
2025-09-04 04:59:37.996422027+00:00,TK104_VOLUME,52400.790492000524,BBL,Good,TK104,ARB
2025-09-04 04:59:37.996422027+00:00,TK105_LEVEL,75.71038862778198,PCT,Good,TK105,URALS
2025-09-04 04:59:37.996422027+00:00,TK105_TEMP,94.21345252188425,DEGF,Good,TK105,URALS
2025-09-04 04:59:37.996422027+00:00,TK105_VOLUME,38130.10344361649,BBL,Good,TK105,URALS
2025-09-04 04:59:37.996422027+00:00,VDU_FEED_RATE,17461.708670727297,BPD,Good,VDU001,BLEND_B
2025-09-04 06:17:28.266692297+00:00,CDU_FEED_RATE,43551.41910666502,BPD,Good,CDU001,BLEND_A
2025-09-04 06:17:28.266692297+00:00,CDU_FEED_TEMP,476.30985184146533,DEGF,Good,CDU001,BLEND_A
2025-09-04 06:17:28.266692297+00:00,TK101_LEVEL,94.77275067903433,PCT,Good,TK101,WTI
2025-09-04 06:17:28.266692297+00:00,TK101_TEMP,94.4440294273922,DEGF,Good,TK101,WTI
2025-09-04 06:17:28.266692297+00:00,TK101_VOLUME,51111.23842188124,BBL,Good,TK101,WTI
2025-09-04 06:17:28.266692297+00:00,TK102_LEVEL,74.46194539344457,PCT,Good,TK102,BRENT
2025-09-04 06:17:28.266692297+00:00,TK102_TEMP,94.18600763058676,DEGF,Good,TK102,BRENT
2025-09-04 06:17:28.266692297+00:00,TK102_VOLUME,35118.25878069238,BBL,Good,TK102,BRENT
2025-09-04 06:17:28.266692297+00:00,TK103_LEVEL,94.91941480556622,PCT,Good,TK103,MAYA
2025-09-04 06:17:28.266692297+00:00,TK103_TEMP,93.53511521053022,DEGF,Good,TK103,MAYA
2025-09-04 06:17:28.266692297+00:00,TK103_VOLUME,43257.65295366647,BBL,Good,TK103,MAYA
2025-09-04 06:17:28.266692297+00:00,TK104_LEVEL,95.49606702295836,PCT,Good,TK104,ARB
2025-09-04 06:17:28.266692297+00:00,TK104_TEMP,93.56176086870569,DEGF,Good,TK104,ARB
2025-09-04 06:17:28.266692297+00:00,TK104_VOLUME,52428.731352566996,BBL,Good,TK104,ARB
2025-09-04 06:17:28.266692297+00:00,TK105_LEVEL,76.35729386558941,PCT,Good,TK105,URALS
2025-09-04 06:17:28.266692297+00:00,TK105_TEMP,94.22475030685081,DEGF,Good,TK105,URALS
2025-09-04 06:17:28.266692297+00:00,TK105_VOLUME,38455.90501567134,BBL,Good,TK105,URALS
2025-09-04 06:17:28.266692297+00:00,VDU_FEED_RATE,17873.22235351659,BPD,Good,VDU001,BLEND_B
2025-09-04 07:35:18.536962567+00:00,CDU_FEED_RATE,43040.65690601875,BPD,Good,CDU001,BLEND_A
2025-09-04 07:35:18.536962567+00:00,CDU_FEED_TEMP,476.87168683515955,DEGF,Good,CDU001,BLEND_A
2025-09-04 07:35:18.536962567+00:00,TK101_LEVEL,93.31142123826838,PCT,Good,TK101,WTI
2025-09-04 07:35:18.536962567+00:00,TK101_TEMP,94.03007078769957,DEGF,Good,TK101,WTI
2025-09-04 07:35:18.536962567+00:00,TK101_VOLUME,50323.138921499994,BBL,Good,TK101,WTI
2025-09-04 07:35:18.536962567+00:00,TK102_LEVEL,73.81095514026786,PCT,Good,TK102,BRENT
2025-09-04 07:35:18.536962567+00:00,TK102_TEMP,93.56475337456052,DEGF,Good,TK102,BRENT
2025-09-04 07:35:18.536962567+00:00,TK102_VOLUME,34811.234245488915,BBL,Good,TK102,BRENT
2025-09-04 07:35:18.536962567+00:00,TK103_LEVEL,94.09562859242212,PCT,Good,TK103,MAYA
2025-09-04 07:35:18.536962567+00:00,TK103_TEMP,94.11018960607193,DEGF,Good,TK103,MAYA
2025-09-04 07:35:18.536962567+00:00,TK103_VOLUME,42882.22861935933,BBL,Good,TK103,MAYA
2025-09-04 07:35:18.536962567+00:00,TK104_LEVEL,96.09807724939772,PCT,Good,TK104,ARB
2025-09-04 07:35:18.536962567+00:00,TK104_TEMP,93.71159499756149,DEGF,Good,TK104,ARB
2025-09-04 07:35:18.536962567+00:00,TK104_VOLUME,52759.243732997274,BBL,Good,TK104,ARB
2025-09-04 07:35:18.536962567+00:00,TK105_LEVEL,76.03371945608386,PCT,Good,TK105,URALS
2025-09-04 07:35:18.536962567+00:00,TK105_TEMP,93.6015018360105,DEGF,Good,TK105,URALS
2025-09-04 07:35:18.536962567+00:00,TK105_VOLUME,38292.942892113744,BBL,Good,TK105,URALS
2025-09-04 07:35:18.536962567+00:00,VDU_FEED_RATE,18027.611034105328,BPD,Good,VDU001,BLEND_B
2025-09-04 08:53:08.807232837+00:00,CDU_FEED_RATE,43282.8622577917,BPD,Good,CDU001,BLEND_A
2025-09-04 08:53:08.807232837+00:00,CDU_FEED_TEMP,476.7764658722255,DEGF,Good,CDU001,BLEND_A
2025-09-04 08:53:08.807232837+00:00,TK101_LEVEL,92.97019628747408,PCT,Good,TK101,WTI
2025-09-04 08:53:08.807232837+00:00,TK101_TEMP,94.21605504698036,DEGF,Good,TK101,WTI
2025-09-04 08:53:08.807232837+00:00,TK101_VOLUME,50139.11524707265,BBL,Good,TK101,WTI
2025-09-04 08:53:08.807232837+00:00,TK102_LEVEL,73.79284118739243,PCT,Good,TK102,BRENT
2025-09-04 08:53:08.807232837+00:00,TK102_TEMP,93.88470812874408,DEGF,Good,TK102,BRENT
2025-09-04 08:53:08.807232837+00:00,TK102_VOLUME,34802.69121748636,BBL,Good,TK102,BRENT
2025-09-04 08:53:08.807232837+00:00,TK103_LEVEL,95.97126305822539,PCT,Good,TK103,MAYA
2025-09-04 08:53:08.807232837+00:00,TK103_TEMP,94.22920094515995,DEGF,Good,TK103,MAYA
2025-09-04 08:53:08.807232837+00:00,TK103_VOLUME,43737.01206862366,BBL,Good,TK103,MAYA
2025-09-04 08:53:08.807232837+00:00,TK104_LEVEL,94.65129597090746,PCT,Good,TK104,ARB
2025-09-04 08:53:08.807232837+00:00,TK104_TEMP,92.77088528459338,DEGF,Good,TK104,ARB
2025-09-04 08:53:08.807232837+00:00,TK104_VOLUME,51964.939743937146,BBL,Good,TK104,ARB
2025-09-04 08:53:08.807232837+00:00,TK105_LEVEL,77.46215074004847,PCT,Good,TK105,URALS
2025-09-04 08:53:08.807232837+00:00,TK105_TEMP,94.13022628105439,DEGF,Good,TK105,URALS
2025-09-04 08:53:08.807232837+00:00,TK105_VOLUME,39012.34525692584,BBL,Good,TK105,URALS
2025-09-04 08:53:08.807232837+00:00,VDU_FEED_RATE,17888.848645689814,BPD,Good,VDU001,BLEND_B
2025-09-04 10:10:59.077503108+00:00,CDU_FEED_RATE,43638.45360593717,BPD,Good,CDU001,BLEND_A
2025-09-04 10:10:59.077503108+00:00,CDU_FEED_TEMP,478.14029202925315,DEGF,Good,CDU001,BLEND_A
2025-09-04 10:10:59.077503108+00:00,TK101_LEVEL,93.29182886807253,PCT,Good,TK101,WTI
2025-09-04 10:10:59.077503108+00:00,TK101_TEMP,94.1079562760752,DEGF,Good,TK101,WTI
2025-09-04 10:10:59.077503108+00:00,TK101_VOLUME,50312.572695478746,BBL,Good,TK101,WTI
2025-09-04 10:10:59.077503108+00:00,TK102_LEVEL,71.97538426494782,PCT,Good,TK102,BRENT
2025-09-04 10:10:59.077503108+00:00,TK102_TEMP,94.3595858285685,DEGF,Good,TK102,BRENT
2025-09-04 10:10:59.077503108+00:00,TK102_VOLUME,33945.529586965895,BBL,Good,TK102,BRENT
2025-09-04 10:10:59.077503108+00:00,TK103_LEVEL,95.24311044799322,PCT,Good,TK103,MAYA
2025-09-04 10:10:59.077503108+00:00,TK103_TEMP,93.66076017535347,DEGF,Good,TK103,MAYA
2025-09-04 10:10:59.077503108+00:00,TK103_VOLUME,43405.17086442692,BBL,Good,TK103,MAYA
2025-09-04 10:10:59.077503108+00:00,TK104_LEVEL,95.3361682320073,PCT,Good,TK104,ARB
2025-09-04 10:10:59.077503108+00:00,TK104_TEMP,93.78843840053557,DEGF,Good,TK104,ARB
2025-09-04 10:10:59.077503108+00:00,TK104_VOLUME,52340.94458798372,BBL,Good,TK104,ARB
2025-09-04 10:10:59.077503108+00:00,TK105_LEVEL,75.86668050173573,PCT,Good,TK105,URALS
2025-09-04 10:10:59.077503108+00:00,TK105_TEMP,94.28459623170983,DEGF,Good,TK105,URALS
2025-09-04 10:10:59.077503108+00:00,TK105_VOLUME,38208.816886107874,BBL,Good,TK105,URALS
2025-09-04 10:10:59.077503108+00:00,VDU_FEED_RATE,17909.869822155033,BPD,Good,VDU001,BLEND_B
2025-09-04 11:28:49.347773378+00:00,CDU_FEED_RATE,43955.68716565568,BPD,Good,CDU001,BLEND_A
2025-09-04 11:28:49.347773378+00:00,CDU_FEED_TEMP,479.02503972416997,DEGF,Good,CDU001,BLEND_A
2025-09-04 11:28:49.347773378+00:00,TK101_LEVEL,94.20910554210455,PCT,Good,TK101,WTI
2025-09-04 11:28:49.347773378+00:00,TK101_TEMP,94.36853679031053,DEGF,Good,TK101,WTI
2025-09-04 11:28:49.347773378+00:00,TK101_VOLUME,50807.26285113393,BBL,Good,TK101,WTI
2025-09-04 11:28:49.347773378+00:00,TK102_LEVEL,74.25932364699675,PCT,Good,TK102,BRENT
2025-09-04 11:28:49.347773378+00:00,TK102_TEMP,93.65888173537665,DEGF,Good,TK102,BRENT
2025-09-04 11:28:49.347773378+00:00,TK102_VOLUME,35022.69690826543,BBL,Good,TK102,BRENT
2025-09-04 11:28:49.347773378+00:00,TK103_LEVEL,93.12260353910882,PCT,Good,TK103,MAYA
2025-09-04 11:28:49.347773378+00:00,TK103_TEMP,93.99381646830955,DEGF,Good,TK103,MAYA
2025-09-04 11:28:49.347773378+00:00,TK103_VOLUME,42438.79162432867,BBL,Good,TK103,MAYA
2025-09-04 11:28:49.347773378+00:00,TK104_LEVEL,94.8806647037737,PCT,Good,TK104,ARB
2025-09-04 11:28:49.347773378+00:00,TK104_TEMP,93.78183131870507,DEGF,Good,TK104,ARB
2025-09-04 11:28:49.347773378+00:00,TK104_VOLUME,52090.866518211864,BBL,Good,TK104,ARB
2025-09-04 11:28:49.347773378+00:00,TK105_LEVEL,73.81951709746278,PCT,Good,TK105,URALS
2025-09-04 11:28:49.347773378+00:00,TK105_TEMP,94.14345338790363,DEGF,Good,TK105,URALS
2025-09-04 11:28:49.347773378+00:00,TK105_VOLUME,37177.80180633228,BBL,Good,TK105,URALS
2025-09-04 11:28:49.347773378+00:00,VDU_FEED_RATE,17832.200231977607,BPD,Good,VDU001,BLEND_B
2025-09-04 12:46:39.618043648+00:00,CDU_FEED_RATE,44252.030129217805,BPD,Good,CDU001,BLEND_A
2025-09-04 12:46:39.618043648+00:00,CDU_FEED_TEMP,477.4290833163134,DEGF,Good,CDU001,BLEND_A
2025-09-04 12:46:39.618043648+00:00,TK101_LEVEL,92.99973130543525,PCT,Good,TK101,WTI
2025-09-04 12:46:39.618043648+00:00,TK101_TEMP,94.33276272246792,DEGF,Good,TK101,WTI
2025-09-04 12:46:39.618043648+00:00,TK101_VOLUME,50155.043573875366,BBL,Good,TK101,WTI
2025-09-04 12:46:39.618043648+00:00,TK102_LEVEL,74.7244113382311,PCT,Good,TK102,BRENT
2025-09-04 12:46:39.618043648+00:00,TK102_TEMP,94.04489959286737,DEGF,Good,TK102,BRENT
2025-09-04 12:46:39.618043648+00:00,TK102_VOLUME,35242.044788718755,BBL,Good,TK102,BRENT
2025-09-04 12:46:39.618043648+00:00,TK103_LEVEL,94.83632919807661,PCT,Good,TK103,MAYA
2025-09-04 12:46:39.618043648+00:00,TK103_TEMP,93.12928391445351,DEGF,Good,TK103,MAYA
2025-09-04 12:46:39.618043648+00:00,TK103_VOLUME,43219.788325217254,BBL,Good,TK103,MAYA
2025-09-04 12:46:39.618043648+00:00,TK104_LEVEL,93.48457452745379,PCT,Good,TK104,ARB
2025-09-04 12:46:39.618043648+00:00,TK104_TEMP,93.67426999332856,DEGF,Good,TK104,ARB
2025-09-04 12:46:39.618043648+00:00,TK104_VOLUME,51324.39268237695,BBL,Good,TK104,ARB
2025-09-04 12:46:39.618043648+00:00,TK105_LEVEL,75.79651662857172,PCT,Good,TK105,URALS
2025-09-04 12:46:39.618043648+00:00,TK105_TEMP,94.21435903345173,DEGF,Good,TK105,URALS
2025-09-04 12:46:39.618043648+00:00,TK105_VOLUME,38173.480180138744,BBL,Good,TK105,URALS
2025-09-04 12:46:39.618043648+00:00,VDU_FEED_RATE,18270.802186214885,BPD,Good,VDU001,BLEND_B
2025-09-04 14:04:29.888313919+00:00,CDU_FEED_RATE,44403.99461709588,BPD,Good,CDU001,BLEND_A
2025-09-04 14:04:29.888313919+00:00,CDU_FEED_TEMP,478.47256737325995,DEGF,Good,CDU001,BLEND_A
2025-09-04 14:04:29.888313919+00:00,TK101_LEVEL,92.2270621944573,PCT,Good,TK101,WTI
2025-09-04 14:04:29.888313919+00:00,TK101_TEMP,93.0677836524179,DEGF,Good,TK101,WTI
2025-09-04 14:04:29.888313919+00:00,TK101_VOLUME,49738.34072554121,BBL,Good,TK101,WTI
2025-09-04 14:04:29.888313919+00:00,TK102_LEVEL,72.16094952379828,PCT,Good,TK102,BRENT
2025-09-04 14:04:29.888313919+00:00,TK102_TEMP,93.72805069573792,DEGF,Good,TK102,BRENT
2025-09-04 14:04:29.888313919+00:00,TK102_VOLUME,34033.047160494,BBL,Good,TK102,BRENT
2025-09-04 14:04:29.888313919+00:00,TK103_LEVEL,94.3286506628107,PCT,Good,TK103,MAYA
2025-09-04 14:04:29.888313919+00:00,TK103_TEMP,94.58267275825129,DEGF,Good,TK103,MAYA
2025-09-04 14:04:29.888313919+00:00,TK103_VOLUME,42988.42383634484,BBL,Good,TK103,MAYA
2025-09-04 14:04:29.888313919+00:00,TK104_LEVEL,94.00736276702439,PCT,Good,TK104,ARB
2025-09-04 14:04:29.888313919+00:00,TK104_TEMP,94.43155831935566,DEGF,Good,TK104,ARB
2025-09-04 14:04:29.888313919+00:00,TK104_VOLUME,51611.411038432794,BBL,Good,TK104,ARB
2025-09-04 14:04:29.888313919+00:00,TK105_LEVEL,76.22620937665941,PCT,Good,TK105,URALS
2025-09-04 14:04:29.888313919+00:00,TK105_TEMP,94.5840235999319,DEGF,Good,TK105,URALS
2025-09-04 14:04:29.888313919+00:00,TK105_VOLUME,38389.886795274564,BBL,Good,TK105,URALS
2025-09-04 14:04:29.888313919+00:00,VDU_FEED_RATE,18170.950453250465,BPD,Good,VDU001,BLEND_B
2025-09-04 15:22:20.158584189+00:00,CDU_FEED_RATE,44770.710006877234,BPD,Good,CDU001,BLEND_A
2025-09-04 15:22:20.158584189+00:00,CDU_FEED_TEMP,479.61525703155144,DEGF,Good,CDU001,BLEND_A
2025-09-04 15:22:20.158584189+00:00,TK101_LEVEL,93.58260625497854,PCT,Good,TK101,WTI
2025-09-04 15:22:20.158584189+00:00,TK101_TEMP,92.70140862793441,DEGF,Good,TK101,WTI
2025-09-04 15:22:20.158584189+00:00,TK101_VOLUME,50469.38984221513,BBL,Good,TK101,WTI
2025-09-04 15:22:20.158584189+00:00,TK102_LEVEL,72.9134800782897,PCT,Good,TK102,BRENT
2025-09-04 15:22:20.158584189+00:00,TK102_TEMP,94.16110006315307,DEGF,Good,TK102,BRENT
2025-09-04 15:22:20.158584189+00:00,TK102_VOLUME,34387.960836377286,BBL,Good,TK102,BRENT
2025-09-04 15:22:20.158584189+00:00,TK103_LEVEL,96.64369040386393,PCT,Good,TK103,MAYA
2025-09-04 15:22:20.158584189+00:00,TK103_TEMP,93.48423562933962,DEGF,Good,TK103,MAYA
2025-09-04 15:22:20.158584189+00:00,TK103_VOLUME,44043.457581522896,BBL,Good,TK103,MAYA
2025-09-04 15:22:20.158584189+00:00,TK104_LEVEL,96.33435308996512,PCT,Good,TK104,ARB
2025-09-04 15:22:20.158584189+00:00,TK104_TEMP,94.25535166677332,DEGF,Good,TK104,ARB
2025-09-04 15:22:20.158584189+00:00,TK104_VOLUME,52888.96260997712,BBL,Good,TK104,ARB
2025-09-04 15:22:20.158584189+00:00,TK105_LEVEL,75.93094765613648,PCT,Good,TK105,URALS
2025-09-04 15:22:20.158584189+00:00,TK105_TEMP,94.29352617656201,DEGF,Good,TK105,URALS
2025-09-04 15:22:20.158584189+00:00,TK105_VOLUME,38241.18382134281,BBL,Good,TK105,URALS
2025-09-04 15:22:20.158584189+00:00,VDU_FEED_RATE,18209.571227205284,BPD,Good,VDU001,BLEND_B
2025-09-04 16:40:10.428854459+00:00,CDU_FEED_RATE,44947.75330210928,BPD,Good,CDU001,BLEND_A
2025-09-04 16:40:10.428854459+00:00,CDU_FEED_TEMP,478.5977861942156,DEGF,Good,CDU001,BLEND_A
2025-09-04 16:40:10.428854459+00:00,TK101_LEVEL,92.72442107889356,PCT,Good,TK101,WTI
2025-09-04 16:40:10.428854459+00:00,TK101_TEMP,94.27210779960474,DEGF,Good,TK101,WTI
2025-09-04 16:40:10.428854459+00:00,TK101_VOLUME,50006.567914701875,BBL,Good,TK101,WTI
2025-09-04 16:40:10.428854459+00:00,TK102_LEVEL,72.23677943387636,PCT,Good,TK102,BRENT
2025-09-04 16:40:10.428854459+00:00,TK102_TEMP,94.00879913445299,DEGF,Good,TK102,BRENT
2025-09-04 16:40:10.428854459+00:00,TK102_VOLUME,34068.8105882606,BBL,Good,TK102,BRENT
2025-09-04 16:40:10.428854459+00:00,TK103_LEVEL,93.18458129531324,PCT,Good,TK103,MAYA
2025-09-04 16:40:10.428854459+00:00,TK103_TEMP,94.78693518316823,DEGF,Good,TK103,MAYA
2025-09-04 16:40:10.428854459+00:00,TK103_VOLUME,42467.036765475284,BBL,Good,TK103,MAYA
2025-09-04 16:40:10.428854459+00:00,TK104_LEVEL,94.9702170529998,PCT,Good,TK104,ARB
2025-09-04 16:40:10.428854459+00:00,TK104_TEMP,93.81016346291263,DEGF,Good,TK104,ARB
2025-09-04 16:40:10.428854459+00:00,TK104_VOLUME,52140.032061945065,BBL,Good,TK104,ARB
2025-09-04 16:40:10.428854459+00:00,TK105_LEVEL,77.87526891883091,PCT,Good,TK105,URALS
2025-09-04 16:40:10.428854459+00:00,TK105_TEMP,93.8068824075277,DEGF,Good,TK105,URALS
2025-09-04 16:40:10.428854459+00:00,TK105_VOLUME,39220.404404117064,BBL,Good,TK105,URALS
2025-09-04 16:40:10.428854459+00:00,VDU_FEED_RATE,18390.461499816414,BPD,Good,VDU001,BLEND_B
2025-09-04 17:58:00.699124729+00:00,CDU_FEED_RATE,44612.12054892281,BPD,Good,CDU001,BLEND_A
2025-09-04 17:58:00.699124729+00:00,CDU_FEED_TEMP,479.94377560547804,DEGF,Good,CDU001,BLEND_A
2025-09-04 17:58:00.699124729+00:00,TK101_LEVEL,93.63215709828867,PCT,Good,TK101,WTI
2025-09-04 17:58:00.699124729+00:00,TK101_TEMP,94.31016567803952,DEGF,Good,TK101,WTI
2025-09-04 17:58:00.699124729+00:00,TK101_VOLUME,50496.1127657167,BBL,Good,TK101,WTI
2025-09-04 17:58:00.699124729+00:00,TK102_LEVEL,72.22962933716177,PCT,Good,TK102,BRENT
2025-09-04 17:58:00.699124729+00:00,TK102_TEMP,93.37033628332125,DEGF,Good,TK102,BRENT
2025-09-04 17:58:00.699124729+00:00,TK102_VOLUME,34065.43841009089,BBL,Good,TK102,BRENT
2025-09-04 17:58:00.699124729+00:00,TK103_LEVEL,93.24674557333323,PCT,Good,TK103,MAYA
2025-09-04 17:58:00.699124729+00:00,TK103_TEMP,93.70006596944982,DEGF,Good,TK103,MAYA
2025-09-04 17:58:00.699124729+00:00,TK103_VOLUME,42495.36691026403,BBL,Good,TK103,MAYA
2025-09-04 17:58:00.699124729+00:00,TK104_LEVEL,93.06264190287392,PCT,Good,TK104,ARB
2025-09-04 17:58:00.699124729+00:00,TK104_TEMP,93.53099660463862,DEGF,Good,TK104,ARB
2025-09-04 17:58:00.699124729+00:00,TK104_VOLUME,51092.74552755053,BBL,Good,TK104,ARB
2025-09-04 17:58:00.699124729+00:00,TK105_LEVEL,75.54293814609332,PCT,Good,TK105,URALS
2025-09-04 17:58:00.699124729+00:00,TK105_TEMP,93.13042395546691,DEGF,Good,TK105,URALS
2025-09-04 17:58:00.699124729+00:00,TK105_VOLUME,38045.77017965899,BBL,Good,TK105,URALS
2025-09-04 17:58:00.699124729+00:00,VDU_FEED_RATE,18341.89447187448,BPD,Good,VDU001,BLEND_B
2025-09-04 19:15:50.969395+00:00,CDU_FEED_RATE,45059.644027512615,BPD,Good,CDU001,BLEND_A
2025-09-04 19:15:50.969395+00:00,CDU_FEED_TEMP,480.6107361001038,DEGF,Good,CDU001,BLEND_A
2025-09-04 19:15:50.969395+00:00,TK101_LEVEL,92.06216993174519,PCT,Good,TK101,WTI
2025-09-04 19:15:50.969395+00:00,TK101_TEMP,93.1499425280877,DEGF,Good,TK101,WTI
2025-09-04 19:15:50.969395+00:00,TK101_VOLUME,49649.41381677241,BBL,Good,TK101,WTI
2025-09-04 19:15:50.969395+00:00,TK102_LEVEL,73.03099654702304,PCT,Good,TK102,BRENT
2025-09-04 19:15:50.969395+00:00,TK102_TEMP,93.57592816114416,DEGF,Good,TK102,BRENT
2025-09-04 19:15:50.969395+00:00,TK102_VOLUME,34443.384767865566,BBL,Good,TK102,BRENT
2025-09-04 19:15:50.969395+00:00,TK103_LEVEL,95.58060040440358,PCT,Good,TK103,MAYA
2025-09-04 19:15:50.969395+00:00,TK103_TEMP,94.17428082054397,DEGF,Good,TK103,MAYA
2025-09-04 19:15:50.969395+00:00,TK103_VOLUME,43558.975261974585,BBL,Good,TK103,MAYA
2025-09-04 19:15:50.969395+00:00,TK104_LEVEL,92.6284102166575,PCT,Good,TK104,ARB
2025-09-04 19:15:50.969395+00:00,TK104_TEMP,94.17334887189782,DEGF,Good,TK104,ARB
2025-09-04 19:15:50.969395+00:00,TK104_VOLUME,50854.34600879402,BBL,Good,TK104,ARB
2025-09-04 19:15:50.969395+00:00,TK105_LEVEL,76.81993855681226,PCT,Good,TK105,URALS
2025-09-04 19:15:50.969395+00:00,TK105_TEMP,93.36025140048882,DEGF,Good,TK105,URALS
2025-09-04 19:15:50.969395+00:00,TK105_VOLUME,38688.907252929625,BBL,Good,TK105,URALS
2025-09-04 19:15:50.969395+00:00,VDU_FEED_RATE,18518.359396640226,BPD,Good,VDU001,BLEND_B
2025-09-04 20:33:41.239665270+00:00,CDU_FEED_RATE,44957.82528707328,BPD,Good,CDU001,BLEND_A
2025-09-04 20:33:41.239665270+00:00,CDU_FEED_TEMP,480.37868075518594,DEGF,Good,CDU001,BLEND_A
2025-09-04 20:33:41.239665270+00:00,TK101_LEVEL,90.41924464532798,PCT,Good,TK101,WTI
2025-09-04 20:33:41.239665270+00:00,TK101_TEMP,92.67317730034063,DEGF,Good,TK101,WTI
2025-09-04 20:33:41.239665270+00:00,TK101_VOLUME,48763.379113529554,BBL,Good,TK101,WTI
2025-09-04 20:33:41.239665270+00:00,TK102_LEVEL,70.65789094773785,PCT,Good,TK102,BRENT
2025-09-04 20:33:41.239665270+00:00,TK102_TEMP,94.1249667024737,DEGF,Good,TK102,BRENT
2025-09-04 20:33:41.239665270+00:00,TK102_VOLUME,33324.164257183824,BBL,Good,TK102,BRENT
2025-09-04 20:33:41.239665270+00:00,TK103_LEVEL,95.59217210128705,PCT,Good,TK103,MAYA
2025-09-04 20:33:41.239665270+00:00,TK103_TEMP,93.57644356911787,DEGF,Good,TK103,MAYA
2025-09-04 20:33:41.239665270+00:00,TK103_VOLUME,43564.24883481419,BBL,Good,TK103,MAYA
2025-09-04 20:33:41.239665270+00:00,TK104_LEVEL,93.82137887492053,PCT,Good,TK104,ARB
2025-09-04 20:33:41.239665270+00:00,TK104_TEMP,93.59321607369552,DEGF,Good,TK104,ARB
2025-09-04 20:33:41.239665270+00:00,TK104_VOLUME,51509.30317348089,BBL,Good,TK104,ARB
2025-09-04 20:33:41.239665270+00:00,TK105_LEVEL,75.6848106764574,PCT,Good,TK105,URALS
2025-09-04 20:33:41.239665270+00:00,TK105_TEMP,93.49327942765474,DEGF,Good,TK105,URALS
2025-09-04 20:33:41.239665270+00:00,TK105_VOLUME,38117.221592822185,BBL,Good,TK105,URALS
2025-09-04 20:33:41.239665270+00:00,VDU_FEED_RATE,18404.583230646163,BPD,Good,VDU001,BLEND_B
2025-09-04 21:51:31.509935540+00:00,CDU_FEED_RATE,45292.30876294741,BPD,Good,CDU001,BLEND_A
2025-09-04 21:51:31.509935540+00:00,CDU_FEED_TEMP,480.95387258054166,DEGF,Good,CDU001,BLEND_A
2025-09-04 21:51:31.509935540+00:00,TK101_LEVEL,90.02305873227397,PCT,Good,TK101,WTI
2025-09-04 21:51:31.509935540+00:00,TK101_TEMP,93.59435076500174,DEGF,Good,TK101,WTI
2025-09-04 21:51:31.509935540+00:00,TK101_VOLUME,48549.71482166919,BBL,Good,TK101,WTI
2025-09-04 21:51:31.509935540+00:00,TK102_LEVEL,73.10406779555456,PCT,Good,TK102,BRENT
2025-09-04 21:51:31.509935540+00:00,TK102_TEMP,93.74152178962518,DEGF,Good,TK102,BRENT
2025-09-04 21:51:31.509935540+00:00,TK102_VOLUME,34477.84713655335,BBL,Good,TK102,BRENT
2025-09-04 21:51:31.509935540+00:00,TK103_LEVEL,93.2379302595686,PCT,Good,TK103,MAYA
2025-09-04 21:51:31.509935540+00:00,TK103_TEMP,93.52946143836787,DEGF,Good,TK103,MAYA
2025-09-04 21:51:31.509935540+00:00,TK103_VOLUME,42491.34950471755,BBL,Good,TK103,MAYA
2025-09-04 21:51:31.509935540+00:00,TK104_LEVEL,95.24223356267875,PCT,Good,TK104,ARB
2025-09-04 21:51:31.509935540+00:00,TK104_TEMP,93.13569833503891,DEGF,Good,TK104,ARB
2025-09-04 21:51:31.509935540+00:00,TK104_VOLUME,52289.37308670153,BBL,Good,TK104,ARB
2025-09-04 21:51:31.509935540+00:00,TK105_LEVEL,75.40899280493683,PCT,Good,TK105,URALS
2025-09-04 21:51:31.509935540+00:00,TK105_TEMP,93.67100627016886,DEGF,Good,TK105,URALS
2025-09-04 21:51:31.509935540+00:00,TK105_VOLUME,37978.311145216605,BBL,Good,TK105,URALS
2025-09-04 21:51:31.509935540+00:00,VDU_FEED_RATE,18805.571159924453,BPD,Good,VDU001,BLEND_B
2025-09-04 23:09:21.780205810+00:00,CDU_FEED_RATE,45589.01428824891,BPD,Good,CDU001,BLEND_A
2025-09-04 23:09:21.780205810+00:00,CDU_FEED_TEMP,481.89758408503735,DEGF,Good,CDU001,BLEND_A
2025-09-04 23:09:21.780205810+00:00,TK101_LEVEL,92.77289388472724,PCT,Good,TK101,WTI
2025-09-04 23:09:21.780205810+00:00,TK101_TEMP,93.95089567077262,DEGF,Good,TK101,WTI
2025-09-04 23:09:21.780205810+00:00,TK101_VOLUME,50032.70944924838,BBL,Good,TK101,WTI
2025-09-04 23:09:21.780205810+00:00,TK102_LEVEL,72.97440044810752,PCT,Good,TK102,BRENT
2025-09-04 23:09:21.780205810+00:00,TK102_TEMP,92.7869955287218,DEGF,Good,TK102,BRENT
2025-09-04 23:09:21.780205810+00:00,TK102_VOLUME,34416.69252342862,BBL,Good,TK102,BRENT
2025-09-04 23:09:21.780205810+00:00,TK103_LEVEL,93.08157539646167,PCT,Good,TK103,MAYA
2025-09-04 23:09:21.780205810+00:00,TK103_TEMP,93.19346189098636,DEGF,Good,TK103,MAYA
2025-09-04 23:09:21.780205810+00:00,TK103_VOLUME,42420.093856758154,BBL,Good,TK103,MAYA
2025-09-04 23:09:21.780205810+00:00,TK104_LEVEL,93.22503691567427,PCT,Good,TK104,ARB
2025-09-04 23:09:21.780205810+00:00,TK104_TEMP,92.6273522188551,DEGF,Good,TK104,ARB
2025-09-04 23:09:21.780205810+00:00,TK104_VOLUME,51181.902754277566,BBL,Good,TK104,ARB
2025-09-04 23:09:21.780205810+00:00,TK105_LEVEL,74.34666526273773,PCT,Good,TK105,URALS
2025-09-04 23:09:21.780205810+00:00,TK105_TEMP,93.24631017684767,DEGF,Good,TK105,URALS
2025-09-04 23:09:21.780205810+00:00,TK105_VOLUME,37443.28999674253,BBL,Good,TK105,URALS
2025-09-04 23:09:21.780205810+00:00,VDU_FEED_RATE,18741.231842851434,BPD,Good,VDU001,BLEND_B
2025-09-05 00:27:12.050476081+00:00,CDU_FEED_RATE,44824.99777709341,BPD,Good,CDU001,BLEND_A
2025-09-05 00:27:12.050476081+00:00,CDU_FEED_TEMP,482.32856486947327,DEGF,Good,CDU001,BLEND_A
2025-09-05 00:27:12.050476081+00:00,TK101_LEVEL,92.56017551079374,PCT,Good,TK101,WTI
2025-09-05 00:27:12.050476081+00:00,TK101_TEMP,94.32382948158674,DEGF,Good,TK101,WTI
2025-09-05 00:27:12.050476081+00:00,TK101_VOLUME,49917.98977034351,BBL,Good,TK101,WTI
2025-09-05 00:27:12.050476081+00:00,TK102_LEVEL,71.68398662765138,PCT,Good,TK102,BRENT
2025-09-05 00:27:12.050476081+00:00,TK102_TEMP,93.75284125095529,DEGF,Good,TK102,BRENT
2025-09-05 00:27:12.050476081+00:00,TK102_VOLUME,33808.09861359303,BBL,Good,TK102,BRENT
2025-09-05 00:27:12.050476081+00:00,TK103_LEVEL,94.04444045333835,PCT,Good,TK103,MAYA
2025-09-05 00:27:12.050476081+00:00,TK103_TEMP,93.48459418505273,DEGF,Good,TK103,MAYA
2025-09-05 00:27:12.050476081+00:00,TK103_VOLUME,42858.900633610945,BBL,Good,TK103,MAYA
2025-09-05 00:27:12.050476081+00:00,TK104_LEVEL,94.43333844139708,PCT,Good,TK104,ARB
2025-09-05 00:27:12.050476081+00:00,TK104_TEMP,93.20437497342175,DEGF,Good,TK104,ARB
2025-09-05 00:27:12.050476081+00:00,TK104_VOLUME,51845.277886467964,BBL,Good,TK104,ARB
2025-09-05 00:27:12.050476081+00:00,TK105_LEVEL,74.83780673751946,PCT,Good,TK105,URALS
2025-09-05 00:27:12.050476081+00:00,TK105_TEMP,92.95716562077742,DEGF,Good,TK105,URALS
2025-09-05 00:27:12.050476081+00:00,TK105_VOLUME,37690.64409937364,BBL,Good,TK105,URALS
2025-09-05 00:27:12.050476081+00:00,VDU_FEED_RATE,18983.43800568492,BPD,Good,VDU001,BLEND_B
2025-09-05 01:45:02.320746351+00:00,CDU_FEED_RATE,46447.815111519165,BPD,Good,CDU001,BLEND_A
2025-09-05 01:45:02.320746351+00:00,CDU_FEED_TEMP,481.6590245967013,DEGF,Good,CDU001,BLEND_A
2025-09-05 01:45:02.320746351+00:00,TK101_LEVEL,90.35591550441308,PCT,Good,TK101,WTI
2025-09-05 01:45:02.320746351+00:00,TK101_TEMP,93.62165687570848,DEGF,Good,TK101,WTI
2025-09-05 01:45:02.320746351+00:00,TK101_VOLUME,48729.22551139009,BBL,Good,TK101,WTI
2025-09-05 01:45:02.320746351+00:00,TK102_LEVEL,69.153305633389,PCT,Good,TK102,BRENT
2025-09-05 01:45:02.320746351+00:00,TK102_TEMP,92.82120277843964,DEGF,Good,TK102,BRENT
2025-09-05 01:45:02.320746351+00:00,TK102_VOLUME,32614.561302980263,BBL,Good,TK102,BRENT
2025-09-05 01:45:02.320746351+00:00,TK103_LEVEL,90.80003018752498,PCT,Good,TK103,MAYA
2025-09-05 01:45:02.320746351+00:00,TK103_TEMP,93.52250743686479,DEGF,Good,TK103,MAYA
2025-09-05 01:45:02.320746351+00:00,TK103_VOLUME,41380.324584597656,BBL,Good,TK103,MAYA
2025-09-05 01:45:02.320746351+00:00,TK104_LEVEL,93.17719458649697,PCT,Good,TK104,ARB
2025-09-05 01:45:02.320746351+00:00,TK104_TEMP,93.74082989824406,DEGF,Good,TK104,ARB
2025-09-05 01:45:02.320746351+00:00,TK104_VOLUME,51155.636618907665,BBL,Good,TK104,ARB
2025-09-05 01:45:02.320746351+00:00,TK105_LEVEL,73.83041818988805,PCT,Good,TK105,URALS
2025-09-05 01:45:02.320746351+00:00,TK105_TEMP,92.76940874509759,DEGF,Good,TK105,URALS
2025-09-05 01:45:02.320746351+00:00,TK105_VOLUME,37183.29193508948,BBL,Good,TK105,URALS
2025-09-05 01:45:02.320746351+00:00,VDU_FEED_RATE,18897.360028574418,BPD,Good,VDU001,BLEND_B
2025-09-05 03:02:52.591016621+00:00,CDU_FEED_RATE,46153.459960775544,BPD,Good,CDU001,BLEND_A
2025-09-05 03:02:52.591016621+00:00,CDU_FEED_TEMP,481.7575266582027,DEGF,Good,CDU001,BLEND_A
2025-09-05 03:02:52.591016621+00:00,TK101_LEVEL,89.83617071165588,PCT,Good,TK101,WTI
2025-09-05 03:02:52.591016621+00:00,TK101_TEMP,93.11505370240361,DEGF,Good,TK101,WTI
2025-09-05 03:02:52.591016621+00:00,TK101_VOLUME,48448.92553243189,BBL,Good,TK101,WTI
2025-09-05 03:02:52.591016621+00:00,TK102_LEVEL,70.32151883246733,PCT,Good,TK102,BRENT
2025-09-05 03:02:52.591016621+00:00,TK102_TEMP,94.00716858567696,DEGF,Good,TK102,BRENT
2025-09-05 03:02:52.591016621+00:00,TK102_VOLUME,33165.52210879162,BBL,Good,TK102,BRENT
2025-09-05 03:02:52.591016621+00:00,TK103_LEVEL,90.94985961506093,PCT,Good,TK103,MAYA
2025-09-05 03:02:52.591016621+00:00,TK103_TEMP,92.90878279623888,DEGF,Good,TK103,MAYA
2025-09-05 03:02:52.591016621+00:00,TK103_VOLUME,41448.606393876325,BBL,Good,TK103,MAYA
2025-09-05 03:02:52.591016621+00:00,TK104_LEVEL,92.9804375886204,PCT,Good,TK104,ARB
2025-09-05 03:02:52.591016621+00:00,TK104_TEMP,94.43918139546801,DEGF,Good,TK104,ARB
2025-09-05 03:02:52.591016621+00:00,TK104_VOLUME,51047.61416201499,BBL,Good,TK104,ARB
2025-09-05 03:02:52.591016621+00:00,TK105_LEVEL,74.44946194613624,PCT,Good,TK105,URALS
2025-09-05 03:02:52.591016621+00:00,TK105_TEMP,92.4753231711687,DEGF,Good,TK105,URALS
2025-09-05 03:02:52.591016621+00:00,TK105_VOLUME,37495.06159959239,BBL,Good,TK105,URALS
2025-09-05 03:02:52.591016621+00:00,VDU_FEED_RATE,18988.903932115092,BPD,Good,VDU001,BLEND_B
2025-09-05 04:20:42.861286892+00:00,CDU_FEED_RATE,46028.61860016204,BPD,Good,CDU001,BLEND_A
2025-09-05 04:20:42.861286892+00:00,CDU_FEED_TEMP,481.89509878249396,DEGF,Good,CDU001,BLEND_A
2025-09-05 04:20:42.861286892+00:00,TK101_LEVEL,91.35037208273819,PCT,Good,TK101,WTI
2025-09-05 04:20:42.861286892+00:00,TK101_TEMP,92.79068681530889,DEGF,Good,TK101,WTI
2025-09-05 04:20:42.861286892+00:00,TK101_VOLUME,49265.53902883902,BBL,Good,TK101,WTI
2025-09-05 04:20:42.861286892+00:00,TK102_LEVEL,72.22040915027654,PCT,Good,TK102,BRENT
2025-09-05 04:20:42.861286892+00:00,TK102_TEMP,93.74930154602184,DEGF,Good,TK102,BRENT
2025-09-05 04:20:42.861286892+00:00,TK102_VOLUME,34061.089921647144,BBL,Good,TK102,BRENT
2025-09-05 04:20:42.861286892+00:00,TK103_LEVEL,92.19988965641988,PCT,Good,TK103,MAYA
2025-09-05 04:20:42.861286892+00:00,TK103_TEMP,93.17472991817138,DEGF,Good,TK103,MAYA
2025-09-05 04:20:42.861286892+00:00,TK103_VOLUME,42018.28295395128,BBL,Good,TK103,MAYA
2025-09-05 04:20:42.861286892+00:00,TK104_LEVEL,90.84303637917405,PCT,Good,TK104,ARB
2025-09-05 04:20:42.861286892+00:00,TK104_TEMP,93.26805729919606,DEGF,Good,TK104,ARB
2025-09-05 04:20:42.861286892+00:00,TK104_VOLUME,49874.149774463054,BBL,Good,TK104,ARB
2025-09-05 04:20:42.861286892+00:00,TK105_LEVEL,73.71275775696209,PCT,Good,TK105,URALS
2025-09-05 04:20:42.861286892+00:00,TK105_TEMP,93.11977677421405,DEGF,Good,TK105,URALS
2025-09-05 04:20:42.861286892+00:00,TK105_VOLUME,37124.03448627695,BBL,Good,TK105,URALS
2025-09-05 04:20:42.861286892+00:00,VDU_FEED_RATE,18937.2325309712,BPD,Good,VDU001,BLEND_B
2025-09-05 05:38:33.131557162+00:00,CDU_FEED_RATE,46823.715322610486,BPD,Good,CDU001,BLEND_A
2025-09-05 05:38:33.131557162+00:00,CDU_FEED_TEMP,483.1722278428202,DEGF,Good,CDU001,BLEND_A
2025-09-05 05:38:33.131557162+00:00,TK101_LEVEL,88.43777579320405,PCT,Good,TK101,WTI
2025-09-05 05:38:33.131557162+00:00,TK101_TEMP,93.17826212067607,DEGF,Good,TK101,WTI
2025-09-05 05:38:33.131557162+00:00,TK101_VOLUME,47694.766815154624,BBL,Good,TK101,WTI
2025-09-05 05:38:33.131557162+00:00,TK102_LEVEL,67.86540662019682,PCT,Good,TK102,BRENT
2025-09-05 05:38:33.131557162+00:00,TK102_TEMP,93.31747921279994,DEGF,Good,TK102,BRENT
2025-09-05 05:38:33.131557162+00:00,TK102_VOLUME,32007.153443976582,BBL,Good,TK102,BRENT
2025-09-05 05:38:33.131557162+00:00,TK103_LEVEL,93.68640730815127,PCT,Good,TK103,MAYA
2025-09-05 05:38:33.131557162+00:00,TK103_TEMP,92.86748704181218,DEGF,Good,TK103,MAYA
2025-09-05 05:38:33.131557162+00:00,TK103_VOLUME,42695.7340825725,BBL,Good,TK103,MAYA
2025-09-05 05:38:33.131557162+00:00,TK104_LEVEL,92.77217349497994,PCT,Good,TK104,ARB
2025-09-05 05:38:33.131557162+00:00,TK104_TEMP,92.7898587172806,DEGF,Good,TK104,ARB
2025-09-05 05:38:33.131557162+00:00,TK104_VOLUME,50933.27414198844,BBL,Good,TK104,ARB
2025-09-05 05:38:33.131557162+00:00,TK105_LEVEL,72.66027314114574,PCT,Good,TK105,URALS
2025-09-05 05:38:33.131557162+00:00,TK105_TEMP,92.4377037538056,DEGF,Good,TK105,URALS
2025-09-05 05:38:33.131557162+00:00,TK105_VOLUME,36593.9705412721,BBL,Good,TK105,URALS
2025-09-05 05:38:33.131557162+00:00,VDU_FEED_RATE,19265.90606352873,BPD,Good,VDU001,BLEND_B
2025-09-05 06:56:23.401827432+00:00,CDU_FEED_RATE,46417.795859078724,BPD,Good,CDU001,BLEND_A
2025-09-05 06:56:23.401827432+00:00,CDU_FEED_TEMP,482.323419524505,DEGF,Good,CDU001,BLEND_A
2025-09-05 06:56:23.401827432+00:00,TK101_LEVEL,88.29301759271986,PCT,Good,TK101,WTI
2025-09-05 06:56:23.401827432+00:00,TK101_TEMP,92.9571410392476,DEGF,Good,TK101,WTI
2025-09-05 06:56:23.401827432+00:00,TK101_VOLUME,47616.698268600274,BBL,Good,TK101,WTI
2025-09-05 06:56:23.401827432+00:00,TK102_LEVEL,69.93880062516001,PCT,Good,TK102,BRENT
2025-09-05 06:56:23.401827432+00:00,TK102_TEMP,93.18538981290833,DEGF,Good,TK102,BRENT
2025-09-05 06:56:23.401827432+00:00,TK102_VOLUME,32985.02189524919,BBL,Good,TK102,BRENT
2025-09-05 06:56:23.401827432+00:00,TK103_LEVEL,91.34370979028355,PCT,Good,TK103,MAYA
2025-09-05 06:56:23.401827432+00:00,TK103_TEMP,94.25660542599765,DEGF,Good,TK103,MAYA
2025-09-05 06:56:23.401827432+00:00,TK103_VOLUME,41628.095850595164,BBL,Good,TK103,MAYA
2025-09-05 06:56:23.401827432+00:00,TK104_LEVEL,91.14264167238471,PCT,Good,TK104,ARB
2025-09-05 06:56:23.401827432+00:00,TK104_TEMP,92.51429078704813,DEGF,Good,TK104,ARB
2025-09-05 06:56:23.401827432+00:00,TK104_VOLUME,50038.63744310989,BBL,Good,TK104,ARB
2025-09-05 06:56:23.401827432+00:00,TK105_LEVEL,74.23971855046607,PCT,Good,TK105,URALS
2025-09-05 06:56:23.401827432+00:00,TK105_TEMP,92.60651054911153,DEGF,Good,TK105,URALS
2025-09-05 06:56:23.401827432+00:00,TK105_VOLUME,37389.42831044316,BBL,Good,TK105,URALS
2025-09-05 06:56:23.401827432+00:00,VDU_FEED_RATE,19142.84683159725,BPD,Good,VDU001,BLEND_B
2025-09-05 08:14:13.672097702+00:00,CDU_FEED_RATE,46698.828820167306,BPD,Good,CDU001,BLEND_A
2025-09-05 08:14:13.672097702+00:00,CDU_FEED_TEMP,483.205110928425,DEGF,Good,CDU001,BLEND_A
2025-09-05 08:14:13.672097702+00:00,TK101_LEVEL,89.4617561127439,PCT,Good,TK101,WTI
2025-09-05 08:14:13.672097702+00:00,TK101_TEMP,92.532437350805,DEGF,Good,TK101,WTI
2025-09-05 08:14:13.672097702+00:00,TK101_VOLUME,48247.00257782193,BBL,Good,TK101,WTI
2025-09-05 08:14:13.672097702+00:00,TK102_LEVEL,68.73700796526545,PCT,Good,TK102,BRENT
2025-09-05 08:14:13.672097702+00:00,TK102_TEMP,92.93545517565569,DEGF,Good,TK102,BRENT
2025-09-05 08:14:13.672097702+00:00,TK102_VOLUME,32418.224111389125,BBL,Good,TK102,BRENT
2025-09-05 08:14:13.672097702+00:00,TK103_LEVEL,91.51106137656461,PCT,Good,TK103,MAYA
2025-09-05 08:14:13.672097702+00:00,TK103_TEMP,92.99510591871359,DEGF,Good,TK103,MAYA
2025-09-05 08:14:13.672097702+00:00,TK103_VOLUME,41704.36303845573,BBL,Good,TK103,MAYA
2025-09-05 08:14:13.672097702+00:00,TK104_LEVEL,91.97135086964839,PCT,Good,TK104,ARB
2025-09-05 08:14:13.672097702+00:00,TK104_TEMP,93.3159487518222,DEGF,Good,TK104,ARB
2025-09-05 08:14:13.672097702+00:00,TK104_VOLUME,50493.61085957837,BBL,Good,TK104,ARB
2025-09-05 08:14:13.672097702+00:00,TK105_LEVEL,73.30534939716607,PCT,Good,TK105,URALS
2025-09-05 08:14:13.672097702+00:00,TK105_TEMP,92.84302036724725,DEGF,Good,TK105,URALS
2025-09-05 08:14:13.672097702+00:00,TK105_VOLUME,36918.85098128678,BBL,Good,TK105,URALS
2025-09-05 08:14:13.672097702+00:00,VDU_FEED_RATE,19272.046690205243,BPD,Good,VDU001,BLEND_B
2025-09-05 09:32:03.942367973+00:00,CDU_FEED_RATE,46703.04414987472,BPD,Good,CDU001,BLEND_A
2025-09-05 09:32:03.942367973+00:00,CDU_FEED_TEMP,483.7009910904255,DEGF,Good,CDU001,BLEND_A
2025-09-05 09:32:03.942367973+00:00,TK101_LEVEL,88.04302768237571,PCT,Good,TK101,WTI
2025-09-05 09:32:03.942367973+00:00,TK101_TEMP,93.99651659939335,DEGF,Good,TK101,WTI
2025-09-05 09:32:03.942367973+00:00,TK101_VOLUME,47481.87793449456,BBL,Good,TK101,WTI
2025-09-05 09:32:03.942367973+00:00,TK102_LEVEL,70.34078253249798,PCT,Good,TK102,BRENT
2025-09-05 09:32:03.942367973+00:00,TK102_TEMP,93.31140074966171,DEGF,Good,TK102,BRENT
2025-09-05 09:32:03.942367973+00:00,TK102_VOLUME,33174.60738851639,BBL,Good,TK102,BRENT
2025-09-05 09:32:03.942367973+00:00,TK103_LEVEL,92.16311734457392,PCT,Good,TK103,MAYA
2025-09-05 09:32:03.942367973+00:00,TK103_TEMP,93.74475484980998,DEGF,Good,TK103,MAYA
2025-09-05 09:32:03.942367973+00:00,TK103_VOLUME,42001.52469740919,BBL,Good,TK103,MAYA
2025-09-05 09:32:03.942367973+00:00,TK104_LEVEL,89.91329192123182,PCT,Good,TK104,ARB
2025-09-05 09:32:03.942367973+00:00,TK104_TEMP,92.08983074776957,DEGF,Good,TK104,ARB
2025-09-05 09:32:03.942367973+00:00,TK104_VOLUME,49363.70652866663,BBL,Good,TK104,ARB
2025-09-05 09:32:03.942367973+00:00,TK105_LEVEL,72.04964967018283,PCT,Good,TK105,URALS
2025-09-05 09:32:03.942367973+00:00,TK105_TEMP,92.30418011926598,DEGF,Good,TK105,URALS
2025-09-05 09:32:03.942367973+00:00,TK105_VOLUME,36286.44159399138,BBL,Good,TK105,URALS
2025-09-05 09:32:03.942367973+00:00,VDU_FEED_RATE,19412.54244949738,BPD,Good,VDU001,BLEND_B
2025-09-05 10:49:54.212638243+00:00,CDU_FEED_RATE,47394.84046587047,BPD,Good,CDU001,BLEND_A
2025-09-05 10:49:54.212638243+00:00,CDU_FEED_TEMP,483.71218375665984,DEGF,Good,CDU001,BLEND_A
2025-09-05 10:49:54.212638243+00:00,TK101_LEVEL,88.0410139574061,PCT,Good,TK101,WTI
2025-09-05 10:49:54.212638243+00:00,TK101_TEMP,93.79586869685318,DEGF,Good,TK101,WTI
2025-09-05 10:49:54.212638243+00:00,TK101_VOLUME,47480.79192637197,BBL,Good,TK101,WTI
2025-09-05 10:49:54.212638243+00:00,TK102_LEVEL,68.46960129766056,PCT,Good,TK102,BRENT
2025-09-05 10:49:54.212638243+00:00,TK102_TEMP,92.71789541108608,DEGF,Good,TK102,BRENT
2025-09-05 10:49:54.212638243+00:00,TK102_VOLUME,32292.107925423108,BBL,Good,TK102,BRENT
2025-09-05 10:49:54.212638243+00:00,TK103_LEVEL,92.74471582417893,PCT,Good,TK103,MAYA
2025-09-05 10:49:54.212638243+00:00,TK103_TEMP,92.80547333041326,DEGF,Good,TK103,MAYA
2025-09-05 10:49:54.212638243+00:00,TK103_VOLUME,42266.57674435521,BBL,Good,TK103,MAYA
2025-09-05 10:49:54.212638243+00:00,TK104_LEVEL,90.51301426961871,PCT,Good,TK104,ARB
2025-09-05 10:49:54.212638243+00:00,TK104_TEMP,93.17845704651955,DEGF,Good,TK104,ARB
2025-09-05 10:49:54.212638243+00:00,TK104_VOLUME,49692.96283073138,BBL,Good,TK104,ARB
2025-09-05 10:49:54.212638243+00:00,TK105_LEVEL,72.25170847025127,PCT,Good,TK105,URALS
2025-09-05 10:49:54.212638243+00:00,TK105_TEMP,93.09316059006645,DEGF,Good,TK105,URALS
2025-09-05 10:49:54.212638243+00:00,TK105_VOLUME,36388.204682095195,BBL,Good,TK105,URALS
2025-09-05 10:49:54.212638243+00:00,VDU_FEED_RATE,19506.074276215986,BPD,Good,VDU001,BLEND_B
2025-09-05 12:07:44.482908513+00:00,CDU_FEED_RATE,47110.3299053174,BPD,Good,CDU001,BLEND_A
2025-09-05 12:07:44.482908513+00:00,CDU_FEED_TEMP,484.41306229629726,DEGF,Good,CDU001,BLEND_A
2025-09-05 12:07:44.482908513+00:00,TK101_LEVEL,87.48129816638959,PCT,Good,TK101,WTI
2025-09-05 12:07:44.482908513+00:00,TK101_TEMP,93.40144163571556,DEGF,Good,TK101,WTI
2025-09-05 12:07:44.482908513+00:00,TK101_VOLUME,47178.935464064336,BBL,Good,TK101,WTI
2025-09-05 12:07:44.482908513+00:00,TK102_LEVEL,69.14727451132757,PCT,Good,TK102,BRENT
2025-09-05 12:07:44.482908513+00:00,TK102_TEMP,92.95120222925779,DEGF,Good,TK102,BRENT
2025-09-05 12:07:44.482908513+00:00,TK102_VOLUME,32611.716863392066,BBL,Good,TK102,BRENT
2025-09-05 12:07:44.482908513+00:00,TK103_LEVEL,89.65958785854039,PCT,Good,TK103,MAYA
2025-09-05 12:07:44.482908513+00:00,TK103_TEMP,92.9630611147053,DEGF,Good,TK103,MAYA
2025-09-05 12:07:44.482908513+00:00,TK103_VOLUME,40860.5904650612,BBL,Good,TK103,MAYA
2025-09-05 12:07:44.482908513+00:00,TK104_LEVEL,90.28657311683436,PCT,Good,TK104,ARB
2025-09-05 12:07:44.482908513+00:00,TK104_TEMP,93.2422730970693,DEGF,Good,TK104,ARB
2025-09-05 12:07:44.482908513+00:00,TK104_VOLUME,49568.64334055131,BBL,Good,TK104,ARB
2025-09-05 12:07:44.482908513+00:00,TK105_LEVEL,71.62099814250193,PCT,Good,TK105,URALS
2025-09-05 12:07:44.482908513+00:00,TK105_TEMP,93.20352882574069,DEGF,Good,TK105,URALS
2025-09-05 12:07:44.482908513+00:00,TK105_VOLUME,36070.55936979502,BBL,Good,TK105,URALS
2025-09-05 12:07:44.482908513+00:00,VDU_FEED_RATE,19355.02592341971,BPD,Good,VDU001,BLEND_B
2025-09-05 13:25:34.753178783+00:00,CDU_FEED_RATE,47326.216386330685,BPD,Good,CDU001,BLEND_A
2025-09-05 13:25:34.753178783+00:00,CDU_FEED_TEMP,485.85994738143796,DEGF,Good,CDU001,BLEND_A
2025-09-05 13:25:34.753178783+00:00,TK101_LEVEL,87.57184606009831,PCT,Good,TK101,WTI
2025-09-05 13:25:34.753178783+00:00,TK101_TEMP,92.30212092394292,DEGF,Good,TK101,WTI
2025-09-05 13:25:34.753178783+00:00,TK101_VOLUME,47227.768224016814,BBL,Good,TK101,WTI
2025-09-05 13:25:34.753178783+00:00,TK102_LEVEL,68.89831135614632,PCT,Good,TK102,BRENT
2025-09-05 13:25:34.753178783+00:00,TK102_TEMP,93.1985133061072,DEGF,Good,TK102,BRENT
2025-09-05 13:25:34.753178783+00:00,TK102_VOLUME,32494.2991345869,BBL,Good,TK102,BRENT
2025-09-05 13:25:34.753178783+00:00,TK103_LEVEL,89.80913005434056,PCT,Good,TK103,MAYA
2025-09-05 13:25:34.753178783+00:00,TK103_TEMP,92.10186408702485,DEGF,Good,TK103,MAYA
2025-09-05 13:25:34.753178783+00:00,TK103_VOLUME,40928.74137413606,BBL,Good,TK103,MAYA
2025-09-05 13:25:34.753178783+00:00,TK104_LEVEL,89.37006729270614,PCT,Good,TK104,ARB
2025-09-05 13:25:34.753178783+00:00,TK104_TEMP,92.98068584946391,DEGF,Good,TK104,ARB
2025-09-05 13:25:34.753178783+00:00,TK104_VOLUME,49065.4682974919,BBL,Good,TK104,ARB
2025-09-05 13:25:34.753178783+00:00,TK105_LEVEL,70.42676017312588,PCT,Good,TK105,URALS
2025-09-05 13:25:34.753178783+00:00,TK105_TEMP,92.48783261295978,DEGF,Good,TK105,URALS
2025-09-05 13:25:34.753178783+00:00,TK105_VOLUME,35469.10403276755,BBL,Good,TK105,URALS
2025-09-05 13:25:34.753178783+00:00,VDU_FEED_RATE,19615.571947386903,BPD,Good,VDU001,BLEND_B
2025-09-05 14:43:25.023449054+00:00,CDU_FEED_RATE,47739.420257324535,BPD,Good,CDU001,BLEND_A
2025-09-05 14:43:25.023449054+00:00,CDU_FEED_TEMP,484.81615014296307,DEGF,Good,CDU001,BLEND_A
2025-09-05 14:43:25.023449054+00:00,TK101_LEVEL,88.22305061443795,PCT,Good,TK101,WTI
2025-09-05 14:43:25.023449054+00:00,TK101_TEMP,93.1181897278918,DEGF,Good,TK101,WTI
2025-09-05 14:43:25.023449054+00:00,TK101_VOLUME,47578.964860178516,BBL,Good,TK101,WTI
2025-09-05 14:43:25.023449054+00:00,TK102_LEVEL,69.75037401853211,PCT,Good,TK102,BRENT
2025-09-05 14:43:25.023449054+00:00,TK102_TEMP,92.40977679398037,DEGF,Good,TK102,BRENT
2025-09-05 14:43:25.023449054+00:00,TK102_VOLUME,32896.15483305035,BBL,Good,TK102,BRENT
2025-09-05 14:43:25.023449054+00:00,TK103_LEVEL,91.22931924124168,PCT,Good,TK103,MAYA
2025-09-05 14:43:25.023449054+00:00,TK103_TEMP,92.46714376980924,DEGF,Good,TK103,MAYA
2025-09-05 14:43:25.023449054+00:00,TK103_VOLUME,41575.96461188316,BBL,Good,TK103,MAYA
2025-09-05 14:43:25.023449054+00:00,TK104_LEVEL,89.50994304419302,PCT,Good,TK104,ARB
2025-09-05 14:43:25.023449054+00:00,TK104_TEMP,92.58084922977389,DEGF,Good,TK104,ARB
2025-09-05 14:43:25.023449054+00:00,TK104_VOLUME,49142.26212184574,BBL,Good,TK104,ARB
2025-09-05 14:43:25.023449054+00:00,TK105_LEVEL,70.94614458123519,PCT,Good,TK105,URALS
2025-09-05 14:43:25.023449054+00:00,TK105_TEMP,92.47216641193816,DEGF,Good,TK105,URALS
2025-09-05 14:43:25.023449054+00:00,TK105_VOLUME,35730.68215390986,BBL,Good,TK105,URALS
2025-09-05 14:43:25.023449054+00:00,VDU_FEED_RATE,19818.64113686455,BPD,Good,VDU001,BLEND_B
2025-09-05 16:01:15.293719324+00:00,CDU_FEED_RATE,47731.576439676224,BPD,Good,CDU001,BLEND_A
2025-09-05 16:01:15.293719324+00:00,CDU_FEED_TEMP,484.9528803369082,DEGF,Good,CDU001,BLEND_A
2025-09-05 16:01:15.293719324+00:00,TK101_LEVEL,86.48007616775465,PCT,Good,TK101,WTI
2025-09-05 16:01:15.293719324+00:00,TK101_TEMP,92.9376415380805,DEGF,Good,TK101,WTI
2025-09-05 16:01:15.293719324+00:00,TK101_VOLUME,46638.9733344563,BBL,Good,TK101,WTI
2025-09-05 16:01:15.293719324+00:00,TK102_LEVEL,67.28512874285539,PCT,Good,TK102,BRENT
2025-09-05 16:01:15.293719324+00:00,TK102_TEMP,92.30973196333619,DEGF,Good,TK102,BRENT
2025-09-05 16:01:15.293719324+00:00,TK102_VOLUME,31733.478769570596,BBL,Good,TK102,BRENT
2025-09-05 16:01:15.293719324+00:00,TK103_LEVEL,87.45898725243609,PCT,Good,TK103,MAYA
2025-09-05 16:01:15.293719324+00:00,TK103_TEMP,92.72309566872617,DEGF,Good,TK103,MAYA
2025-09-05 16:01:15.293719324+00:00,TK103_VOLUME,39857.71010066492,BBL,Good,TK103,MAYA
2025-09-05 16:01:15.293719324+00:00,TK104_LEVEL,88.41292328364302,PCT,Good,TK104,ARB
2025-09-05 16:01:15.293719324+00:00,TK104_TEMP,92.90029866010495,DEGF,Good,TK104,ARB
2025-09-05 16:01:15.293719324+00:00,TK104_VOLUME,48539.98229915414,BBL,Good,TK104,ARB
2025-09-05 16:01:15.293719324+00:00,TK105_LEVEL,69.82855910513533,PCT,Good,TK105,URALS
2025-09-05 16:01:15.293719324+00:00,TK105_TEMP,92.88654321840109,DEGF,Good,TK105,URALS
2025-09-05 16:01:15.293719324+00:00,TK105_VOLUME,35167.83139349078,BBL,Good,TK105,URALS
2025-09-05 16:01:15.293719324+00:00,VDU_FEED_RATE,19745.35353333999,BPD,Good,VDU001,BLEND_B
2025-09-05 17:19:05.563989594+00:00,CDU_FEED_RATE,47715.53957713963,BPD,Good,CDU001,BLEND_A
2025-09-05 17:19:05.563989594+00:00,CDU_FEED_TEMP,485.96591909903725,DEGF,Good,CDU001,BLEND_A
2025-09-05 17:19:05.563989594+00:00,TK101_LEVEL,86.60085141871765,PCT,Good,TK101,WTI
2025-09-05 17:19:05.563989594+00:00,TK101_TEMP,92.76527307475027,DEGF,Good,TK101,WTI
2025-09-05 17:19:05.563989594+00:00,TK101_VOLUME,46704.10780193988,BBL,Good,TK101,WTI
2025-09-05 17:19:05.563989594+00:00,TK102_LEVEL,67.43153642074125,PCT,Good,TK102,BRENT
2025-09-05 17:19:05.563989594+00:00,TK102_TEMP,91.94681752228601,DEGF,Good,TK102,BRENT
2025-09-05 17:19:05.563989594+00:00,TK102_VOLUME,31802.52857336378,BBL,Good,TK102,BRENT
2025-09-05 17:19:05.563989594+00:00,TK103_LEVEL,89.57618896276922,PCT,Good,TK103,MAYA
2025-09-05 17:19:05.563989594+00:00,TK103_TEMP,93.33700217812817,DEGF,Good,TK103,MAYA
2025-09-05 17:19:05.563989594+00:00,TK103_VOLUME,40822.58306165087,BBL,Good,TK103,MAYA
2025-09-05 17:19:05.563989594+00:00,TK104_LEVEL,87.59768197038214,PCT,Good,TK104,ARB
2025-09-05 17:19:05.563989594+00:00,TK104_TEMP,92.62946944821239,DEGF,Good,TK104,ARB
2025-09-05 17:19:05.563989594+00:00,TK104_VOLUME,48092.402947114504,BBL,Good,TK104,ARB
2025-09-05 17:19:05.563989594+00:00,TK105_LEVEL,69.07205838891048,PCT,Good,TK105,URALS
2025-09-05 17:19:05.563989594+00:00,TK105_TEMP,92.1870027140309,DEGF,Good,TK105,URALS
2025-09-05 17:19:05.563989594+00:00,TK105_VOLUME,34786.83413422907,BBL,Good,TK105,URALS
2025-09-05 17:19:05.563989594+00:00,VDU_FEED_RATE,19836.47182743491,BPD,Good,VDU001,BLEND_B
2025-09-05 18:36:55.834259864+00:00,CDU_FEED_RATE,48147.411619252365,BPD,Good,CDU001,BLEND_A
2025-09-05 18:36:55.834259864+00:00,CDU_FEED_TEMP,485.85941957439877,DEGF,Good,CDU001,BLEND_A
2025-09-05 18:36:55.834259864+00:00,TK101_LEVEL,83.46854766617125,PCT,Good,TK101,WTI
2025-09-05 18:36:55.834259864+00:00,TK101_TEMP,93.09403794938305,DEGF,Good,TK101,WTI
2025-09-05 18:36:55.834259864+00:00,TK101_VOLUME,45014.8466719306,BBL,Good,TK101,WTI
2025-09-05 18:36:55.834259864+00:00,TK102_LEVEL,65.13224371375269,PCT,Good,TK102,BRENT
2025-09-05 18:36:55.834259864+00:00,TK102_TEMP,91.93696894279807,DEGF,Good,TK102,BRENT
2025-09-05 18:36:55.834259864+00:00,TK102_VOLUME,30718.120210542627,BBL,Good,TK102,BRENT
2025-09-05 18:36:55.834259864+00:00,TK103_LEVEL,87.09209950161562,PCT,Good,TK103,MAYA
2025-09-05 18:36:55.834259864+00:00,TK103_TEMP,92.58019670469929,DEGF,Good,TK103,MAYA
2025-09-05 18:36:55.834259864+00:00,TK103_VOLUME,39690.50823758504,BBL,Good,TK103,MAYA
2025-09-05 18:36:55.834259864+00:00,TK104_LEVEL,89.41403224797887,PCT,Good,TK104,ARB
2025-09-05 18:36:55.834259864+00:00,TK104_TEMP,92.08014339493086,DEGF,Good,TK104,ARB
2025-09-05 18:36:55.834259864+00:00,TK104_VOLUME,49089.60569812817,BBL,Good,TK104,ARB
2025-09-05 18:36:55.834259864+00:00,TK105_LEVEL,67.95603203602553,PCT,Good,TK105,URALS
2025-09-05 18:36:55.834259864+00:00,TK105_TEMP,92.07783836006251,DEGF,Good,TK105,URALS
2025-09-05 18:36:55.834259864+00:00,TK105_VOLUME,34224.76859669081,BBL,Good,TK105,URALS
2025-09-05 18:36:55.834259864+00:00,VDU_FEED_RATE,19955.20769443684,BPD,Good,VDU001,BLEND_B
2025-09-05 19:54:46.104530135+00:00,CDU_FEED_RATE,48641.81196419843,BPD,Good,CDU001,BLEND_A
2025-09-05 19:54:46.104530135+00:00,CDU_FEED_TEMP,486.73405019928856,DEGF,Good,CDU001,BLEND_A
2025-09-05 19:54:46.104530135+00:00,TK101_LEVEL,85.02709271541906,PCT,Good,TK101,WTI
2025-09-05 19:54:46.104530135+00:00,TK101_TEMP,92.7111386504885,DEGF,Good,TK101,WTI
2025-09-05 19:54:46.104530135+00:00,TK101_VOLUME,45855.37485152442,BBL,Good,TK101,WTI
2025-09-05 19:54:46.104530135+00:00,TK102_LEVEL,67.36480410632078,PCT,Good,TK102,BRENT
2025-09-05 19:54:46.104530135+00:00,TK102_TEMP,91.4792554233371,DEGF,Good,TK102,BRENT
2025-09-05 19:54:46.104530135+00:00,TK102_VOLUME,31771.05581671647,BBL,Good,TK102,BRENT
2025-09-05 19:54:46.104530135+00:00,TK103_LEVEL,87.76997875122694,PCT,Good,TK103,MAYA
2025-09-05 19:54:46.104530135+00:00,TK103_TEMP,93.08531325965434,DEGF,Good,TK103,MAYA
2025-09-05 19:54:46.104530135+00:00,TK103_VOLUME,39999.43834829258,BBL,Good,TK103,MAYA
2025-09-05 19:54:46.104530135+00:00,TK104_LEVEL,88.41459308169325,PCT,Good,TK104,ARB
2025-09-05 19:54:46.104530135+00:00,TK104_TEMP,93.31865924024537,DEGF,Good,TK104,ARB
2025-09-05 19:54:46.104530135+00:00,TK104_VOLUME,48540.89904259832,BBL,Good,TK104,ARB
2025-09-05 19:54:46.104530135+00:00,TK105_LEVEL,68.77728336290033,PCT,Good,TK105,URALS
2025-09-05 19:54:46.104530135+00:00,TK105_TEMP,92.991702318151,DEGF,Good,TK105,URALS
2025-09-05 19:54:46.104530135+00:00,TK105_VOLUME,34638.37627477176,BBL,Good,TK105,URALS
2025-09-05 19:54:46.104530135+00:00,VDU_FEED_RATE,19987.850524352347,BPD,Good,VDU001,BLEND_B
2025-09-05 21:12:36.374800405+00:00,CDU_FEED_RATE,48220.45259867807,BPD,Good,CDU001,BLEND_A
2025-09-05 21:12:36.374800405+00:00,CDU_FEED_TEMP,486.3645437828663,DEGF,Good,CDU001,BLEND_A
2025-09-05 21:12:36.374800405+00:00,TK101_LEVEL,83.78586450563522,PCT,Good,TK101,WTI
2025-09-05 21:12:36.374800405+00:00,TK101_TEMP,92.68676037916896,DEGF,Good,TK101,WTI
2025-09-05 21:12:36.374800405+00:00,TK101_VOLUME,45185.97662775564,BBL,Good,TK101,WTI
2025-09-05 21:12:36.374800405+00:00,TK102_LEVEL,64.96716535353458,PCT,Good,TK102,BRENT
2025-09-05 21:12:36.374800405+00:00,TK102_TEMP,92.68166765552455,DEGF,Good,TK102,BRENT
2025-09-05 21:12:36.374800405+00:00,TK102_VOLUME,30640.26481014179,BBL,Good,TK102,BRENT
2025-09-05 21:12:36.374800405+00:00,TK103_LEVEL,86.97817099530243,PCT,Good,TK103,MAYA
2025-09-05 21:12:36.374800405+00:00,TK103_TEMP,92.63711781611825,DEGF,Good,TK103,MAYA
2025-09-05 21:12:36.374800405+00:00,TK103_VOLUME,39638.58756574229,BBL,Good,TK103,MAYA
2025-09-05 21:12:36.374800405+00:00,TK104_LEVEL,86.15805912886255,PCT,Good,TK104,ARB
2025-09-05 21:12:36.374800405+00:00,TK104_TEMP,92.14091357121153,DEGF,Good,TK104,ARB
2025-09-05 21:12:36.374800405+00:00,TK104_VOLUME,47302.02904418818,BBL,Good,TK104,ARB
2025-09-05 21:12:36.374800405+00:00,TK105_LEVEL,69.2561450346016,PCT,Good,TK105,URALS
2025-09-05 21:12:36.374800405+00:00,TK105_TEMP,92.75884713037318,DEGF,Good,TK105,URALS
2025-09-05 21:12:36.374800405+00:00,TK105_VOLUME,34879.54588713395,BBL,Good,TK105,URALS
2025-09-05 21:12:36.374800405+00:00,VDU_FEED_RATE,19941.735555440657,BPD,Good,VDU001,BLEND_B
2025-09-05 22:30:26.645070675+00:00,CDU_FEED_RATE,48300.57593852274,BPD,Good,CDU001,BLEND_A
2025-09-05 22:30:26.645070675+00:00,CDU_FEED_TEMP,486.41856022912367,DEGF,Good,CDU001,BLEND_A
2025-09-05 22:30:26.645070675+00:00,TK101_LEVEL,82.96067358951021,PCT,Good,TK101,WTI
2025-09-05 22:30:26.645070675+00:00,TK101_TEMP,92.55756883364926,DEGF,Good,TK101,WTI
2025-09-05 22:30:26.645070675+00:00,TK101_VOLUME,44740.94860698547,BBL,Good,TK101,WTI
2025-09-05 22:30:26.645070675+00:00,TK102_LEVEL,64.71731191152395,PCT,Good,TK102,BRENT
2025-09-05 22:30:26.645070675+00:00,TK102_TEMP,93.14357296300453,DEGF,Good,TK102,BRENT
2025-09-05 22:30:26.645070675+00:00,TK102_VOLUME,30522.42719809159,BBL,Good,TK102,BRENT
2025-09-05 22:30:26.645070675+00:00,TK103_LEVEL,85.81317031600722,PCT,Good,TK103,MAYA
2025-09-05 22:30:26.645070675+00:00,TK103_TEMP,93.05281636169549,DEGF,Good,TK103,MAYA
2025-09-05 22:30:26.645070675+00:00,TK103_VOLUME,39107.6614619629,BBL,Good,TK103,MAYA
2025-09-05 22:30:26.645070675+00:00,TK104_LEVEL,87.03776005351108,PCT,Good,TK104,ARB
2025-09-05 22:30:26.645070675+00:00,TK104_TEMP,92.6269918421881,DEGF,Good,TK104,ARB
2025-09-05 22:30:26.645070675+00:00,TK104_VOLUME,47784.99766150217,BBL,Good,TK104,ARB
2025-09-05 22:30:26.645070675+00:00,TK105_LEVEL,67.54490689564477,PCT,Good,TK105,URALS
2025-09-05 22:30:26.645070675+00:00,TK105_TEMP,92.5398906931351,DEGF,Good,TK105,URALS
2025-09-05 22:30:26.645070675+00:00,TK105_VOLUME,34017.71320554681,BBL,Good,TK105,URALS
2025-09-05 22:30:26.645070675+00:00,VDU_FEED_RATE,20131.149692818937,BPD,Good,VDU001,BLEND_B
2025-09-05 23:48:16.915340946+00:00,CDU_FEED_RATE,48440.55544805695,BPD,Good,CDU001,BLEND_A
2025-09-05 23:48:16.915340946+00:00,CDU_FEED_TEMP,485.9039349102571,DEGF,Good,CDU001,BLEND_A
2025-09-05 23:48:16.915340946+00:00,TK101_LEVEL,82.84975620848745,PCT,Good,TK101,WTI
2025-09-05 23:48:16.915340946+00:00,TK101_TEMP,92.33094602630992,DEGF,Good,TK101,WTI
2025-09-05 23:48:16.915340946+00:00,TK101_VOLUME,44681.13051933932,BBL,Good,TK101,WTI
2025-09-05 23:48:16.915340946+00:00,TK102_LEVEL,64.80424020624484,PCT,Good,TK102,BRENT
2025-09-05 23:48:16.915340946+00:00,TK102_TEMP,92.87321479404402,DEGF,Good,TK102,BRENT
2025-09-05 23:48:16.915340946+00:00,TK102_VOLUME,30563.424922946106,BBL,Good,TK102,BRENT
2025-09-05 23:48:16.915340946+00:00,TK103_LEVEL,85.33650191453253,PCT,Good,TK103,MAYA
2025-09-05 23:48:16.915340946+00:00,TK103_TEMP,92.13102921365633,DEGF,Good,TK103,MAYA
2025-09-05 23:48:16.915340946+00:00,TK103_VOLUME,38890.42923052524,BBL,Good,TK103,MAYA
2025-09-05 23:48:16.915340946+00:00,TK104_LEVEL,85.27505881869767,PCT,Good,TK104,ARB
2025-09-05 23:48:16.915340946+00:00,TK104_TEMP,90.951243180961,DEGF,Good,TK104,ARB
2025-09-05 23:48:16.915340946+00:00,TK104_VOLUME,46817.249016182024,BBL,Good,TK104,ARB
2025-09-05 23:48:16.915340946+00:00,TK105_LEVEL,70.30869686666395,PCT,Good,TK105,URALS
2025-09-05 23:48:16.915340946+00:00,TK105_TEMP,92.62337263300591,DEGF,Good,TK105,URALS
2025-09-05 23:48:16.915340946+00:00,TK105_VOLUME,35409.64368432816,BBL,Good,TK105,URALS
2025-09-05 23:48:16.915340946+00:00,VDU_FEED_RATE,20323.208484826824,BPD,Good,VDU001,BLEND_B
2025-09-06 01:06:07.185611216+00:00,CDU_FEED_RATE,48848.09972547978,BPD,Good,CDU001,BLEND_A
2025-09-06 01:06:07.185611216+00:00,CDU_FEED_TEMP,486.2311173536379,DEGF,Good,CDU001,BLEND_A
2025-09-06 01:06:07.185611216+00:00,TK101_LEVEL,82.94116298672925,PCT,Good,TK101,WTI
2025-09-06 01:06:07.185611216+00:00,TK101_TEMP,91.18926165652026,DEGF,Good,TK101,WTI
2025-09-06 01:06:07.185611216+00:00,TK101_VOLUME,44730.42647838471,BBL,Good,TK101,WTI
2025-09-06 01:06:07.185611216+00:00,TK102_LEVEL,62.81098150776806,PCT,Good,TK102,BRENT
2025-09-06 01:06:07.185611216+00:00,TK102_TEMP,91.2680249770641,DEGF,Good,TK102,BRENT
2025-09-06 01:06:07.185611216+00:00,TK102_VOLUME,29623.3504403348,BBL,Good,TK102,BRENT
2025-09-06 01:06:07.185611216+00:00,TK103_LEVEL,86.14339605845842,PCT,Good,TK103,MAYA
2025-09-06 01:06:07.185611216+00:00,TK103_TEMP,93.27617857670326,DEGF,Good,TK103,MAYA
2025-09-06 01:06:07.185611216+00:00,TK103_VOLUME,39258.155337136726,BBL,Good,TK103,MAYA
2025-09-06 01:06:07.185611216+00:00,TK104_LEVEL,84.38043088175037,PCT,Good,TK104,ARB
2025-09-06 01:06:07.185611216+00:00,TK104_TEMP,92.71930266276782,DEGF,Good,TK104,ARB
2025-09-06 01:06:07.185611216+00:00,TK104_VOLUME,46326.08525175772,BBL,Good,TK104,ARB
2025-09-06 01:06:07.185611216+00:00,TK105_LEVEL,68.22105168017258,PCT,Good,TK105,URALS
2025-09-06 01:06:07.185611216+00:00,TK105_TEMP,91.09242785869367,DEGF,Good,TK105,URALS
2025-09-06 01:06:07.185611216+00:00,TK105_VOLUME,34358.24072157447,BBL,Good,TK105,URALS
2025-09-06 01:06:07.185611216+00:00,VDU_FEED_RATE,20128.84918172756,BPD,Good,VDU001,BLEND_B
2025-09-06 02:23:57.455881486+00:00,CDU_FEED_RATE,48489.22610437567,BPD,Good,CDU001,BLEND_A
2025-09-06 02:23:57.455881486+00:00,CDU_FEED_TEMP,486.36020173105425,DEGF,Good,CDU001,BLEND_A
2025-09-06 02:23:57.455881486+00:00,TK101_LEVEL,83.73845076406074,PCT,Good,TK101,WTI
2025-09-06 02:23:57.455881486+00:00,TK101_TEMP,92.04248711481827,DEGF,Good,TK101,WTI
2025-09-06 02:23:57.455881486+00:00,TK101_VOLUME,45160.4062498493,BBL,Good,TK101,WTI
2025-09-06 02:23:57.455881486+00:00,TK102_LEVEL,64.14989767631153,PCT,Good,TK102,BRENT
2025-09-06 02:23:57.455881486+00:00,TK102_TEMP,92.36310391189109,DEGF,Good,TK102,BRENT
2025-09-06 02:23:57.455881486+00:00,TK102_VOLUME,30254.81936374413,BBL,Good,TK102,BRENT
2025-09-06 02:23:57.455881486+00:00,TK103_LEVEL,86.40978281664202,PCT,Good,TK103,MAYA
2025-09-06 02:23:57.455881486+00:00,TK103_TEMP,91.75797847465593,DEGF,Good,TK103,MAYA
2025-09-06 02:23:57.455881486+00:00,TK103_VOLUME,39379.55585314879,BBL,Good,TK103,MAYA
2025-09-06 02:23:57.455881486+00:00,TK104_LEVEL,86.14618676108634,PCT,Good,TK104,ARB
2025-09-06 02:23:57.455881486+00:00,TK104_TEMP,92.73505844844028,DEGF,Good,TK104,ARB
2025-09-06 02:23:57.455881486+00:00,TK104_VOLUME,47295.51094140068,BBL,Good,TK104,ARB
2025-09-06 02:23:57.455881486+00:00,TK105_LEVEL,68.186957953455,PCT,Good,TK105,URALS
2025-09-06 02:23:57.455881486+00:00,TK105_TEMP,92.67759434950955,DEGF,Good,TK105,URALS
2025-09-06 02:23:57.455881486+00:00,TK105_VOLUME,34341.07006177359,BBL,Good,TK105,URALS
2025-09-06 02:23:57.455881486+00:00,VDU_FEED_RATE,20272.702532881223,BPD,Good,VDU001,BLEND_B
2025-09-06 03:41:47.726151756+00:00,CDU_FEED_RATE,48683.78213633571,BPD,Good,CDU001,BLEND_A
2025-09-06 03:41:47.726151756+00:00,CDU_FEED_TEMP,487.6963926356694,DEGF,Good,CDU001,BLEND_A
2025-09-06 03:41:47.726151756+00:00,TK101_LEVEL,81.04422949418424,PCT,Good,TK101,WTI
2025-09-06 03:41:47.726151756+00:00,TK101_TEMP,91.6412927103509,DEGF,Good,TK101,WTI
2025-09-06 03:41:47.726151756+00:00,TK101_VOLUME,43707.404361655455,BBL,Good,TK101,WTI
2025-09-06 03:41:47.726151756+00:00,TK102_LEVEL,64.43666791052667,PCT,Good,TK102,BRENT
2025-09-06 03:41:47.726151756+00:00,TK102_TEMP,92.63044186473724,DEGF,Good,TK102,BRENT
2025-09-06 03:41:47.726151756+00:00,TK102_VOLUME,30390.06792920336,BBL,Good,TK102,BRENT
2025-09-06 03:41:47.726151756+00:00,TK103_LEVEL,84.83258127550991,PCT,Good,TK103,MAYA
2025-09-06 03:41:47.726151756+00:00,TK103_TEMP,91.53615777267663,DEGF,Good,TK103,MAYA
2025-09-06 03:41:47.726151756+00:00,TK103_VOLUME,38660.77732881806,BBL,Good,TK103,MAYA
2025-09-06 03:41:47.726151756+00:00,TK104_LEVEL,82.95635168425903,PCT,Good,TK104,ARB
2025-09-06 03:41:47.726151756+00:00,TK104_TEMP,91.93430558333878,DEGF,Good,TK104,ARB
2025-09-06 03:41:47.726151756+00:00,TK104_VOLUME,45544.24503574021,BBL,Good,TK104,ARB
2025-09-06 03:41:47.726151756+00:00,TK105_LEVEL,67.22594482308735,PCT,Good,TK105,URALS
2025-09-06 03:41:47.726151756+00:00,TK105_TEMP,92.11541974806732,DEGF,Good,TK105,URALS
2025-09-06 03:41:47.726151756+00:00,TK105_VOLUME,33857.07399814559,BBL,Good,TK105,URALS
2025-09-06 03:41:47.726151756+00:00,VDU_FEED_RATE,20203.976847639926,BPD,Good,VDU001,BLEND_B
2025-09-06 04:59:37.996422027+00:00,CDU_FEED_RATE,48479.00770389466,BPD,Good,CDU001,BLEND_A
2025-09-06 04:59:37.996422027+00:00,CDU_FEED_TEMP,487.0456121424189,DEGF,Good,CDU001,BLEND_A
2025-09-06 04:59:37.996422027+00:00,TK101_LEVEL,81.95106647911179,PCT,Good,TK101,WTI
2025-09-06 04:59:37.996422027+00:00,TK101_TEMP,91.19729350179927,DEGF,Good,TK101,WTI
2025-09-06 04:59:37.996422027+00:00,TK101_VOLUME,44196.464360593156,BBL,Good,TK101,WTI
2025-09-06 04:59:37.996422027+00:00,TK102_LEVEL,63.311948235692505,PCT,Good,TK102,BRENT
2025-09-06 04:59:37.996422027+00:00,TK102_TEMP,91.60880899024995,DEGF,Good,TK102,BRENT
2025-09-06 04:59:37.996422027+00:00,TK102_VOLUME,29859.61984074878,BBL,Good,TK102,BRENT
2025-09-06 04:59:37.996422027+00:00,TK103_LEVEL,84.58224341202519,PCT,Good,TK103,MAYA
2025-09-06 04:59:37.996422027+00:00,TK103_TEMP,91.23218755577477,DEGF,Good,TK103,MAYA
2025-09-06 04:59:37.996422027+00:00,TK103_VOLUME,38546.690780328834,BBL,Good,TK103,MAYA
2025-09-06 04:59:37.996422027+00:00,TK104_LEVEL,85.13711999807654,PCT,Good,TK104,ARB
2025-09-06 04:59:37.996422027+00:00,TK104_TEMP,92.11659949798816,DEGF,Good,TK104,ARB
2025-09-06 04:59:37.996422027+00:00,TK104_VOLUME,46741.51859507791,BBL,Good,TK104,ARB
2025-09-06 04:59:37.996422027+00:00,TK105_LEVEL,67.83337956054572,PCT,Good,TK105,URALS
2025-09-06 04:59:37.996422027+00:00,TK105_TEMP,92.34260467262214,DEGF,Good,TK105,URALS
2025-09-06 04:59:37.996422027+00:00,TK105_VOLUME,34162.997000184376,BBL,Good,TK105,URALS
2025-09-06 04:59:37.996422027+00:00,VDU_FEED_RATE,20549.356964399456,BPD,Good,VDU001,BLEND_B
2025-09-06 06:17:28.266692297+00:00,CDU_FEED_RATE,48672.95243681808,BPD,Good,CDU001,BLEND_A
2025-09-06 06:17:28.266692297+00:00,CDU_FEED_TEMP,488.56562748791583,DEGF,Good,CDU001,BLEND_A
2025-09-06 06:17:28.266692297+00:00,TK101_LEVEL,80.98874013553494,PCT,Good,TK101,WTI
2025-09-06 06:17:28.266692297+00:00,TK101_TEMP,92.59507129020896,DEGF,Good,TK101,WTI
2025-09-06 06:17:28.266692297+00:00,TK101_VOLUME,43677.47877841047,BBL,Good,TK101,WTI
2025-09-06 06:17:28.266692297+00:00,TK102_LEVEL,60.98259143036764,PCT,Good,TK102,BRENT
2025-09-06 06:17:28.266692297+00:00,TK102_TEMP,91.80488669588357,DEGF,Good,TK102,BRENT
2025-09-06 06:17:28.266692297+00:00,TK102_VOLUME,28761.032439496605,BBL,Good,TK102,BRENT
2025-09-06 06:17:28.266692297+00:00,TK103_LEVEL,84.63577890193416,PCT,Good,TK103,MAYA
2025-09-06 06:17:28.266692297+00:00,TK103_TEMP,92.91967531633759,DEGF,Good,TK103,MAYA
2025-09-06 06:17:28.266692297+00:00,TK103_VOLUME,38571.08852496233,BBL,Good,TK103,MAYA
2025-09-06 06:17:28.266692297+00:00,TK104_LEVEL,83.51001635427808,PCT,Good,TK104,ARB
2025-09-06 06:17:28.266692297+00:00,TK104_TEMP,92.03342057136233,DEGF,Good,TK104,ARB
2025-09-06 06:17:28.266692297+00:00,TK104_VOLUME,45848.21500171648,BBL,Good,TK104,ARB
2025-09-06 06:17:28.266692297+00:00,TK105_LEVEL,64.74598718448577,PCT,Good,TK105,URALS
2025-09-06 06:17:28.266692297+00:00,TK105_TEMP,91.94774387011672,DEGF,Good,TK105,URALS
2025-09-06 06:17:28.266692297+00:00,TK105_VOLUME,32608.09029842429,BBL,Good,TK105,URALS
2025-09-06 06:17:28.266692297+00:00,VDU_FEED_RATE,20472.914925384302,BPD,Good,VDU001,BLEND_B
2025-09-06 07:35:18.536962567+00:00,CDU_FEED_RATE,48940.442668533266,BPD,Good,CDU001,BLEND_A
2025-09-06 07:35:18.536962567+00:00,CDU_FEED_TEMP,488.15490862084346,DEGF,Good,CDU001,BLEND_A
2025-09-06 07:35:18.536962567+00:00,TK101_LEVEL,80.70129043046721,PCT,Good,TK101,WTI
2025-09-06 07:35:18.536962567+00:00,TK101_TEMP,92.53474400425995,DEGF,Good,TK101,WTI
2025-09-06 07:35:18.536962567+00:00,TK101_VOLUME,43522.456260811785,BBL,Good,TK101,WTI
2025-09-06 07:35:18.536962567+00:00,TK102_LEVEL,62.00373365617736,PCT,Good,TK102,BRENT
2025-09-06 07:35:18.536962567+00:00,TK102_TEMP,90.66629980841475,DEGF,Good,TK102,BRENT
2025-09-06 07:35:18.536962567+00:00,TK102_VOLUME,29242.630613549078,BBL,Good,TK102,BRENT
2025-09-06 07:35:18.536962567+00:00,TK103_LEVEL,82.64904001859081,PCT,Good,TK103,MAYA
2025-09-06 07:35:18.536962567+00:00,TK103_TEMP,92.07997012012603,DEGF,Good,TK103,MAYA
2025-09-06 07:35:18.536962567+00:00,TK103_VOLUME,37665.67142666621,BBL,Good,TK103,MAYA
2025-09-06 07:35:18.536962567+00:00,TK104_LEVEL,83.10724601973126,PCT,Good,TK104,ARB
2025-09-06 07:35:18.536962567+00:00,TK104_TEMP,91.34885454899673,DEGF,Good,TK104,ARB
2025-09-06 07:35:18.536962567+00:00,TK104_VOLUME,45627.08822314809,BBL,Good,TK104,ARB
2025-09-06 07:35:18.536962567+00:00,TK105_LEVEL,62.528305738260336,PCT,Good,TK105,URALS
2025-09-06 07:35:18.536962567+00:00,TK105_TEMP,91.69470874615716,DEGF,Good,TK105,URALS
2025-09-06 07:35:18.536962567+00:00,TK105_VOLUME,31491.197036057183,BBL,Good,TK105,URALS
2025-09-06 07:35:18.536962567+00:00,VDU_FEED_RATE,20428.671380403146,BPD,Good,VDU001,BLEND_B
2025-09-06 08:53:08.807232837+00:00,CDU_FEED_RATE,49152.18753173626,BPD,Good,CDU001,BLEND_A
2025-09-06 08:53:08.807232837+00:00,CDU_FEED_TEMP,488.2102501009519,DEGF,Good,CDU001,BLEND_A
2025-09-06 08:53:08.807232837+00:00,TK101_LEVEL,81.59226490673024,PCT,Good,TK101,WTI
2025-09-06 08:53:08.807232837+00:00,TK101_TEMP,92.26508509571204,DEGF,Good,TK101,WTI
2025-09-06 08:53:08.807232837+00:00,TK101_VOLUME,44002.961559621945,BBL,Good,TK101,WTI
2025-09-06 08:53:08.807232837+00:00,TK102_LEVEL,62.430115410082976,PCT,Good,TK102,BRENT
2025-09-06 08:53:08.807232837+00:00,TK102_TEMP,91.71884287955255,DEGF,Good,TK102,BRENT
2025-09-06 08:53:08.807232837+00:00,TK102_VOLUME,29443.72373156935,BBL,Good,TK102,BRENT
2025-09-06 08:53:08.807232837+00:00,TK103_LEVEL,83.92089485661317,PCT,Good,TK103,MAYA
2025-09-06 08:53:08.807232837+00:00,TK103_TEMP,91.41841442887409,DEGF,Good,TK103,MAYA
2025-09-06 08:53:08.807232837+00:00,TK103_VOLUME,38245.29420777281,BBL,Good,TK103,MAYA
2025-09-06 08:53:08.807232837+00:00,TK104_LEVEL,83.28908739903156,PCT,Good,TK104,ARB
2025-09-06 08:53:08.807232837+00:00,TK104_TEMP,91.8590359482839,DEGF,Good,TK104,ARB
2025-09-06 08:53:08.807232837+00:00,TK104_VOLUME,45726.92178825002,BBL,Good,TK104,ARB
2025-09-06 08:53:08.807232837+00:00,TK105_LEVEL,64.20346107216254,PCT,Good,TK105,URALS
2025-09-06 08:53:08.807232837+00:00,TK105_TEMP,91.44782018938321,DEGF,Good,TK105,URALS
2025-09-06 08:53:08.807232837+00:00,TK105_VOLUME,32334.857296207774,BBL,Good,TK105,URALS
2025-09-06 08:53:08.807232837+00:00,VDU_FEED_RATE,20594.619090143577,BPD,Good,VDU001,BLEND_B
2025-09-06 10:10:59.077503108+00:00,CDU_FEED_RATE,49699.91652010909,BPD,Good,CDU001,BLEND_A
2025-09-06 10:10:59.077503108+00:00,CDU_FEED_TEMP,488.09336383973096,DEGF,Good,CDU001,BLEND_A
2025-09-06 10:10:59.077503108+00:00,TK101_LEVEL,80.69355669761498,PCT,Good,TK101,WTI
2025-09-06 10:10:59.077503108+00:00,TK101_TEMP,91.6274659389644,DEGF,Good,TK101,WTI
2025-09-06 10:10:59.077503108+00:00,TK101_VOLUME,43518.285434694895,BBL,Good,TK101,WTI
2025-09-06 10:10:59.077503108+00:00,TK102_LEVEL,59.376031920323,PCT,Good,TK102,BRENT
2025-09-06 10:10:59.077503108+00:00,TK102_TEMP,90.96807936581911,DEGF,Good,TK102,BRENT
2025-09-06 10:10:59.077503108+00:00,TK102_VOLUME,28003.335708337912,BBL,Good,TK102,BRENT
2025-09-06 10:10:59.077503108+00:00,TK103_LEVEL,83.5664796244454,PCT,Good,TK103,MAYA
2025-09-06 10:10:59.077503108+00:00,TK103_TEMP,92.12437057897321,DEGF,Good,TK103,MAYA
2025-09-06 10:10:59.077503108+00:00,TK103_VOLUME,38083.77644930357,BBL,Good,TK103,MAYA
2025-09-06 10:10:59.077503108+00:00,TK104_LEVEL,83.02646917058794,PCT,Good,TK104,ARB
2025-09-06 10:10:59.077503108+00:00,TK104_TEMP,91.0955439956002,DEGF,Good,TK104,ARB
2025-09-06 10:10:59.077503108+00:00,TK104_VOLUME,45582.74055674394,BBL,Good,TK104,ARB
2025-09-06 10:10:59.077503108+00:00,TK105_LEVEL,64.77373943524839,PCT,Good,TK105,URALS
2025-09-06 10:10:59.077503108+00:00,TK105_TEMP,91.68343141897958,DEGF,Good,TK105,URALS
2025-09-06 10:10:59.077503108+00:00,TK105_VOLUME,32622.0671939541,BBL,Good,TK105,URALS
2025-09-06 10:10:59.077503108+00:00,VDU_FEED_RATE,20478.372817471347,BPD,Good,VDU001,BLEND_B
2025-09-06 11:28:49.347773378+00:00,CDU_FEED_RATE,49478.20709099392,BPD,Good,CDU001,BLEND_A
2025-09-06 11:28:49.347773378+00:00,CDU_FEED_TEMP,488.99954715366033,DEGF,Good,CDU001,BLEND_A
2025-09-06 11:28:49.347773378+00:00,TK101_LEVEL,81.06505413933372,PCT,Good,TK101,WTI
2025-09-06 11:28:49.347773378+00:00,TK101_TEMP,92.08872317212115,DEGF,Good,TK101,WTI
2025-09-06 11:28:49.347773378+00:00,TK101_VOLUME,43718.63515738166,BBL,Good,TK101,WTI
2025-09-06 11:28:49.347773378+00:00,TK102_LEVEL,59.75146944375112,PCT,Good,TK102,BRENT
2025-09-06 11:28:49.347773378+00:00,TK102_TEMP,91.51322812060057,DEGF,Good,TK102,BRENT
2025-09-06 11:28:49.347773378+00:00,TK102_VOLUME,28180.402155286956,BBL,Good,TK102,BRENT
2025-09-06 11:28:49.347773378+00:00,TK103_LEVEL,84.92297759741601,PCT,Good,TK103,MAYA
2025-09-06 11:28:49.347773378+00:00,TK103_TEMP,91.75725670420371,DEGF,Good,TK103,MAYA
2025-09-06 11:28:49.347773378+00:00,TK103_VOLUME,38701.97367130829,BBL,Good,TK103,MAYA
2025-09-06 11:28:49.347773378+00:00,TK104_LEVEL,81.1911419530447,PCT,Good,TK104,ARB
2025-09-06 11:28:49.347773378+00:00,TK104_TEMP,91.10903214982216,DEGF,Good,TK104,ARB
2025-09-06 11:28:49.347773378+00:00,TK104_VOLUME,44575.11918936872,BBL,Good,TK104,ARB
2025-09-06 11:28:49.347773378+00:00,TK105_LEVEL,63.93925260272875,PCT,Good,TK105,URALS
2025-09-06 11:28:49.347773378+00:00,TK105_TEMP,91.25753665719255,DEGF,Good,TK105,URALS
2025-09-06 11:28:49.347773378+00:00,TK105_VOLUME,32201.79370410658,BBL,Good,TK105,URALS
2025-09-06 11:28:49.347773378+00:00,VDU_FEED_RATE,20542.917503448756,BPD,Good,VDU001,BLEND_B
2025-09-06 12:46:39.618043648+00:00,CDU_FEED_RATE,49197.7419152406,BPD,Good,CDU001,BLEND_A
2025-09-06 12:46:39.618043648+00:00,CDU_FEED_TEMP,488.4492741758049,DEGF,Good,CDU001,BLEND_A
2025-09-06 12:46:39.618043648+00:00,TK101_LEVEL,79.1525228083601,PCT,Good,TK101,WTI
2025-09-06 12:46:39.618043648+00:00,TK101_TEMP,91.33216660886957,DEGF,Good,TK101,WTI
2025-09-06 12:46:39.618043648+00:00,TK101_VOLUME,42687.20107800407,BBL,Good,TK101,WTI
2025-09-06 12:46:39.618043648+00:00,TK102_LEVEL,61.282151517369364,PCT,Good,TK102,BRENT
2025-09-06 12:46:39.618043648+00:00,TK102_TEMP,90.54553855747422,DEGF,Good,TK102,BRENT
2025-09-06 12:46:39.618043648+00:00,TK102_VOLUME,28902.313043973256,BBL,Good,TK102,BRENT
2025-09-06 12:46:39.618043648+00:00,TK103_LEVEL,81.52261956382502,PCT,Good,TK103,MAYA
2025-09-06 12:46:39.618043648+00:00,TK103_TEMP,92.30920375425644,DEGF,Good,TK103,MAYA
2025-09-06 12:46:39.618043648+00:00,TK103_VOLUME,37152.3275000103,BBL,Good,TK103,MAYA
2025-09-06 12:46:39.618043648+00:00,TK104_LEVEL,82.31458319434269,PCT,Good,TK104,ARB
2025-09-06 12:46:39.618043648+00:00,TK104_TEMP,91.8896115901748,DEGF,Good,TK104,ARB
2025-09-06 12:46:39.618043648+00:00,TK104_VOLUME,45191.90478972487,BBL,Good,TK104,ARB
2025-09-06 12:46:39.618043648+00:00,TK105_LEVEL,63.64258069766756,PCT,Good,TK105,URALS
2025-09-06 12:46:39.618043648+00:00,TK105_TEMP,91.7600780686012,DEGF,Good,TK105,URALS
2025-09-06 12:46:39.618043648+00:00,TK105_VOLUME,32052.380517437945,BBL,Good,TK105,URALS
2025-09-06 12:46:39.618043648+00:00,VDU_FEED_RATE,20530.36408016255,BPD,Good,VDU001,BLEND_B
2025-09-06 14:04:29.888313919+00:00,CDU_FEED_RATE,49320.214464744415,BPD,Good,CDU001,BLEND_A
2025-09-06 14:04:29.888313919+00:00,CDU_FEED_TEMP,488.51173017013593,DEGF,Good,CDU001,BLEND_A
2025-09-06 14:04:29.888313919+00:00,TK101_LEVEL,78.19847843296984,PCT,Good,TK101,WTI
2025-09-06 14:04:29.888313919+00:00,TK101_TEMP,91.33945727478441,DEGF,Good,TK101,WTI
2025-09-06 14:04:29.888313919+00:00,TK101_VOLUME,42172.68198695469,BBL,Good,TK101,WTI
2025-09-06 14:04:29.888313919+00:00,TK102_LEVEL,60.26309590451568,PCT,Good,TK102,BRENT
2025-09-06 14:04:29.888313919+00:00,TK102_TEMP,91.50948774857432,DEGF,Good,TK102,BRENT
2025-09-06 14:04:29.888313919+00:00,TK102_VOLUME,28421.69897278538,BBL,Good,TK102,BRENT
2025-09-06 14:04:29.888313919+00:00,TK103_LEVEL,81.02803450974702,PCT,Good,TK103,MAYA
2025-09-06 14:04:29.888313919+00:00,TK103_TEMP,90.46414221996557,DEGF,Good,TK103,MAYA
2025-09-06 14:04:29.888313919+00:00,TK103_VOLUME,36926.93010718818,BBL,Good,TK103,MAYA
2025-09-06 14:04:29.888313919+00:00,TK104_LEVEL,81.2976206806484,PCT,Good,TK104,ARB
2025-09-06 14:04:29.888313919+00:00,TK104_TEMP,91.72538748168563,DEGF,Good,TK104,ARB
2025-09-06 14:04:29.888313919+00:00,TK104_VOLUME,44633.577561303086,BBL,Good,TK104,ARB
2025-09-06 14:04:29.888313919+00:00,TK105_LEVEL,64.2754106464002,PCT,Good,TK105,URALS
2025-09-06 14:04:29.888313919+00:00,TK105_TEMP,90.44483031405942,DEGF,Good,TK105,URALS
2025-09-06 14:04:29.888313919+00:00,TK105_VOLUME,32371.093336705388,BBL,Good,TK105,URALS
2025-09-06 14:04:29.888313919+00:00,VDU_FEED_RATE,20617.757388348047,BPD,Good,VDU001,BLEND_B
2025-09-06 15:22:20.158584189+00:00,CDU_FEED_RATE,49917.15201638853,BPD,Good,CDU001,BLEND_A
2025-09-06 15:22:20.158584189+00:00,CDU_FEED_TEMP,489.7411046514644,DEGF,Good,CDU001,BLEND_A
2025-09-06 15:22:20.158584189+00:00,TK101_LEVEL,78.26682085928036,PCT,Good,TK101,WTI
2025-09-06 15:22:20.158584189+00:00,TK101_TEMP,90.60244206865676,DEGF,Good,TK101,WTI
2025-09-06 15:22:20.158584189+00:00,TK101_VOLUME,42209.53926945899,BBL,Good,TK101,WTI
2025-09-06 15:22:20.158584189+00:00,TK102_LEVEL,60.00123068396546,PCT,Good,TK102,BRENT
2025-09-06 15:22:20.158584189+00:00,TK102_TEMP,91.66143409160108,DEGF,Good,TK102,BRENT
2025-09-06 15:22:20.158584189+00:00,TK102_VOLUME,28298.196282486944,BBL,Good,TK102,BRENT
2025-09-06 15:22:20.158584189+00:00,TK103_LEVEL,81.8513408145092,PCT,Good,TK103,MAYA
2025-09-06 15:22:20.158584189+00:00,TK103_TEMP,91.01649769973062,DEGF,Good,TK103,MAYA
2025-09-06 15:22:20.158584189+00:00,TK103_VOLUME,37302.135732706636,BBL,Good,TK103,MAYA
2025-09-06 15:22:20.158584189+00:00,TK104_LEVEL,79.52445398127544,PCT,Good,TK104,ARB
2025-09-06 15:22:20.158584189+00:00,TK104_TEMP,90.79599000282984,DEGF,Good,TK104,ARB
2025-09-06 15:22:20.158584189+00:00,TK104_VOLUME,43660.083223547874,BBL,Good,TK104,ARB
2025-09-06 15:22:20.158584189+00:00,TK105_LEVEL,62.93281684971314,PCT,Good,TK105,URALS
2025-09-06 15:22:20.158584189+00:00,TK105_TEMP,90.8783898229906,DEGF,Good,TK105,URALS
2025-09-06 15:22:20.158584189+00:00,TK105_VOLUME,31694.921396786827,BBL,Good,TK105,URALS
2025-09-06 15:22:20.158584189+00:00,VDU_FEED_RATE,20956.39962079041,BPD,Good,VDU001,BLEND_B
2025-09-06 16:40:10.428854459+00:00,CDU_FEED_RATE,49921.09772363984,BPD,Good,CDU001,BLEND_A
2025-09-06 16:40:10.428854459+00:00,CDU_FEED_TEMP,489.4562008533526,DEGF,Good,CDU001,BLEND_A
2025-09-06 16:40:10.428854459+00:00,TK101_LEVEL,78.33912896841896,PCT,Good,TK101,WTI
2025-09-06 16:40:10.428854459+00:00,TK101_TEMP,91.2580044148849,DEGF,Good,TK101,WTI
2025-09-06 16:40:10.428854459+00:00,TK101_VOLUME,42248.53525701384,BBL,Good,TK101,WTI
2025-09-06 16:40:10.428854459+00:00,TK102_LEVEL,61.054706410448915,PCT,Good,TK102,BRENT
2025-09-06 16:40:10.428854459+00:00,TK102_TEMP,90.6679188317779,DEGF,Good,TK102,BRENT
2025-09-06 16:40:10.428854459+00:00,TK102_VOLUME,28795.04380623,BBL,Good,TK102,BRENT
2025-09-06 16:40:10.428854459+00:00,TK103_LEVEL,81.50743161283448,PCT,Good,TK103,MAYA
2025-09-06 16:40:10.428854459+00:00,TK103_TEMP,90.82824807066406,DEGF,Good,TK103,MAYA
2025-09-06 16:40:10.428854459+00:00,TK103_VOLUME,37145.40589061804,BBL,Good,TK103,MAYA
2025-09-06 16:40:10.428854459+00:00,TK104_LEVEL,80.21658679155064,PCT,Good,TK104,ARB
2025-09-06 16:40:10.428854459+00:00,TK104_TEMP,90.69272059088496,DEGF,Good,TK104,ARB
2025-09-06 16:40:10.428854459+00:00,TK104_VOLUME,44040.07421481552,BBL,Good,TK104,ARB
2025-09-06 16:40:10.428854459+00:00,TK105_LEVEL,62.955624703828555,PCT,Good,TK105,URALS
2025-09-06 16:40:10.428854459+00:00,TK105_TEMP,92.0819203868738,DEGF,Good,TK105,URALS
2025-09-06 16:40:10.428854459+00:00,TK105_VOLUME,31706.408140581305,BBL,Good,TK105,URALS
2025-09-06 16:40:10.428854459+00:00,VDU_FEED_RATE,20728.082776830946,BPD,Good,VDU001,BLEND_B
2025-09-06 17:58:00.699124729+00:00,CDU_FEED_RATE,49707.11183562771,BPD,Good,CDU001,BLEND_A
2025-09-06 17:58:00.699124729+00:00,CDU_FEED_TEMP,489.28268400201915,DEGF,Good,CDU001,BLEND_A
2025-09-06 17:58:00.699124729+00:00,TK101_LEVEL,77.889659825594,PCT,Good,TK101,WTI
2025-09-06 17:58:00.699124729+00:00,TK101_TEMP,90.99925611920901,DEGF,Good,TK101,WTI
2025-09-06 17:58:00.699124729+00:00,TK101_VOLUME,42006.1351540559,BBL,Good,TK101,WTI
2025-09-06 17:58:00.699124729+00:00,TK102_LEVEL,59.28021867132434,PCT,Good,TK102,BRENT
2025-09-06 17:58:00.699124729+00:00,TK102_TEMP,90.40060186429159,DEGF,Good,TK102,BRENT
2025-09-06 17:58:00.699124729+00:00,TK102_VOLUME,27958.147599765474,BBL,Good,TK102,BRENT
2025-09-06 17:58:00.699124729+00:00,TK103_LEVEL,79.76969458053819,PCT,Good,TK103,MAYA
2025-09-06 17:58:00.699124729+00:00,TK103_TEMP,89.9822218167925,DEGF,Good,TK103,MAYA
2025-09-06 17:58:00.699124729+00:00,TK103_VOLUME,36353.46647946821,BBL,Good,TK103,MAYA
2025-09-06 17:58:00.699124729+00:00,TK104_LEVEL,81.38419458068185,PCT,Good,TK104,ARB
2025-09-06 17:58:00.699124729+00:00,TK104_TEMP,90.64626485376797,DEGF,Good,TK104,ARB
2025-09-06 17:58:00.699124729+00:00,TK104_VOLUME,44681.107893059125,BBL,Good,TK104,ARB
2025-09-06 17:58:00.699124729+00:00,TK105_LEVEL,60.833603324377314,PCT,Good,TK105,URALS
2025-09-06 17:58:00.699124729+00:00,TK105_TEMP,90.65602292321061,DEGF,Good,TK105,URALS
2025-09-06 17:58:00.699124729+00:00,TK105_VOLUME,30637.69225925309,BBL,Good,TK105,URALS
2025-09-06 17:58:00.699124729+00:00,VDU_FEED_RATE,20908.315319367266,BPD,Good,VDU001,BLEND_B
2025-09-06 19:15:50.969395+00:00,CDU_FEED_RATE,49644.65096509106,BPD,Good,CDU001,BLEND_A
2025-09-06 19:15:50.969395+00:00,CDU_FEED_TEMP,489.8312816553184,DEGF,Good,CDU001,BLEND_A
2025-09-06 19:15:50.969395+00:00,TK101_LEVEL,76.2564408615208,PCT,Good,TK101,WTI
2025-09-06 19:15:50.969395+00:00,TK101_TEMP,90.2265264645075,DEGF,Good,TK101,WTI
2025-09-06 19:15:50.969395+00:00,TK101_VOLUME,41125.33510056173,BBL,Good,TK101,WTI
2025-09-06 19:15:50.969395+00:00,TK102_LEVEL,59.0972963698652,PCT,Good,TK102,BRENT
2025-09-06 19:15:50.969395+00:00,TK102_TEMP,89.79984100164974,DEGF,Good,TK102,BRENT
2025-09-06 19:15:50.969395+00:00,TK102_VOLUME,27871.876516120545,BBL,Good,TK102,BRENT
2025-09-06 19:15:50.969395+00:00,TK103_LEVEL,79.52936152359872,PCT,Good,TK103,MAYA
2025-09-06 19:15:50.969395+00:00,TK103_TEMP,91.40801612531457,DEGF,Good,TK103,MAYA
2025-09-06 19:15:50.969395+00:00,TK103_VOLUME,36243.93942442181,BBL,Good,TK103,MAYA
2025-09-06 19:15:50.969395+00:00,TK104_LEVEL,81.3072528299825,PCT,Good,TK104,ARB
2025-09-06 19:15:50.969395+00:00,TK104_TEMP,91.24417230615747,DEGF,Good,TK104,ARB
2025-09-06 19:15:50.969395+00:00,TK104_VOLUME,44638.86575154514,BBL,Good,TK104,ARB
2025-09-06 19:15:50.969395+00:00,TK105_LEVEL,60.30551484362792,PCT,Good,TK105,URALS
2025-09-06 19:15:50.969395+00:00,TK105_TEMP,90.75851066139299,DEGF,Good,TK105,URALS
2025-09-06 19:15:50.969395+00:00,TK105_VOLUME,30371.73049676165,BBL,Good,TK105,URALS
2025-09-06 19:15:50.969395+00:00,VDU_FEED_RATE,20773.103613243395,BPD,Good,VDU001,BLEND_B
2025-09-06 20:33:41.239665270+00:00,CDU_FEED_RATE,50086.23933924997,BPD,Good,CDU001,BLEND_A
2025-09-06 20:33:41.239665270+00:00,CDU_FEED_TEMP,489.61447819720297,DEGF,Good,CDU001,BLEND_A
2025-09-06 20:33:41.239665270+00:00,TK101_LEVEL,77.07111260197125,PCT,Good,TK101,WTI
2025-09-06 20:33:41.239665270+00:00,TK101_TEMP,90.7602900005133,DEGF,Good,TK101,WTI
2025-09-06 20:33:41.239665270+00:00,TK101_VOLUME,41564.69009726062,BBL,Good,TK101,WTI
2025-09-06 20:33:41.239665270+00:00,TK102_LEVEL,60.78994777323955,PCT,Good,TK102,BRENT
2025-09-06 20:33:41.239665270+00:00,TK102_TEMP,90.652681789384,DEGF,Good,TK102,BRENT
2025-09-06 20:33:41.239665270+00:00,TK102_VOLUME,28670.176502712566,BBL,Good,TK102,BRENT
2025-09-06 20:33:41.239665270+00:00,TK103_LEVEL,80.11344892533602,PCT,Good,TK103,MAYA
2025-09-06 20:33:41.239665270+00:00,TK103_TEMP,90.65069027851992,DEGF,Good,TK103,MAYA
2025-09-06 20:33:41.239665270+00:00,TK103_VOLUME,36510.125748586535,BBL,Good,TK103,MAYA
2025-09-06 20:33:41.239665270+00:00,TK104_LEVEL,79.98780037593468,PCT,Good,TK104,ARB
2025-09-06 20:33:41.239665270+00:00,TK104_TEMP,90.2858961660164,DEGF,Good,TK104,ARB
2025-09-06 20:33:41.239665270+00:00,TK104_VOLUME,43914.467141190566,BBL,Good,TK104,ARB
2025-09-06 20:33:41.239665270+00:00,TK105_LEVEL,62.65481634245764,PCT,Good,TK105,URALS
2025-09-06 20:33:41.239665270+00:00,TK105_TEMP,90.34459808974655,DEGF,Good,TK105,URALS
2025-09-06 20:33:41.239665270+00:00,TK105_VOLUME,31554.911706027688,BBL,Good,TK105,URALS
2025-09-06 20:33:41.239665270+00:00,VDU_FEED_RATE,20997.444783382307,BPD,Good,VDU001,BLEND_B
2025-09-06 21:51:31.509935540+00:00,CDU_FEED_RATE,49600.85587250832,BPD,Good,CDU001,BLEND_A
2025-09-06 21:51:31.509935540+00:00,CDU_FEED_TEMP,489.8898818836048,DEGF,Good,CDU001,BLEND_A
2025-09-06 21:51:31.509935540+00:00,TK101_LEVEL,76.86143499125356,PCT,Good,TK101,WTI
2025-09-06 21:51:31.509935540+00:00,TK101_TEMP,90.65331826011234,DEGF,Good,TK101,WTI
2025-09-06 21:51:31.509935540+00:00,TK101_VOLUME,41451.610311390345,BBL,Good,TK101,WTI
2025-09-06 21:51:31.509935540+00:00,TK102_LEVEL,57.517981528702016,PCT,Good,TK102,BRENT
2025-09-06 21:51:31.509935540+00:00,TK102_TEMP,90.40238607489994,DEGF,Good,TK102,BRENT
2025-09-06 21:51:31.509935540+00:00,TK102_VOLUME,27127.029104531975,BBL,Good,TK102,BRENT
2025-09-06 21:51:31.509935540+00:00,TK103_LEVEL,78.3973176871546,PCT,Good,TK103,MAYA
2025-09-06 21:51:31.509935540+00:00,TK103_TEMP,91.06299864453402,DEGF,Good,TK103,MAYA
2025-09-06 21:51:31.509935540+00:00,TK103_VOLUME,35728.03275237219,BBL,Good,TK103,MAYA
2025-09-06 21:51:31.509935540+00:00,TK104_LEVEL,77.73269227092892,PCT,Good,TK104,ARB
2025-09-06 21:51:31.509935540+00:00,TK104_TEMP,90.87153936155872,DEGF,Good,TK104,ARB
2025-09-06 21:51:31.509935540+00:00,TK104_VOLUME,42676.37995399867,BBL,Good,TK104,ARB
2025-09-06 21:51:31.509935540+00:00,TK105_LEVEL,60.794187795351505,PCT,Good,TK105,URALS
2025-09-06 21:51:31.509935540+00:00,TK105_TEMP,90.86110587848366,DEGF,Good,TK105,URALS
2025-09-06 21:51:31.509935540+00:00,TK105_VOLUME,30617.841374502943,BBL,Good,TK105,URALS
2025-09-06 21:51:31.509935540+00:00,VDU_FEED_RATE,20796.33357697833,BPD,Good,VDU001,BLEND_B
2025-09-06 23:09:21.780205810+00:00,CDU_FEED_RATE,49985.783794252806,BPD,Good,CDU001,BLEND_A
2025-09-06 23:09:21.780205810+00:00,CDU_FEED_TEMP,489.3671284382891,DEGF,Good,CDU001,BLEND_A
2025-09-06 23:09:21.780205810+00:00,TK101_LEVEL,78.81676680443735,PCT,Good,TK101,WTI
2025-09-06 23:09:21.780205810+00:00,TK101_TEMP,91.49852844469828,DEGF,Good,TK101,WTI
2025-09-06 23:09:21.780205810+00:00,TK101_VOLUME,42506.12682358898,BBL,Good,TK101,WTI
2025-09-06 23:09:21.780205810+00:00,TK102_LEVEL,56.59998942896279,PCT,Good,TK102,BRENT
2025-09-06 23:09:21.780205810+00:00,TK102_TEMP,89.82423815520193,DEGF,Good,TK102,BRENT
2025-09-06 23:09:21.780205810+00:00,TK102_VOLUME,26694.079307868305,BBL,Good,TK102,BRENT
2025-09-06 23:09:21.780205810+00:00,TK103_LEVEL,78.48045404566302,PCT,Good,TK103,MAYA
2025-09-06 23:09:21.780205810+00:00,TK103_TEMP,91.77963382854077,DEGF,Good,TK103,MAYA
2025-09-06 23:09:21.780205810+00:00,TK103_VOLUME,35765.92050959821,BBL,Good,TK103,MAYA
2025-09-06 23:09:21.780205810+00:00,TK104_LEVEL,79.07972876734196,PCT,Good,TK104,ARB
2025-09-06 23:09:21.780205810+00:00,TK104_TEMP,90.9731712666931,DEGF,Good,TK104,ARB
2025-09-06 23:09:21.780205810+00:00,TK104_VOLUME,43415.92260527418,BBL,Good,TK104,ARB
2025-09-06 23:09:21.780205810+00:00,TK105_LEVEL,59.73614318254709,PCT,Good,TK105,URALS
2025-09-06 23:09:21.780205810+00:00,TK105_TEMP,90.23161541630486,DEGF,Good,TK105,URALS
2025-09-06 23:09:21.780205810+00:00,TK105_VOLUME,30084.977242309207,BBL,Good,TK105,URALS
2025-09-06 23:09:21.780205810+00:00,VDU_FEED_RATE,20948.791588339434,BPD,Good,VDU001,BLEND_B
2025-09-07 00:27:12.050476081+00:00,CDU_FEED_RATE,50488.891992226156,BPD,Good,CDU001,BLEND_A
2025-09-07 00:27:12.050476081+00:00,CDU_FEED_TEMP,490.87665379346095,DEGF,Good,CDU001,BLEND_A
2025-09-07 00:27:12.050476081+00:00,TK101_LEVEL,77.85641037599741,PCT,Good,TK101,WTI
2025-09-07 00:27:12.050476081+00:00,TK101_TEMP,90.95270165379532,DEGF,Good,TK101,WTI
2025-09-07 00:27:12.050476081+00:00,TK101_VOLUME,41988.20362275021,BBL,Good,TK101,WTI
2025-09-07 00:27:12.050476081+00:00,TK102_LEVEL,57.50594158864073,PCT,Good,TK102,BRENT
2025-09-07 00:27:12.050476081+00:00,TK102_TEMP,90.73210436769469,DEGF,Good,TK102,BRENT
2025-09-07 00:27:12.050476081+00:00,TK102_VOLUME,27121.35074455169,BBL,Good,TK102,BRENT
2025-09-07 00:27:12.050476081+00:00,TK103_LEVEL,78.66085379885878,PCT,Good,TK103,MAYA
2025-09-07 00:27:12.050476081+00:00,TK103_TEMP,90.32897314362481,DEGF,Good,TK103,MAYA
2025-09-07 00:27:12.050476081+00:00,TK103_VOLUME,35848.13414242195,BBL,Good,TK103,MAYA
2025-09-07 00:27:12.050476081+00:00,TK104_LEVEL,79.12025576655756,PCT,Good,TK104,ARB
2025-09-07 00:27:12.050476081+00:00,TK104_TEMP,90.46147226439206,DEGF,Good,TK104,ARB
2025-09-07 00:27:12.050476081+00:00,TK104_VOLUME,43438.17251797362,BBL,Good,TK104,ARB
2025-09-07 00:27:12.050476081+00:00,TK105_LEVEL,59.41825087025842,PCT,Good,TK105,URALS
2025-09-07 00:27:12.050476081+00:00,TK105_TEMP,90.41278952213509,DEGF,Good,TK105,URALS
2025-09-07 00:27:12.050476081+00:00,TK105_VOLUME,29924.876799408434,BBL,Good,TK105,URALS
2025-09-07 00:27:12.050476081+00:00,VDU_FEED_RATE,20966.97003598503,BPD,Good,VDU001,BLEND_B
2025-09-07 01:45:02.320746351+00:00,CDU_FEED_RATE,49999.341718778494,BPD,Good,CDU001,BLEND_A
2025-09-07 01:45:02.320746351+00:00,CDU_FEED_TEMP,489.6061956125932,DEGF,Good,CDU001,BLEND_A
2025-09-07 01:45:02.320746351+00:00,TK101_LEVEL,74.82143784347184,PCT,Good,TK101,WTI
2025-09-07 01:45:02.320746351+00:00,TK101_TEMP,90.41645921316865,DEGF,Good,TK101,WTI
2025-09-07 01:45:02.320746351+00:00,TK101_VOLUME,40351.43352161511,BBL,Good,TK101,WTI
2025-09-07 01:45:02.320746351+00:00,TK102_LEVEL,57.21225164909741,PCT,Good,TK102,BRENT
2025-09-07 01:45:02.320746351+00:00,TK102_TEMP,90.18575130269059,DEGF,Good,TK102,BRENT
2025-09-07 01:45:02.320746351+00:00,TK102_VOLUME,26982.838659705245,BBL,Good,TK102,BRENT
2025-09-07 01:45:02.320746351+00:00,TK103_LEVEL,79.26231514562753,PCT,Good,TK103,MAYA
2025-09-07 01:45:02.320746351+00:00,TK103_TEMP,90.20016000229434,DEGF,Good,TK103,MAYA
2025-09-07 01:45:02.320746351+00:00,TK103_VOLUME,36122.23829968906,BBL,Good,TK103,MAYA
2025-09-07 01:45:02.320746351+00:00,TK104_LEVEL,78.69021827533201,PCT,Good,TK104,ARB
2025-09-07 01:45:02.320746351+00:00,TK104_TEMP,90.91576834205539,DEGF,Good,TK104,ARB
2025-09-07 01:45:02.320746351+00:00,TK104_VOLUME,43202.07567334047,BBL,Good,TK104,ARB
2025-09-07 01:45:02.320746351+00:00,TK105_LEVEL,59.085637671482196,PCT,Good,TK105,URALS
2025-09-07 01:45:02.320746351+00:00,TK105_TEMP,90.83516976164046,DEGF,Good,TK105,URALS
2025-09-07 01:45:02.320746351+00:00,TK105_VOLUME,29757.362460809523,BBL,Good,TK105,URALS
2025-09-07 01:45:02.320746351+00:00,VDU_FEED_RATE,21264.97706616114,BPD,Good,VDU001,BLEND_B
2025-09-07 03:02:52.591016621+00:00,CDU_FEED_RATE,49775.66902683,BPD,Good,CDU001,BLEND_A
2025-09-07 03:02:52.591016621+00:00,CDU_FEED_TEMP,490.71715095676575,DEGF,Good,CDU001,BLEND_A
2025-09-07 03:02:52.591016621+00:00,TK101_LEVEL,75.09788080119188,PCT,Good,TK101,WTI
2025-09-07 03:02:52.591016621+00:00,TK101_TEMP,90.43957818605989,DEGF,Good,TK101,WTI
2025-09-07 03:02:52.591016621+00:00,TK101_VOLUME,40500.52006622676,BBL,Good,TK101,WTI
2025-09-07 03:02:52.591016621+00:00,TK102_LEVEL,55.957128196472695,PCT,Good,TK102,BRENT
2025-09-07 03:02:52.591016621+00:00,TK102_TEMP,89.77731655183673,DEGF,Good,TK102,BRENT
2025-09-07 03:02:52.591016621+00:00,TK102_VOLUME,26390.888637743137,BBL,Good,TK102,BRENT
2025-09-07 03:02:52.591016621+00:00,TK103_LEVEL,77.37236081333612,PCT,Good,TK103,MAYA
2025-09-07 03:02:52.591016621+00:00,TK103_TEMP,90.37451661602134,DEGF,Good,TK103,MAYA
2025-09-07 03:02:52.591016621+00:00,TK103_VOLUME,35260.92885343923,BBL,Good,TK103,MAYA
2025-09-07 03:02:52.591016621+00:00,TK104_LEVEL,78.4600475494116,PCT,Good,TK104,ARB
2025-09-07 03:02:52.591016621+00:00,TK104_TEMP,90.16302944641446,DEGF,Good,TK104,ARB
2025-09-07 03:02:52.591016621+00:00,TK104_VOLUME,43075.70859320087,BBL,Good,TK104,ARB
2025-09-07 03:02:52.591016621+00:00,TK105_LEVEL,58.736384740785,PCT,Good,TK105,URALS
2025-09-07 03:02:52.591016621+00:00,TK105_TEMP,89.96580282175194,DEGF,Good,TK105,URALS
2025-09-07 03:02:52.591016621+00:00,TK105_VOLUME,29581.46783634865,BBL,Good,TK105,URALS
2025-09-07 03:02:52.591016621+00:00,VDU_FEED_RATE,21063.58885932022,BPD,Good,VDU001,BLEND_B
2025-09-07 04:20:42.861286892+00:00,CDU_FEED_RATE,50088.0003385487,BPD,Good,CDU001,BLEND_A
2025-09-07 04:20:42.861286892+00:00,CDU_FEED_TEMP,489.87638190110937,DEGF,Good,CDU001,BLEND_A
2025-09-07 04:20:42.861286892+00:00,TK101_LEVEL,73.64846606365165,PCT,Good,TK101,WTI
2025-09-07 04:20:42.861286892+00:00,TK101_TEMP,90.2410575376085,DEGF,Good,TK101,WTI
2025-09-07 04:20:42.861286892+00:00,TK101_VOLUME,39718.84620225401,BBL,Good,TK101,WTI
2025-09-07 04:20:42.861286892+00:00,TK102_LEVEL,55.17809047161167,PCT,Good,TK102,BRENT
2025-09-07 04:20:42.861286892+00:00,TK102_TEMP,89.94166514573618,DEGF,Good,TK102,BRENT
2025-09-07 04:20:42.861286892+00:00,TK102_VOLUME,26023.47346644948,BBL,Good,TK102,BRENT
2025-09-07 04:20:42.861286892+00:00,TK103_LEVEL,75.8612188702326,PCT,Good,TK103,MAYA
2025-09-07 04:20:42.861286892+00:00,TK103_TEMP,90.71257502504811,DEGF,Good,TK103,MAYA
2025-09-07 04:20:42.861286892+00:00,TK103_VOLUME,34572.25568923566,BBL,Good,TK103,MAYA
2025-09-07 04:20:42.861286892+00:00,TK104_LEVEL,77.76500024271883,PCT,Good,TK104,ARB
2025-09-07 04:20:42.861286892+00:00,TK104_TEMP,90.11202354805944,DEGF,Good,TK104,ARB
2025-09-07 04:20:42.861286892+00:00,TK104_VOLUME,42694.11750096081,BBL,Good,TK104,ARB
2025-09-07 04:20:42.861286892+00:00,TK105_LEVEL,57.888839861974795,PCT,Good,TK105,URALS
2025-09-07 04:20:42.861286892+00:00,TK105_TEMP,90.61325690818902,DEGF,Good,TK105,URALS
2025-09-07 04:20:42.861286892+00:00,TK105_VOLUME,29154.617908777658,BBL,Good,TK105,URALS
2025-09-07 04:20:42.861286892+00:00,VDU_FEED_RATE,20918.591079649246,BPD,Good,VDU001,BLEND_B
2025-09-07 05:38:33.131557162+00:00,CDU_FEED_RATE,49877.992651269575,BPD,Good,CDU001,BLEND_A
2025-09-07 05:38:33.131557162+00:00,CDU_FEED_TEMP,490.3945382198743,DEGF,Good,CDU001,BLEND_A
2025-09-07 05:38:33.131557162+00:00,TK101_LEVEL,74.26446635305766,PCT,Good,TK101,WTI
2025-09-07 05:38:33.131557162+00:00,TK101_TEMP,90.02059228713337,DEGF,Good,TK101,WTI
2025-09-07 05:38:33.131557162+00:00,TK101_VOLUME,40051.057069135,BBL,Good,TK101,WTI
2025-09-07 05:38:33.131557162+00:00,TK102_LEVEL,58.263597214789066,PCT,Good,TK102,BRENT
2025-09-07 05:38:33.131557162+00:00,TK102_TEMP,90.65770154899595,DEGF,Good,TK102,BRENT
2025-09-07 05:38:33.131557162+00:00,TK102_VOLUME,27478.681542251576,BBL,Good,TK102,BRENT
2025-09-07 05:38:33.131557162+00:00,TK103_LEVEL,75.53027116627753,PCT,Good,TK103,MAYA
2025-09-07 05:38:33.131557162+00:00,TK103_TEMP,89.83869276687606,DEGF,Good,TK103,MAYA
2025-09-07 05:38:33.131557162+00:00,TK103_VOLUME,34421.43279433237,BBL,Good,TK103,MAYA
2025-09-07 05:38:33.131557162+00:00,TK104_LEVEL,77.07259012617322,PCT,Good,TK104,ARB
2025-09-07 05:38:33.131557162+00:00,TK104_TEMP,89.63342616396521,DEGF,Good,TK104,ARB
2025-09-07 05:38:33.131557162+00:00,TK104_VOLUME,42313.97426451274,BBL,Good,TK104,ARB
2025-09-07 05:38:33.131557162+00:00,TK105_LEVEL,57.414832563890414,PCT,Good,TK105,URALS
2025-09-07 05:38:33.131557162+00:00,TK105_TEMP,90.53316393731131,DEGF,Good,TK105,URALS
2025-09-07 05:38:33.131557162+00:00,TK105_VOLUME,28915.893109756427,BBL,Good,TK105,URALS
2025-09-07 05:38:33.131557162+00:00,VDU_FEED_RATE,21083.37853596802,BPD,Good,VDU001,BLEND_B
2025-09-07 06:56:23.401827432+00:00,CDU_FEED_RATE,49651.29080631682,BPD,Good,CDU001,BLEND_A
2025-09-07 06:56:23.401827432+00:00,CDU_FEED_TEMP,490.3667512840234,DEGF,Good,CDU001,BLEND_A
2025-09-07 06:56:23.401827432+00:00,TK101_LEVEL,74.93119145665578,PCT,Good,TK101,WTI
2025-09-07 06:56:23.401827432+00:00,TK101_TEMP,89.48327714483425,DEGF,Good,TK101,WTI
2025-09-07 06:56:23.401827432+00:00,TK101_VOLUME,40410.623985655824,BBL,Good,TK101,WTI
2025-09-07 06:56:23.401827432+00:00,TK102_LEVEL,56.04100934913132,PCT,Good,TK102,BRENT
2025-09-07 06:56:23.401827432+00:00,TK102_TEMP,90.325959215406,DEGF,Good,TK102,BRENT
2025-09-07 06:56:23.401827432+00:00,TK102_VOLUME,26430.44924833857,BBL,Good,TK102,BRENT
2025-09-07 06:56:23.401827432+00:00,TK103_LEVEL,75.94786865313392,PCT,Good,TK103,MAYA
2025-09-07 06:56:23.401827432+00:00,TK103_TEMP,89.70900994496232,DEGF,Good,TK103,MAYA
2025-09-07 06:56:23.401827432+00:00,TK103_VOLUME,34611.744620398305,BBL,Good,TK103,MAYA
2025-09-07 06:56:23.401827432+00:00,TK104_LEVEL,76.29704805514406,PCT,Good,TK104,ARB
2025-09-07 06:56:23.401827432+00:00,TK104_TEMP,90.5330794173385,DEGF,Good,TK104,ARB
2025-09-07 06:56:23.401827432+00:00,TK104_VOLUME,41888.190374535094,BBL,Good,TK104,ARB
2025-09-07 06:56:23.401827432+00:00,TK105_LEVEL,58.480661674500816,PCT,Good,TK105,URALS
2025-09-07 06:56:23.401827432+00:00,TK105_TEMP,90.55196879088804,DEGF,Good,TK105,URALS
2025-09-07 06:56:23.401827432+00:00,TK105_VOLUME,29452.677756848825,BBL,Good,TK105,URALS
2025-09-07 06:56:23.401827432+00:00,VDU_FEED_RATE,21267.18169243824,BPD,Good,VDU001,BLEND_B
2025-09-07 08:14:13.672097702+00:00,CDU_FEED_RATE,50173.636989974875,BPD,Good,CDU001,BLEND_A
2025-09-07 08:14:13.672097702+00:00,CDU_FEED_TEMP,490.5701818440887,DEGF,Good,CDU001,BLEND_A
2025-09-07 08:14:13.672097702+00:00,TK101_LEVEL,75.59949217196228,PCT,Good,TK101,WTI
2025-09-07 08:14:13.672097702+00:00,TK101_TEMP,89.85076230532552,DEGF,Good,TK101,WTI
2025-09-07 08:14:13.672097702+00:00,TK101_VOLUME,40771.04063445845,BBL,Good,TK101,WTI
2025-09-07 08:14:13.672097702+00:00,TK102_LEVEL,54.75993259534982,PCT,Good,TK102,BRENT
2025-09-07 08:14:13.672097702+00:00,TK102_TEMP,89.86127521337974,DEGF,Good,TK102,BRENT
2025-09-07 08:14:13.672097702+00:00,TK102_VOLUME,25826.25895060309,BBL,Good,TK102,BRENT
2025-09-07 08:14:13.672097702+00:00,TK103_LEVEL,75.67216609964872,PCT,Good,TK103,MAYA
2025-09-07 08:14:13.672097702+00:00,TK103_TEMP,90.45488287924967,DEGF,Good,TK103,MAYA
2025-09-07 08:14:13.672097702+00:00,TK103_VOLUME,34486.098614241055,BBL,Good,TK103,MAYA
2025-09-07 08:14:13.672097702+00:00,TK104_LEVEL,74.78553213055518,PCT,Good,TK104,ARB
2025-09-07 08:14:13.672097702+00:00,TK104_TEMP,89.54302802063955,DEGF,Good,TK104,ARB
2025-09-07 08:14:13.672097702+00:00,TK104_VOLUME,41058.34612213939,BBL,Good,TK104,ARB
2025-09-07 08:14:13.672097702+00:00,TK105_LEVEL,57.86079227984343,PCT,Good,TK105,URALS
2025-09-07 08:14:13.672097702+00:00,TK105_TEMP,89.996558741588,DEGF,Good,TK105,URALS
2025-09-07 08:14:13.672097702+00:00,TK105_VOLUME,29140.492275196906,BBL,Good,TK105,URALS
2025-09-07 08:14:13.672097702+00:00,VDU_FEED_RATE,20795.484480317886,BPD,Good,VDU001,BLEND_B
2025-09-07 09:32:03.942367973+00:00,CDU_FEED_RATE,50270.629742098805,BPD,Good,CDU001,BLEND_A
2025-09-07 09:32:03.942367973+00:00,CDU_FEED_TEMP,489.56203043034066,DEGF,Good,CDU001,BLEND_A
2025-09-07 09:32:03.942367973+00:00,TK101_LEVEL,73.46070088531265,PCT,Good,TK101,WTI
2025-09-07 09:32:03.942367973+00:00,TK101_TEMP,89.45440523912103,DEGF,Good,TK101,WTI
2025-09-07 09:32:03.942367973+00:00,TK101_VOLUME,39617.5838591369,BBL,Good,TK101,WTI
2025-09-07 09:32:03.942367973+00:00,TK102_LEVEL,56.2042944510137,PCT,Good,TK102,BRENT
2025-09-07 09:32:03.942367973+00:00,TK102_TEMP,90.13700687667972,DEGF,Good,TK102,BRENT
2025-09-07 09:32:03.942367973+00:00,TK102_VOLUME,26507.45889981407,BBL,Good,TK102,BRENT
2025-09-07 09:32:03.942367973+00:00,TK103_LEVEL,76.62686923121095,PCT,Good,TK103,MAYA
2025-09-07 09:32:03.942367973+00:00,TK103_TEMP,90.0167740293663,DEGF,Good,TK103,MAYA
2025-09-07 09:32:03.942367973+00:00,TK103_VOLUME,34921.18575445882,BBL,Good,TK103,MAYA
2025-09-07 09:32:03.942367973+00:00,TK104_LEVEL,76.81925558775224,PCT,Good,TK104,ARB
2025-09-07 09:32:03.942367973+00:00,TK104_TEMP,90.00234027630482,DEGF,Good,TK104,ARB
2025-09-07 09:32:03.942367973+00:00,TK104_VOLUME,42174.88991401266,BBL,Good,TK104,ARB
2025-09-07 09:32:03.942367973+00:00,TK105_LEVEL,59.35702360758933,PCT,Good,TK105,URALS
2025-09-07 09:32:03.942367973+00:00,TK105_TEMP,91.44808390593568,DEGF,Good,TK105,URALS
2025-09-07 09:32:03.942367973+00:00,TK105_VOLUME,29894.040848075263,BBL,Good,TK105,URALS
2025-09-07 09:32:03.942367973+00:00,VDU_FEED_RATE,20890.275315659594,BPD,Good,VDU001,BLEND_B
2025-09-07 10:49:54.212638243+00:00,CDU_FEED_RATE,49900.48088761771,BPD,Good,CDU001,BLEND_A
2025-09-07 10:49:54.212638243+00:00,CDU_FEED_TEMP,490.49423281191116,DEGF,Good,CDU001,BLEND_A
2025-09-07 10:49:54.212638243+00:00,TK101_LEVEL,73.35029649249226,PCT,Good,TK101,WTI
2025-09-07 10:49:54.212638243+00:00,TK101_TEMP,89.10284401105648,DEGF,Good,TK101,WTI
2025-09-07 10:49:54.212638243+00:00,TK101_VOLUME,39558.04242761956,BBL,Good,TK101,WTI
2025-09-07 10:49:54.212638243+00:00,TK102_LEVEL,54.993877206676565,PCT,Good,TK102,BRENT
2025-09-07 10:49:54.212638243+00:00,TK102_TEMP,89.14754580232467,DEGF,Good,TK102,BRENT
2025-09-07 10:49:54.212638243+00:00,TK102_VOLUME,25936.593529662376,BBL,Good,TK102,BRENT
2025-09-07 10:49:54.212638243+00:00,TK103_LEVEL,75.40725804573705,PCT,Good,TK103,MAYA
2025-09-07 10:49:54.212638243+00:00,TK103_TEMP,88.70563764901563,DEGF,Good,TK103,MAYA
2025-09-07 10:49:54.212638243+00:00,TK103_VOLUME,34365.37198856373,BBL,Good,TK103,MAYA
2025-09-07 10:49:54.212638243+00:00,TK104_LEVEL,76.48032487419488,PCT,Good,TK104,ARB
2025-09-07 10:49:54.212638243+00:00,TK104_TEMP,89.69234374695507,DEGF,Good,TK104,ARB
2025-09-07 10:49:54.212638243+00:00,TK104_VOLUME,41988.81201696209,BBL,Good,TK104,ARB
2025-09-07 10:49:54.212638243+00:00,TK105_LEVEL,58.35759918491675,PCT,Good,TK105,URALS
2025-09-07 10:49:54.212638243+00:00,TK105_TEMP,90.25526862878908,DEGF,Good,TK105,URALS
2025-09-07 10:49:54.212638243+00:00,TK105_VOLUME,29390.69966450355,BBL,Good,TK105,URALS
2025-09-07 10:49:54.212638243+00:00,VDU_FEED_RATE,20959.491582928764,BPD,Good,VDU001,BLEND_B
2025-09-07 12:07:44.482908513+00:00,CDU_FEED_RATE,49865.19325777032,BPD,Good,CDU001,BLEND_A
2025-09-07 12:07:44.482908513+00:00,CDU_FEED_TEMP,490.8422242780445,DEGF,Good,CDU001,BLEND_A
2025-09-07 12:07:44.482908513+00:00,TK101_LEVEL,71.69070415797857,PCT,Good,TK101,WTI
2025-09-07 12:07:44.482908513+00:00,TK101_TEMP,89.88355413694676,DEGF,Good,TK101,WTI
2025-09-07 12:07:44.482908513+00:00,TK101_VOLUME,38663.01913363786,BBL,Good,TK101,WTI
2025-09-07 12:07:44.482908513+00:00,TK102_LEVEL,54.68369116707726,PCT,Good,TK102,BRENT
2025-09-07 12:07:44.482908513+00:00,TK102_TEMP,89.64412828003651,DEGF,Good,TK102,BRENT
2025-09-07 12:07:44.482908513+00:00,TK102_VOLUME,25790.30143977339,BBL,Good,TK102,BRENT
2025-09-07 12:07:44.482908513+00:00,TK103_LEVEL,75.72693349467063,PCT,Good,TK103,MAYA
2025-09-07 12:07:44.482908513+00:00,TK103_TEMP,89.01524732993843,DEGF,Good,TK103,MAYA
2025-09-07 12:07:44.482908513+00:00,TK103_VOLUME,34511.05777535564,BBL,Good,TK103,MAYA
2025-09-07 12:07:44.482908513+00:00,TK104_LEVEL,76.68539812852468,PCT,Good,TK104,ARB
2025-09-07 12:07:44.482908513+00:00,TK104_TEMP,89.10155169811716,DEGF,Good,TK104,ARB
2025-09-07 12:07:44.482908513+00:00,TK104_VOLUME,42101.40021974398,BBL,Good,TK104,ARB
2025-09-07 12:07:44.482908513+00:00,TK105_LEVEL,58.163390466885005,PCT,Good,TK105,URALS
2025-09-07 12:07:44.482908513+00:00,TK105_TEMP,89.79038204187641,DEGF,Good,TK105,URALS
2025-09-07 12:07:44.482908513+00:00,TK105_VOLUME,29292.890121554177,BBL,Good,TK105,URALS
2025-09-07 12:07:44.482908513+00:00,VDU_FEED_RATE,20927.61505975445,BPD,Good,VDU001,BLEND_B
2025-09-07 13:25:34.753178783+00:00,CDU_FEED_RATE,49694.685230672076,BPD,Good,CDU001,BLEND_A
2025-09-07 13:25:34.753178783+00:00,CDU_FEED_TEMP,489.7408066672842,DEGF,Good,CDU001,BLEND_A
2025-09-07 13:25:34.753178783+00:00,TK101_LEVEL,73.52811084156404,PCT,Good,TK101,WTI
2025-09-07 13:25:34.753178783+00:00,TK101_TEMP,89.72292386887374,DEGF,Good,TK101,WTI
2025-09-07 13:25:34.753178783+00:00,TK101_VOLUME,39653.938257645845,BBL,Good,TK101,WTI
2025-09-07 13:25:34.753178783+00:00,TK102_LEVEL,55.3516290597013,PCT,Good,TK102,BRENT
2025-09-07 13:25:34.753178783+00:00,TK102_TEMP,89.60095270415036,DEGF,Good,TK102,BRENT
2025-09-07 13:25:34.753178783+00:00,TK102_VOLUME,26105.318938156754,BBL,Good,TK102,BRENT
2025-09-07 13:25:34.753178783+00:00,TK103_LEVEL,75.5083861439015,PCT,Good,TK103,MAYA
2025-09-07 13:25:34.753178783+00:00,TK103_TEMP,90.27790947082073,DEGF,Good,TK103,MAYA
2025-09-07 13:25:34.753178783+00:00,TK103_VOLUME,34411.45912661892,BBL,Good,TK103,MAYA
2025-09-07 13:25:34.753178783+00:00,TK104_LEVEL,74.64306216679869,PCT,Good,TK104,ARB
2025-09-07 13:25:34.753178783+00:00,TK104_TEMP,89.22273996699546,DEGF,Good,TK104,ARB
2025-09-07 13:25:34.753178783+00:00,TK104_VOLUME,40980.12803747415,BBL,Good,TK104,ARB
2025-09-07 13:25:34.753178783+00:00,TK105_LEVEL,57.00773595364429,PCT,Good,TK105,URALS
2025-09-07 13:25:34.753178783+00:00,TK105_TEMP,89.08932933186625,DEGF,Good,TK105,URALS
2025-09-07 13:25:34.753178783+00:00,TK105_VOLUME,28710.866611523208,BBL,Good,TK105,URALS
2025-09-07 13:25:34.753178783+00:00,VDU_FEED_RATE,20925.943701935033,BPD,Good,VDU001,BLEND_B
2025-09-07 14:43:25.023449054+00:00,CDU_FEED_RATE,49867.47503412676,BPD,Good,CDU001,BLEND_A
2025-09-07 14:43:25.023449054+00:00,CDU_FEED_TEMP,489.8272709020584,DEGF,Good,CDU001,BLEND_A
2025-09-07 14:43:25.023449054+00:00,TK101_LEVEL,72.50068108318946,PCT,Good,TK101,WTI
2025-09-07 14:43:25.023449054+00:00,TK101_TEMP,88.53270585255117,DEGF,Good,TK101,WTI
2025-09-07 14:43:25.023449054+00:00,TK101_VOLUME,39099.84220191496,BBL,Good,TK101,WTI
2025-09-07 14:43:25.023449054+00:00,TK102_LEVEL,53.36979265249519,PCT,Good,TK102,BRENT
2025-09-07 14:43:25.023449054+00:00,TK102_TEMP,89.19114135398584,DEGF,Good,TK102,BRENT
2025-09-07 14:43:25.023449054+00:00,TK102_VOLUME,25170.63151572219,BBL,Good,TK102,BRENT
2025-09-07 14:43:25.023449054+00:00,TK103_LEVEL,75.71428290097565,PCT,Good,TK103,MAYA
2025-09-07 14:43:25.023449054+00:00,TK103_TEMP,89.62702374977461,DEGF,Good,TK103,MAYA
2025-09-07 14:43:25.023449054+00:00,TK103_VOLUME,34505.29251655335,BBL,Good,TK103,MAYA
2025-09-07 14:43:25.023449054+00:00,TK104_LEVEL,76.49794128234672,PCT,Good,TK104,ARB
2025-09-07 14:43:25.023449054+00:00,TK104_TEMP,90.11749572775557,DEGF,Good,TK104,ARB
2025-09-07 14:43:25.023449054+00:00,TK104_VOLUME,41998.48368155711,BBL,Good,TK104,ARB
2025-09-07 14:43:25.023449054+00:00,TK105_LEVEL,57.50214667835884,PCT,Good,TK105,URALS
2025-09-07 14:43:25.023449054+00:00,TK105_TEMP,89.37753004529813,DEGF,Good,TK105,URALS
2025-09-07 14:43:25.023449054+00:00,TK105_VOLUME,28959.867209970558,BBL,Good,TK105,URALS
2025-09-07 14:43:25.023449054+00:00,VDU_FEED_RATE,20789.45043392267,BPD,Good,VDU001,BLEND_B
2025-09-07 16:01:15.293719324+00:00,CDU_FEED_RATE,49728.591885194735,BPD,Good,CDU001,BLEND_A
2025-09-07 16:01:15.293719324+00:00,CDU_FEED_TEMP,489.47664464061097,DEGF,Good,CDU001,BLEND_A
2025-09-07 16:01:15.293719324+00:00,TK101_LEVEL,72.92577174535371,PCT,Good,TK101,WTI
2025-09-07 16:01:15.293719324+00:00,TK101_TEMP,89.26291809329079,DEGF,Good,TK101,WTI
2025-09-07 16:01:15.293719324+00:00,TK101_VOLUME,39329.09491463166,BBL,Good,TK101,WTI
2025-09-07 16:01:15.293719324+00:00,TK102_LEVEL,54.90641780231481,PCT,Good,TK102,BRENT
2025-09-07 16:01:15.293719324+00:00,TK102_TEMP,89.54198958001706,DEGF,Good,TK102,BRENT
2025-09-07 16:01:15.293719324+00:00,TK102_VOLUME,25895.345319197924,BBL,Good,TK102,BRENT
2025-09-07 16:01:15.293719324+00:00,TK103_LEVEL,77.36941077101751,PCT,Good,TK103,MAYA
2025-09-07 16:01:15.293719324+00:00,TK103_TEMP,88.94316244651974,DEGF,Good,TK103,MAYA
2025-09-07 16:01:15.293719324+00:00,TK103_VOLUME,35259.584429781775,BBL,Good,TK103,MAYA
2025-09-07 16:01:15.293719324+00:00,TK104_LEVEL,77.7995853653232,PCT,Good,TK104,ARB
2025-09-07 16:01:15.293719324+00:00,TK104_TEMP,89.4250891833556,DEGF,Good,TK104,ARB
2025-09-07 16:01:15.293719324+00:00,TK104_VOLUME,42713.105236878604,BBL,Good,TK104,ARB
2025-09-07 16:01:15.293719324+00:00,TK105_LEVEL,57.87629187544101,PCT,Good,TK105,URALS
2025-09-07 16:01:15.293719324+00:00,TK105_TEMP,90.03742390048838,DEGF,Good,TK105,URALS
2025-09-07 16:01:15.293719324+00:00,TK105_VOLUME,29148.29835299127,BBL,Good,TK105,URALS
2025-09-07 16:01:15.293719324+00:00,VDU_FEED_RATE,21110.086497156517,BPD,Good,VDU001,BLEND_B
2025-09-07 17:19:05.563989594+00:00,CDU_FEED_RATE,49575.03480913912,BPD,Good,CDU001,BLEND_A
2025-09-07 17:19:05.563989594+00:00,CDU_FEED_TEMP,489.48236783553733,DEGF,Good,CDU001,BLEND_A
2025-09-07 17:19:05.563989594+00:00,TK101_LEVEL,72.49048421326168,PCT,Good,TK101,WTI
2025-09-07 17:19:05.563989594+00:00,TK101_TEMP,89.71975769035122,DEGF,Good,TK101,WTI
2025-09-07 17:19:05.563989594+00:00,TK101_VOLUME,39094.34299833269,BBL,Good,TK101,WTI
2025-09-07 17:19:05.563989594+00:00,TK102_LEVEL,56.37887922483886,PCT,Good,TK102,BRENT
2025-09-07 17:19:05.563989594+00:00,TK102_TEMP,88.83169027007902,DEGF,Good,TK102,BRENT
2025-09-07 17:19:05.563989594+00:00,TK102_VOLUME,26589.79778088903,BBL,Good,TK102,BRENT
2025-09-07 17:19:05.563989594+00:00,TK103_LEVEL,76.62098784763438,PCT,Good,TK103,MAYA
2025-09-07 17:19:05.563989594+00:00,TK103_TEMP,89.13670216878376,DEGF,Good,TK103,MAYA
2025-09-07 17:19:05.563989594+00:00,TK103_VOLUME,34918.50542978379,BBL,Good,TK103,MAYA
2025-09-07 17:19:05.563989594+00:00,TK104_LEVEL,75.7356242201898,PCT,Good,TK104,ARB
2025-09-07 17:19:05.563989594+00:00,TK104_TEMP,88.71733182671782,DEGF,Good,TK104,ARB
2025-09-07 17:19:05.563989594+00:00,TK104_VOLUME,41579.96051402504,BBL,Good,TK104,ARB
2025-09-07 17:19:05.563989594+00:00,TK105_LEVEL,58.14362033023172,PCT,Good,TK105,URALS
2025-09-07 17:19:05.563989594+00:00,TK105_TEMP,90.07667430521438,DEGF,Good,TK105,URALS
2025-09-07 17:19:05.563989594+00:00,TK105_VOLUME,29282.933266631793,BBL,Good,TK105,URALS
2025-09-07 17:19:05.563989594+00:00,VDU_FEED_RATE,20736.07041559789,BPD,Good,VDU001,BLEND_B
2025-09-07 18:36:55.834259864+00:00,CDU_FEED_RATE,50253.87588129615,BPD,Good,CDU001,BLEND_A
2025-09-07 18:36:55.834259864+00:00,CDU_FEED_TEMP,490.4173787468588,DEGF,Good,CDU001,BLEND_A
2025-09-07 18:36:55.834259864+00:00,TK101_LEVEL,73.20541454983757,PCT,Good,TK101,WTI
2025-09-07 18:36:55.834259864+00:00,TK101_TEMP,89.64862435188809,DEGF,Good,TK101,WTI
2025-09-07 18:36:55.834259864+00:00,TK101_VOLUME,39479.90714652882,BBL,Good,TK101,WTI
2025-09-07 18:36:55.834259864+00:00,TK102_LEVEL,54.86443419196529,PCT,Good,TK102,BRENT
2025-09-07 18:36:55.834259864+00:00,TK102_TEMP,89.37392283632799,DEGF,Good,TK102,BRENT
2025-09-07 18:36:55.834259864+00:00,TK102_VOLUME,25875.54471789733,BBL,Good,TK102,BRENT
2025-09-07 18:36:55.834259864+00:00,TK103_LEVEL,75.90750178614073,PCT,Good,TK103,MAYA
2025-09-07 18:36:55.834259864+00:00,TK103_TEMP,89.12563081884076,DEGF,Good,TK103,MAYA
2025-09-07 18:36:55.834259864+00:00,TK103_VOLUME,34593.34821617694,BBL,Good,TK103,MAYA
2025-09-07 18:36:55.834259864+00:00,TK104_LEVEL,75.52784088286622,PCT,Good,TK104,ARB
2025-09-07 18:36:55.834259864+00:00,TK104_TEMP,89.27167662611427,DEGF,Good,TK104,ARB
2025-09-07 18:36:55.834259864+00:00,TK104_VOLUME,41465.88443621695,BBL,Good,TK104,ARB
2025-09-07 18:36:55.834259864+00:00,TK105_LEVEL,57.265864876661546,PCT,Good,TK105,URALS
2025-09-07 18:36:55.834259864+00:00,TK105_TEMP,89.85817703266004,DEGF,Good,TK105,URALS
2025-09-07 18:36:55.834259864+00:00,TK105_VOLUME,28840.86835520499,BBL,Good,TK105,URALS
2025-09-07 18:36:55.834259864+00:00,VDU_FEED_RATE,20865.390235645315,BPD,Good,VDU001,BLEND_B
2025-09-07 19:54:46.104530135+00:00,CDU_FEED_RATE,49844.9834259465,BPD,Good,CDU001,BLEND_A
2025-09-07 19:54:46.104530135+00:00,CDU_FEED_TEMP,488.95460318045315,DEGF,Good,CDU001,BLEND_A
2025-09-07 19:54:46.104530135+00:00,TK101_LEVEL,71.49461785949379,PCT,Good,TK101,WTI
2025-09-07 19:54:46.104530135+00:00,TK101_TEMP,89.5285084760631,DEGF,Good,TK101,WTI
2025-09-07 19:54:46.104530135+00:00,TK101_VOLUME,38557.269184614415,BBL,Good,TK101,WTI
2025-09-07 19:54:46.104530135+00:00,TK102_LEVEL,53.97471357274481,PCT,Good,TK102,BRENT
2025-09-07 19:54:46.104530135+00:00,TK102_TEMP,89.29151944038612,DEGF,Good,TK102,BRENT
2025-09-07 19:54:46.104530135+00:00,TK102_VOLUME,25455.92851282497,BBL,Good,TK102,BRENT
2025-09-07 19:54:46.104530135+00:00,TK103_LEVEL,75.38301523704419,PCT,Good,TK103,MAYA
2025-09-07 19:54:46.104530135+00:00,TK103_TEMP,89.38345673476056,DEGF,Good,TK103,MAYA
2025-09-07 19:54:46.104530135+00:00,TK103_VOLUME,34354.3238061955,BBL,Good,TK103,MAYA
2025-09-07 19:54:46.104530135+00:00,TK104_LEVEL,75.85117770491875,PCT,Good,TK104,ARB
2025-09-07 19:54:46.104530135+00:00,TK104_TEMP,88.9425330388232,DEGF,Good,TK104,ARB
2025-09-07 19:54:46.104530135+00:00,TK104_VOLUME,41643.40105976239,BBL,Good,TK104,ARB
2025-09-07 19:54:46.104530135+00:00,TK105_LEVEL,58.39154962926442,PCT,Good,TK105,URALS
2025-09-07 19:54:46.104530135+00:00,TK105_TEMP,89.40818620798528,DEGF,Good,TK105,URALS
2025-09-07 19:54:46.104530135+00:00,TK105_VOLUME,29407.798162852272,BBL,Good,TK105,URALS
2025-09-07 19:54:46.104530135+00:00,VDU_FEED_RATE,20994.90893484965,BPD,Good,VDU001,BLEND_B
2025-09-07 21:12:36.374800405+00:00,CDU_FEED_RATE,49813.53192413586,BPD,Good,CDU001,BLEND_A
2025-09-07 21:12:36.374800405+00:00,CDU_FEED_TEMP,488.8698068833317,DEGF,Good,CDU001,BLEND_A
2025-09-07 21:12:36.374800405+00:00,TK101_LEVEL,71.75840422924223,PCT,Good,TK101,WTI
2025-09-07 21:12:36.374800405+00:00,TK101_TEMP,88.93110957251963,DEGF,Good,TK101,WTI
2025-09-07 21:12:36.374800405+00:00,TK101_VOLUME,38699.529992072836,BBL,Good,TK101,WTI
2025-09-07 21:12:36.374800405+00:00,TK102_LEVEL,53.816923619882836,PCT,Good,TK102,BRENT
2025-09-07 21:12:36.374800405+00:00,TK102_TEMP,87.45307302872037,DEGF,Good,TK102,BRENT
2025-09-07 21:12:36.374800405+00:00,TK102_VOLUME,25381.510521617234,BBL,Good,TK102,BRENT
2025-09-07 21:12:36.374800405+00:00,TK103_LEVEL,75.38391208478481,PCT,Good,TK103,MAYA
2025-09-07 21:12:36.374800405+00:00,TK103_TEMP,88.2325212716395,DEGF,Good,TK103,MAYA
2025-09-07 21:12:36.374800405+00:00,TK103_VOLUME,34354.73252688131,BBL,Good,TK103,MAYA
2025-09-07 21:12:36.374800405+00:00,TK104_LEVEL,77.5476155973262,PCT,Good,TK104,ARB
2025-09-07 21:12:36.374800405+00:00,TK104_TEMP,90.63867617019099,DEGF,Good,TK104,ARB
2025-09-07 21:12:36.374800405+00:00,TK104_VOLUME,42574.77016521427,BBL,Good,TK104,ARB
2025-09-07 21:12:36.374800405+00:00,TK105_LEVEL,57.29351838263096,PCT,Good,TK105,URALS
2025-09-07 21:12:36.374800405+00:00,TK105_TEMP,88.28382286592111,DEGF,Good,TK105,URALS
2025-09-07 21:12:36.374800405+00:00,TK105_VOLUME,28854.795519789714,BBL,Good,TK105,URALS
2025-09-07 21:12:36.374800405+00:00,VDU_FEED_RATE,20831.443466421028,BPD,Good,VDU001,BLEND_B
2025-09-07 22:30:26.645070675+00:00,CDU_FEED_RATE,49827.96915429253,BPD,Good,CDU001,BLEND_A
2025-09-07 22:30:26.645070675+00:00,CDU_FEED_TEMP,490.01968899232605,DEGF,Good,CDU001,BLEND_A
2025-09-07 22:30:26.645070675+00:00,TK101_LEVEL,75.34828903419684,PCT,Good,TK101,WTI
2025-09-07 22:30:26.645070675+00:00,TK101_TEMP,88.38469188288767,DEGF,Good,TK101,WTI
2025-09-07 22:30:26.645070675+00:00,TK101_VOLUME,40635.56600304106,BBL,Good,TK101,WTI
2025-09-07 22:30:26.645070675+00:00,TK102_LEVEL,53.90728137450129,PCT,Good,TK102,BRENT
2025-09-07 22:30:26.645070675+00:00,TK102_TEMP,89.4023673986273,DEGF,Good,TK102,BRENT
2025-09-07 22:30:26.645070675+00:00,TK102_VOLUME,25424.125672118156,BBL,Good,TK102,BRENT
2025-09-07 22:30:26.645070675+00:00,TK103_LEVEL,76.1384836588951,PCT,Good,TK103,MAYA
2025-09-07 22:30:26.645070675+00:00,TK103_TEMP,88.38673997753702,DEGF,Good,TK103,MAYA
2025-09-07 22:30:26.645070675+00:00,TK103_VOLUME,34698.61365329182,BBL,Good,TK103,MAYA
2025-09-07 22:30:26.645070675+00:00,TK104_LEVEL,74.48522325845128,PCT,Good,TK104,ARB
2025-09-07 22:30:26.645070675+00:00,TK104_TEMP,88.94977646754339,DEGF,Good,TK104,ARB
2025-09-07 22:30:26.645070675+00:00,TK104_VOLUME,40893.47217843506,BBL,Good,TK104,ARB
2025-09-07 22:30:26.645070675+00:00,TK105_LEVEL,58.07196863977601,PCT,Good,TK105,URALS
2025-09-07 22:30:26.645070675+00:00,TK105_TEMP,89.05079545578508,DEGF,Good,TK105,URALS
2025-09-07 22:30:26.645070675+00:00,TK105_VOLUME,29246.847249659695,BBL,Good,TK105,URALS
2025-09-07 22:30:26.645070675+00:00,VDU_FEED_RATE,20681.135360166867,BPD,Good,VDU001,BLEND_B
2025-09-07 23:48:16.915340946+00:00,CDU_FEED_RATE,49731.250646066466,BPD,Good,CDU001,BLEND_A
2025-09-07 23:48:16.915340946+00:00,CDU_FEED_TEMP,489.38925739669725,DEGF,Good,CDU001,BLEND_A
2025-09-07 23:48:16.915340946+00:00,TK101_LEVEL,71.94571414965144,PCT,Good,TK101,WTI
2025-09-07 23:48:16.915340946+00:00,TK101_TEMP,88.16043875969235,DEGF,Good,TK101,WTI
2025-09-07 23:48:16.915340946+00:00,TK101_VOLUME,38800.54681317621,BBL,Good,TK101,WTI
2025-09-07 23:48:16.915340946+00:00,TK102_LEVEL,54.077753478555536,PCT,Good,TK102,BRENT
2025-09-07 23:48:16.915340946+00:00,TK102_TEMP,87.17847189069501,DEGF,Good,TK102,BRENT
2025-09-07 23:48:16.915340946+00:00,TK102_VOLUME,25504.524907370924,BBL,Good,TK102,BRENT
2025-09-07 23:48:16.915340946+00:00,TK103_LEVEL,76.40900107105236,PCT,Good,TK103,MAYA
2025-09-07 23:48:16.915340946+00:00,TK103_TEMP,88.83876605080307,DEGF,Good,TK103,MAYA
2025-09-07 23:48:16.915340946+00:00,TK103_VOLUME,34821.89663345971,BBL,Good,TK103,MAYA
2025-09-07 23:48:16.915340946+00:00,TK104_LEVEL,75.726172762302,PCT,Good,TK104,ARB
2025-09-07 23:48:16.915340946+00:00,TK104_TEMP,88.5119757498382,DEGF,Good,TK104,ARB
2025-09-07 23:48:16.915340946+00:00,TK104_VOLUME,41574.77152601813,BBL,Good,TK104,ARB
2025-09-07 23:48:16.915340946+00:00,TK105_LEVEL,56.80336412142611,PCT,Good,TK105,URALS
2025-09-07 23:48:16.915340946+00:00,TK105_TEMP,88.08158698434488,DEGF,Good,TK105,URALS
2025-09-07 23:48:16.915340946+00:00,TK105_VOLUME,28607.938608580935,BBL,Good,TK105,URALS
2025-09-07 23:48:16.915340946+00:00,VDU_FEED_RATE,20600.661338891514,BPD,Good,VDU001,BLEND_B
2025-09-08 01:06:07.185611216+00:00,CDU_FEED_RATE,49361.35180254866,BPD,Good,CDU001,BLEND_A
2025-09-08 01:06:07.185611216+00:00,CDU_FEED_TEMP,489.9894437060169,DEGF,Good,CDU001,BLEND_A
2025-09-08 01:06:07.185611216+00:00,TK101_LEVEL,72.17091942372159,PCT,Good,TK101,WTI
2025-09-08 01:06:07.185611216+00:00,TK101_TEMP,88.76918974882054,DEGF,Good,TK101,WTI
2025-09-08 01:06:07.185611216+00:00,TK101_VOLUME,38922.00071605856,BBL,Good,TK101,WTI
2025-09-08 01:06:07.185611216+00:00,TK102_LEVEL,53.98847789509582,PCT,Good,TK102,BRENT
2025-09-08 01:06:07.185611216+00:00,TK102_TEMP,88.2888627836673,DEGF,Good,TK102,BRENT
2025-09-08 01:06:07.185611216+00:00,TK102_VOLUME,25462.42013793239,BBL,Good,TK102,BRENT
2025-09-08 01:06:07.185611216+00:00,TK103_LEVEL,74.95178276285023,PCT,Good,TK103,MAYA
2025-09-08 01:06:07.185611216+00:00,TK103_TEMP,88.54697000619764,DEGF,Good,TK103,MAYA
2025-09-08 01:06:07.185611216+00:00,TK103_VOLUME,34157.7981033217,BBL,Good,TK103,MAYA
2025-09-08 01:06:07.185611216+00:00,TK104_LEVEL,74.75787667786122,PCT,Good,TK104,ARB
2025-09-08 01:06:07.185611216+00:00,TK104_TEMP,89.30690125533891,DEGF,Good,TK104,ARB
2025-09-08 01:06:07.185611216+00:00,TK104_VOLUME,41043.162875908136,BBL,Good,TK104,ARB
2025-09-08 01:06:07.185611216+00:00,TK105_LEVEL,55.515196234697385,PCT,Good,TK105,URALS
2025-09-08 01:06:07.185611216+00:00,TK105_TEMP,87.85315169975497,DEGF,Good,TK105,URALS
2025-09-08 01:06:07.185611216+00:00,TK105_VOLUME,27959.177247505486,BBL,Good,TK105,URALS
2025-09-08 01:06:07.185611216+00:00,VDU_FEED_RATE,20703.564745870448,BPD,Good,VDU001,BLEND_B
2025-09-08 02:23:57.455881486+00:00,CDU_FEED_RATE,49453.75570613236,BPD,Good,CDU001,BLEND_A
2025-09-08 02:23:57.455881486+00:00,CDU_FEED_TEMP,488.54601578186606,DEGF,Good,CDU001,BLEND_A
2025-09-08 02:23:57.455881486+00:00,TK101_LEVEL,75.15958938856895,PCT,Good,TK101,WTI
2025-09-08 02:23:57.455881486+00:00,TK101_TEMP,88.68066544197049,DEGF,Good,TK101,WTI
2025-09-08 02:23:57.455881486+00:00,TK101_VOLUME,40533.79969881639,BBL,Good,TK101,WTI
2025-09-08 02:23:57.455881486+00:00,TK102_LEVEL,55.33756672700005,PCT,Good,TK102,BRENT
2025-09-08 02:23:57.455881486+00:00,TK102_TEMP,89.00369944191678,DEGF,Good,TK102,BRENT
2025-09-08 02:23:57.455881486+00:00,TK102_VOLUME,26098.686763342448,BBL,Good,TK102,BRENT
2025-09-08 02:23:57.455881486+00:00,TK103_LEVEL,75.95085188263647,PCT,Good,TK103,MAYA
2025-09-08 02:23:57.455881486+00:00,TK103_TEMP,88.77695501610626,DEGF,Good,TK103,MAYA
2025-09-08 02:23:57.455881486+00:00,TK103_VOLUME,34613.10416846091,BBL,Good,TK103,MAYA
2025-09-08 02:23:57.455881486+00:00,TK104_LEVEL,75.06550023738527,PCT,Good,TK104,ARB
2025-09-08 02:23:57.455881486+00:00,TK104_TEMP,87.57050734114148,DEGF,Good,TK104,ARB
2025-09-08 02:23:57.455881486+00:00,TK104_VOLUME,41212.052689518256,BBL,Good,TK104,ARB
2025-09-08 02:23:57.455881486+00:00,TK105_LEVEL,57.65111444735594,PCT,Good,TK105,URALS
2025-09-08 02:23:57.455881486+00:00,TK105_TEMP,88.61060476707652,DEGF,Good,TK105,URALS
2025-09-08 02:23:57.455881486+00:00,TK105_VOLUME,29034.89200570301,BBL,Good,TK105,URALS
2025-09-08 02:23:57.455881486+00:00,VDU_FEED_RATE,20598.180079463436,BPD,Good,VDU001,BLEND_B
2025-09-08 03:41:47.726151756+00:00,CDU_FEED_RATE,49234.289880741555,BPD,Good,CDU001,BLEND_A
2025-09-08 03:41:47.726151756+00:00,CDU_FEED_TEMP,488.66623557223227,DEGF,Good,CDU001,BLEND_A
2025-09-08 03:41:47.726151756+00:00,TK101_LEVEL,76.30300376707847,PCT,Good,TK101,WTI
2025-09-08 03:41:47.726151756+00:00,TK101_TEMP,89.02838168197869,DEGF,Good,TK101,WTI
2025-09-08 03:41:47.726151756+00:00,TK101_VOLUME,41150.446619964954,BBL,Good,TK101,WTI
2025-09-08 03:41:47.726151756+00:00,TK102_LEVEL,52.76330692030693,PCT,Good,TK102,BRENT
2025-09-08 03:41:47.726151756+00:00,TK102_TEMP,88.22607276354994,DEGF,Good,TK102,BRENT
2025-09-08 03:41:47.726151756+00:00,TK102_VOLUME,24884.596511167234,BBL,Good,TK102,BRENT
2025-09-08 03:41:47.726151756+00:00,TK103_LEVEL,73.95801229594964,PCT,Good,TK103,MAYA
2025-09-08 03:41:47.726151756+00:00,TK103_TEMP,87.76996242749635,DEGF,Good,TK103,MAYA
2025-09-08 03:41:47.726151756+00:00,TK103_VOLUME,33704.906794827584,BBL,Good,TK103,MAYA
2025-09-08 03:41:47.726151756+00:00,TK104_LEVEL,75.63817538793876,PCT,Good,TK104,ARB
2025-09-08 03:41:47.726151756+00:00,TK104_TEMP,88.4318762043667,DEGF,Good,TK104,ARB
2025-09-08 03:41:47.726151756+00:00,TK104_VOLUME,41526.45968612725,BBL,Good,TK104,ARB
2025-09-08 03:41:47.726151756+00:00,TK105_LEVEL,58.18334026007447,PCT,Good,TK105,URALS
2025-09-08 03:41:47.726151756+00:00,TK105_TEMP,88.64631584981103,DEGF,Good,TK105,URALS
2025-09-08 03:41:47.726151756+00:00,TK105_VOLUME,29302.937457088712,BBL,Good,TK105,URALS
2025-09-08 03:41:47.726151756+00:00,VDU_FEED_RATE,20676.427637366232,BPD,Good,VDU001,BLEND_B
2025-09-08 04:59:37.996422027+00:00,CDU_FEED_RATE,49322.13201637896,BPD,Good,CDU001,BLEND_A
2025-09-08 04:59:37.996422027+00:00,CDU_FEED_TEMP,488.0946937484837,DEGF,Good,CDU001,BLEND_A
2025-09-08 04:59:37.996422027+00:00,TK101_LEVEL,72.32176627827712,PCT,Good,TK101,WTI
2025-09-08 04:59:37.996422027+00:00,TK101_TEMP,88.82796285090267,DEGF,Good,TK101,WTI
2025-09-08 04:59:37.996422027+00:00,TK101_VOLUME,39003.35289264031,BBL,Good,TK101,WTI
2025-09-08 04:59:37.996422027+00:00,TK102_LEVEL,55.45391238319246,PCT,Good,TK102,BRENT
2025-09-08 04:59:37.996422027+00:00,TK102_TEMP,87.54488003449686,DEGF,Good,TK102,BRENT
2025-09-08 04:59:37.996422027+00:00,TK102_VOLUME,26153.5585081053,BBL,Good,TK102,BRENT
2025-09-08 04:59:37.996422027+00:00,TK103_LEVEL,76.29674195804768,PCT,Good,TK103,MAYA
2025-09-08 04:59:37.996422027+00:00,TK103_TEMP,88.45653736386728,DEGF,Good,TK103,MAYA
2025-09-08 04:59:37.996422027+00:00,TK103_VOLUME,34770.73675472268,BBL,Good,TK103,MAYA
2025-09-08 04:59:37.996422027+00:00,TK104_LEVEL,77.13048524669867,PCT,Good,TK104,ARB
2025-09-08 04:59:37.996422027+00:00,TK104_TEMP,89.27518727307216,DEGF,Good,TK104,ARB
2025-09-08 04:59:37.996422027+00:00,TK104_VOLUME,42345.75952871554,BBL,Good,TK104,ARB
2025-09-08 04:59:37.996422027+00:00,TK105_LEVEL,58.12875983799983,PCT,Good,TK105,URALS
2025-09-08 04:59:37.996422027+00:00,TK105_TEMP,88.72966157497203,DEGF,Good,TK105,URALS
2025-09-08 04:59:37.996422027+00:00,TK105_VOLUME,29275.449061144343,BBL,Good,TK105,URALS
2025-09-08 04:59:37.996422027+00:00,VDU_FEED_RATE,20431.076661626874,BPD,Good,VDU001,BLEND_B
2025-09-08 06:17:28.266692297+00:00,CDU_FEED_RATE,49204.0487845402,BPD,Good,CDU001,BLEND_A
2025-09-08 06:17:28.266692297+00:00,CDU_FEED_TEMP,488.3089027104252,DEGF,Good,CDU001,BLEND_A
2025-09-08 06:17:28.266692297+00:00,TK101_LEVEL,73.24042023924325,PCT,Good,TK101,WTI
2025-09-08 06:17:28.266692297+00:00,TK101_TEMP,88.10469547590843,DEGF,Good,TK101,WTI
2025-09-08 06:17:28.266692297+00:00,TK101_VOLUME,39498.78582341133,BBL,Good,TK101,WTI
2025-09-08 06:17:28.266692297+00:00,TK102_LEVEL,54.327562096566574,PCT,Good,TK102,BRENT
2025-09-08 06:17:28.266692297+00:00,TK102_TEMP,87.62394127331568,DEGF,Good,TK102,BRENT
2025-09-08 06:17:28.266692297+00:00,TK102_VOLUME,25622.341379215763,BBL,Good,TK102,BRENT
2025-09-08 06:17:28.266692297+00:00,TK103_LEVEL,76.96251370476456,PCT,Good,TK103,MAYA
2025-09-08 06:17:28.266692297+00:00,TK103_TEMP,88.71660161386275,DEGF,Good,TK103,MAYA
2025-09-08 06:17:28.266692297+00:00,TK103_VOLUME,35074.14910955893,BBL,Good,TK103,MAYA
2025-09-08 06:17:28.266692297+00:00,TK104_LEVEL,77.69948889470264,PCT,Good,TK104,ARB
2025-09-08 06:17:28.266692297+00:00,TK104_TEMP,88.11271016199413,DEGF,Good,TK104,ARB
2025-09-08 06:17:28.266692297+00:00,TK104_VOLUME,42658.15081696262,BBL,Good,TK104,ARB
2025-09-08 06:17:28.266692297+00:00,TK105_LEVEL,58.09093545655851,PCT,Good,TK105,URALS
2025-09-08 06:17:28.266692297+00:00,TK105_TEMP,88.41937792436705,DEGF,Good,TK105,URALS
2025-09-08 06:17:28.266692297+00:00,TK105_VOLUME,29256.39952774228,BBL,Good,TK105,URALS
2025-09-08 06:17:28.266692297+00:00,VDU_FEED_RATE,20660.942498636283,BPD,Good,VDU001,BLEND_B
2025-09-08 07:35:18.536962567+00:00,CDU_FEED_RATE,48924.320586618654,BPD,Good,CDU001,BLEND_A
2025-09-08 07:35:18.536962567+00:00,CDU_FEED_TEMP,487.15292295502724,DEGF,Good,CDU001,BLEND_A
2025-09-08 07:35:18.536962567+00:00,TK101_LEVEL,74.08526454041511,PCT,Good,TK101,WTI
2025-09-08 07:35:18.536962567+00:00,TK101_TEMP,87.4411372566374,DEGF,Good,TK101,WTI
2025-09-08 07:35:18.536962567+00:00,TK101_VOLUME,39954.41297570116,BBL,Good,TK101,WTI
2025-09-08 07:35:18.536962567+00:00,TK102_LEVEL,55.219236200847824,PCT,Good,TK102,BRENT
2025-09-08 07:35:18.536962567+00:00,TK102_TEMP,88.57669306922814,DEGF,Good,TK102,BRENT
2025-09-08 07:35:18.536962567+00:00,TK102_VOLUME,26042.87890045205,BBL,Good,TK102,BRENT
2025-09-08 07:35:18.536962567+00:00,TK103_LEVEL,76.05533562936833,PCT,Good,TK103,MAYA
2025-09-08 07:35:18.536962567+00:00,TK103_TEMP,88.30664946964248,DEGF,Good,TK103,MAYA
2025-09-08 07:35:18.536962567+00:00,TK103_VOLUME,34660.72057722916,BBL,Good,TK103,MAYA
2025-09-08 07:35:18.536962567+00:00,TK104_LEVEL,76.48168023208393,PCT,Good,TK104,ARB
2025-09-08 07:35:18.536962567+00:00,TK104_TEMP,87.1965896737438,DEGF,Good,TK104,ARB
2025-09-08 07:35:18.536962567+00:00,TK104_VOLUME,41989.556128179094,BBL,Good,TK104,ARB
2025-09-08 07:35:18.536962567+00:00,TK105_LEVEL,57.4552016226094,PCT,Good,TK105,URALS
2025-09-08 07:35:18.536962567+00:00,TK105_TEMP,88.3290331889392,DEGF,Good,TK105,URALS
2025-09-08 07:35:18.536962567+00:00,TK105_VOLUME,28936.22422167878,BBL,Good,TK105,URALS
2025-09-08 07:35:18.536962567+00:00,VDU_FEED_RATE,20524.43651631291,BPD,Good,VDU001,BLEND_B
2025-09-08 08:53:08.807232838+00:00,CDU_FEED_RATE,48584.38396623847,BPD,Good,CDU001,BLEND_A
2025-09-08 08:53:08.807232838+00:00,CDU_FEED_TEMP,488.17589457226535,DEGF,Good,CDU001,BLEND_A
2025-09-08 08:53:08.807232838+00:00,TK101_LEVEL,75.62687305839526,PCT,Good,TK101,WTI
2025-09-08 08:53:08.807232838+00:00,TK101_TEMP,87.79572468955661,DEGF,Good,TK101,WTI
2025-09-08 08:53:08.807232838+00:00,TK101_VOLUME,40785.80723144599,BBL,Good,TK101,WTI
2025-09-08 08:53:08.807232838+00:00,TK102_LEVEL,53.86976692946665,PCT,Good,TK102,BRENT
2025-09-08 08:53:08.807232838+00:00,TK102_TEMP,86.99452572278773,DEGF,Good,TK102,BRENT
2025-09-08 08:53:08.807232838+00:00,TK102_VOLUME,25406.432849539062,BBL,Good,TK102,BRENT
2025-09-08 08:53:08.807232838+00:00,TK103_LEVEL,78.30639767690437,PCT,Good,TK103,MAYA
2025-09-08 08:53:08.807232838+00:00,TK103_TEMP,88.02483385794285,DEGF,Good,TK103,MAYA
2025-09-08 08:53:08.807232838+00:00,TK103_VOLUME,35686.597749238164,BBL,Good,TK103,MAYA
2025-09-08 08:53:08.807232838+00:00,TK104_LEVEL,75.8114097889488,PCT,Good,TK104,ARB
2025-09-08 08:53:08.807232838+00:00,TK104_TEMP,87.75731900585676,DEGF,Good,TK104,ARB
2025-09-08 08:53:08.807232838+00:00,TK104_VOLUME,41621.56789481813,BBL,Good,TK104,ARB
2025-09-08 08:53:08.807232838+00:00,TK105_LEVEL,57.15150876163385,PCT,Good,TK105,URALS
2025-09-08 08:53:08.807232838+00:00,TK105_TEMP,87.46295169556586,DEGF,Good,TK105,URALS
2025-09-08 08:53:08.807232838+00:00,TK105_VOLUME,28783.275063525383,BBL,Good,TK105,URALS
2025-09-08 08:53:08.807232838+00:00,VDU_FEED_RATE,20482.083872778523,BPD,Good,VDU001,BLEND_B
2025-09-08 10:10:59.077503108+00:00,CDU_FEED_RATE,48845.47343090715,BPD,Good,CDU001,BLEND_A
2025-09-08 10:10:59.077503108+00:00,CDU_FEED_TEMP,487.7795653750777,DEGF,Good,CDU001,BLEND_A
2025-09-08 10:10:59.077503108+00:00,TK101_LEVEL,73.08489468708893,PCT,Good,TK101,WTI
2025-09-08 10:10:59.077503108+00:00,TK101_TEMP,87.95555261452846,DEGF,Good,TK101,WTI
2025-09-08 10:10:59.077503108+00:00,TK101_VOLUME,39414.91041070146,BBL,Good,TK101,WTI
2025-09-08 10:10:59.077503108+00:00,TK102_LEVEL,56.498962258044465,PCT,Good,TK102,BRENT
2025-09-08 10:10:59.077503108+00:00,TK102_TEMP,88.41143256760421,DEGF,Good,TK102,BRENT
2025-09-08 10:10:59.077503108+00:00,TK102_VOLUME,26646.432173302524,BBL,Good,TK102,BRENT
2025-09-08 10:10:59.077503108+00:00,TK103_LEVEL,75.78220858485572,PCT,Good,TK103,MAYA
2025-09-08 10:10:59.077503108+00:00,TK103_TEMP,87.79899521584021,DEGF,Good,TK103,MAYA
2025-09-08 10:10:59.077503108+00:00,TK103_VOLUME,34536.24830853694,BBL,Good,TK103,MAYA
2025-09-08 10:10:59.077503108+00:00,TK104_LEVEL,78.85431973013831,PCT,Good,TK104,ARB
2025-09-08 10:10:59.077503108+00:00,TK104_TEMP,88.57419603760272,DEGF,Good,TK104,ARB
2025-09-08 10:10:59.077503108+00:00,TK104_VOLUME,43292.169761576966,BBL,Good,TK104,ARB
2025-09-08 10:10:59.077503108+00:00,TK105_LEVEL,58.68355963365074,PCT,Good,TK105,URALS
2025-09-08 10:10:59.077503108+00:00,TK105_TEMP,87.79444867478087,DEGF,Good,TK105,URALS
2025-09-08 10:10:59.077503108+00:00,TK105_VOLUME,29554.86347153219,BBL,Good,TK105,URALS
2025-09-08 10:10:59.077503108+00:00,VDU_FEED_RATE,20584.591680612888,BPD,Good,VDU001,BLEND_B
2025-09-08 11:28:49.347773378+00:00,CDU_FEED_RATE,48645.6591675771,BPD,Good,CDU001,BLEND_A
2025-09-08 11:28:49.347773378+00:00,CDU_FEED_TEMP,487.3646757478249,DEGF,Good,CDU001,BLEND_A
2025-09-08 11:28:49.347773378+00:00,TK101_LEVEL,74.01880431278072,PCT,Good,TK101,WTI
2025-09-08 11:28:49.347773378+00:00,TK101_TEMP,87.63718954606718,DEGF,Good,TK101,WTI
2025-09-08 11:28:49.347773378+00:00,TK101_VOLUME,39918.570768781385,BBL,Good,TK101,WTI
2025-09-08 11:28:49.347773378+00:00,TK102_LEVEL,56.60829654457256,PCT,Good,TK102,BRENT
2025-09-08 11:28:49.347773378+00:00,TK102_TEMP,87.71068011924073,DEGF,Good,TK102,BRENT
2025-09-08 11:28:49.347773378+00:00,TK102_VOLUME,26697.997167308633,BBL,Good,TK102,BRENT
2025-09-08 11:28:49.347773378+00:00,TK103_LEVEL,77.07321784080071,PCT,Good,TK103,MAYA
2025-09-08 11:28:49.347773378+00:00,TK103_TEMP,87.32080559237613,DEGF,Good,TK103,MAYA
2025-09-08 11:28:49.347773378+00:00,TK103_VOLUME,35124.60033818267,BBL,Good,TK103,MAYA
2025-09-08 11:28:49.347773378+00:00,TK104_LEVEL,76.12635677537595,PCT,Good,TK104,ARB
2025-09-08 11:28:49.347773378+00:00,TK104_TEMP,87.92626596692227,DEGF,Good,TK104,ARB
2025-09-08 11:28:49.347773378+00:00,TK104_VOLUME,41794.47837643745,BBL,Good,TK104,ARB
2025-09-08 11:28:49.347773378+00:00,TK105_LEVEL,58.7506091740109,PCT,Good,TK105,URALS
2025-09-08 11:28:49.347773378+00:00,TK105_TEMP,86.98467277594465,DEGF,Good,TK105,URALS
2025-09-08 11:28:49.347773378+00:00,TK105_VOLUME,29588.631702763298,BBL,Good,TK105,URALS
2025-09-08 11:28:49.347773378+00:00,VDU_FEED_RATE,20293.63883246798,BPD,Good,VDU001,BLEND_B
2025-09-08 12:46:39.618043648+00:00,CDU_FEED_RATE,48107.68209922725,BPD,Good,CDU001,BLEND_A
2025-09-08 12:46:39.618043648+00:00,CDU_FEED_TEMP,486.96536816000906,DEGF,Good,CDU001,BLEND_A
2025-09-08 12:46:39.618043648+00:00,TK101_LEVEL,75.25210983273438,PCT,Good,TK101,WTI
2025-09-08 12:46:39.618043648+00:00,TK101_TEMP,87.34022732121443,DEGF,Good,TK101,WTI
2025-09-08 12:46:39.618043648+00:00,TK101_VOLUME,40583.69626134893,BBL,Good,TK101,WTI
2025-09-08 12:46:39.618043648+00:00,TK102_LEVEL,56.532942208100565,PCT,Good,TK102,BRENT
2025-09-08 12:46:39.618043648+00:00,TK102_TEMP,87.03297671003205,DEGF,Good,TK102,BRENT
2025-09-08 12:46:39.618043648+00:00,TK102_VOLUME,26662.45803286233,BBL,Good,TK102,BRENT
2025-09-08 12:46:39.618043648+00:00,TK103_LEVEL,77.03064277678129,PCT,Good,TK103,MAYA
2025-09-08 12:46:39.618043648+00:00,TK103_TEMP,87.59317507903336,DEGF,Good,TK103,MAYA
2025-09-08 12:46:39.618043648+00:00,TK103_VOLUME,35105.19759167812,BBL,Good,TK103,MAYA
2025-09-08 12:46:39.618043648+00:00,TK104_LEVEL,76.19346544029553,PCT,Good,TK104,ARB
2025-09-08 12:46:39.618043648+00:00,TK104_TEMP,87.209746320497,DEGF,Good,TK104,ARB
2025-09-08 12:46:39.618043648+00:00,TK104_VOLUME,41831.32201067478,BBL,Good,TK104,ARB
2025-09-08 12:46:39.618043648+00:00,TK105_LEVEL,57.9739527649186,PCT,Good,TK105,URALS
2025-09-08 12:46:39.618043648+00:00,TK105_TEMP,86.62748981055316,DEGF,Good,TK105,URALS
2025-09-08 12:46:39.618043648+00:00,TK105_VOLUME,29197.483410493533,BBL,Good,TK105,URALS
2025-09-08 12:46:39.618043648+00:00,VDU_FEED_RATE,20199.410493735566,BPD,Good,VDU001,BLEND_B
2025-09-08 14:04:29.888313919+00:00,CDU_FEED_RATE,48586.60978710991,BPD,Good,CDU001,BLEND_A
2025-09-08 14:04:29.888313919+00:00,CDU_FEED_TEMP,486.47201169609144,DEGF,Good,CDU001,BLEND_A
2025-09-08 14:04:29.888313919+00:00,TK101_LEVEL,75.1381561538124,PCT,Good,TK101,WTI
2025-09-08 14:04:29.888313919+00:00,TK101_TEMP,87.6462230213362,DEGF,Good,TK101,WTI
2025-09-08 14:04:29.888313919+00:00,TK101_VOLUME,40522.24068882728,BBL,Good,TK101,WTI
2025-09-08 14:04:29.888313919+00:00,TK102_LEVEL,54.2872147292301,PCT,Good,TK102,BRENT
2025-09-08 14:04:29.888313919+00:00,TK102_TEMP,87.22822307769991,DEGF,Good,TK102,BRENT
2025-09-08 14:04:29.888313919+00:00,TK102_VOLUME,25603.31247418575,BBL,Good,TK102,BRENT
2025-09-08 14:04:29.888313919+00:00,TK103_LEVEL,77.19478767867697,PCT,Good,TK103,MAYA
2025-09-08 14:04:29.888313919+00:00,TK103_TEMP,88.14963354029146,DEGF,Good,TK103,MAYA
2025-09-08 14:04:29.888313919+00:00,TK103_VOLUME,35180.003396316315,BBL,Good,TK103,MAYA
2025-09-08 14:04:29.888313919+00:00,TK104_LEVEL,75.21827613274968,PCT,Good,TK104,ARB
2025-09-08 14:04:29.888313919+00:00,TK104_TEMP,87.17715921026173,DEGF,Good,TK104,ARB
2025-09-08 14:04:29.888313919+00:00,TK104_VOLUME,41295.92888070509,BBL,Good,TK104,ARB
2025-09-08 14:04:29.888313919+00:00,TK105_LEVEL,59.87289386762763,PCT,Good,TK105,URALS
2025-09-08 14:04:29.888313919+00:00,TK105_TEMP,87.8901019687728,DEGF,Good,TK105,URALS
2025-09-08 14:04:29.888313919+00:00,TK105_VOLUME,30153.84913509187,BBL,Good,TK105,URALS
2025-09-08 14:04:29.888313919+00:00,VDU_FEED_RATE,20161.37671890051,BPD,Good,VDU001,BLEND_B
2025-09-08 15:22:20.158584189+00:00,CDU_FEED_RATE,48576.45869496923,BPD,Good,CDU001,BLEND_A
2025-09-08 15:22:20.158584189+00:00,CDU_FEED_TEMP,487.03410278983347,DEGF,Good,CDU001,BLEND_A
2025-09-08 15:22:20.158584189+00:00,TK101_LEVEL,74.5733108180976,PCT,Good,TK101,WTI
2025-09-08 15:22:20.158584189+00:00,TK101_TEMP,87.15808503429201,DEGF,Good,TK101,WTI
2025-09-08 15:22:20.158584189+00:00,TK101_VOLUME,40217.61784715225,BBL,Good,TK101,WTI
2025-09-08 15:22:20.158584189+00:00,TK102_LEVEL,56.877167386071605,PCT,Good,TK102,BRENT
2025-09-08 15:22:20.158584189+00:00,TK102_TEMP,86.9014517344465,DEGF,Good,TK102,BRENT
2025-09-08 15:22:20.158584189+00:00,TK102_VOLUME,26824.803897114773,BBL,Good,TK102,BRENT
2025-09-08 15:22:20.158584189+00:00,TK103_LEVEL,77.42683998809756,PCT,Good,TK103,MAYA
2025-09-08 15:22:20.158584189+00:00,TK103_TEMP,87.35054965169725,DEGF,Good,TK103,MAYA
2025-09-08 15:22:20.158584189+00:00,TK103_VOLUME,35285.75666384935,BBL,Good,TK103,MAYA
2025-09-08 15:22:20.158584189+00:00,TK104_LEVEL,78.63538755655507,PCT,Good,TK104,ARB
2025-09-08 15:22:20.158584189+00:00,TK104_TEMP,87.13021376942241,DEGF,Good,TK104,ARB
2025-09-08 15:22:20.158584189+00:00,TK104_VOLUME,43171.972810319596,BBL,Good,TK104,ARB
2025-09-08 15:22:20.158584189+00:00,TK105_LEVEL,58.12668097386988,PCT,Good,TK105,URALS
2025-09-08 15:22:20.158584189+00:00,TK105_TEMP,87.03350170810184,DEGF,Good,TK105,URALS
2025-09-08 15:22:20.158584189+00:00,TK105_VOLUME,29274.402080594424,BBL,Good,TK105,URALS
2025-09-08 15:22:20.158584189+00:00,VDU_FEED_RATE,20143.49576226386,BPD,Good,VDU001,BLEND_B
2025-09-08 16:40:10.428854459+00:00,CDU_FEED_RATE,48838.79442462465,BPD,Good,CDU001,BLEND_A
2025-09-08 16:40:10.428854459+00:00,CDU_FEED_TEMP,485.82786561879317,DEGF,Good,CDU001,BLEND_A
2025-09-08 16:40:10.428854459+00:00,TK101_LEVEL,75.07867518835097,PCT,Good,TK101,WTI
2025-09-08 16:40:10.428854459+00:00,TK101_TEMP,86.9860052686607,DEGF,Good,TK101,WTI
2025-09-08 16:40:10.428854459+00:00,TK101_VOLUME,40490.16241964674,BBL,Good,TK101,WTI
2025-09-08 16:40:10.428854459+00:00,TK102_LEVEL,56.71593266618058,PCT,Good,TK102,BRENT
2025-09-08 16:40:10.428854459+00:00,TK102_TEMP,87.73315091095266,DEGF,Good,TK102,BRENT
2025-09-08 16:40:10.428854459+00:00,TK102_VOLUME,26748.761261005187,BBL,Good,TK102,BRENT
2025-09-08 16:40:10.428854459+00:00,TK103_LEVEL,77.9112984496511,PCT,Good,TK103,MAYA
2025-09-08 16:40:10.428854459+00:00,TK103_TEMP,86.85513631584918,DEGF,Good,TK103,MAYA
2025-09-08 16:40:10.428854459+00:00,TK103_VOLUME,35506.539061668365,BBL,Good,TK103,MAYA
2025-09-08 16:40:10.428854459+00:00,TK104_LEVEL,78.47057284322094,PCT,Good,TK104,ARB
2025-09-08 16:40:10.428854459+00:00,TK104_TEMP,87.4806372525504,DEGF,Good,TK104,ARB
2025-09-08 16:40:10.428854459+00:00,TK104_VOLUME,43081.487132765265,BBL,Good,TK104,ARB
2025-09-08 16:40:10.428854459+00:00,TK105_LEVEL,58.68905437316576,PCT,Good,TK105,URALS
2025-09-08 16:40:10.428854459+00:00,TK105_TEMP,87.73628756159492,DEGF,Good,TK105,URALS
2025-09-08 16:40:10.428854459+00:00,TK105_VOLUME,29557.63079303061,BBL,Good,TK105,URALS
2025-09-08 16:40:10.428854459+00:00,VDU_FEED_RATE,20091.98204106229,BPD,Good,VDU001,BLEND_B
2025-09-08 17:58:00.699124729+00:00,CDU_FEED_RATE,47976.7895011137,BPD,Good,CDU001,BLEND_A
2025-09-08 17:58:00.699124729+00:00,CDU_FEED_TEMP,486.40512570991234,DEGF,Good,CDU001,BLEND_A
2025-09-08 17:58:00.699124729+00:00,TK101_LEVEL,74.11704876595627,PCT,Good,TK101,WTI
2025-09-08 17:58:00.699124729+00:00,TK101_TEMP,87.34544434900145,DEGF,Good,TK101,WTI
2025-09-08 17:58:00.699124729+00:00,TK101_VOLUME,39971.5543071287,BBL,Good,TK101,WTI
2025-09-08 17:58:00.699124729+00:00,TK102_LEVEL,54.98525275287153,PCT,Good,TK102,BRENT
2025-09-08 17:58:00.699124729+00:00,TK102_TEMP,87.55593183673115,DEGF,Good,TK102,BRENT
2025-09-08 17:58:00.699124729+00:00,TK102_VOLUME,25932.52600498293,BBL,Good,TK102,BRENT
2025-09-08 17:58:00.699124729+00:00,TK103_LEVEL,78.93159858456457,PCT,Good,TK103,MAYA
2025-09-08 17:58:00.699124729+00:00,TK103_TEMP,86.94359438746703,DEGF,Good,TK103,MAYA
2025-09-08 17:58:00.699124729+00:00,TK103_VOLUME,35971.52074360429,BBL,Good,TK103,MAYA
2025-09-08 17:58:00.699124729+00:00,TK104_LEVEL,80.19957920842533,PCT,Good,TK104,ARB
2025-09-08 17:58:00.699124729+00:00,TK104_TEMP,87.85881599831906,DEGF,Good,TK104,ARB
2025-09-08 17:58:00.699124729+00:00,TK104_VOLUME,44030.73680402541,BBL,Good,TK104,ARB
2025-09-08 17:58:00.699124729+00:00,TK105_LEVEL,61.1884493857577,PCT,Good,TK105,URALS
2025-09-08 17:58:00.699124729+00:00,TK105_TEMP,87.74389172078975,DEGF,Good,TK105,URALS
2025-09-08 17:58:00.699124729+00:00,TK105_VOLUME,30816.40375806092,BBL,Good,TK105,URALS
2025-09-08 17:58:00.699124729+00:00,VDU_FEED_RATE,19933.45722139671,BPD,Good,VDU001,BLEND_B
2025-09-08 19:15:50.969395+00:00,CDU_FEED_RATE,47804.2482873251,BPD,Good,CDU001,BLEND_A
2025-09-08 19:15:50.969395+00:00,CDU_FEED_TEMP,486.91507822032946,DEGF,Good,CDU001,BLEND_A
2025-09-08 19:15:50.969395+00:00,TK101_LEVEL,75.54905945793028,PCT,Good,TK101,WTI
2025-09-08 19:15:50.969395+00:00,TK101_TEMP,86.87812061811299,DEGF,Good,TK101,WTI
2025-09-08 19:15:50.969395+00:00,TK101_VOLUME,40743.84211534105,BBL,Good,TK101,WTI
2025-09-08 19:15:50.969395+00:00,TK102_LEVEL,56.86151524381199,PCT,Good,TK102,BRENT
2025-09-08 19:15:50.969395+00:00,TK102_TEMP,86.21953634123957,DEGF,Good,TK102,BRENT
2025-09-08 19:15:50.969395+00:00,TK102_VOLUME,26817.42192529761,BBL,Good,TK102,BRENT
2025-09-08 19:15:50.969395+00:00,TK103_LEVEL,79.7566647049543,PCT,Good,TK103,MAYA
2025-09-08 19:15:50.969395+00:00,TK103_TEMP,87.17954205681556,DEGF,Good,TK103,MAYA
2025-09-08 19:15:50.969395+00:00,TK103_VOLUME,36347.52837041864,BBL,Good,TK103,MAYA
2025-09-08 19:15:50.969395+00:00,TK104_LEVEL,76.68753894766947,PCT,Good,TK104,ARB
2025-09-08 19:15:50.969395+00:00,TK104_TEMP,87.60532841457719,DEGF,Good,TK104,ARB
2025-09-08 19:15:50.969395+00:00,TK104_VOLUME,42102.5755606278,BBL,Good,TK104,ARB
2025-09-08 19:15:50.969395+00:00,TK105_LEVEL,60.71589473872866,PCT,Good,TK105,URALS
2025-09-08 19:15:50.969395+00:00,TK105_TEMP,86.76945824586599,DEGF,Good,TK105,URALS
2025-09-08 19:15:50.969395+00:00,TK105_VOLUME,30578.410559233682,BBL,Good,TK105,URALS
2025-09-08 19:15:50.969395+00:00,VDU_FEED_RATE,19716.57747410205,BPD,Good,VDU001,BLEND_B
2025-09-08 20:33:41.239665270+00:00,CDU_FEED_RATE,47522.51867307817,BPD,Good,CDU001,BLEND_A
2025-09-08 20:33:41.239665270+00:00,CDU_FEED_TEMP,486.3425086056981,DEGF,Good,CDU001,BLEND_A
2025-09-08 20:33:41.239665270+00:00,TK101_LEVEL,75.83137111235969,PCT,Good,TK101,WTI
2025-09-08 20:33:41.239665270+00:00,TK101_TEMP,87.09030160916623,DEGF,Good,TK101,WTI
2025-09-08 20:33:41.239665270+00:00,TK101_VOLUME,40896.093666292494,BBL,Good,TK101,WTI
2025-09-08 20:33:41.239665270+00:00,TK102_LEVEL,57.56087251707975,PCT,Good,TK102,BRENT
2025-09-08 20:33:41.239665270+00:00,TK102_TEMP,86.7664533554174,DEGF,Good,TK102,BRENT
2025-09-08 20:33:41.239665270+00:00,TK102_VOLUME,27147.257649747255,BBL,Good,TK102,BRENT
2025-09-08 20:33:41.239665270+00:00,TK103_LEVEL,78.6872036246391,PCT,Good,TK103,MAYA
2025-09-08 20:33:41.239665270+00:00,TK103_TEMP,86.78149241608664,DEGF,Good,TK103,MAYA
2025-09-08 20:33:41.239665270+00:00,TK103_VOLUME,35860.14255630998,BBL,Good,TK103,MAYA
2025-09-08 20:33:41.239665270+00:00,TK104_LEVEL,79.84575850783038,PCT,Good,TK104,ARB
2025-09-08 20:33:41.239665270+00:00,TK104_TEMP,87.19625550573163,DEGF,Good,TK104,ARB
2025-09-08 20:33:41.239665270+00:00,TK104_VOLUME,43836.48408727206,BBL,Good,TK104,ARB
2025-09-08 20:33:41.239665270+00:00,TK105_LEVEL,59.7998288955674,PCT,Good,TK105,URALS
2025-09-08 20:33:41.239665270+00:00,TK105_TEMP,87.2634049619547,DEGF,Good,TK105,URALS
2025-09-08 20:33:41.239665270+00:00,TK105_VOLUME,30117.05134560411,BBL,Good,TK105,URALS
2025-09-08 20:33:41.239665270+00:00,VDU_FEED_RATE,19829.82084023411,BPD,Good,VDU001,BLEND_B
2025-09-08 21:51:31.509935540+00:00,CDU_FEED_RATE,47709.75274220142,BPD,Good,CDU001,BLEND_A
2025-09-08 21:51:31.509935540+00:00,CDU_FEED_TEMP,484.562620559824,DEGF,Good,CDU001,BLEND_A
2025-09-08 21:51:31.509935540+00:00,TK101_LEVEL,76.6550539920008,PCT,Good,TK101,WTI
2025-09-08 21:51:31.509935540+00:00,TK101_TEMP,86.99373167209635,DEGF,Good,TK101,WTI
2025-09-08 21:51:31.509935540+00:00,TK101_VOLUME,41340.30839830904,BBL,Good,TK101,WTI
2025-09-08 21:51:31.509935540+00:00,TK102_LEVEL,58.07753880187556,PCT,Good,TK102,BRENT
2025-09-08 21:51:31.509935540+00:00,TK102_TEMP,86.42553682949814,DEGF,Good,TK102,BRENT
2025-09-08 21:51:31.509935540+00:00,TK102_VOLUME,27390.931383986215,BBL,Good,TK102,BRENT
2025-09-08 21:51:31.509935540+00:00,TK103_LEVEL,79.82989544132079,PCT,Good,TK103,MAYA
2025-09-08 21:51:31.509935540+00:00,TK103_TEMP,87.09978130220185,DEGF,Good,TK103,MAYA
2025-09-08 21:51:31.509935540+00:00,TK103_VOLUME,36380.90183553925,BBL,Good,TK103,MAYA
2025-09-08 21:51:31.509935540+00:00,TK104_LEVEL,78.78284871872332,PCT,Good,TK104,ARB
2025-09-08 21:51:31.509935540+00:00,TK104_TEMP,86.19130728064154,DEGF,Good,TK104,ARB
2025-09-08 21:51:31.509935540+00:00,TK104_VOLUME,43252.931135591745,BBL,Good,TK104,ARB
2025-09-08 21:51:31.509935540+00:00,TK105_LEVEL,60.77034441110789,PCT,Good,TK105,URALS
2025-09-08 21:51:31.509935540+00:00,TK105_TEMP,86.52655129636346,DEGF,Good,TK105,URALS
2025-09-08 21:51:31.509935540+00:00,TK105_VOLUME,30605.83310557007,BBL,Good,TK105,URALS
2025-09-08 21:51:31.509935540+00:00,VDU_FEED_RATE,19873.774341075696,BPD,Good,VDU001,BLEND_B
2025-09-08 23:09:21.780205810+00:00,CDU_FEED_RATE,47562.82491690378,BPD,Good,CDU001,BLEND_A
2025-09-08 23:09:21.780205810+00:00,CDU_FEED_TEMP,484.7561217133567,DEGF,Good,CDU001,BLEND_A
2025-09-08 23:09:21.780205810+00:00,TK101_LEVEL,76.2066158750304,PCT,Good,TK101,WTI
2025-09-08 23:09:21.780205810+00:00,TK101_TEMP,86.17605738726459,DEGF,Good,TK101,WTI
2025-09-08 23:09:21.780205810+00:00,TK101_VOLUME,41098.46433079266,BBL,Good,TK101,WTI
2025-09-08 23:09:21.780205810+00:00,TK102_LEVEL,58.03778388647613,PCT,Good,TK102,BRENT
2025-09-08 23:09:21.780205810+00:00,TK102_TEMP,87.39252687204007,DEGF,Good,TK102,BRENT
2025-09-08 23:09:21.780205810+00:00,TK102_VOLUME,27372.18189524502,BBL,Good,TK102,BRENT
2025-09-08 23:09:21.780205810+00:00,TK103_LEVEL,78.65187141435723,PCT,Good,TK103,MAYA
2025-09-08 23:09:21.780205810+00:00,TK103_TEMP,87.00719376818489,DEGF,Good,TK103,MAYA
2025-09-08 23:09:21.780205810+00:00,TK103_VOLUME,35844.04059767917,BBL,Good,TK103,MAYA
2025-09-08 23:09:21.780205810+00:00,TK104_LEVEL,79.85787240863218,PCT,Good,TK104,ARB
2025-09-08 23:09:21.780205810+00:00,TK104_TEMP,86.08180563081366,DEGF,Good,TK104,ARB
2025-09-08 23:09:21.780205810+00:00,TK104_VOLUME,43843.13479520766,BBL,Good,TK104,ARB
2025-09-08 23:09:21.780205810+00:00,TK105_LEVEL,60.97681493746305,PCT,Good,TK105,URALS
2025-09-08 23:09:21.780205810+00:00,TK105_TEMP,85.82283245049696,DEGF,Good,TK105,URALS
2025-09-08 23:09:21.780205810+00:00,TK105_VOLUME,30709.818076069758,BBL,Good,TK105,URALS
2025-09-08 23:09:21.780205810+00:00,VDU_FEED_RATE,19773.154974163783,BPD,Good,VDU001,BLEND_B
2025-09-09 00:27:12.050476081+00:00,CDU_FEED_RATE,47161.17680656234,BPD,Good,CDU001,BLEND_A
2025-09-09 00:27:12.050476081+00:00,CDU_FEED_TEMP,484.9387271507957,DEGF,Good,CDU001,BLEND_A
2025-09-09 00:27:12.050476081+00:00,TK101_LEVEL,77.58577892328782,PCT,Good,TK101,WTI
2025-09-09 00:27:12.050476081+00:00,TK101_TEMP,86.39356980632343,DEGF,Good,TK101,WTI
2025-09-09 00:27:12.050476081+00:00,TK101_VOLUME,41842.25124081771,BBL,Good,TK101,WTI
2025-09-09 00:27:12.050476081+00:00,TK102_LEVEL,58.50405124326791,PCT,Good,TK102,BRENT
2025-09-09 00:27:12.050476081+00:00,TK102_TEMP,85.95914080919292,DEGF,Good,TK102,BRENT
2025-09-09 00:27:12.050476081+00:00,TK102_VOLUME,27592.08613774477,BBL,Good,TK102,BRENT
2025-09-09 00:27:12.050476081+00:00,TK103_LEVEL,80.47189112024351,PCT,Good,TK103,MAYA
2025-09-09 00:27:12.050476081+00:00,TK103_TEMP,87.07868195845845,DEGF,Good,TK103,MAYA
2025-09-09 00:27:12.050476081+00:00,TK103_VOLUME,36673.47871597493,BBL,Good,TK103,MAYA
2025-09-09 00:27:12.050476081+00:00,TK104_LEVEL,77.75629235762084,PCT,Good,TK104,ARB
2025-09-09 00:27:12.050476081+00:00,TK104_TEMP,86.90081637886301,DEGF,Good,TK104,ARB
2025-09-09 00:27:12.050476081+00:00,TK104_VOLUME,42689.33674524297,BBL,Good,TK104,ARB
2025-09-09 00:27:12.050476081+00:00,TK105_LEVEL,58.428706134855084,PCT,Good,TK105,URALS
2025-09-09 00:27:12.050476081+00:00,TK105_TEMP,86.69584507047736,DEGF,Good,TK105,URALS
2025-09-09 00:27:12.050476081+00:00,TK105_VOLUME,29426.51133323026,BBL,Good,TK105,URALS
2025-09-09 00:27:12.050476081+00:00,VDU_FEED_RATE,19831.94475385774,BPD,Good,VDU001,BLEND_B
2025-09-09 01:45:02.320746351+00:00,CDU_FEED_RATE,47169.29733361664,BPD,Good,CDU001,BLEND_A
2025-09-09 01:45:02.320746351+00:00,CDU_FEED_TEMP,484.39091864722803,DEGF,Good,CDU001,BLEND_A
2025-09-09 01:45:02.320746351+00:00,TK101_LEVEL,78.49176952217273,PCT,Good,TK101,WTI
2025-09-09 01:45:02.320746351+00:00,TK101_TEMP,87.24128787280101,DEGF,Good,TK101,WTI
2025-09-09 01:45:02.320746351+00:00,TK101_VOLUME,42330.85478113717,BBL,Good,TK101,WTI
2025-09-09 01:45:02.320746351+00:00,TK102_LEVEL,60.05124452228386,PCT,Good,TK102,BRENT
2025-09-09 01:45:02.320746351+00:00,TK102_TEMP,87.32451395518528,DEGF,Good,TK102,BRENT
2025-09-09 01:45:02.320746351+00:00,TK102_VOLUME,28321.784155559566,BBL,Good,TK102,BRENT
2025-09-09 01:45:02.320746351+00:00,TK103_LEVEL,79.30875744730052,PCT,Good,TK103,MAYA
2025-09-09 01:45:02.320746351+00:00,TK103_TEMP,87.23417913897529,DEGF,Good,TK103,MAYA
2025-09-09 01:45:02.320746351+00:00,TK103_VOLUME,36143.403463552066,BBL,Good,TK103,MAYA
2025-09-09 01:45:02.320746351+00:00,TK104_LEVEL,81.23696462500084,PCT,Good,TK104,ARB
2025-09-09 01:45:02.320746351+00:00,TK104_TEMP,85.84966385387634,DEGF,Good,TK104,ARB
2025-09-09 01:45:02.320746351+00:00,TK104_VOLUME,44600.27650351515,BBL,Good,TK104,ARB
2025-09-09 01:45:02.320746351+00:00,TK105_LEVEL,60.632659353969316,PCT,Good,TK105,URALS
2025-09-09 01:45:02.320746351+00:00,TK105_TEMP,86.2869624629849,DEGF,Good,TK105,URALS
2025-09-09 01:45:02.320746351+00:00,TK105_VOLUME,30536.490633995334,BBL,Good,TK105,URALS
2025-09-09 01:45:02.320746351+00:00,VDU_FEED_RATE,19850.950720054272,BPD,Good,VDU001,BLEND_B
2025-09-09 03:02:52.591016621+00:00,CDU_FEED_RATE,46564.83982449762,BPD,Good,CDU001,BLEND_A
2025-09-09 03:02:52.591016621+00:00,CDU_FEED_TEMP,483.4193096232987,DEGF,Good,CDU001,BLEND_A
2025-09-09 03:02:52.591016621+00:00,TK101_LEVEL,78.01106435197354,PCT,Good,TK101,WTI
2025-09-09 03:02:52.591016621+00:00,TK101_TEMP,85.82937356288204,DEGF,Good,TK101,WTI
2025-09-09 03:02:52.591016621+00:00,TK101_VOLUME,42071.6089917236,BBL,Good,TK101,WTI
2025-09-09 03:02:52.591016621+00:00,TK102_LEVEL,60.18024835989361,PCT,Good,TK102,BRENT
2025-09-09 03:02:52.591016621+00:00,TK102_TEMP,86.39376594949071,DEGF,Good,TK102,BRENT
2025-09-09 03:02:52.591016621+00:00,TK102_VOLUME,28382.625839576063,BBL,Good,TK102,BRENT
2025-09-09 03:02:52.591016621+00:00,TK103_LEVEL,81.53799022716781,PCT,Good,TK103,MAYA
2025-09-09 03:02:52.591016621+00:00,TK103_TEMP,86.90834268143537,DEGF,Good,TK103,MAYA
2025-09-09 03:02:52.591016621+00:00,TK103_VOLUME,37159.332376956845,BBL,Good,TK103,MAYA
2025-09-09 03:02:52.591016621+00:00,TK104_LEVEL,80.93198087361954,PCT,Good,TK104,ARB
2025-09-09 03:02:52.591016621+00:00,TK104_TEMP,86.29762980871489,DEGF,Good,TK104,ARB
2025-09-09 03:02:52.591016621+00:00,TK104_VOLUME,44432.83598301472,BBL,Good,TK104,ARB
2025-09-09 03:02:52.591016621+00:00,TK105_LEVEL,61.86486800628558,PCT,Good,TK105,URALS
2025-09-09 03:02:52.591016621+00:00,TK105_TEMP,86.19036881395562,DEGF,Good,TK105,URALS
2025-09-09 03:02:52.591016621+00:00,TK105_VOLUME,31157.06918640416,BBL,Good,TK105,URALS
2025-09-09 03:02:52.591016621+00:00,VDU_FEED_RATE,19624.66984204229,BPD,Good,VDU001,BLEND_B
2025-09-09 04:20:42.861286892+00:00,CDU_FEED_RATE,47135.20146039443,BPD,Good,CDU001,BLEND_A
2025-09-09 04:20:42.861286892+00:00,CDU_FEED_TEMP,483.999872522609,DEGF,Good,CDU001,BLEND_A
2025-09-09 04:20:42.861286892+00:00,TK101_LEVEL,78.59496866054144,PCT,Good,TK101,WTI
2025-09-09 04:20:42.861286892+00:00,TK101_TEMP,85.23991924567626,DEGF,Good,TK101,WTI
2025-09-09 04:20:42.861286892+00:00,TK101_VOLUME,42386.51039657836,BBL,Good,TK101,WTI
2025-09-09 04:20:42.861286892+00:00,TK102_LEVEL,56.474736724037356,PCT,Good,TK102,BRENT
2025-09-09 04:20:42.861286892+00:00,TK102_TEMP,85.71727926697149,DEGF,Good,TK102,BRENT
2025-09-09 04:20:42.861286892+00:00,TK102_VOLUME,26635.006759047406,BBL,Good,TK102,BRENT
2025-09-09 04:20:42.861286892+00:00,TK103_LEVEL,83.0455483963101,PCT,Good,TK103,MAYA
2025-09-09 04:20:42.861286892+00:00,TK103_TEMP,85.83112693808755,DEGF,Good,TK103,MAYA
2025-09-09 04:20:42.861286892+00:00,TK103_VOLUME,37846.37230679423,BBL,Good,TK103,MAYA
2025-09-09 04:20:42.861286892+00:00,TK104_LEVEL,80.49413131533866,PCT,Good,TK104,ARB
2025-09-09 04:20:42.861286892+00:00,TK104_TEMP,86.45032169325462,DEGF,Good,TK104,ARB
2025-09-09 04:20:42.861286892+00:00,TK104_VOLUME,44192.45019981352,BBL,Good,TK104,ARB
2025-09-09 04:20:42.861286892+00:00,TK105_LEVEL,61.946680374672724,PCT,Good,TK105,URALS
2025-09-09 04:20:42.861286892+00:00,TK105_TEMP,87.28591802908429,DEGF,Good,TK105,URALS
2025-09-09 04:20:42.861286892+00:00,TK105_VOLUME,31198.27243639546,BBL,Good,TK105,URALS
2025-09-09 04:20:42.861286892+00:00,VDU_FEED_RATE,19624.61871701909,BPD,Good,VDU001,BLEND_B
2025-09-09 05:38:33.131557162+00:00,CDU_FEED_RATE,46552.842897475915,BPD,Good,CDU001,BLEND_A
2025-09-09 05:38:33.131557162+00:00,CDU_FEED_TEMP,483.4860169772297,DEGF,Good,CDU001,BLEND_A
2025-09-09 05:38:33.131557162+00:00,TK101_LEVEL,78.69414608196514,PCT,Good,TK101,WTI
2025-09-09 05:38:33.131557162+00:00,TK101_TEMP,85.25499065481247,DEGF,Good,TK101,WTI
2025-09-09 05:38:33.131557162+00:00,TK101_VOLUME,42439.997087595926,BBL,Good,TK101,WTI
2025-09-09 05:38:33.131557162+00:00,TK102_LEVEL,59.42213160522745,PCT,Good,TK102,BRENT
2025-09-09 05:38:33.131557162+00:00,TK102_TEMP,85.84727613942908,DEGF,Good,TK102,BRENT
2025-09-09 05:38:33.131557162+00:00,TK102_VOLUME,28025.07756124853,BBL,Good,TK102,BRENT
2025-09-09 05:38:33.131557162+00:00,TK103_LEVEL,81.1106021131905,PCT,Good,TK103,MAYA
2025-09-09 05:38:33.131557162+00:00,TK103_TEMP,85.7341460081456,DEGF,Good,TK103,MAYA
2025-09-09 05:38:33.131557162+00:00,TK103_VOLUME,36964.55866550041,BBL,Good,TK103,MAYA
2025-09-09 05:38:33.131557162+00:00,TK104_LEVEL,81.57593252003103,PCT,Good,TK104,ARB
2025-09-09 05:38:33.131557162+00:00,TK104_TEMP,85.61711623375238,DEGF,Good,TK104,ARB
2025-09-09 05:38:33.131557162+00:00,TK104_VOLUME,44786.374813735725,BBL,Good,TK104,ARB
2025-09-09 05:38:33.131557162+00:00,TK105_LEVEL,62.94817289830748,PCT,Good,TK105,URALS
2025-09-09 05:38:33.131557162+00:00,TK105_TEMP,85.42298474006739,DEGF,Good,TK105,URALS
2025-09-09 05:38:33.131557162+00:00,TK105_VOLUME,31702.655179851474,BBL,Good,TK105,URALS
2025-09-09 05:38:33.131557162+00:00,VDU_FEED_RATE,19468.60314272987,BPD,Good,VDU001,BLEND_B
2025-09-09 06:56:23.401827432+00:00,CDU_FEED_RATE,46576.740814233766,BPD,Good,CDU001,BLEND_A
2025-09-09 06:56:23.401827432+00:00,CDU_FEED_TEMP,484.1279725084759,DEGF,Good,CDU001,BLEND_A
2025-09-09 06:56:23.401827432+00:00,TK101_LEVEL,79.0482392949202,PCT,Good,TK101,WTI
2025-09-09 06:56:23.401827432+00:00,TK101_TEMP,86.08798297353343,DEGF,Good,TK101,WTI
2025-09-09 06:56:23.401827432+00:00,TK101_VOLUME,42630.96065572331,BBL,Good,TK101,WTI
2025-09-09 06:56:23.401827432+00:00,TK102_LEVEL,59.98208329996268,PCT,Good,TK102,BRENT
2025-09-09 06:56:23.401827432+00:00,TK102_TEMP,85.67261857986087,DEGF,Good,TK102,BRENT
2025-09-09 06:56:23.401827432+00:00,TK102_VOLUME,28289.165860533423,BBL,Good,TK102,BRENT
2025-09-09 06:56:23.401827432+00:00,TK103_LEVEL,79.44730667779598,PCT,Good,TK103,MAYA
2025-09-09 06:56:23.401827432+00:00,TK103_TEMP,86.03554226201517,DEGF,Good,TK103,MAYA
2025-09-09 06:56:23.401827432+00:00,TK103_VOLUME,36206.54454530069,BBL,Good,TK103,MAYA
2025-09-09 06:56:23.401827432+00:00,TK104_LEVEL,80.57248869876916,PCT,Good,TK104,ARB
2025-09-09 06:56:23.401827432+00:00,TK104_TEMP,85.56129683306565,DEGF,Good,TK104,ARB
2025-09-09 06:56:23.401827432+00:00,TK104_VOLUME,44235.4695443105,BBL,Good,TK104,ARB
2025-09-09 06:56:23.401827432+00:00,TK105_LEVEL,64.23771681386648,PCT,Good,TK105,URALS
2025-09-09 06:56:23.401827432+00:00,TK105_TEMP,86.26486356793082,DEGF,Good,TK105,URALS
2025-09-09 06:56:23.401827432+00:00,TK105_VOLUME,32352.109551788322,BBL,Good,TK105,URALS
2025-09-09 06:56:23.401827432+00:00,VDU_FEED_RATE,19506.439858034428,BPD,Good,VDU001,BLEND_B
2025-09-09 08:14:13.672097702+00:00,CDU_FEED_RATE,46066.79515323715,BPD,Good,CDU001,BLEND_A
2025-09-09 08:14:13.672097702+00:00,CDU_FEED_TEMP,482.7203226658145,DEGF,Good,CDU001,BLEND_A
2025-09-09 08:14:13.672097702+00:00,TK101_LEVEL,78.74231190814805,PCT,Good,TK101,WTI
2025-09-09 08:14:13.672097702+00:00,TK101_TEMP,85.9762638322713,DEGF,Good,TK101,WTI
2025-09-09 08:14:13.672097702+00:00,TK101_VOLUME,42465.97306706453,BBL,Good,TK101,WTI
2025-09-09 08:14:13.672097702+00:00,TK102_LEVEL,58.810350794641785,PCT,Good,TK102,BRENT
2025-09-09 08:14:13.672097702+00:00,TK102_TEMP,85.3234959922472,DEGF,Good,TK102,BRENT
2025-09-09 08:14:13.672097702+00:00,TK102_VOLUME,27736.54525511971,BBL,Good,TK102,BRENT
2025-09-09 08:14:13.672097702+00:00,TK103_LEVEL,81.50749227522068,PCT,Good,TK103,MAYA
2025-09-09 08:14:13.672097702+00:00,TK103_TEMP,85.73521751463525,DEGF,Good,TK103,MAYA
2025-09-09 08:14:13.672097702+00:00,TK103_VOLUME,37145.43353630524,BBL,Good,TK103,MAYA
2025-09-09 08:14:13.672097702+00:00,TK104_LEVEL,81.17425895409184,PCT,Good,TK104,ARB
2025-09-09 08:14:13.672097702+00:00,TK104_TEMP,85.91374466097105,DEGF,Good,TK104,ARB
2025-09-09 08:14:13.672097702+00:00,TK104_VOLUME,44565.850177103406,BBL,Good,TK104,ARB
2025-09-09 08:14:13.672097702+00:00,TK105_LEVEL,63.20241375612677,PCT,Good,TK105,URALS
2025-09-09 08:14:13.672097702+00:00,TK105_TEMP,85.46340157468258,DEGF,Good,TK105,URALS
2025-09-09 08:14:13.672097702+00:00,TK105_VOLUME,31830.69877312773,BBL,Good,TK105,URALS
2025-09-09 08:14:13.672097702+00:00,VDU_FEED_RATE,19443.090958567205,BPD,Good,VDU001,BLEND_B
2025-09-09 09:32:03.942367973+00:00,CDU_FEED_RATE,46114.301907060224,BPD,Good,CDU001,BLEND_A
2025-09-09 09:32:03.942367973+00:00,CDU_FEED_TEMP,483.1037823065146,DEGF,Good,CDU001,BLEND_A
2025-09-09 09:32:03.942367973+00:00,TK101_LEVEL,80.20377777093164,PCT,Good,TK101,WTI
2025-09-09 09:32:03.942367973+00:00,TK101_TEMP,85.78925381704254,DEGF,Good,TK101,WTI
2025-09-09 09:32:03.942367973+00:00,TK101_VOLUME,43254.14614026305,BBL,Good,TK101,WTI
2025-09-09 09:32:03.942367973+00:00,TK102_LEVEL,61.08004599316849,PCT,Good,TK102,BRENT
2025-09-09 09:32:03.942367973+00:00,TK102_TEMP,85.89547267462028,DEGF,Good,TK102,BRENT
2025-09-09 09:32:03.942367973+00:00,TK102_VOLUME,28806.994635860345,BBL,Good,TK102,BRENT
2025-09-09 09:32:03.942367973+00:00,TK103_LEVEL,83.71085391032223,PCT,Good,TK103,MAYA
2025-09-09 09:32:03.942367973+00:00,TK103_TEMP,85.27889588127462,DEGF,Good,TK103,MAYA
2025-09-09 09:32:03.942367973+00:00,TK103_VOLUME,38149.57218526219,BBL,Good,TK103,MAYA
2025-09-09 09:32:03.942367973+00:00,TK104_LEVEL,81.71366799361556,PCT,Good,TK104,ARB
2025-09-09 09:32:03.942367973+00:00,TK104_TEMP,86.09988438851713,DEGF,Good,TK104,ARB
2025-09-09 09:32:03.942367973+00:00,TK104_VOLUME,44861.99359435572,BBL,Good,TK104,ARB
2025-09-09 09:32:03.942367973+00:00,TK105_LEVEL,62.88970831222525,PCT,Good,TK105,URALS
2025-09-09 09:32:03.942367973+00:00,TK105_TEMP,86.30218994938875,DEGF,Good,TK105,URALS
2025-09-09 09:32:03.942367973+00:00,TK105_VOLUME,31673.210598262234,BBL,Good,TK105,URALS
2025-09-09 09:32:03.942367973+00:00,VDU_FEED_RATE,19248.840799810176,BPD,Good,VDU001,BLEND_B
2025-09-09 10:49:54.212638243+00:00,CDU_FEED_RATE,46024.96117754548,BPD,Good,CDU001,BLEND_A
2025-09-09 10:49:54.212638243+00:00,CDU_FEED_TEMP,481.55617373028474,DEGF,Good,CDU001,BLEND_A
2025-09-09 10:49:54.212638243+00:00,TK101_LEVEL,80.22024087703363,PCT,Good,TK101,WTI
2025-09-09 10:49:54.212638243+00:00,TK101_TEMP,86.34229951928394,DEGF,Good,TK101,WTI
2025-09-09 10:49:54.212638243+00:00,TK101_VOLUME,43263.02474445165,BBL,Good,TK101,WTI
2025-09-09 10:49:54.212638243+00:00,TK102_LEVEL,62.66486467353548,PCT,Good,TK102,BRENT
2025-09-09 10:49:54.212638243+00:00,TK102_TEMP,85.12124682947376,DEGF,Good,TK102,BRENT
2025-09-09 10:49:54.212638243+00:00,TK102_VOLUME,29554.437806241214,BBL,Good,TK102,BRENT
2025-09-09 10:49:54.212638243+00:00,TK103_LEVEL,83.46229952924698,PCT,Good,TK103,MAYA
2025-09-09 10:49:54.212638243+00:00,TK103_TEMP,85.5143587077332,DEGF,Good,TK103,MAYA
2025-09-09 10:49:54.212638243+00:00,TK103_VOLUME,38036.298423738364,BBL,Good,TK103,MAYA
2025-09-09 10:49:54.212638243+00:00,TK104_LEVEL,80.75462871173947,PCT,Good,TK104,ARB
2025-09-09 10:49:54.212638243+00:00,TK104_TEMP,86.26596399002656,DEGF,Good,TK104,ARB
2025-09-09 10:49:54.212638243+00:00,TK104_VOLUME,44335.4670636458,BBL,Good,TK104,ARB
2025-09-09 10:49:54.212638243+00:00,TK105_LEVEL,64.70245873304796,PCT,Good,TK105,URALS
2025-09-09 10:49:54.212638243+00:00,TK105_TEMP,85.88442022290722,DEGF,Good,TK105,URALS
2025-09-09 10:49:54.212638243+00:00,TK105_VOLUME,32586.16801819107,BBL,Good,TK105,URALS
2025-09-09 10:49:54.212638243+00:00,VDU_FEED_RATE,19135.727001265506,BPD,Good,VDU001,BLEND_B
2025-09-09 12:07:44.482908513+00:00,CDU_FEED_RATE,45925.742118594935,BPD,Good,CDU001,BLEND_A
2025-09-09 12:07:44.482908513+00:00,CDU_FEED_TEMP,481.34312501172207,DEGF,Good,CDU001,BLEND_A
2025-09-09 12:07:44.482908513+00:00,TK101_LEVEL,82.84688801566924,PCT,Good,TK101,WTI
2025-09-09 12:07:44.482908513+00:00,TK101_TEMP,84.28583852090186,DEGF,Good,TK101,WTI
2025-09-09 12:07:44.482908513+00:00,TK101_VOLUME,44679.58369405546,BBL,Good,TK101,WTI
2025-09-09 12:07:44.482908513+00:00,TK102_LEVEL,60.7657312728259,PCT,Good,TK102,BRENT
2025-09-09 12:07:44.482908513+00:00,TK102_TEMP,84.53207263308424,DEGF,Good,TK102,BRENT
2025-09-09 12:07:44.482908513+00:00,TK102_VOLUME,28658.75534894341,BBL,Good,TK102,BRENT
2025-09-09 12:07:44.482908513+00:00,TK103_LEVEL,83.59432857218827,PCT,Good,TK103,MAYA
2025-09-09 12:07:44.482908513+00:00,TK103_TEMP,85.3849992706438,DEGF,Good,TK103,MAYA
2025-09-09 12:07:44.482908513+00:00,TK103_VOLUME,38096.46805848651,BBL,Good,TK103,MAYA
2025-09-09 12:07:44.482908513+00:00,TK104_LEVEL,83.90530729892464,PCT,Good,TK104,ARB
2025-09-09 12:07:44.482908513+00:00,TK104_TEMP,85.92578245483861,DEGF,Good,TK104,ARB
2025-09-09 12:07:44.482908513+00:00,TK104_VOLUME,46065.23548631921,BBL,Good,TK104,ARB
2025-09-09 12:07:44.482908513+00:00,TK105_LEVEL,64.48717597226062,PCT,Good,TK105,URALS
2025-09-09 12:07:44.482908513+00:00,TK105_TEMP,85.81192791204364,DEGF,Good,TK105,URALS
2025-09-09 12:07:44.482908513+00:00,TK105_VOLUME,32477.744932704005,BBL,Good,TK105,URALS
2025-09-09 12:07:44.482908513+00:00,VDU_FEED_RATE,18938.6283936754,BPD,Good,VDU001,BLEND_B
2025-09-09 13:25:34.753178783+00:00,CDU_FEED_RATE,45881.13283030202,BPD,Good,CDU001,BLEND_A
2025-09-09 13:25:34.753178783+00:00,CDU_FEED_TEMP,481.8832303827475,DEGF,Good,CDU001,BLEND_A
2025-09-09 13:25:34.753178783+00:00,TK101_LEVEL,82.76832077630179,PCT,Good,TK101,WTI
2025-09-09 13:25:34.753178783+00:00,TK101_TEMP,85.70719405595271,DEGF,Good,TK101,WTI
2025-09-09 13:25:34.753178783+00:00,TK101_VOLUME,44637.21213815266,BBL,Good,TK101,WTI
2025-09-09 13:25:34.753178783+00:00,TK102_LEVEL,62.629946238194265,PCT,Good,TK102,BRENT
2025-09-09 13:25:34.753178783+00:00,TK102_TEMP,85.31938888331321,DEGF,Good,TK102,BRENT
2025-09-09 13:25:34.753178783+00:00,TK102_VOLUME,29537.96933174662,BBL,Good,TK102,BRENT
2025-09-09 13:25:34.753178783+00:00,TK103_LEVEL,84.795329496556,PCT,Good,TK103,MAYA
2025-09-09 13:25:34.753178783+00:00,TK103_TEMP,85.1733032488567,DEGF,Good,TK103,MAYA
2025-09-09 13:25:34.753178783+00:00,TK103_VOLUME,38643.800564589204,BBL,Good,TK103,MAYA
2025-09-09 13:25:34.753178783+00:00,TK104_LEVEL,84.67638858599175,PCT,Good,TK104,ARB
2025-09-09 13:25:34.753178783+00:00,TK104_TEMP,85.5460554162334,DEGF,Good,TK104,ARB
2025-09-09 13:25:34.753178783+00:00,TK104_VOLUME,46488.570340946404,BBL,Good,TK104,ARB
2025-09-09 13:25:34.753178783+00:00,TK105_LEVEL,65.09898197209444,PCT,Good,TK105,URALS
2025-09-09 13:25:34.753178783+00:00,TK105_TEMP,85.03678230993617,DEGF,Good,TK105,URALS
2025-09-09 13:25:34.753178783+00:00,TK105_VOLUME,32785.86943825606,BBL,Good,TK105,URALS
2025-09-09 13:25:34.753178783+00:00,VDU_FEED_RATE,18875.43269059021,BPD,Good,VDU001,BLEND_B
2025-09-09 14:43:25.023449054+00:00,CDU_FEED_RATE,45952.72538658841,BPD,Good,CDU001,BLEND_A
2025-09-09 14:43:25.023449054+00:00,CDU_FEED_TEMP,481.72777862173746,DEGF,Good,CDU001,BLEND_A
2025-09-09 14:43:25.023449054+00:00,TK101_LEVEL,82.02620783782584,PCT,Good,TK101,WTI
2025-09-09 14:43:25.023449054+00:00,TK101_TEMP,86.17685233587595,DEGF,Good,TK101,WTI
2025-09-09 14:43:25.023449054+00:00,TK101_VOLUME,44236.98832843266,BBL,Good,TK101,WTI
2025-09-09 14:43:25.023449054+00:00,TK102_LEVEL,61.82311723365075,PCT,Good,TK102,BRENT
2025-09-09 14:43:25.023449054+00:00,TK102_TEMP,84.49470513676522,DEGF,Good,TK102,BRENT
2025-09-09 14:43:25.023449054+00:00,TK102_VOLUME,29157.44704450831,BBL,Good,TK102,BRENT
2025-09-09 14:43:25.023449054+00:00,TK103_LEVEL,84.71650999129237,PCT,Good,TK103,MAYA
2025-09-09 14:43:25.023449054+00:00,TK103_TEMP,85.23823849189665,DEGF,Good,TK103,MAYA
2025-09-09 14:43:25.023449054+00:00,TK103_VOLUME,38607.880128167875,BBL,Good,TK103,MAYA
2025-09-09 14:43:25.023449054+00:00,TK104_LEVEL,83.22884623348813,PCT,Good,TK104,ARB
2025-09-09 14:43:25.023449054+00:00,TK104_TEMP,85.02303585819563,DEGF,Good,TK104,ARB
2025-09-09 14:43:25.023449054+00:00,TK104_VOLUME,45693.84851117063,BBL,Good,TK104,ARB
2025-09-09 14:43:25.023449054+00:00,TK105_LEVEL,65.40866716520604,PCT,Good,TK105,URALS
2025-09-09 14:43:25.023449054+00:00,TK105_TEMP,85.01333927833,DEGF,Good,TK105,URALS
2025-09-09 14:43:25.023449054+00:00,TK105_VOLUME,32941.83652100814,BBL,Good,TK105,URALS
2025-09-09 14:43:25.023449054+00:00,VDU_FEED_RATE,18754.248641439648,BPD,Good,VDU001,BLEND_B
2025-09-09 16:01:15.293719324+00:00,CDU_FEED_RATE,45607.20735806989,BPD,Good,CDU001,BLEND_A
2025-09-09 16:01:15.293719324+00:00,CDU_FEED_TEMP,480.3693628817179,DEGF,Good,CDU001,BLEND_A
2025-09-09 16:01:15.293719324+00:00,TK101_LEVEL,81.3259355326934,PCT,Good,TK101,WTI
2025-09-09 16:01:15.293719324+00:00,TK101_TEMP,84.71909819838531,DEGF,Good,TK101,WTI
2025-09-09 16:01:15.293719324+00:00,TK101_VOLUME,43859.32930206251,BBL,Good,TK101,WTI
2025-09-09 16:01:15.293719324+00:00,TK102_LEVEL,62.51566014438636,PCT,Good,TK102,BRENT
2025-09-09 16:01:15.293719324+00:00,TK102_TEMP,84.9069081467974,DEGF,Good,TK102,BRENT
2025-09-09 16:01:15.293719324+00:00,TK102_VOLUME,29484.068932070335,BBL,Good,TK102,BRENT
2025-09-09 16:01:15.293719324+00:00,TK103_LEVEL,85.89841319661392,PCT,Good,TK103,MAYA
2025-09-09 16:01:15.293719324+00:00,TK103_TEMP,85.87221400599034,DEGF,Good,TK103,MAYA
2025-09-09 16:01:15.293719324+00:00,TK103_VOLUME,39146.509225127156,BBL,Good,TK103,MAYA
2025-09-09 16:01:15.293719324+00:00,TK104_LEVEL,84.72702485631562,PCT,Good,TK104,ARB
2025-09-09 16:01:15.293719324+00:00,TK104_TEMP,84.74753508290891,DEGF,Good,TK104,ARB
2025-09-09 16:01:15.293719324+00:00,TK104_VOLUME,46516.37039068948,BBL,Good,TK104,ARB
2025-09-09 16:01:15.293719324+00:00,TK105_LEVEL,68.39091014148894,PCT,Good,TK105,URALS
2025-09-09 16:01:15.293719324+00:00,TK105_TEMP,85.74661383450412,DEGF,Good,TK105,URALS
2025-09-09 16:01:15.293719324+00:00,TK105_VOLUME,34443.78671886961,BBL,Good,TK105,URALS
2025-09-09 16:01:15.293719324+00:00,VDU_FEED_RATE,18789.67126255066,BPD,Good,VDU001,BLEND_B
2025-09-09 17:19:05.563989594+00:00,CDU_FEED_RATE,45495.15469515521,BPD,Good,CDU001,BLEND_A
2025-09-09 17:19:05.563989594+00:00,CDU_FEED_TEMP,480.5212658219792,DEGF,Good,CDU001,BLEND_A
2025-09-09 17:19:05.563989594+00:00,TK101_LEVEL,81.42752893962387,PCT,Good,TK101,WTI
2025-09-09 17:19:05.563989594+00:00,TK101_TEMP,84.97990440158767,DEGF,Good,TK101,WTI
2025-09-09 17:19:05.563989594+00:00,TK101_VOLUME,43914.118941558154,BBL,Good,TK101,WTI
2025-09-09 17:19:05.563989594+00:00,TK102_LEVEL,65.11591347145519,PCT,Good,TK102,BRENT
2025-09-09 17:19:05.563989594+00:00,TK102_TEMP,84.71525621318095,DEGF,Good,TK102,BRENT
2025-09-09 17:19:05.563989594+00:00,TK102_VOLUME,30710.4184284857,BBL,Good,TK102,BRENT
2025-09-09 17:19:05.563989594+00:00,TK103_LEVEL,86.05105935502888,PCT,Good,TK103,MAYA
2025-09-09 17:19:05.563989594+00:00,TK103_TEMP,85.26942667810724,DEGF,Good,TK103,MAYA
2025-09-09 17:19:05.563989594+00:00,TK103_VOLUME,39216.074704001534,BBL,Good,TK103,MAYA
2025-09-09 17:19:05.563989594+00:00,TK104_LEVEL,84.56422903496069,PCT,Good,TK104,ARB
2025-09-09 17:19:05.563989594+00:00,TK104_TEMP,84.91436911331805,DEGF,Good,TK104,ARB
2025-09-09 17:19:05.563989594+00:00,TK104_VOLUME,46426.99311422964,BBL,Good,TK104,ARB
2025-09-09 17:19:05.563989594+00:00,TK105_LEVEL,64.35931574969914,PCT,Good,TK105,URALS
2025-09-09 17:19:05.563989594+00:00,TK105_TEMP,86.05520651834641,DEGF,Good,TK105,URALS
2025-09-09 17:19:05.563989594+00:00,TK105_VOLUME,32413.350553003198,BBL,Good,TK105,URALS
2025-09-09 17:19:05.563989594+00:00,VDU_FEED_RATE,18537.263275014404,BPD,Good,VDU001,BLEND_B
2025-09-09 18:36:55.834259865+00:00,CDU_FEED_RATE,45446.4298562271,BPD,Good,CDU001,BLEND_A
2025-09-09 18:36:55.834259865+00:00,CDU_FEED_TEMP,479.4790180707181,DEGF,Good,CDU001,BLEND_A
2025-09-09 18:36:55.834259865+00:00,TK101_LEVEL,84.18342266348692,PCT,Good,TK101,WTI
2025-09-09 18:36:55.834259865+00:00,TK101_TEMP,84.68015901213687,DEGF,Good,TK101,WTI
2025-09-09 18:36:55.834259865+00:00,TK101_VOLUME,45400.38097549204,BBL,Good,TK101,WTI
2025-09-09 18:36:55.834259865+00:00,TK102_LEVEL,63.54830131596408,PCT,Good,TK102,BRENT
2025-09-09 18:36:55.834259865+00:00,TK102_TEMP,84.62099693473827,DEGF,Good,TK102,BRENT
2025-09-09 18:36:55.834259865+00:00,TK102_VOLUME,29971.090318624872,BBL,Good,TK102,BRENT
2025-09-09 18:36:55.834259865+00:00,TK103_LEVEL,87.10567542990962,PCT,Good,TK103,MAYA
2025-09-09 18:36:55.834259865+00:00,TK103_TEMP,86.29250950877892,DEGF,Good,TK103,MAYA
2025-09-09 18:36:55.834259865+00:00,TK103_VOLUME,39696.69519939752,BBL,Good,TK103,MAYA
2025-09-09 18:36:55.834259865+00:00,TK104_LEVEL,85.61038277046171,PCT,Good,TK104,ARB
2025-09-09 18:36:55.834259865+00:00,TK104_TEMP,85.26157276324146,DEGF,Good,TK104,ARB
2025-09-09 18:36:55.834259865+00:00,TK104_VOLUME,47001.34674848854,BBL,Good,TK104,ARB
2025-09-09 18:36:55.834259865+00:00,TK105_LEVEL,66.6640254063552,PCT,Good,TK105,URALS
2025-09-09 18:36:55.834259865+00:00,TK105_TEMP,85.29675887936328,DEGF,Good,TK105,URALS
2025-09-09 18:36:55.834259865+00:00,TK105_VOLUME,33574.073925430195,BBL,Good,TK105,URALS
2025-09-09 18:36:55.834259865+00:00,VDU_FEED_RATE,18518.563638148167,BPD,Good,VDU001,BLEND_B
2025-09-09 19:54:46.104530135+00:00,CDU_FEED_RATE,45057.52314163936,BPD,Good,CDU001,BLEND_A
2025-09-09 19:54:46.104530135+00:00,CDU_FEED_TEMP,479.73958242936465,DEGF,Good,CDU001,BLEND_A
2025-09-09 19:54:46.104530135+00:00,TK101_LEVEL,83.70783242810688,PCT,Good,TK101,WTI
2025-09-09 19:54:46.104530135+00:00,TK101_TEMP,84.49622200621006,DEGF,Good,TK101,WTI
2025-09-09 19:54:46.104530135+00:00,TK101_VOLUME,45143.89368629273,BBL,Good,TK101,WTI
2025-09-09 19:54:46.104530135+00:00,TK102_LEVEL,65.00587511764823,PCT,Good,TK102,BRENT
2025-09-09 19:54:46.104530135+00:00,TK102_TEMP,85.94387658004389,DEGF,Good,TK102,BRENT
2025-09-09 19:54:46.104530135+00:00,TK102_VOLUME,30658.52137738966,BBL,Good,TK102,BRENT
2025-09-09 19:54:46.104530135+00:00,TK103_LEVEL,86.39557455364061,PCT,Good,TK103,MAYA
2025-09-09 19:54:46.104530135+00:00,TK103_TEMP,85.02864912225864,DEGF,Good,TK103,MAYA
2025-09-09 19:54:46.104530135+00:00,TK103_VOLUME,39373.080717253266,BBL,Good,TK103,MAYA
2025-09-09 19:54:46.104530135+00:00,TK104_LEVEL,85.10733505973135,PCT,Good,TK104,ARB
2025-09-09 19:54:46.104530135+00:00,TK104_TEMP,85.11170688256249,DEGF,Good,TK104,ARB
2025-09-09 19:54:46.104530135+00:00,TK104_VOLUME,46725.16623021584,BBL,Good,TK104,ARB
2025-09-09 19:54:46.104530135+00:00,TK105_LEVEL,67.50147377640114,PCT,Good,TK105,URALS
2025-09-09 19:54:46.104530135+00:00,TK105_TEMP,84.4946846688631,DEGF,Good,TK105,URALS
2025-09-09 19:54:46.104530135+00:00,TK105_VOLUME,33995.83893756781,BBL,Good,TK105,URALS
2025-09-09 19:54:46.104530135+00:00,VDU_FEED_RATE,18163.151849982056,BPD,Good,VDU001,BLEND_B
2025-09-09 21:12:36.374800405+00:00,CDU_FEED_RATE,44736.20964172661,BPD,Good,CDU001,BLEND_A
2025-09-09 21:12:36.374800405+00:00,CDU_FEED_TEMP,479.9092342740748,DEGF,Good,CDU001,BLEND_A
2025-09-09 21:12:36.374800405+00:00,TK101_LEVEL,84.37756590514212,PCT,Good,TK101,WTI
2025-09-09 21:12:36.374800405+00:00,TK101_TEMP,84.66706134000586,DEGF,Good,TK101,WTI
2025-09-09 21:12:36.374800405+00:00,TK101_VOLUME,45505.08302794002,BBL,Good,TK101,WTI
2025-09-09 21:12:36.374800405+00:00,TK102_LEVEL,63.12478381136738,PCT,Good,TK102,BRENT
2025-09-09 21:12:36.374800405+00:00,TK102_TEMP,84.85839812610216,DEGF,Good,TK102,BRENT
2025-09-09 21:12:36.374800405+00:00,TK102_VOLUME,29771.348057715728,BBL,Good,TK102,BRENT
2025-09-09 21:12:36.374800405+00:00,TK103_LEVEL,87.39437717001907,PCT,Good,TK103,MAYA
2025-09-09 21:12:36.374800405+00:00,TK103_TEMP,84.68515945554876,DEGF,Good,TK103,MAYA
2025-09-09 21:12:36.374800405+00:00,TK103_VOLUME,39828.2653287157,BBL,Good,TK103,MAYA
2025-09-09 21:12:36.374800405+00:00,TK104_LEVEL,85.3038264436455,PCT,Good,TK104,ARB
2025-09-09 21:12:36.374800405+00:00,TK104_TEMP,83.78024134965482,DEGF,Good,TK104,ARB
2025-09-09 21:12:36.374800405+00:00,TK104_VOLUME,46833.04286117544,BBL,Good,TK104,ARB
2025-09-09 21:12:36.374800405+00:00,TK105_LEVEL,67.17635960855752,PCT,Good,TK105,URALS
2025-09-09 21:12:36.374800405+00:00,TK105_TEMP,84.99966160374841,DEGF,Good,TK105,URALS
2025-09-09 21:12:36.374800405+00:00,TK105_VOLUME,33832.101343882896,BBL,Good,TK105,URALS
2025-09-09 21:12:36.374800405+00:00,VDU_FEED_RATE,18588.079457162243,BPD,Good,VDU001,BLEND_B
2025-09-09 22:30:26.645070675+00:00,CDU_FEED_RATE,44828.24835418622,BPD,Good,CDU001,BLEND_A
2025-09-09 22:30:26.645070675+00:00,CDU_FEED_TEMP,478.93446150567684,DEGF,Good,CDU001,BLEND_A
2025-09-09 22:30:26.645070675+00:00,TK101_LEVEL,82.60378418399543,PCT,Good,TK101,WTI
2025-09-09 22:30:26.645070675+00:00,TK101_TEMP,85.43075406101107,DEGF,Good,TK101,WTI
2025-09-09 22:30:26.645070675+00:00,TK101_VOLUME,44548.47704353696,BBL,Good,TK101,WTI
2025-09-09 22:30:26.645070675+00:00,TK102_LEVEL,67.30926715804235,PCT,Good,TK102,BRENT
2025-09-09 22:30:26.645070675+00:00,TK102_TEMP,84.83969692366648,DEGF,Good,TK102,BRENT
2025-09-09 22:30:26.645070675+00:00,TK102_VOLUME,31744.863096243935,BBL,Good,TK102,BRENT
2025-09-09 22:30:26.645070675+00:00,TK103_LEVEL,86.63293836465844,PCT,Good,TK103,MAYA
2025-09-09 22:30:26.645070675+00:00,TK103_TEMP,84.71907786049624,DEGF,Good,TK103,MAYA
2025-09-09 22:30:26.645070675+00:00,TK103_VOLUME,39481.25459697852,BBL,Good,TK103,MAYA
2025-09-09 22:30:26.645070675+00:00,TK104_LEVEL,87.690274154976,PCT,Good,TK104,ARB
2025-09-09 22:30:26.645070675+00:00,TK104_TEMP,84.32417290503506,DEGF,Good,TK104,ARB
2025-09-09 22:30:26.645070675+00:00,TK104_VOLUME,48143.23740472888,BBL,Good,TK104,ARB
2025-09-09 22:30:26.645070675+00:00,TK105_LEVEL,69.30827560218769,PCT,Good,TK105,URALS
2025-09-09 22:30:26.645070675+00:00,TK105_TEMP,85.93074744133762,DEGF,Good,TK105,URALS
2025-09-09 22:30:26.645070675+00:00,TK105_VOLUME,34905.80046026003,BBL,Good,TK105,URALS
2025-09-09 22:30:26.645070675+00:00,VDU_FEED_RATE,18260.425865987938,BPD,Good,VDU001,BLEND_B
2025-09-09 23:48:16.915340946+00:00,CDU_FEED_RATE,44675.29570577355,BPD,Good,CDU001,BLEND_A
2025-09-09 23:48:16.915340946+00:00,CDU_FEED_TEMP,478.68956941559435,DEGF,Good,CDU001,BLEND_A
2025-09-09 23:48:16.915340946+00:00,TK101_LEVEL,85.72444010964665,PCT,Good,TK101,WTI
2025-09-09 23:48:16.915340946+00:00,TK101_TEMP,85.5225601027696,DEGF,Good,TK101,WTI
2025-09-09 23:48:16.915340946+00:00,TK101_VOLUME,46231.45646437064,BBL,Good,TK101,WTI
2025-09-09 23:48:16.915340946+00:00,TK102_LEVEL,66.49823350007281,PCT,Good,TK102,BRENT
2025-09-09 23:48:16.915340946+00:00,TK102_TEMP,83.71566761685469,DEGF,Good,TK102,BRENT
2025-09-09 23:48:16.915340946+00:00,TK102_VOLUME,31362.35778121448,BBL,Good,TK102,BRENT
2025-09-09 23:48:16.915340946+00:00,TK103_LEVEL,86.78723608330407,PCT,Good,TK103,MAYA
2025-09-09 23:48:16.915340946+00:00,TK103_TEMP,84.73211275424761,DEGF,Good,TK103,MAYA
2025-09-09 23:48:16.915340946+00:00,TK103_VOLUME,39551.57274188478,BBL,Good,TK103,MAYA
2025-09-09 23:48:16.915340946+00:00,TK104_LEVEL,87.02296014094661,PCT,Good,TK104,ARB
2025-09-09 23:48:16.915340946+00:00,TK104_TEMP,85.20612054082892,DEGF,Good,TK104,ARB
2025-09-09 23:48:16.915340946+00:00,TK104_VOLUME,47776.87229399675,BBL,Good,TK104,ARB
2025-09-09 23:48:16.915340946+00:00,TK105_LEVEL,69.67033890589789,PCT,Good,TK105,URALS
2025-09-09 23:48:16.915340946+00:00,TK105_TEMP,84.6550781703853,DEGF,Good,TK105,URALS
2025-09-09 23:48:16.915340946+00:00,TK105_VOLUME,35088.14678648852,BBL,Good,TK105,URALS
2025-09-09 23:48:16.915340946+00:00,VDU_FEED_RATE,18260.46924680864,BPD,Good,VDU001,BLEND_B
2025-09-10 01:06:07.185611216+00:00,CDU_FEED_RATE,44400.94175807012,BPD,Good,CDU001,BLEND_A
2025-09-10 01:06:07.185611216+00:00,CDU_FEED_TEMP,477.9127028980092,DEGF,Good,CDU001,BLEND_A
2025-09-10 01:06:07.185611216+00:00,TK101_LEVEL,85.69681737774562,PCT,Good,TK101,WTI
2025-09-10 01:06:07.185611216+00:00,TK101_TEMP,84.32280326874263,DEGF,Good,TK101,WTI
2025-09-10 01:06:07.185611216+00:00,TK101_VOLUME,46216.55943937198,BBL,Good,TK101,WTI
2025-09-10 01:06:07.185611216+00:00,TK102_LEVEL,66.15847662255885,PCT,Good,TK102,BRENT
2025-09-10 01:06:07.185611216+00:00,TK102_TEMP,84.16379131444424,DEGF,Good,TK102,BRENT
2025-09-10 01:06:07.185611216+00:00,TK102_VOLUME,31202.119287793306,BBL,Good,TK102,BRENT
2025-09-10 01:06:07.185611216+00:00,TK103_LEVEL,89.54085994672484,PCT,Good,TK103,MAYA
2025-09-10 01:06:07.185611216+00:00,TK103_TEMP,84.70839985984823,DEGF,Good,TK103,MAYA
2025-09-10 01:06:07.185611216+00:00,TK103_VOLUME,40806.48255873086,BBL,Good,TK103,MAYA
2025-09-10 01:06:07.185611216+00:00,TK104_LEVEL,89.55433508836737,PCT,Good,TK104,ARB
2025-09-10 01:06:07.185611216+00:00,TK104_TEMP,84.53038040516476,DEGF,Good,TK104,ARB
2025-09-10 01:06:07.185611216+00:00,TK104_VOLUME,49166.63400050802,BBL,Good,TK104,ARB
2025-09-10 01:06:07.185611216+00:00,TK105_LEVEL,69.2547220201325,PCT,Good,TK105,URALS
2025-09-10 01:06:07.185611216+00:00,TK105_TEMP,85.2216933109595,DEGF,Good,TK105,URALS
2025-09-10 01:06:07.185611216+00:00,TK105_VOLUME,34878.82921284536,BBL,Good,TK105,URALS
2025-09-10 01:06:07.185611216+00:00,VDU_FEED_RATE,18301.62348612823,BPD,Good,VDU001,BLEND_B
2025-09-10 02:23:57.455881486+00:00,CDU_FEED_RATE,43707.77827040584,BPD,Good,CDU001,BLEND_A
2025-09-10 02:23:57.455881486+00:00,CDU_FEED_TEMP,477.81869113251724,DEGF,Good,CDU001,BLEND_A
2025-09-10 02:23:57.455881486+00:00,TK101_LEVEL,84.57321252220468,PCT,Good,TK101,WTI
2025-09-10 02:23:57.455881486+00:00,TK101_TEMP,85.3302743695789,DEGF,Good,TK101,WTI
2025-09-10 02:23:57.455881486+00:00,TK101_VOLUME,45610.595855408596,BBL,Good,TK101,WTI
2025-09-10 02:23:57.455881486+00:00,TK102_LEVEL,67.35776914229692,PCT,Good,TK102,BRENT
2025-09-10 02:23:57.455881486+00:00,TK102_TEMP,84.48539557751742,DEGF,Good,TK102,BRENT
2025-09-10 02:23:57.455881486+00:00,TK102_VOLUME,31767.737938224345,BBL,Good,TK102,BRENT
2025-09-10 02:23:57.455881486+00:00,TK103_LEVEL,88.49154314971646,PCT,Good,TK103,MAYA
2025-09-10 02:23:57.455881486+00:00,TK103_TEMP,85.41609992547619,DEGF,Good,TK103,MAYA
2025-09-10 02:23:57.455881486+00:00,TK103_VOLUME,40328.27710480533,BBL,Good,TK103,MAYA
2025-09-10 02:23:57.455881486+00:00,TK104_LEVEL,88.01978226939593,PCT,Good,TK104,ARB
2025-09-10 02:23:57.455881486+00:00,TK104_TEMP,83.66923980599518,DEGF,Good,TK104,ARB
2025-09-10 02:23:57.455881486+00:00,TK104_VOLUME,48324.142157646726,BBL,Good,TK104,ARB
2025-09-10 02:23:57.455881486+00:00,TK105_LEVEL,69.47304905036526,PCT,Good,TK105,URALS
2025-09-10 02:23:57.455881486+00:00,TK105_TEMP,84.00757957962732,DEGF,Good,TK105,URALS
2025-09-10 02:23:57.455881486+00:00,TK105_VOLUME,34988.78548698682,BBL,Good,TK105,URALS
2025-09-10 02:23:57.455881486+00:00,VDU_FEED_RATE,18073.25426451258,BPD,Good,VDU001,BLEND_B
2025-09-10 03:41:47.726151756+00:00,CDU_FEED_RATE,43694.77599580147,BPD,Good,CDU001,BLEND_A
2025-09-10 03:41:47.726151756+00:00,CDU_FEED_TEMP,478.6893375262575,DEGF,Good,CDU001,BLEND_A
2025-09-10 03:41:47.726151756+00:00,TK101_LEVEL,85.64831063046073,PCT,Good,TK101,WTI
2025-09-10 03:41:47.726151756+00:00,TK101_TEMP,84.28258363367263,DEGF,Good,TK101,WTI
2025-09-10 03:41:47.726151756+00:00,TK101_VOLUME,46190.39960009556,BBL,Good,TK101,WTI
2025-09-10 03:41:47.726151756+00:00,TK102_LEVEL,65.80859543464072,PCT,Good,TK102,BRENT
2025-09-10 03:41:47.726151756+00:00,TK102_TEMP,83.75253093872381,DEGF,Good,TK102,BRENT
2025-09-10 03:41:47.726151756+00:00,TK102_VOLUME,31037.105896927926,BBL,Good,TK102,BRENT
2025-09-10 03:41:47.726151756+00:00,TK103_LEVEL,89.51641127054766,PCT,Good,TK103,MAYA
2025-09-10 03:41:47.726151756+00:00,TK103_TEMP,83.84213516269153,DEGF,Good,TK103,MAYA
2025-09-10 03:41:47.726151756+00:00,TK103_VOLUME,40795.340556313175,BBL,Good,TK103,MAYA
2025-09-10 03:41:47.726151756+00:00,TK104_LEVEL,87.48358649554282,PCT,Good,TK104,ARB
2025-09-10 03:41:47.726151756+00:00,TK104_TEMP,85.44270598597939,DEGF,Good,TK104,ARB
2025-09-10 03:41:47.726151756+00:00,TK104_VOLUME,48029.76287003724,BBL,Good,TK104,ARB
2025-09-10 03:41:47.726151756+00:00,TK105_LEVEL,70.06795820276882,PCT,Good,TK105,URALS
2025-09-10 03:41:47.726151756+00:00,TK105_TEMP,84.24375236936213,DEGF,Good,TK105,URALS
2025-09-10 03:41:47.726151756+00:00,TK105_VOLUME,35288.40021531986,BBL,Good,TK105,URALS
2025-09-10 03:41:47.726151756+00:00,VDU_FEED_RATE,18133.113479799245,BPD,Good,VDU001,BLEND_B
2025-09-10 04:59:37.996422027+00:00,CDU_FEED_RATE,43671.396167066756,BPD,Good,CDU001,BLEND_A
2025-09-10 04:59:37.996422027+00:00,CDU_FEED_TEMP,477.5166818320073,DEGF,Good,CDU001,BLEND_A
2025-09-10 04:59:37.996422027+00:00,TK101_LEVEL,86.813796608456,PCT,Good,TK101,WTI
2025-09-10 04:59:37.996422027+00:00,TK101_TEMP,85.02878626859545,DEGF,Good,TK101,WTI
2025-09-10 04:59:37.996422027+00:00,TK101_VOLUME,46818.94980331187,BBL,Good,TK101,WTI
2025-09-10 04:59:37.996422027+00:00,TK102_LEVEL,68.83118957152999,PCT,Good,TK102,BRENT
2025-09-10 04:59:37.996422027+00:00,TK102_TEMP,84.6059721770039,DEGF,Good,TK102,BRENT
2025-09-10 04:59:37.996422027+00:00,TK102_VOLUME,32462.642693306414,BBL,Good,TK102,BRENT
2025-09-10 04:59:37.996422027+00:00,TK103_LEVEL,89.26551468528548,PCT,Good,TK103,MAYA
2025-09-10 04:59:37.996422027+00:00,TK103_TEMP,84.58146378433378,DEGF,Good,TK103,MAYA
2025-09-10 04:59:37.996422027+00:00,TK103_VOLUME,40680.999381383226,BBL,Good,TK103,MAYA
2025-09-10 04:59:37.996422027+00:00,TK104_LEVEL,90.06684937851804,PCT,Good,TK104,ARB
2025-09-10 04:59:37.996422027+00:00,TK104_TEMP,84.13746988908753,DEGF,Good,TK104,ARB
2025-09-10 04:59:37.996422027+00:00,TK104_VOLUME,49448.011808729185,BBL,Good,TK104,ARB
2025-09-10 04:59:37.996422027+00:00,TK105_LEVEL,70.50537234954146,PCT,Good,TK105,URALS
2025-09-10 04:59:37.996422027+00:00,TK105_TEMP,84.46172335830768,DEGF,Good,TK105,URALS
2025-09-10 04:59:37.996422027+00:00,TK105_VOLUME,35508.695566676986,BBL,Good,TK105,URALS
2025-09-10 04:59:37.996422027+00:00,VDU_FEED_RATE,17714.837620018265,BPD,Good,VDU001,BLEND_B
2025-09-10 06:17:28.266692297+00:00,CDU_FEED_RATE,43771.43674662238,BPD,Good,CDU001,BLEND_A
2025-09-10 06:17:28.266692297+00:00,CDU_FEED_TEMP,476.6519090995515,DEGF,Good,CDU001,BLEND_A
2025-09-10 06:17:28.266692297+00:00,TK101_LEVEL,87.02595977002314,PCT,Good,TK101,WTI
2025-09-10 06:17:28.266692297+00:00,TK101_TEMP,83.9925454819183,DEGF,Good,TK101,WTI
2025-09-10 06:17:28.266692297+00:00,TK101_VOLUME,46933.37005446532,BBL,Good,TK101,WTI
2025-09-10 06:17:28.266692297+00:00,TK102_LEVEL,67.74808762184831,PCT,Good,TK102,BRENT
2025-09-10 06:17:28.266692297+00:00,TK102_TEMP,83.43784651379453,DEGF,Good,TK102,BRENT
2025-09-10 06:17:28.266692297+00:00,TK102_VOLUME,31951.822644839856,BBL,Good,TK102,BRENT
2025-09-10 06:17:28.266692297+00:00,TK103_LEVEL,88.97867258752153,PCT,Good,TK103,MAYA
2025-09-10 06:17:28.266692297+00:00,TK103_TEMP,84.14307010555211,DEGF,Good,TK103,MAYA
2025-09-10 06:17:28.266692297+00:00,TK103_VOLUME,40550.2767474206,BBL,Good,TK103,MAYA
2025-09-10 06:17:28.266692297+00:00,TK104_LEVEL,89.89412223379554,PCT,Good,TK104,ARB
2025-09-10 06:17:28.266692297+00:00,TK104_TEMP,84.23136178640175,DEGF,Good,TK104,ARB
2025-09-10 06:17:28.266692297+00:00,TK104_VOLUME,49353.182091126524,BBL,Good,TK104,ARB
2025-09-10 06:17:28.266692297+00:00,TK105_LEVEL,70.95519954263091,PCT,Good,TK105,URALS
2025-09-10 06:17:28.266692297+00:00,TK105_TEMP,84.23785896087648,DEGF,Good,TK105,URALS
2025-09-10 06:17:28.266692297+00:00,TK105_VOLUME,35735.2425137357,BBL,Good,TK105,URALS
2025-09-10 06:17:28.266692297+00:00,VDU_FEED_RATE,18087.937819418912,BPD,Good,VDU001,BLEND_B
2025-09-10 07:35:18.536962567+00:00,CDU_FEED_RATE,43409.25849314535,BPD,Good,CDU001,BLEND_A
2025-09-10 07:35:18.536962567+00:00,CDU_FEED_TEMP,476.671804220867,DEGF,Good,CDU001,BLEND_A
2025-09-10 07:35:18.536962567+00:00,TK101_LEVEL,87.09703682572547,PCT,Good,TK101,WTI
2025-09-10 07:35:18.536962567+00:00,TK101_TEMP,83.99210091277799,DEGF,Good,TK101,WTI
2025-09-10 07:35:18.536962567+00:00,TK101_VOLUME,46971.702131083315,BBL,Good,TK101,WTI
2025-09-10 07:35:18.536962567+00:00,TK102_LEVEL,68.28371792215844,PCT,Good,TK102,BRENT
2025-09-10 07:35:18.536962567+00:00,TK102_TEMP,83.78338893182233,DEGF,Good,TK102,BRENT
2025-09-10 07:35:18.536962567+00:00,TK102_VOLUME,32204.440319514888,BBL,Good,TK102,BRENT
2025-09-10 07:35:18.536962567+00:00,TK103_LEVEL,89.99188617088603,PCT,Good,TK103,MAYA
2025-09-10 07:35:18.536962567+00:00,TK103_TEMP,83.1410231284696,DEGF,Good,TK103,MAYA
2025-09-10 07:35:18.536962567+00:00,TK103_VOLUME,41012.02887312537,BBL,Good,TK103,MAYA
2025-09-10 07:35:18.536962567+00:00,TK104_LEVEL,90.40590997320808,PCT,Good,TK104,ARB
2025-09-10 07:35:18.536962567+00:00,TK104_TEMP,84.12633437777748,DEGF,Good,TK104,ARB
2025-09-10 07:35:18.536962567+00:00,TK104_VOLUME,49634.16101241285,BBL,Good,TK104,ARB
2025-09-10 07:35:18.536962567+00:00,TK105_LEVEL,71.26128850910202,PCT,Good,TK105,URALS
2025-09-10 07:35:18.536962567+00:00,TK105_TEMP,83.54337765969933,DEGF,Good,TK105,URALS
2025-09-10 07:35:18.536962567+00:00,TK105_VOLUME,35889.39842504494,BBL,Good,TK105,URALS
2025-09-10 07:35:18.536962567+00:00,VDU_FEED_RATE,17843.186323767593,BPD,Good,VDU001,BLEND_B
2025-09-10 08:53:08.807232838+00:00,CDU_FEED_RATE,43538.70444596869,BPD,Good,CDU001,BLEND_A
2025-09-10 08:53:08.807232838+00:00,CDU_FEED_TEMP,475.7102607646288,DEGF,Good,CDU001,BLEND_A
2025-09-10 08:53:08.807232838+00:00,TK101_LEVEL,87.69288391090456,PCT,Good,TK101,WTI
2025-09-10 08:53:08.807232838+00:00,TK101_TEMP,83.99682400488769,DEGF,Good,TK101,WTI
2025-09-10 08:53:08.807232838+00:00,TK101_VOLUME,47293.04431241043,BBL,Good,TK101,WTI
2025-09-10 08:53:08.807232838+00:00,TK102_LEVEL,68.40329598968289,PCT,Good,TK102,BRENT
2025-09-10 08:53:08.807232838+00:00,TK102_TEMP,83.5210609485785,DEGF,Good,TK102,BRENT
2025-09-10 08:53:08.807232838+00:00,TK102_VOLUME,32260.836556513932,BBL,Good,TK102,BRENT
2025-09-10 08:53:08.807232838+00:00,TK103_LEVEL,91.82406146351283,PCT,Good,TK103,MAYA
2025-09-10 08:53:08.807232838+00:00,TK103_TEMP,84.19943615961365,DEGF,Good,TK103,MAYA
2025-09-10 08:53:08.807232838+00:00,TK103_VOLUME,41847.00666055779,BBL,Good,TK103,MAYA
2025-09-10 08:53:08.807232838+00:00,TK104_LEVEL,91.27680195582107,PCT,Good,TK104,ARB
2025-09-10 08:53:08.807232838+00:00,TK104_TEMP,83.63028903548617,DEGF,Good,TK104,ARB
2025-09-10 08:53:08.807232838+00:00,TK104_VOLUME,50112.29339227875,BBL,Good,TK104,ARB
2025-09-10 08:53:08.807232838+00:00,TK105_LEVEL,72.1089010926527,PCT,Good,TK105,URALS
2025-09-10 08:53:08.807232838+00:00,TK105_TEMP,83.40932804000097,DEGF,Good,TK105,URALS
2025-09-10 08:53:08.807232838+00:00,TK105_VOLUME,36316.2824508263,BBL,Good,TK105,URALS
2025-09-10 08:53:08.807232838+00:00,VDU_FEED_RATE,17653.393955363852,BPD,Good,VDU001,BLEND_B
2025-09-10 10:10:59.077503108+00:00,CDU_FEED_RATE,43425.20188374994,BPD,Good,CDU001,BLEND_A
2025-09-10 10:10:59.077503108+00:00,CDU_FEED_TEMP,475.6857056070576,DEGF,Good,CDU001,BLEND_A
2025-09-10 10:10:59.077503108+00:00,TK101_LEVEL,87.94217328300866,PCT,Good,TK101,WTI
2025-09-10 10:10:59.077503108+00:00,TK101_TEMP,85.29118036952224,DEGF,Good,TK101,WTI
2025-09-10 10:10:59.077503108+00:00,TK101_VOLUME,47427.48684407024,BBL,Good,TK101,WTI
2025-09-10 10:10:59.077503108+00:00,TK102_LEVEL,68.71207868414781,PCT,Good,TK102,BRENT
2025-09-10 10:10:59.077503108+00:00,TK102_TEMP,83.78391385952943,DEGF,Good,TK102,BRENT
2025-09-10 10:10:59.077503108+00:00,TK102_VOLUME,32406.466791044084,BBL,Good,TK102,BRENT
2025-09-10 10:10:59.077503108+00:00,TK103_LEVEL,91.34108600226958,PCT,Good,TK103,MAYA
2025-09-10 10:10:59.077503108+00:00,TK103_TEMP,84.33556531024043,DEGF,Good,TK103,MAYA
2025-09-10 10:10:59.077503108+00:00,TK103_VOLUME,41626.90011090835,BBL,Good,TK103,MAYA
2025-09-10 10:10:59.077503108+00:00,TK104_LEVEL,89.83118346535238,PCT,Good,TK104,ARB
2025-09-10 10:10:59.077503108+00:00,TK104_TEMP,83.33796668892778,DEGF,Good,TK104,ARB
2025-09-10 10:10:59.077503108+00:00,TK104_VOLUME,49318.62779077429,BBL,Good,TK104,ARB
2025-09-10 10:10:59.077503108+00:00,TK105_LEVEL,73.0074423251332,PCT,Good,TK105,URALS
2025-09-10 10:10:59.077503108+00:00,TK105_TEMP,84.1958957313898,DEGF,Good,TK105,URALS
2025-09-10 10:10:59.077503108+00:00,TK105_VOLUME,36768.815726164205,BBL,Good,TK105,URALS
2025-09-10 10:10:59.077503108+00:00,VDU_FEED_RATE,17726.331279860115,BPD,Good,VDU001,BLEND_B
2025-09-10 11:28:49.347773378+00:00,CDU_FEED_RATE,43240.28637594934,BPD,Good,CDU001,BLEND_A
2025-09-10 11:28:49.347773378+00:00,CDU_FEED_TEMP,476.5611573870833,DEGF,Good,CDU001,BLEND_A
2025-09-10 11:28:49.347773378+00:00,TK101_LEVEL,88.73429040115519,PCT,Good,TK101,WTI
2025-09-10 11:28:49.347773378+00:00,TK101_TEMP,84.01522946817319,DEGF,Good,TK101,WTI
2025-09-10 11:28:49.347773378+00:00,TK101_VOLUME,47854.678062997235,BBL,Good,TK101,WTI
2025-09-10 11:28:49.347773378+00:00,TK102_LEVEL,70.374977926359,PCT,Good,TK102,BRENT
2025-09-10 11:28:49.347773378+00:00,TK102_TEMP,83.26934164482309,DEGF,Good,TK102,BRENT
2025-09-10 11:28:49.347773378+00:00,TK102_VOLUME,33190.7348571767,BBL,Good,TK102,BRENT
2025-09-10 11:28:49.347773378+00:00,TK103_LEVEL,89.46194999609688,PCT,Good,TK103,MAYA
2025-09-10 11:28:49.347773378+00:00,TK103_TEMP,83.16099847886208,DEGF,Good,TK103,MAYA
2025-09-10 11:28:49.347773378+00:00,TK103_VOLUME,40770.52090361691,BBL,Good,TK103,MAYA
2025-09-10 11:28:49.347773378+00:00,TK104_LEVEL,90.74430367805007,PCT,Good,TK104,ARB
2025-09-10 11:28:49.347773378+00:00,TK104_TEMP,84.65042417328377,DEGF,Good,TK104,ARB
2025-09-10 11:28:49.347773378+00:00,TK104_VOLUME,49819.94408385908,BBL,Good,TK104,ARB
2025-09-10 11:28:49.347773378+00:00,TK105_LEVEL,71.41154734054395,PCT,Good,TK105,URALS
2025-09-10 11:28:49.347773378+00:00,TK105_TEMP,84.18536208707587,DEGF,Good,TK105,URALS
2025-09-10 11:28:49.347773378+00:00,TK105_VOLUME,35965.073439927844,BBL,Good,TK105,URALS
2025-09-10 11:28:49.347773378+00:00,VDU_FEED_RATE,17324.16751864135,BPD,Good,VDU001,BLEND_B
2025-09-10 12:46:39.618043648+00:00,CDU_FEED_RATE,43088.35533700247,BPD,Good,CDU001,BLEND_A
2025-09-10 12:46:39.618043648+00:00,CDU_FEED_TEMP,475.5026991795715,DEGF,Good,CDU001,BLEND_A
2025-09-10 12:46:39.618043648+00:00,TK101_LEVEL,90.42980118199806,PCT,Good,TK101,WTI
2025-09-10 12:46:39.618043648+00:00,TK101_TEMP,83.12396833218149,DEGF,Good,TK101,WTI
2025-09-10 12:46:39.618043648+00:00,TK101_VOLUME,48769.072286501614,BBL,Good,TK101,WTI
2025-09-10 12:46:39.618043648+00:00,TK102_LEVEL,70.31279548478697,PCT,Good,TK102,BRENT
2025-09-10 12:46:39.618043648+00:00,TK102_TEMP,83.34215378362175,DEGF,Good,TK102,BRENT
2025-09-10 12:46:39.618043648+00:00,TK102_VOLUME,33161.40794309726,BBL,Good,TK102,BRENT
2025-09-10 12:46:39.618043648+00:00,TK103_LEVEL,91.33476001920334,PCT,Good,TK103,MAYA
2025-09-10 12:46:39.618043648+00:00,TK103_TEMP,83.47313366321123,DEGF,Good,TK103,MAYA
2025-09-10 12:46:39.618043648+00:00,TK103_VOLUME,41624.01716877653,BBL,Good,TK103,MAYA
2025-09-10 12:46:39.618043648+00:00,TK104_LEVEL,91.07668847549974,PCT,Good,TK104,ARB
2025-09-10 12:46:39.618043648+00:00,TK104_TEMP,83.97920353196609,DEGF,Good,TK104,ARB
2025-09-10 12:46:39.618043648+00:00,TK104_VOLUME,50002.42817764879,BBL,Good,TK104,ARB
2025-09-10 12:46:39.618043648+00:00,TK105_LEVEL,71.96772490886154,PCT,Good,TK105,URALS
2025-09-10 12:46:39.618043648+00:00,TK105_TEMP,84.23367237621818,DEGF,Good,TK105,URALS
2025-09-10 12:46:39.618043648+00:00,TK105_VOLUME,36245.18173942727,BBL,Good,TK105,URALS
2025-09-10 12:46:39.618043648+00:00,VDU_FEED_RATE,17357.40823809501,BPD,Good,VDU001,BLEND_B
2025-09-10 14:04:29.888313919+00:00,CDU_FEED_RATE,42376.7506335763,BPD,Good,CDU001,BLEND_A
2025-09-10 14:04:29.888313919+00:00,CDU_FEED_TEMP,476.21736330753254,DEGF,Good,CDU001,BLEND_A
2025-09-10 14:04:29.888313919+00:00,TK101_LEVEL,86.75646407168382,PCT,Good,TK101,WTI
2025-09-10 14:04:29.888313919+00:00,TK101_TEMP,83.85030856688181,DEGF,Good,TK101,WTI
2025-09-10 14:04:29.888313919+00:00,TK101_VOLUME,46788.03018838776,BBL,Good,TK101,WTI
2025-09-10 14:04:29.888313919+00:00,TK102_LEVEL,71.07345007969602,PCT,Good,TK102,BRENT
2025-09-10 14:04:29.888313919+00:00,TK102_TEMP,83.24774458585487,DEGF,Good,TK102,BRENT
2025-09-10 14:04:29.888313919+00:00,TK102_VOLUME,33520.15313522986,BBL,Good,TK102,BRENT
2025-09-10 14:04:29.888313919+00:00,TK103_LEVEL,93.69711157209443,PCT,Good,TK103,MAYA
2025-09-10 14:04:29.888313919+00:00,TK103_TEMP,82.50313250074002,DEGF,Good,TK103,MAYA
2025-09-10 14:04:29.888313919+00:00,TK103_VOLUME,42700.61233994193,BBL,Good,TK103,MAYA
2025-09-10 14:04:29.888313919+00:00,TK104_LEVEL,90.32220507368213,PCT,Good,TK104,ARB
2025-09-10 14:04:29.888313919+00:00,TK104_TEMP,83.77677823229821,DEGF,Good,TK104,ARB
2025-09-10 14:04:29.888313919+00:00,TK104_VOLUME,49588.20580371211,BBL,Good,TK104,ARB
2025-09-10 14:04:29.888313919+00:00,TK105_LEVEL,71.63468408222138,PCT,Good,TK105,URALS
2025-09-10 14:04:29.888313919+00:00,TK105_TEMP,84.2677748733703,DEGF,Good,TK105,URALS
2025-09-10 14:04:29.888313919+00:00,TK105_VOLUME,36077.45203415302,BBL,Good,TK105,URALS
2025-09-10 14:04:29.888313919+00:00,VDU_FEED_RATE,17498.530854420787,BPD,Good,VDU001,BLEND_B
2025-09-10 15:22:20.158584189+00:00,CDU_FEED_RATE,42608.41350309974,BPD,Good,CDU001,BLEND_A
2025-09-10 15:22:20.158584189+00:00,CDU_FEED_TEMP,474.92783533722354,DEGF,Good,CDU001,BLEND_A
2025-09-10 15:22:20.158584189+00:00,TK101_LEVEL,89.4385695549987,PCT,Good,TK101,WTI
2025-09-10 15:22:20.158584189+00:00,TK101_TEMP,83.07331184364745,DEGF,Good,TK101,WTI
2025-09-10 15:22:20.158584189+00:00,TK101_VOLUME,48234.497995306316,BBL,Good,TK101,WTI
2025-09-10 15:22:20.158584189+00:00,TK102_LEVEL,70.76520455570066,PCT,Good,TK102,BRENT
2025-09-10 15:22:20.158584189+00:00,TK102_TEMP,82.88703423349398,DEGF,Good,TK102,BRENT
2025-09-10 15:22:20.158584189+00:00,TK102_VOLUME,33374.77624475969,BBL,Good,TK102,BRENT
2025-09-10 15:22:20.158584189+00:00,TK103_LEVEL,92.05331822443303,PCT,Good,TK103,MAYA
2025-09-10 15:22:20.158584189+00:00,TK103_TEMP,82.62482488234745,DEGF,Good,TK103,MAYA
2025-09-10 15:22:20.158584189+00:00,TK103_VOLUME,41951.48591194679,BBL,Good,TK103,MAYA
2025-09-10 15:22:20.158584189+00:00,TK104_LEVEL,91.70165876733277,PCT,Good,TK104,ARB
2025-09-10 15:22:20.158584189+00:00,TK104_TEMP,83.54237270804873,DEGF,Good,TK104,ARB
2025-09-10 15:22:20.158584189+00:00,TK104_VOLUME,50345.545968311024,BBL,Good,TK104,ARB
2025-09-10 15:22:20.158584189+00:00,TK105_LEVEL,74.60189681895577,PCT,Good,TK105,URALS
2025-09-10 15:22:20.158584189+00:00,TK105_TEMP,83.32153783035092,DEGF,Good,TK105,URALS
2025-09-10 15:22:20.158584189+00:00,TK105_VOLUME,37571.832536505666,BBL,Good,TK105,URALS
2025-09-10 15:22:20.158584189+00:00,VDU_FEED_RATE,17010.49479150603,BPD,Good,VDU001,BLEND_B
2025-09-10 16:40:10.428854459+00:00,CDU_FEED_RATE,42190.52547418147,BPD,Good,CDU001,BLEND_A
2025-09-10 16:40:10.428854459+00:00,CDU_FEED_TEMP,474.66682612074493,DEGF,Good,CDU001,BLEND_A
2025-09-10 16:40:10.428854459+00:00,TK101_LEVEL,90.19099123235569,PCT,Good,TK101,WTI
2025-09-10 16:40:10.428854459+00:00,TK101_TEMP,82.89799524787911,DEGF,Good,TK101,WTI
2025-09-10 16:40:10.428854459+00:00,TK101_VOLUME,48640.281339882094,BBL,Good,TK101,WTI
2025-09-10 16:40:10.428854459+00:00,TK102_LEVEL,71.62625804773828,PCT,Good,TK102,BRENT
2025-09-10 16:40:10.428854459+00:00,TK102_TEMP,83.38541727357827,DEGF,Good,TK102,BRENT
2025-09-10 16:40:10.428854459+00:00,TK102_VOLUME,33780.87226061879,BBL,Good,TK102,BRENT
2025-09-10 16:40:10.428854459+00:00,TK103_LEVEL,90.80569538602366,PCT,Good,TK103,MAYA
2025-09-10 16:40:10.428854459+00:00,TK103_TEMP,83.66688512813835,DEGF,Good,TK103,MAYA
2025-09-10 16:40:10.428854459+00:00,TK103_VOLUME,41382.90638718326,BBL,Good,TK103,MAYA
2025-09-10 16:40:10.428854459+00:00,TK104_LEVEL,93.6406873668427,PCT,Good,TK104,ARB
2025-09-10 16:40:10.428854459+00:00,TK104_TEMP,82.64121164414888,DEGF,Good,TK104,ARB
2025-09-10 16:40:10.428854459+00:00,TK104_VOLUME,51410.10090442383,BBL,Good,TK104,ARB
2025-09-10 16:40:10.428854459+00:00,TK105_LEVEL,74.32488170326349,PCT,Good,TK105,URALS
2025-09-10 16:40:10.428854459+00:00,TK105_TEMP,82.98727071721392,DEGF,Good,TK105,URALS
2025-09-10 16:40:10.428854459+00:00,TK105_VOLUME,37432.319119546184,BBL,Good,TK105,URALS
2025-09-10 16:40:10.428854459+00:00,VDU_FEED_RATE,17241.261089080013,BPD,Good,VDU001,BLEND_B
2025-09-10 17:58:00.699124729+00:00,CDU_FEED_RATE,41787.85948647222,BPD,Good,CDU001,BLEND_A
2025-09-10 17:58:00.699124729+00:00,CDU_FEED_TEMP,474.72069921789506,DEGF,Good,CDU001,BLEND_A
2025-09-10 17:58:00.699124729+00:00,TK101_LEVEL,90.63559830067625,PCT,Good,TK101,WTI
2025-09-10 17:58:00.699124729+00:00,TK101_TEMP,83.48605126526901,DEGF,Good,TK101,WTI
2025-09-10 17:58:00.699124729+00:00,TK101_VOLUME,48880.059310977886,BBL,Good,TK101,WTI
2025-09-10 17:58:00.699124729+00:00,TK102_LEVEL,71.01933499274196,PCT,Good,TK102,BRENT
2025-09-10 17:58:00.699124729+00:00,TK102_TEMP,83.15094477274167,DEGF,Good,TK102,BRENT
2025-09-10 17:58:00.699124729+00:00,TK102_VOLUME,33494.63100285002,BBL,Good,TK102,BRENT
2025-09-10 17:58:00.699124729+00:00,TK103_LEVEL,94.8243484631863,PCT,Good,TK103,MAYA
2025-09-10 17:58:00.699124729+00:00,TK103_TEMP,82.79854233231923,DEGF,Good,TK103,MAYA
2025-09-10 17:58:00.699124729+00:00,TK103_VOLUME,43214.32834136593,BBL,Good,TK103,MAYA
2025-09-10 17:58:00.699124729+00:00,TK104_LEVEL,92.86677151276562,PCT,Good,TK104,ARB
2025-09-10 17:58:00.699124729+00:00,TK104_TEMP,83.6705156811931,DEGF,Good,TK104,ARB
2025-09-10 17:58:00.699124729+00:00,TK104_VOLUME,50985.20983123288,BBL,Good,TK104,ARB
2025-09-10 17:58:00.699124729+00:00,TK105_LEVEL,74.9049514260117,PCT,Good,TK105,URALS
2025-09-10 17:58:00.699124729+00:00,TK105_TEMP,83.70724605471219,DEGF,Good,TK105,URALS
2025-09-10 17:58:00.699124729+00:00,TK105_VOLUME,37724.46025015958,BBL,Good,TK105,URALS
2025-09-10 17:58:00.699124729+00:00,VDU_FEED_RATE,17166.585054636653,BPD,Good,VDU001,BLEND_B
2025-09-10 19:15:50.969395+00:00,CDU_FEED_RATE,41989.20595552368,BPD,Good,CDU001,BLEND_A
2025-09-10 19:15:50.969395+00:00,CDU_FEED_TEMP,472.78585368596555,DEGF,Good,CDU001,BLEND_A
2025-09-10 19:15:50.969395+00:00,TK101_LEVEL,90.27821513013156,PCT,Good,TK101,WTI
2025-09-10 19:15:50.969395+00:00,TK101_TEMP,82.93642588570798,DEGF,Good,TK101,WTI
2025-09-10 19:15:50.969395+00:00,TK101_VOLUME,48687.32145851711,BBL,Good,TK101,WTI
2025-09-10 19:15:50.969395+00:00,TK102_LEVEL,73.97844097854025,PCT,Good,TK102,BRENT
2025-09-10 19:15:50.969395+00:00,TK102_TEMP,82.87657611919582,DEGF,Good,TK102,BRENT
2025-09-10 19:15:50.969395+00:00,TK102_VOLUME,34890.225077375886,BBL,Good,TK102,BRENT
2025-09-10 19:15:50.969395+00:00,TK103_LEVEL,93.92421748804023,PCT,Good,TK103,MAYA
2025-09-10 19:15:50.969395+00:00,TK103_TEMP,82.36648160435338,DEGF,Good,TK103,MAYA
2025-09-10 19:15:50.969395+00:00,TK103_VOLUME,42804.11138611527,BBL,Good,TK103,MAYA
2025-09-10 19:15:50.969395+00:00,TK104_LEVEL,91.59389748159047,PCT,Good,TK104,ARB
2025-09-10 19:15:50.969395+00:00,TK104_TEMP,82.49931676281653,DEGF,Good,TK104,ARB
2025-09-10 19:15:50.969395+00:00,TK104_VOLUME,50286.38345328271,BBL,Good,TK104,ARB
2025-09-10 19:15:50.969395+00:00,TK105_LEVEL,73.28071107217917,PCT,Good,TK105,URALS
2025-09-10 19:15:50.969395+00:00,TK105_TEMP,83.27741773274819,DEGF,Good,TK105,URALS
2025-09-10 19:15:50.969395+00:00,TK105_VOLUME,36906.442355502986,BBL,Good,TK105,URALS
2025-09-10 19:15:50.969395+00:00,VDU_FEED_RATE,17276.69009637159,BPD,Good,VDU001,BLEND_B
2025-09-10 20:33:41.239665270+00:00,CDU_FEED_RATE,42256.59536446294,BPD,Good,CDU001,BLEND_A
2025-09-10 20:33:41.239665270+00:00,CDU_FEED_TEMP,473.95329190793905,DEGF,Good,CDU001,BLEND_A
2025-09-10 20:33:41.239665270+00:00,TK101_LEVEL,89.18869655655297,PCT,Good,TK101,WTI
2025-09-10 20:33:41.239665270+00:00,TK101_TEMP,82.94957002540617,DEGF,Good,TK101,WTI
2025-09-10 20:33:41.239665270+00:00,TK101_VOLUME,48099.74071215008,BBL,Good,TK101,WTI
2025-09-10 20:33:41.239665270+00:00,TK102_LEVEL,70.4760673482789,PCT,Good,TK102,BRENT
2025-09-10 20:33:41.239665270+00:00,TK102_TEMP,82.5950529014193,DEGF,Good,TK102,BRENT
2025-09-10 20:33:41.239665270+00:00,TK102_VOLUME,33238.41135099131,BBL,Good,TK102,BRENT
2025-09-10 20:33:41.239665270+00:00,TK103_LEVEL,93.46710074699335,PCT,Good,TK103,MAYA
2025-09-10 20:33:41.239665270+00:00,TK103_TEMP,82.92501225037948,DEGF,Good,TK103,MAYA
2025-09-10 20:33:41.239665270+00:00,TK103_VOLUME,42595.789438660984,BBL,Good,TK103,MAYA
2025-09-10 20:33:41.239665270+00:00,TK104_LEVEL,91.67940802534925,PCT,Good,TK104,ARB
2025-09-10 20:33:41.239665270+00:00,TK104_TEMP,82.95192546722559,DEGF,Good,TK104,ARB
2025-09-10 20:33:41.239665270+00:00,TK104_VOLUME,50333.32998695999,BBL,Good,TK104,ARB
2025-09-10 20:33:41.239665270+00:00,TK105_LEVEL,76.79044606100148,PCT,Good,TK105,URALS
2025-09-10 20:33:41.239665270+00:00,TK105_TEMP,82.31905443881648,DEGF,Good,TK105,URALS
2025-09-10 20:33:41.239665270+00:00,TK105_VOLUME,38674.05391593773,BBL,Good,TK105,URALS
2025-09-10 20:33:41.239665270+00:00,VDU_FEED_RATE,16764.83613406278,BPD,Good,VDU001,BLEND_B
2025-09-10 21:51:31.509935540+00:00,CDU_FEED_RATE,41908.480196707205,BPD,Good,CDU001,BLEND_A
2025-09-10 21:51:31.509935540+00:00,CDU_FEED_TEMP,473.5620961443247,DEGF,Good,CDU001,BLEND_A
2025-09-10 21:51:31.509935540+00:00,TK101_LEVEL,91.55286024420488,PCT,Good,TK101,WTI
2025-09-10 21:51:31.509935540+00:00,TK101_TEMP,82.70695430040925,DEGF,Good,TK101,WTI
2025-09-10 21:51:31.509935540+00:00,TK101_VOLUME,49374.74152242689,BBL,Good,TK101,WTI
2025-09-10 21:51:31.509935540+00:00,TK102_LEVEL,73.58438150973161,PCT,Good,TK102,BRENT
2025-09-10 21:51:31.509935540+00:00,TK102_TEMP,83.09823370473661,DEGF,Good,TK102,BRENT
2025-09-10 21:51:31.509935540+00:00,TK102_VOLUME,34704.37601947816,BBL,Good,TK102,BRENT
2025-09-10 21:51:31.509935540+00:00,TK103_LEVEL,93.44514229118332,PCT,Good,TK103,MAYA
2025-09-10 21:51:31.509935540+00:00,TK103_TEMP,82.43875547376109,DEGF,Good,TK103,MAYA
2025-09-10 21:51:31.509935540+00:00,TK103_VOLUME,42585.78230510696,BBL,Good,TK103,MAYA
2025-09-10 21:51:31.509935540+00:00,TK104_LEVEL,95.17946991722168,PCT,Good,TK104,ARB
2025-09-10 21:51:31.509935540+00:00,TK104_TEMP,81.88026673674432,DEGF,Good,TK104,ARB
2025-09-10 21:51:31.509935540+00:00,TK104_VOLUME,52254.9149314187,BBL,Good,TK104,ARB
2025-09-10 21:51:31.509935540+00:00,TK105_LEVEL,74.67609345143521,PCT,Good,TK105,URALS
2025-09-10 21:51:31.509935540+00:00,TK105_TEMP,82.18314385671715,DEGF,Good,TK105,URALS
2025-09-10 21:51:31.509935540+00:00,TK105_VOLUME,37609.200265332394,BBL,Good,TK105,URALS
2025-09-10 21:51:31.509935540+00:00,VDU_FEED_RATE,17097.851229217747,BPD,Good,VDU001,BLEND_B
2025-09-10 23:09:21.780205811+00:00,CDU_FEED_RATE,42169.32917599293,BPD,Good,CDU001,BLEND_A
2025-09-10 23:09:21.780205811+00:00,CDU_FEED_TEMP,474.07277311294047,DEGF,Good,CDU001,BLEND_A
2025-09-10 23:09:21.780205811+00:00,TK101_LEVEL,93.2152462381943,PCT,Good,TK101,WTI
2025-09-10 23:09:21.780205811+00:00,TK101_TEMP,82.7582276583054,DEGF,Good,TK101,WTI
2025-09-10 23:09:21.780205811+00:00,TK101_VOLUME,50271.27144562965,BBL,Good,TK101,WTI
2025-09-10 23:09:21.780205811+00:00,TK102_LEVEL,73.95438290042894,PCT,Good,TK102,BRENT
2025-09-10 23:09:21.780205811+00:00,TK102_TEMP,82.4720189730956,DEGF,Good,TK102,BRENT
2025-09-10 23:09:21.780205811+00:00,TK102_VOLUME,34878.87863983098,BBL,Good,TK102,BRENT
2025-09-10 23:09:21.780205811+00:00,TK103_LEVEL,95.16194322059644,PCT,Good,TK103,MAYA
2025-09-10 23:09:21.780205811+00:00,TK103_TEMP,82.35452526611492,DEGF,Good,TK103,MAYA
2025-09-10 23:09:21.780205811+00:00,TK103_VOLUME,43368.1804999042,BBL,Good,TK103,MAYA
2025-09-10 23:09:21.780205811+00:00,TK104_LEVEL,93.6874061117576,PCT,Good,TK104,ARB
2025-09-10 23:09:21.780205811+00:00,TK104_TEMP,81.56950666967893,DEGF,Good,TK104,ARB
2025-09-10 23:09:21.780205811+00:00,TK104_VOLUME,51435.7501756727,BBL,Good,TK104,ARB
2025-09-10 23:09:21.780205811+00:00,TK105_LEVEL,75.71618143023115,PCT,Good,TK105,URALS
2025-09-10 23:09:21.780205811+00:00,TK105_TEMP,82.83590119568083,DEGF,Good,TK105,URALS
2025-09-10 23:09:21.780205811+00:00,TK105_VOLUME,38133.020878867035,BBL,Good,TK105,URALS
2025-09-10 23:09:21.780205811+00:00,VDU_FEED_RATE,16762.504573652113,BPD,Good,VDU001,BLEND_B
2025-09-11 00:27:12.050476081+00:00,CDU_FEED_RATE,41584.6131914293,BPD,Good,CDU001,BLEND_A
2025-09-11 00:27:12.050476081+00:00,CDU_FEED_TEMP,473.5629510073063,DEGF,Good,CDU001,BLEND_A
2025-09-11 00:27:12.050476081+00:00,TK101_LEVEL,90.20011142909587,PCT,Good,TK101,WTI
2025-09-11 00:27:12.050476081+00:00,TK101_TEMP,82.69270233486682,DEGF,Good,TK101,WTI
2025-09-11 00:27:12.050476081+00:00,TK101_VOLUME,48645.1998902745,BBL,Good,TK101,WTI
2025-09-11 00:27:12.050476081+00:00,TK102_LEVEL,71.98039345372428,PCT,Good,TK102,BRENT
2025-09-11 00:27:12.050476081+00:00,TK102_TEMP,82.32687074223578,DEGF,Good,TK102,BRENT
2025-09-11 00:27:12.050476081+00:00,TK102_VOLUME,33947.89205529523,BBL,Good,TK102,BRENT
2025-09-11 00:27:12.050476081+00:00,TK103_LEVEL,93.78368470056043,PCT,Good,TK103,MAYA
2025-09-11 00:27:12.050476081+00:00,TK103_TEMP,82.8498823989862,DEGF,Good,TK103,MAYA
2025-09-11 00:27:12.050476081+00:00,TK103_VOLUME,42740.06633735612,BBL,Good,TK103,MAYA
2025-09-11 00:27:12.050476081+00:00,TK104_LEVEL,93.37639172629302,PCT,Good,TK104,ARB
2025-09-11 00:27:12.050476081+00:00,TK104_TEMP,82.6393649874753,DEGF,Good,TK104,ARB
2025-09-11 00:27:12.050476081+00:00,TK104_VOLUME,51264.99874924604,BBL,Good,TK104,ARB
2025-09-11 00:27:12.050476081+00:00,TK105_LEVEL,76.64843709378017,PCT,Good,TK105,URALS
2025-09-11 00:27:12.050476081+00:00,TK105_TEMP,82.39158205540674,DEGF,Good,TK105,URALS
2025-09-11 00:27:12.050476081+00:00,TK105_VOLUME,38602.5337889352,BBL,Good,TK105,URALS
2025-09-11 00:27:12.050476081+00:00,VDU_FEED_RATE,16714.276645067155,BPD,Good,VDU001,BLEND_B
2025-09-11 01:45:02.320746351+00:00,CDU_FEED_RATE,42031.675527243795,BPD,Good,CDU001,BLEND_A
2025-09-11 01:45:02.320746351+00:00,CDU_FEED_TEMP,472.2726038349178,DEGF,Good,CDU001,BLEND_A
2025-09-11 01:45:02.320746351+00:00,TK101_LEVEL,92.82641867038333,PCT,Good,TK101,WTI
2025-09-11 01:45:02.320746351+00:00,TK101_TEMP,81.40234215839403,DEGF,Good,TK101,WTI
2025-09-11 01:45:02.320746351+00:00,TK101_VOLUME,50061.57553218411,BBL,Good,TK101,WTI
2025-09-11 01:45:02.320746351+00:00,TK102_LEVEL,75.29044369291898,PCT,Good,TK102,BRENT
2025-09-11 01:45:02.320746351+00:00,TK102_TEMP,82.42317063969081,DEGF,Good,TK102,BRENT
2025-09-11 01:45:02.320746351+00:00,TK102_VOLUME,35509.00089099544,BBL,Good,TK102,BRENT
2025-09-11 01:45:02.320746351+00:00,TK103_LEVEL,95.70254234797575,PCT,Good,TK103,MAYA
2025-09-11 01:45:02.320746351+00:00,TK103_TEMP,81.78995894527957,DEGF,Good,TK103,MAYA
2025-09-11 01:45:02.320746351+00:00,TK103_VOLUME,43614.54789994697,BBL,Good,TK103,MAYA
2025-09-11 01:45:02.320746351+00:00,TK104_LEVEL,93.97842798977078,PCT,Good,TK104,ARB
2025-09-11 01:45:02.320746351+00:00,TK104_TEMP,81.96627599114929,DEGF,Good,TK104,ARB
2025-09-11 01:45:02.320746351+00:00,TK104_VOLUME,51595.52542438954,BBL,Good,TK104,ARB
2025-09-11 01:45:02.320746351+00:00,TK105_LEVEL,75.03569049997887,PCT,Good,TK105,URALS
2025-09-11 01:45:02.320746351+00:00,TK105_TEMP,82.35761064737639,DEGF,Good,TK105,URALS
2025-09-11 01:45:02.320746351+00:00,TK105_VOLUME,37790.304508851725,BBL,Good,TK105,URALS
2025-09-11 01:45:02.320746351+00:00,VDU_FEED_RATE,16557.11187105281,BPD,Good,VDU001,BLEND_B
2025-09-11 03:02:52.591016621+00:00,CDU_FEED_RATE,41347.653766850344,BPD,Good,CDU001,BLEND_A
2025-09-11 03:02:52.591016621+00:00,CDU_FEED_TEMP,473.22761623025593,DEGF,Good,CDU001,BLEND_A
2025-09-11 03:02:52.591016621+00:00,TK101_LEVEL,91.84475553151206,PCT,Good,TK101,WTI
2025-09-11 03:02:52.591016621+00:00,TK101_TEMP,82.59505516554287,DEGF,Good,TK101,WTI
2025-09-11 03:02:52.591016621+00:00,TK101_VOLUME,49532.1615563173,BBL,Good,TK101,WTI
2025-09-11 03:02:52.591016621+00:00,TK102_LEVEL,74.26735046325813,PCT,Good,TK102,BRENT
2025-09-11 03:02:52.591016621+00:00,TK102_TEMP,83.11006217272353,DEGF,Good,TK102,BRENT
2025-09-11 03:02:52.591016621+00:00,TK102_VOLUME,35026.48257098432,BBL,Good,TK102,BRENT
2025-09-11 03:02:52.591016621+00:00,TK103_LEVEL,95.30717130713383,PCT,Good,TK103,MAYA
2025-09-11 03:02:52.591016621+00:00,TK103_TEMP,81.80908622489719,DEGF,Good,TK103,MAYA
2025-09-11 03:02:52.591016621+00:00,TK103_VOLUME,43434.365338690106,BBL,Good,TK103,MAYA
2025-09-11 03:02:52.591016621+00:00,TK104_LEVEL,92.98580209830025,PCT,Good,TK104,ARB
2025-09-11 03:02:52.591016621+00:00,TK104_TEMP,81.26718504558946,DEGF,Good,TK104,ARB
2025-09-11 03:02:52.591016621+00:00,TK104_VOLUME,51050.55935594403,BBL,Good,TK104,ARB
2025-09-11 03:02:52.591016621+00:00,TK105_LEVEL,75.68703599521209,PCT,Good,TK105,URALS
2025-09-11 03:02:52.591016621+00:00,TK105_TEMP,82.79803551359319,DEGF,Good,TK105,URALS
2025-09-11 03:02:52.591016621+00:00,TK105_VOLUME,38118.342332470325,BBL,Good,TK105,URALS
2025-09-11 03:02:52.591016621+00:00,VDU_FEED_RATE,16515.655225552175,BPD,Good,VDU001,BLEND_B
2025-09-11 04:20:42.861286892+00:00,CDU_FEED_RATE,41196.70590737266,BPD,Good,CDU001,BLEND_A
2025-09-11 04:20:42.861286892+00:00,CDU_FEED_TEMP,472.25101440387795,DEGF,Good,CDU001,BLEND_A
2025-09-11 04:20:42.861286892+00:00,TK101_LEVEL,92.30428680201177,PCT,Good,TK101,WTI
2025-09-11 04:20:42.861286892+00:00,TK101_TEMP,81.66205327296166,DEGF,Good,TK101,WTI
2025-09-11 04:20:42.861286892+00:00,TK101_VOLUME,49779.98819594249,BBL,Good,TK101,WTI
2025-09-11 04:20:42.861286892+00:00,TK102_LEVEL,74.43532958034139,PCT,Good,TK102,BRENT
2025-09-11 04:20:42.861286892+00:00,TK102_TEMP,81.4828848788662,DEGF,Good,TK102,BRENT
2025-09-11 04:20:42.861286892+00:00,TK102_VOLUME,35105.706046442996,BBL,Good,TK102,BRENT
2025-09-11 04:20:42.861286892+00:00,TK103_LEVEL,95.20198834010259,PCT,Good,TK103,MAYA
2025-09-11 04:20:42.861286892+00:00,TK103_TEMP,82.23010297895124,DEGF,Good,TK103,MAYA
2025-09-11 04:20:42.861286892+00:00,TK103_VOLUME,43386.43027404822,BBL,Good,TK103,MAYA
2025-09-11 04:20:42.861286892+00:00,TK104_LEVEL,96.07853539533488,PCT,Good,TK104,ARB
2025-09-11 04:20:42.861286892+00:00,TK104_TEMP,82.42336773435034,DEGF,Good,TK104,ARB
2025-09-11 04:20:42.861286892+00:00,TK104_VOLUME,52748.51497055992,BBL,Good,TK104,ARB
2025-09-11 04:20:42.861286892+00:00,TK105_LEVEL,76.60486252153129,PCT,Good,TK105,URALS
2025-09-11 04:20:42.861286892+00:00,TK105_TEMP,82.53258155536932,DEGF,Good,TK105,URALS
2025-09-11 04:20:42.861286892+00:00,TK105_VOLUME,38580.58828082892,BBL,Good,TK105,URALS
2025-09-11 04:20:42.861286892+00:00,VDU_FEED_RATE,16645.983210098853,BPD,Good,VDU001,BLEND_B
2025-09-11 05:38:33.131557162+00:00,CDU_FEED_RATE,40763.4438310507,BPD,Good,CDU001,BLEND_A
2025-09-11 05:38:33.131557162+00:00,CDU_FEED_TEMP,471.71435609291416,DEGF,Good,CDU001,BLEND_A
2025-09-11 05:38:33.131557162+00:00,TK101_LEVEL,91.48628898866417,PCT,Good,TK101,WTI
2025-09-11 05:38:33.131557162+00:00,TK101_TEMP,81.32357244415824,DEGF,Good,TK101,WTI
2025-09-11 05:38:33.131557162+00:00,TK101_VOLUME,49338.839437812836,BBL,Good,TK101,WTI
2025-09-11 05:38:33.131557162+00:00,TK102_LEVEL,73.66578911207186,PCT,Good,TK102,BRENT
2025-09-11 05:38:33.131557162+00:00,TK102_TEMP,82.42965045846563,DEGF,Good,TK102,BRENT
2025-09-11 05:38:33.131557162+00:00,TK102_VOLUME,34742.77003712831,BBL,Good,TK102,BRENT
2025-09-11 05:38:33.131557162+00:00,TK103_LEVEL,95.27639757147833,PCT,Good,TK103,MAYA
2025-09-11 05:38:33.131557162+00:00,TK103_TEMP,82.52942690731206,DEGF,Good,TK103,MAYA
2025-09-11 05:38:33.131557162+00:00,TK103_VOLUME,43420.3408150476,BBL,Good,TK103,MAYA
2025-09-11 05:38:33.131557162+00:00,TK104_LEVEL,94.43596365976472,PCT,Good,TK104,ARB
2025-09-11 05:38:33.131557162+00:00,TK104_TEMP,83.10476239746335,DEGF,Good,TK104,ARB
2025-09-11 05:38:33.131557162+00:00,TK104_VOLUME,51846.71916957867,BBL,Good,TK104,ARB
2025-09-11 05:38:33.131557162+00:00,TK105_LEVEL,79.45674017392263,PCT,Good,TK105,URALS
2025-09-11 05:38:33.131557162+00:00,TK105_TEMP,82.70965863614717,DEGF,Good,TK105,URALS
2025-09-11 05:38:33.131557162+00:00,TK105_VOLUME,40016.88245214581,BBL,Good,TK105,URALS
2025-09-11 05:38:33.131557162+00:00,VDU_FEED_RATE,16402.604187167868,BPD,Good,VDU001,BLEND_B
2025-09-11 06:56:23.401827432+00:00,CDU_FEED_RATE,41257.655033238494,BPD,Good,CDU001,BLEND_A
2025-09-11 06:56:23.401827432+00:00,CDU_FEED_TEMP,472.0585803217662,DEGF,Good,CDU001,BLEND_A
2025-09-11 06:56:23.401827432+00:00,TK101_LEVEL,92.35919775152732,PCT,Good,TK101,WTI
2025-09-11 06:56:23.401827432+00:00,TK101_TEMP,81.90755418200283,DEGF,Good,TK101,WTI
2025-09-11 06:56:23.401827432+00:00,TK101_VOLUME,49809.60184134744,BBL,Good,TK101,WTI
2025-09-11 06:56:23.401827432+00:00,TK102_LEVEL,73.57500719134237,PCT,Good,TK102,BRENT
2025-09-11 06:56:23.401827432+00:00,TK102_TEMP,80.9901742233131,DEGF,Good,TK102,BRENT
2025-09-11 06:56:23.401827432+00:00,TK102_VOLUME,34699.95483846621,BBL,Good,TK102,BRENT
2025-09-11 06:56:23.401827432+00:00,TK103_LEVEL,95.11038115394362,PCT,Good,TK103,MAYA
2025-09-11 06:56:23.401827432+00:00,TK103_TEMP,82.55583995467708,DEGF,Good,TK103,MAYA
2025-09-11 06:56:23.401827432+00:00,TK103_VOLUME,43344.682104034284,BBL,Good,TK103,MAYA
2025-09-11 06:56:23.401827432+00:00,TK104_LEVEL,96.35088454960425,PCT,Good,TK104,ARB
2025-09-11 06:56:23.401827432+00:00,TK104_TEMP,82.6315399332222,DEGF,Good,TK104,ARB
2025-09-11 06:56:23.401827432+00:00,TK104_VOLUME,52898.03862204029,BBL,Good,TK104,ARB
2025-09-11 06:56:23.401827432+00:00,TK105_LEVEL,77.054858265825,PCT,Good,TK105,URALS
2025-09-11 06:56:23.401827432+00:00,TK105_TEMP,80.97099175074548,DEGF,Good,TK105,URALS
2025-09-11 06:56:23.401827432+00:00,TK105_VOLUME,38807.22011550966,BBL,Good,TK105,URALS
2025-09-11 06:56:23.401827432+00:00,VDU_FEED_RATE,16582.542715789263,BPD,Good,VDU001,BLEND_B
2025-09-11 08:14:13.672097702+00:00,CDU_FEED_RATE,40755.84265471422,BPD,Good,CDU001,BLEND_A
2025-09-11 08:14:13.672097702+00:00,CDU_FEED_TEMP,471.66136319606676,DEGF,Good,CDU001,BLEND_A
2025-09-11 08:14:13.672097702+00:00,TK101_LEVEL,94.12873831202548,PCT,Good,TK101,WTI
2025-09-11 08:14:13.672097702+00:00,TK101_TEMP,81.87118069748321,DEGF,Good,TK101,WTI
2025-09-11 08:14:13.672097702+00:00,TK101_VOLUME,50763.92055465686,BBL,Good,TK101,WTI
2025-09-11 08:14:13.672097702+00:00,TK102_LEVEL,73.71786431596476,PCT,Good,TK102,BRENT
2025-09-11 08:14:13.672097702+00:00,TK102_TEMP,81.9378267749403,DEGF,Good,TK102,BRENT
2025-09-11 08:14:13.672097702+00:00,TK102_VOLUME,34767.330105720466,BBL,Good,TK102,BRENT
2025-09-11 08:14:13.672097702+00:00,TK103_LEVEL,96.4660291043104,PCT,Good,TK103,MAYA
2025-09-11 08:14:13.672097702+00:00,TK103_TEMP,81.49665933564518,DEGF,Good,TK103,MAYA
2025-09-11 08:14:13.672097702+00:00,TK103_VOLUME,43962.491944986614,BBL,Good,TK103,MAYA
2025-09-11 08:14:13.672097702+00:00,TK104_LEVEL,95.17017452975647,PCT,Good,TK104,ARB
2025-09-11 08:14:13.672097702+00:00,TK104_TEMP,81.70053125319315,DEGF,Good,TK104,ARB
2025-09-11 08:14:13.672097702+00:00,TK104_VOLUME,52249.81162834639,BBL,Good,TK104,ARB
2025-09-11 08:14:13.672097702+00:00,TK105_LEVEL,78.49513446704702,PCT,Good,TK105,URALS
2025-09-11 08:14:13.672097702+00:00,TK105_TEMP,81.95588915443659,DEGF,Good,TK105,URALS
2025-09-11 08:14:13.672097702+00:00,TK105_VOLUME,39532.58794858168,BBL,Good,TK105,URALS
2025-09-11 08:14:13.672097702+00:00,VDU_FEED_RATE,16357.816212603451,BPD,Good,VDU001,BLEND_B
2025-09-11 09:32:03.942367973+00:00,CDU_FEED_RATE,40625.72197996302,BPD,Good,CDU001,BLEND_A
2025-09-11 09:32:03.942367973+00:00,CDU_FEED_TEMP,472.34420043664466,DEGF,Good,CDU001,BLEND_A
2025-09-11 09:32:03.942367973+00:00,TK101_LEVEL,93.52668524824303,PCT,Good,TK101,WTI
2025-09-11 09:32:03.942367973+00:00,TK101_TEMP,81.37527389198223,DEGF,Good,TK101,WTI
2025-09-11 09:32:03.942367973+00:00,TK101_VOLUME,50439.231469818296,BBL,Good,TK101,WTI
2025-09-11 09:32:03.942367973+00:00,TK102_LEVEL,74.4331400282527,PCT,Good,TK102,BRENT
2025-09-11 09:32:03.942367973+00:00,TK102_TEMP,82.50956838807274,DEGF,Good,TK102,BRENT
2025-09-11 09:32:03.942367973+00:00,TK102_VOLUME,35104.67339471118,BBL,Good,TK102,BRENT
2025-09-11 09:32:03.942367973+00:00,TK103_LEVEL,94.6703824409281,PCT,Good,TK103,MAYA
2025-09-11 09:32:03.942367973+00:00,TK103_TEMP,82.1907154577282,DEGF,Good,TK103,MAYA
2025-09-11 09:32:03.942367973+00:00,TK103_VOLUME,43144.161360552316,BBL,Good,TK103,MAYA
2025-09-11 09:32:03.942367973+00:00,TK104_LEVEL,96.66339107880638,PCT,Good,TK104,ARB
2025-09-11 09:32:03.942367973+00:00,TK104_TEMP,81.72644962761684,DEGF,Good,TK104,ARB
2025-09-11 09:32:03.942367973+00:00,TK104_VOLUME,53069.60925710658,BBL,Good,TK104,ARB
2025-09-11 09:32:03.942367973+00:00,TK105_LEVEL,78.20978275053706,PCT,Good,TK105,URALS
2025-09-11 09:32:03.942367973+00:00,TK105_TEMP,82.06937123546697,DEGF,Good,TK105,URALS
2025-09-11 09:32:03.942367973+00:00,TK105_VOLUME,39388.87596049732,BBL,Good,TK105,URALS
2025-09-11 09:32:03.942367973+00:00,VDU_FEED_RATE,16242.112719176519,BPD,Good,VDU001,BLEND_B
2025-09-11 10:49:54.212638243+00:00,CDU_FEED_RATE,41018.76013913392,BPD,Good,CDU001,BLEND_A
2025-09-11 10:49:54.212638243+00:00,CDU_FEED_TEMP,471.56721601063214,DEGF,Good,CDU001,BLEND_A
2025-09-11 10:49:54.212638243+00:00,TK101_LEVEL,94.77173792092968,PCT,Good,TK101,WTI
2025-09-11 10:49:54.212638243+00:00,TK101_TEMP,82.03079980265782,DEGF,Good,TK101,WTI
2025-09-11 10:49:54.212638243+00:00,TK101_VOLUME,51110.69223829387,BBL,Good,TK101,WTI
2025-09-11 10:49:54.212638243+00:00,TK102_LEVEL,75.53919201623148,PCT,Good,TK102,BRENT
2025-09-11 10:49:54.212638243+00:00,TK102_TEMP,81.85961813605749,DEGF,Good,TK102,BRENT
2025-09-11 10:49:54.212638243+00:00,TK102_VOLUME,35626.31729930567,BBL,Good,TK102,BRENT
2025-09-11 10:49:54.212638243+00:00,TK103_LEVEL,94.00919645546412,PCT,Good,TK103,MAYA
2025-09-11 10:49:54.212638243+00:00,TK103_TEMP,81.22321272708864,DEGF,Good,TK103,MAYA
2025-09-11 10:49:54.212638243+00:00,TK103_VOLUME,42842.83887604674,BBL,Good,TK103,MAYA
2025-09-11 10:49:54.212638243+00:00,TK104_LEVEL,95.58594991254543,PCT,Good,TK104,ARB
2025-09-11 10:49:54.212638243+00:00,TK104_TEMP,82.05913700221579,DEGF,Good,TK104,ARB
2025-09-11 10:49:54.212638243+00:00,TK104_VOLUME,52478.07836777151,BBL,Good,TK104,ARB
2025-09-11 10:49:54.212638243+00:00,TK105_LEVEL,77.46751595110405,PCT,Good,TK105,URALS
2025-09-11 10:49:54.212638243+00:00,TK105_TEMP,80.85199094548,DEGF,Good,TK105,URALS
2025-09-11 10:49:54.212638243+00:00,TK105_VOLUME,39015.047343868646,BBL,Good,TK105,URALS
2025-09-11 10:49:54.212638243+00:00,VDU_FEED_RATE,16283.250105801651,BPD,Good,VDU001,BLEND_B
2025-09-11 12:07:44.482908513+00:00,CDU_FEED_RATE,40903.9381168095,BPD,Good,CDU001,BLEND_A
2025-09-11 12:07:44.482908513+00:00,CDU_FEED_TEMP,471.331594359664,DEGF,Good,CDU001,BLEND_A
2025-09-11 12:07:44.482908513+00:00,TK101_LEVEL,94.29209894208785,PCT,Good,TK101,WTI
2025-09-11 12:07:44.482908513+00:00,TK101_TEMP,80.83788699202663,DEGF,Good,TK101,WTI
2025-09-11 12:07:44.482908513+00:00,TK101_VOLUME,50852.0214491866,BBL,Good,TK101,WTI
2025-09-11 12:07:44.482908513+00:00,TK102_LEVEL,74.39458069664943,PCT,Good,TK102,BRENT
2025-09-11 12:07:44.482908513+00:00,TK102_TEMP,81.59428711448197,DEGF,Good,TK102,BRENT
2025-09-11 12:07:44.482908513+00:00,TK102_VOLUME,35086.4877754865,BBL,Good,TK102,BRENT
2025-09-11 12:07:44.482908513+00:00,TK103_LEVEL,96.32082244277724,PCT,Good,TK103,MAYA
2025-09-11 12:07:44.482908513+00:00,TK103_TEMP,82.42207924866548,DEGF,Good,TK103,MAYA
2025-09-11 12:07:44.482908513+00:00,TK103_VOLUME,43896.31687022422,BBL,Good,TK103,MAYA
2025-09-11 12:07:44.482908513+00:00,TK104_LEVEL,96.25774881396187,PCT,Good,TK104,ARB
2025-09-11 12:07:44.482908513+00:00,TK104_TEMP,82.07003858512954,DEGF,Good,TK104,ARB
2025-09-11 12:07:44.482908513+00:00,TK104_VOLUME,52846.9057469854,BBL,Good,TK104,ARB
2025-09-11 12:07:44.482908513+00:00,TK105_LEVEL,76.18557088056927,PCT,Good,TK105,URALS
2025-09-11 12:07:44.482908513+00:00,TK105_TEMP,81.1815267545571,DEGF,Good,TK105,URALS
2025-09-11 12:07:44.482908513+00:00,TK105_VOLUME,38369.41998632278,BBL,Good,TK105,URALS
2025-09-11 12:07:44.482908513+00:00,VDU_FEED_RATE,16349.279623774793,BPD,Good,VDU001,BLEND_B
2025-09-11 13:25:34.753178783+00:00,CDU_FEED_RATE,40818.38355105483,BPD,Good,CDU001,BLEND_A
2025-09-11 13:25:34.753178783+00:00,CDU_FEED_TEMP,471.52106495993206,DEGF,Good,CDU001,BLEND_A
2025-09-11 13:25:34.753178783+00:00,TK101_LEVEL,93.60874459011113,PCT,Good,TK101,WTI
2025-09-11 13:25:34.753178783+00:00,TK101_TEMP,81.19964082916836,DEGF,Good,TK101,WTI
2025-09-11 13:25:34.753178783+00:00,TK101_VOLUME,50483.48632743204,BBL,Good,TK101,WTI
2025-09-11 13:25:34.753178783+00:00,TK102_LEVEL,73.35679371372213,PCT,Good,TK102,BRENT
2025-09-11 13:25:34.753178783+00:00,TK102_TEMP,81.1228879691531,DEGF,Good,TK102,BRENT
2025-09-11 13:25:34.753178783+00:00,TK102_VOLUME,34597.03948571776,BBL,Good,TK102,BRENT
2025-09-11 13:25:34.753178783+00:00,TK103_LEVEL,96.39259150602331,PCT,Good,TK103,MAYA
2025-09-11 13:25:34.753178783+00:00,TK103_TEMP,80.83622719084478,DEGF,Good,TK103,MAYA
2025-09-11 13:25:34.753178783+00:00,TK103_VOLUME,43929.024206621805,BBL,Good,TK103,MAYA
2025-09-11 13:25:34.753178783+00:00,TK104_LEVEL,96.17858005525252,PCT,Good,TK104,ARB
2025-09-11 13:25:34.753178783+00:00,TK104_TEMP,81.23134484414179,DEGF,Good,TK104,ARB
2025-09-11 13:25:34.753178783+00:00,TK104_VOLUME,52803.44094564557,BBL,Good,TK104,ARB
2025-09-11 13:25:34.753178783+00:00,TK105_LEVEL,78.28949112108958,PCT,Good,TK105,URALS
2025-09-11 13:25:34.753178783+00:00,TK105_TEMP,80.98287012239018,DEGF,Good,TK105,URALS
2025-09-11 13:25:34.753178783+00:00,TK105_VOLUME,39429.01957182431,BBL,Good,TK105,URALS
2025-09-11 13:25:34.753178783+00:00,VDU_FEED_RATE,16233.016196884702,BPD,Good,VDU001,BLEND_B
2025-09-11 14:43:25.023449054+00:00,CDU_FEED_RATE,40370.96062460974,BPD,Good,CDU001,BLEND_A
2025-09-11 14:43:25.023449054+00:00,CDU_FEED_TEMP,471.4694526252933,DEGF,Good,CDU001,BLEND_A
2025-09-11 14:43:25.023449054+00:00,TK101_LEVEL,94.94816070860011,PCT,Good,TK101,WTI
2025-09-11 14:43:25.023449054+00:00,TK101_TEMP,81.00527475916212,DEGF,Good,TK101,WTI
2025-09-11 14:43:25.023449054+00:00,TK101_VOLUME,51205.83759493984,BBL,Good,TK101,WTI
2025-09-11 14:43:25.023449054+00:00,TK102_LEVEL,75.12723267049516,PCT,Good,TK102,BRENT
2025-09-11 14:43:25.023449054+00:00,TK102_TEMP,81.3132354268729,DEGF,Good,TK102,BRENT
2025-09-11 14:43:25.023449054+00:00,TK102_VOLUME,35432.02617738763,BBL,Good,TK102,BRENT
2025-09-11 14:43:25.023449054+00:00,TK103_LEVEL,96.2761626017187,PCT,Good,TK103,MAYA
2025-09-11 14:43:25.023449054+00:00,TK103_TEMP,81.96195123202448,DEGF,Good,TK103,MAYA
2025-09-11 14:43:25.023449054+00:00,TK103_VOLUME,43875.96402766367,BBL,Good,TK103,MAYA
2025-09-11 14:43:25.023449054+00:00,TK104_LEVEL,96.11734634666692,PCT,Good,TK104,ARB
2025-09-11 14:43:25.023449054+00:00,TK104_TEMP,81.3148006844909,DEGF,Good,TK104,ARB
2025-09-11 14:43:25.023449054+00:00,TK104_VOLUME,52769.822747983206,BBL,Good,TK104,ARB
2025-09-11 14:43:25.023449054+00:00,TK105_LEVEL,75.76619543987407,PCT,Good,TK105,URALS
2025-09-11 14:43:25.023449054+00:00,TK105_TEMP,81.30856091215857,DEGF,Good,TK105,URALS
2025-09-11 14:43:25.023449054+00:00,TK105_VOLUME,38158.209487668006,BBL,Good,TK105,URALS
2025-09-11 14:43:25.023449054+00:00,VDU_FEED_RATE,16235.03046885334,BPD,Good,VDU001,BLEND_B
2025-09-11 16:01:15.293719324+00:00,CDU_FEED_RATE,40380.13677161426,BPD,Good,CDU001,BLEND_A
2025-09-11 16:01:15.293719324+00:00,CDU_FEED_TEMP,471.1775640230298,DEGF,Good,CDU001,BLEND_A
2025-09-11 16:01:15.293719324+00:00,TK101_LEVEL,93.65731414992754,PCT,Good,TK101,WTI
2025-09-11 16:01:15.293719324+00:00,TK101_TEMP,81.16949181795808,DEGF,Good,TK101,WTI
2025-09-11 16:01:15.293719324+00:00,TK101_VOLUME,50509.680041701555,BBL,Good,TK101,WTI
2025-09-11 16:01:15.293719324+00:00,TK102_LEVEL,75.23805116326189,PCT,Good,TK102,BRENT
2025-09-11 16:01:15.293719324+00:00,TK102_TEMP,81.06675404542607,DEGF,Good,TK102,BRENT
2025-09-11 16:01:15.293719324+00:00,TK102_VOLUME,35484.291163026995,BBL,Good,TK102,BRENT
2025-09-11 16:01:15.293719324+00:00,TK103_LEVEL,96.2177446275819,PCT,Good,TK103,MAYA
2025-09-11 16:01:15.293719324+00:00,TK103_TEMP,80.86454239971837,DEGF,Good,TK103,MAYA
2025-09-11 16:01:15.293719324+00:00,TK103_VOLUME,43849.34118705048,BBL,Good,TK103,MAYA
2025-09-11 16:01:15.293719324+00:00,TK104_LEVEL,95.85608456635458,PCT,Good,TK104,ARB
2025-09-11 16:01:15.293719324+00:00,TK104_TEMP,81.34309285651001,DEGF,Good,TK104,ARB
2025-09-11 16:01:15.293719324+00:00,TK104_VOLUME,52626.38622625299,BBL,Good,TK104,ARB
2025-09-11 16:01:15.293719324+00:00,TK105_LEVEL,78.87927571395613,PCT,Good,TK105,URALS
2025-09-11 16:01:15.293719324+00:00,TK105_TEMP,82.00671243747477,DEGF,Good,TK105,URALS
2025-09-11 16:01:15.293719324+00:00,TK105_VOLUME,39726.05341279446,BBL,Good,TK105,URALS
2025-09-11 16:01:15.293719324+00:00,VDU_FEED_RATE,16283.466301699798,BPD,Good,VDU001,BLEND_B
2025-09-11 17:19:05.563989594+00:00,CDU_FEED_RATE,40314.603253447516,BPD,Good,CDU001,BLEND_A
2025-09-11 17:19:05.563989594+00:00,CDU_FEED_TEMP,471.3688654421505,DEGF,Good,CDU001,BLEND_A
2025-09-11 17:19:05.563989594+00:00,TK101_LEVEL,94.03990161552163,PCT,Good,TK101,WTI
2025-09-11 17:19:05.563989594+00:00,TK101_TEMP,81.22777917325472,DEGF,Good,TK101,WTI
2025-09-11 17:19:05.563989594+00:00,TK101_VOLUME,50716.010648665026,BBL,Good,TK101,WTI
2025-09-11 17:19:05.563989594+00:00,TK102_LEVEL,74.9651523928502,PCT,Good,TK102,BRENT
2025-09-11 17:19:05.563989594+00:00,TK102_TEMP,80.69535872696542,DEGF,Good,TK102,BRENT
2025-09-11 17:19:05.563989594+00:00,TK102_VOLUME,35355.584753469586,BBL,Good,TK102,BRENT
2025-09-11 17:19:05.563989594+00:00,TK103_LEVEL,95.48306832716162,PCT,Good,TK103,MAYA
2025-09-11 17:19:05.563989594+00:00,TK103_TEMP,82.0949702583284,DEGF,Good,TK103,MAYA
2025-09-11 17:19:05.563989594+00:00,TK103_VOLUME,43514.52693959686,BBL,Good,TK103,MAYA
2025-09-11 17:19:05.563989594+00:00,TK104_LEVEL,95.26889182059162,PCT,Good,TK104,ARB
2025-09-11 17:19:05.563989594+00:00,TK104_TEMP,81.36528519107053,DEGF,Good,TK104,ARB
2025-09-11 17:19:05.563989594+00:00,TK104_VOLUME,52304.0088584774,BBL,Good,TK104,ARB
2025-09-11 17:19:05.563989594+00:00,TK105_LEVEL,77.4719983460326,PCT,Good,TK105,URALS
2025-09-11 17:19:05.563989594+00:00,TK105_TEMP,82.09964173326355,DEGF,Good,TK105,URALS
2025-09-11 17:19:05.563989594+00:00,TK105_VOLUME,39017.30481718768,BBL,Good,TK105,URALS
2025-09-11 17:19:05.563989594+00:00,VDU_FEED_RATE,16300.086107887859,BPD,Good,VDU001,BLEND_B
2025-09-11 18:36:55.834259865+00:00,CDU_FEED_RATE,40467.269323408975,BPD,Good,CDU001,BLEND_A
2025-09-11 18:36:55.834259865+00:00,CDU_FEED_TEMP,470.8476207629387,DEGF,Good,CDU001,BLEND_A
2025-09-11 18:36:55.834259865+00:00,TK101_LEVEL,92.88844570897265,PCT,Good,TK101,WTI
2025-09-11 18:36:55.834259865+00:00,TK101_TEMP,80.48046347056776,DEGF,Good,TK101,WTI
2025-09-11 18:36:55.834259865+00:00,TK101_VOLUME,50095.02690650033,BBL,Good,TK101,WTI
2025-09-11 18:36:55.834259865+00:00,TK102_LEVEL,75.0290949947102,PCT,Good,TK102,BRENT
2025-09-11 18:36:55.834259865+00:00,TK102_TEMP,80.83947213764209,DEGF,Good,TK102,BRENT
2025-09-11 18:36:55.834259865+00:00,TK102_VOLUME,35385.74180654368,BBL,Good,TK102,BRENT
2025-09-11 18:36:55.834259865+00:00,TK103_LEVEL,96.5641946336675,PCT,Good,TK103,MAYA
2025-09-11 18:36:55.834259865+00:00,TK103_TEMP,81.28007030980577,DEGF,Good,TK103,MAYA
2025-09-11 18:36:55.834259865+00:00,TK103_VOLUME,44007.22895068393,BBL,Good,TK103,MAYA
2025-09-11 18:36:55.834259865+00:00,TK104_LEVEL,97.39028045206285,PCT,Good,TK104,ARB
2025-09-11 18:36:55.834259865+00:00,TK104_TEMP,80.9178717243739,DEGF,Good,TK104,ARB
2025-09-11 18:36:55.834259865+00:00,TK104_VOLUME,53468.68210755535,BBL,Good,TK104,ARB
2025-09-11 18:36:55.834259865+00:00,TK105_LEVEL,74.59487271429897,PCT,Good,TK105,URALS
2025-09-11 18:36:55.834259865+00:00,TK105_TEMP,80.57726616884288,DEGF,Good,TK105,URALS
2025-09-11 18:36:55.834259865+00:00,TK105_VOLUME,37568.294979216415,BBL,Good,TK105,URALS
2025-09-11 18:36:55.834259865+00:00,VDU_FEED_RATE,16097.057975546759,BPD,Good,VDU001,BLEND_B
2025-09-11 19:54:46.104530135+00:00,CDU_FEED_RATE,40607.5574934273,BPD,Good,CDU001,BLEND_A
2025-09-11 19:54:46.104530135+00:00,CDU_FEED_TEMP,470.5221583849708,DEGF,Good,CDU001,BLEND_A
2025-09-11 19:54:46.104530135+00:00,TK101_LEVEL,93.20423162512687,PCT,Good,TK101,WTI
2025-09-11 19:54:46.104530135+00:00,TK101_TEMP,81.24312885628818,DEGF,Good,TK101,WTI
2025-09-11 19:54:46.104530135+00:00,TK101_VOLUME,50265.331230635566,BBL,Good,TK101,WTI
2025-09-11 19:54:46.104530135+00:00,TK102_LEVEL,73.96533710478771,PCT,Good,TK102,BRENT
2025-09-11 19:54:46.104530135+00:00,TK102_TEMP,80.98017809787329,DEGF,Good,TK102,BRENT
2025-09-11 19:54:46.104530135+00:00,TK102_VOLUME,34884.04493761403,BBL,Good,TK102,BRENT
2025-09-11 19:54:46.104530135+00:00,TK103_LEVEL,95.68382294928773,PCT,Good,TK103,MAYA
2025-09-11 19:54:46.104530135+00:00,TK103_TEMP,80.37297925285596,DEGF,Good,TK103,MAYA
2025-09-11 19:54:46.104530135+00:00,TK103_VOLUME,43606.016902852156,BBL,Good,TK103,MAYA
2025-09-11 19:54:46.104530135+00:00,TK104_LEVEL,94.5205779221544,PCT,Good,TK104,ARB
2025-09-11 19:54:46.104530135+00:00,TK104_TEMP,80.8209448950257,DEGF,Good,TK104,ARB
2025-09-11 19:54:46.104530135+00:00,TK104_VOLUME,51893.173631733196,BBL,Good,TK104,ARB
2025-09-11 19:54:46.104530135+00:00,TK105_LEVEL,76.85725931332561,PCT,Good,TK105,URALS
2025-09-11 19:54:46.104530135+00:00,TK105_TEMP,81.14426614280686,DEGF,Good,TK105,URALS
2025-09-11 19:54:46.104530135+00:00,TK105_VOLUME,38707.703145174266,BBL,Good,TK105,URALS
2025-09-11 19:54:46.104530135+00:00,VDU_FEED_RATE,15979.055411204852,BPD,Good,VDU001,BLEND_B
2025-09-11 21:12:36.374800405+00:00,CDU_FEED_RATE,40264.24365798467,BPD,Good,CDU001,BLEND_A
2025-09-11 21:12:36.374800405+00:00,CDU_FEED_TEMP,470.96400006941417,DEGF,Good,CDU001,BLEND_A
2025-09-11 21:12:36.374800405+00:00,TK101_LEVEL,92.37259409862824,PCT,Good,TK101,WTI
2025-09-11 21:12:36.374800405+00:00,TK101_TEMP,80.80959418676609,DEGF,Good,TK101,WTI
2025-09-11 21:12:36.374800405+00:00,TK101_VOLUME,49816.826532893814,BBL,Good,TK101,WTI
2025-09-11 21:12:36.374800405+00:00,TK102_LEVEL,73.2396081804758,PCT,Good,TK102,BRENT
2025-09-11 21:12:36.374800405+00:00,TK102_TEMP,80.39448446833342,DEGF,Good,TK102,BRENT
2025-09-11 21:12:36.374800405+00:00,TK102_VOLUME,34541.77163231757,BBL,Good,TK102,BRENT
2025-09-11 21:12:36.374800405+00:00,TK103_LEVEL,95.17459962788796,PCT,Good,TK103,MAYA
2025-09-11 21:12:36.374800405+00:00,TK103_TEMP,80.51697376282749,DEGF,Good,TK103,MAYA
2025-09-11 21:12:36.374800405+00:00,TK103_VOLUME,43373.948408138545,BBL,Good,TK103,MAYA
2025-09-11 21:12:36.374800405+00:00,TK104_LEVEL,95.36415466225432,PCT,Good,TK104,ARB
2025-09-11 21:12:36.374800405+00:00,TK104_TEMP,81.46800916747593,DEGF,Good,TK104,ARB
2025-09-11 21:12:36.374800405+00:00,TK104_VOLUME,52356.3095457111,BBL,Good,TK104,ARB
2025-09-11 21:12:36.374800405+00:00,TK105_LEVEL,77.78404534194125,PCT,Good,TK105,URALS
2025-09-11 21:12:36.374800405+00:00,TK105_TEMP,81.05749192866989,DEGF,Good,TK105,URALS
2025-09-11 21:12:36.374800405+00:00,TK105_VOLUME,39174.461377191124,BBL,Good,TK105,URALS
2025-09-11 21:12:36.374800405+00:00,VDU_FEED_RATE,16095.615319457847,BPD,Good,VDU001,BLEND_B
2025-09-11 22:30:26.645070675+00:00,CDU_FEED_RATE,40624.538790413804,BPD,Good,CDU001,BLEND_A
2025-09-11 22:30:26.645070675+00:00,CDU_FEED_TEMP,470.2161839681079,DEGF,Good,CDU001,BLEND_A
2025-09-11 22:30:26.645070675+00:00,TK101_LEVEL,93.97173567523285,PCT,Good,TK101,WTI
2025-09-11 22:30:26.645070675+00:00,TK101_TEMP,79.72976646130569,DEGF,Good,TK101,WTI
2025-09-11 22:30:26.645070675+00:00,TK101_VOLUME,50679.248545619696,BBL,Good,TK101,WTI
2025-09-11 22:30:26.645070675+00:00,TK102_LEVEL,73.21253773567507,PCT,Good,TK102,BRENT
2025-09-11 22:30:26.645070675+00:00,TK102_TEMP,80.2725986776193,DEGF,Good,TK102,BRENT
2025-09-11 22:30:26.645070675+00:00,TK102_VOLUME,34529.00448151594,BBL,Good,TK102,BRENT
2025-09-11 22:30:26.645070675+00:00,TK103_LEVEL,95.26195569515721,PCT,Good,TK103,MAYA
2025-09-11 22:30:26.645070675+00:00,TK103_TEMP,81.06633019057351,DEGF,Good,TK103,MAYA
2025-09-11 22:30:26.645070675+00:00,TK103_VOLUME,43413.75921448487,BBL,Good,TK103,MAYA
2025-09-11 22:30:26.645070675+00:00,TK104_LEVEL,95.28686671382823,PCT,Good,TK104,ARB
2025-09-11 22:30:26.645070675+00:00,TK104_TEMP,81.28049993918309,DEGF,Good,TK104,ARB
2025-09-11 22:30:26.645070675+00:00,TK104_VOLUME,52313.87733660401,BBL,Good,TK104,ARB
2025-09-11 22:30:26.645070675+00:00,TK105_LEVEL,76.80520746668803,PCT,Good,TK105,URALS
2025-09-11 22:30:26.645070675+00:00,TK105_TEMP,80.86955247371901,DEGF,Good,TK105,URALS
2025-09-11 22:30:26.645070675+00:00,TK105_VOLUME,38681.488218363105,BBL,Good,TK105,URALS
2025-09-11 22:30:26.645070675+00:00,VDU_FEED_RATE,16124.239207800245,BPD,Good,VDU001,BLEND_B
2025-09-11 23:48:16.915340946+00:00,CDU_FEED_RATE,40319.33967026461,BPD,Good,CDU001,BLEND_A
2025-09-11 23:48:16.915340946+00:00,CDU_FEED_TEMP,470.206705389685,DEGF,Good,CDU001,BLEND_A
2025-09-11 23:48:16.915340946+00:00,TK101_LEVEL,91.69596379519389,PCT,Good,TK101,WTI
2025-09-11 23:48:16.915340946+00:00,TK101_TEMP,79.59464467156627,DEGF,Good,TK101,WTI
2025-09-11 23:48:16.915340946+00:00,TK101_VOLUME,49451.91771137584,BBL,Good,TK101,WTI
2025-09-11 23:48:16.915340946+00:00,TK102_LEVEL,72.33738359552876,PCT,Good,TK102,BRENT
2025-09-11 23:48:16.915340946+00:00,TK102_TEMP,79.8938186729687,DEGF,Good,TK102,BRENT
2025-09-11 23:48:16.915340946+00:00,TK102_VOLUME,34116.25822026451,BBL,Good,TK102,BRENT
2025-09-11 23:48:16.915340946+00:00,TK103_LEVEL,97.4866023838592,PCT,Good,TK103,MAYA
2025-09-11 23:48:16.915340946+00:00,TK103_TEMP,81.10026260057258,DEGF,Good,TK103,MAYA
2025-09-11 23:48:16.915340946+00:00,TK103_VOLUME,44427.59810720791,BBL,Good,TK103,MAYA
2025-09-11 23:48:16.915340946+00:00,TK104_LEVEL,95.56653726963492,PCT,Good,TK104,ARB
2025-09-11 23:48:16.915340946+00:00,TK104_TEMP,80.81264567848284,DEGF,Good,TK104,ARB
2025-09-11 23:48:16.915340946+00:00,TK104_VOLUME,52467.42054413827,BBL,Good,TK104,ARB
2025-09-11 23:48:16.915340946+00:00,TK105_LEVEL,77.64935282839213,PCT,Good,TK105,URALS
2025-09-11 23:48:16.915340946+00:00,TK105_TEMP,80.7734302091344,DEGF,Good,TK105,URALS
2025-09-11 23:48:16.915340946+00:00,TK105_VOLUME,39106.626043523,BBL,Good,TK105,URALS
2025-09-11 23:48:16.915340946+00:00,VDU_FEED_RATE,15864.92986963168,BPD,Good,VDU001,BLEND_B
2025-09-12 01:06:07.185611216+00:00,CDU_FEED_RATE,40006.22357301886,BPD,Good,CDU001,BLEND_A
2025-09-12 01:06:07.185611216+00:00,CDU_FEED_TEMP,470.9906353017434,DEGF,Good,CDU001,BLEND_A
2025-09-12 01:06:07.185611216+00:00,TK101_LEVEL,93.52893649366649,PCT,Good,TK101,WTI
2025-09-12 01:06:07.185611216+00:00,TK101_TEMP,80.46654881462821,DEGF,Good,TK101,WTI
2025-09-12 01:06:07.185611216+00:00,TK101_VOLUME,50440.44557345843,BBL,Good,TK101,WTI
2025-09-12 01:06:07.185611216+00:00,TK102_LEVEL,74.08211418847264,PCT,Good,TK102,BRENT
2025-09-12 01:06:07.185611216+00:00,TK102_TEMP,80.66807097413731,DEGF,Good,TK102,BRENT
2025-09-12 01:06:07.185611216+00:00,TK102_VOLUME,34939.120155201126,BBL,Good,TK102,BRENT
2025-09-12 01:06:07.185611216+00:00,TK103_LEVEL,93.603305335978,PCT,Good,TK103,MAYA
2025-09-12 01:06:07.185611216+00:00,TK103_TEMP,80.43735066523064,DEGF,Good,TK103,MAYA
2025-09-12 01:06:07.185611216+00:00,TK103_VOLUME,42657.861996241154,BBL,Good,TK103,MAYA
2025-09-12 01:06:07.185611216+00:00,TK104_LEVEL,94.60694260333696,PCT,Good,TK104,ARB
2025-09-12 01:06:07.185611216+00:00,TK104_TEMP,81.33226299610433,DEGF,Good,TK104,ARB
2025-09-12 01:06:07.185611216+00:00,TK104_VOLUME,51940.58909929357,BBL,Good,TK104,ARB
2025-09-12 01:06:07.185611216+00:00,TK105_LEVEL,75.95664158262633,PCT,Good,TK105,URALS
2025-09-12 01:06:07.185611216+00:00,TK105_TEMP,80.62457971231852,DEGF,Good,TK105,URALS
2025-09-12 01:06:07.185611216+00:00,TK105_VOLUME,38254.12408083279,BBL,Good,TK105,URALS
2025-09-12 01:06:07.185611216+00:00,VDU_FEED_RATE,15921.135673647785,BPD,Good,VDU001,BLEND_B
2025-09-12 02:23:57.455881486+00:00,CDU_FEED_RATE,40247.67567523786,BPD,Good,CDU001,BLEND_A
2025-09-12 02:23:57.455881486+00:00,CDU_FEED_TEMP,470.89195771138884,DEGF,Good,CDU001,BLEND_A
2025-09-12 02:23:57.455881486+00:00,TK101_LEVEL,92.40871866813539,PCT,Good,TK101,WTI
2025-09-12 02:23:57.455881486+00:00,TK101_TEMP,80.26157311143383,DEGF,Good,TK101,WTI
2025-09-12 02:23:57.455881486+00:00,TK101_VOLUME,49836.30862528576,BBL,Good,TK101,WTI
2025-09-12 02:23:57.455881486+00:00,TK102_LEVEL,73.61450036809181,PCT,Good,TK102,BRENT
2025-09-12 02:23:57.455881486+00:00,TK102_TEMP,80.64471840131054,DEGF,Good,TK102,BRENT
2025-09-12 02:23:57.455881486+00:00,TK102_VOLUME,34718.580884211195,BBL,Good,TK102,BRENT
2025-09-12 02:23:57.455881486+00:00,TK103_LEVEL,95.69085309671097,PCT,Good,TK103,MAYA
2025-09-12 02:23:57.455881486+00:00,TK103_TEMP,80.39438591080874,DEGF,Good,TK103,MAYA
2025-09-12 02:23:57.455881486+00:00,TK103_VOLUME,43609.22075401444,BBL,Good,TK103,MAYA
2025-09-12 02:23:57.455881486+00:00,TK104_LEVEL,95.20394512921278,PCT,Good,TK104,ARB
2025-09-12 02:23:57.455881486+00:00,TK104_TEMP,80.17883388921379,DEGF,Good,TK104,ARB
2025-09-12 02:23:57.455881486+00:00,TK104_VOLUME,52268.3521791953,BBL,Good,TK104,ARB
2025-09-12 02:23:57.455881486+00:00,TK105_LEVEL,75.35346695194274,PCT,Good,TK105,URALS
2025-09-12 02:23:57.455881486+00:00,TK105_TEMP,81.21584183073021,DEGF,Good,TK105,URALS
2025-09-12 02:23:57.455881486+00:00,TK105_VOLUME,37950.346600894045,BBL,Good,TK105,URALS
2025-09-12 02:23:57.455881486+00:00,VDU_FEED_RATE,15930.350549857441,BPD,Good,VDU001,BLEND_B
2025-09-12 03:41:47.726151756+00:00,CDU_FEED_RATE,40448.277514041336,BPD,Good,CDU001,BLEND_A
2025-09-12 03:41:47.726151756+00:00,CDU_FEED_TEMP,470.0394969852666,DEGF,Good,CDU001,BLEND_A
2025-09-12 03:41:47.726151756+00:00,TK101_LEVEL,93.60416707426506,PCT,Good,TK101,WTI
2025-09-12 03:41:47.726151756+00:00,TK101_TEMP,80.22028816269464,DEGF,Good,TK101,WTI
2025-09-12 03:41:47.726151756+00:00,TK101_VOLUME,50481.01765893702,BBL,Good,TK101,WTI
2025-09-12 03:41:47.726151756+00:00,TK102_LEVEL,73.09151170194589,PCT,Good,TK102,BRENT
2025-09-12 03:41:47.726151756+00:00,TK102_TEMP,80.38782844160022,DEGF,Good,TK102,BRENT
2025-09-12 03:41:47.726151756+00:00,TK102_VOLUME,34471.9253446596,BBL,Good,TK102,BRENT
2025-09-12 03:41:47.726151756+00:00,TK103_LEVEL,93.34550481994864,PCT,Good,TK103,MAYA
2025-09-12 03:41:47.726151756+00:00,TK103_TEMP,80.65117473580399,DEGF,Good,TK103,MAYA
2025-09-12 03:41:47.726151756+00:00,TK103_VOLUME,42540.37449090289,BBL,Good,TK103,MAYA
2025-09-12 03:41:47.726151756+00:00,TK104_LEVEL,94.55390649357741,PCT,Good,TK104,ARB
2025-09-12 03:41:47.726151756+00:00,TK104_TEMP,81.08348494379665,DEGF,Good,TK104,ARB
2025-09-12 03:41:47.726151756+00:00,TK104_VOLUME,51911.471502755274,BBL,Good,TK104,ARB
2025-09-12 03:41:47.726151756+00:00,TK105_LEVEL,76.42155417683993,PCT,Good,TK105,URALS
2025-09-12 03:41:47.726151756+00:00,TK105_TEMP,80.82323147666598,DEGF,Good,TK105,URALS
2025-09-12 03:41:47.726151756+00:00,TK105_VOLUME,38488.26850448326,BBL,Good,TK105,URALS
2025-09-12 03:41:47.726151756+00:00,VDU_FEED_RATE,15984.918448592025,BPD,Good,VDU001,BLEND_B
2025-09-12 04:59:37.996422027+00:00,CDU_FEED_RATE,40508.40110387396,BPD,Good,CDU001,BLEND_A
2025-09-12 04:59:37.996422027+00:00,CDU_FEED_TEMP,469.7908819274245,DEGF,Good,CDU001,BLEND_A
2025-09-12 04:59:37.996422027+00:00,TK101_LEVEL,92.9984471790328,PCT,Good,TK101,WTI
2025-09-12 04:59:37.996422027+00:00,TK101_TEMP,80.1585544042876,DEGF,Good,TK101,WTI
2025-09-12 04:59:37.996422027+00:00,TK101_VOLUME,50154.35104052322,BBL,Good,TK101,WTI
2025-09-12 04:59:37.996422027+00:00,TK102_LEVEL,70.39053879163433,PCT,Good,TK102,BRENT
2025-09-12 04:59:37.996422027+00:00,TK102_TEMP,80.65513087891705,DEGF,Good,TK102,BRENT
2025-09-12 04:59:37.996422027+00:00,TK102_VOLUME,33198.0737803099,BBL,Good,TK102,BRENT
2025-09-12 04:59:37.996422027+00:00,TK103_LEVEL,94.73104011875317,PCT,Good,TK103,MAYA
2025-09-12 04:59:37.996422027+00:00,TK103_TEMP,80.23844484605812,DEGF,Good,TK103,MAYA
2025-09-12 04:59:37.996422027+00:00,TK103_VOLUME,43171.8049019891,BBL,Good,TK103,MAYA
2025-09-12 04:59:37.996422027+00:00,TK104_LEVEL,92.95545477084627,PCT,Good,TK104,ARB
2025-09-12 04:59:37.996422027+00:00,TK104_TEMP,80.4438033543205,DEGF,Good,TK104,ARB
2025-09-12 04:59:37.996422027+00:00,TK104_VOLUME,51033.89823127205,BBL,Good,TK104,ARB
2025-09-12 04:59:37.996422027+00:00,TK105_LEVEL,76.33922345668124,PCT,Good,TK105,URALS
2025-09-12 04:59:37.996422027+00:00,TK105_TEMP,79.64246868375358,DEGF,Good,TK105,URALS
2025-09-12 04:59:37.996422027+00:00,TK105_VOLUME,38446.804196438665,BBL,Good,TK105,URALS
2025-09-12 04:59:37.996422027+00:00,VDU_FEED_RATE,15909.285191065968,BPD,Good,VDU001,BLEND_B
2025-09-12 06:17:28.266692297+00:00,CDU_FEED_RATE,40298.34485289292,BPD,Good,CDU001,BLEND_A
2025-09-12 06:17:28.266692297+00:00,CDU_FEED_TEMP,470.73483078359055,DEGF,Good,CDU001,BLEND_A
2025-09-12 06:17:28.266692297+00:00,TK101_LEVEL,93.86437051993055,PCT,Good,TK101,WTI
2025-09-12 06:17:28.266692297+00:00,TK101_TEMP,80.1864916756261,DEGF,Good,TK101,WTI
2025-09-12 06:17:28.266692297+00:00,TK101_VOLUME,50621.34618432343,BBL,Good,TK101,WTI
2025-09-12 06:17:28.266692297+00:00,TK102_LEVEL,71.89498631826743,PCT,Good,TK102,BRENT
2025-09-12 06:17:28.266692297+00:00,TK102_TEMP,80.11764557441138,DEGF,Good,TK102,BRENT
2025-09-12 06:17:28.266692297+00:00,TK102_VOLUME,33907.61175011595,BBL,Good,TK102,BRENT
2025-09-12 06:17:28.266692297+00:00,TK103_LEVEL,94.20179214390416,PCT,Good,TK103,MAYA
2025-09-12 06:17:28.266692297+00:00,TK103_TEMP,79.42695932620182,DEGF,Good,TK103,MAYA
2025-09-12 06:17:28.266692297+00:00,TK103_VOLUME,42930.6105660427,BBL,Good,TK103,MAYA
2025-09-12 06:17:28.266692297+00:00,TK104_LEVEL,94.34310574652322,PCT,Good,TK104,ARB
2025-09-12 06:17:28.266692297+00:00,TK104_TEMP,81.7092248169783,DEGF,Good,TK104,ARB
2025-09-12 06:17:28.266692297+00:00,TK104_VOLUME,51795.738823067346,BBL,Good,TK104,ARB
2025-09-12 06:17:28.266692297+00:00,TK105_LEVEL,75.75541961031121,PCT,Good,TK105,URALS
2025-09-12 06:17:28.266692297+00:00,TK105_TEMP,80.4715722963113,DEGF,Good,TK105,URALS
2025-09-12 06:17:28.266692297+00:00,TK105_VOLUME,38152.78244517926,BBL,Good,TK105,URALS
2025-09-12 06:17:28.266692297+00:00,VDU_FEED_RATE,16089.191099008687,BPD,Good,VDU001,BLEND_B
2025-09-12 07:35:18.536962567+00:00,CDU_FEED_RATE,40006.59884615932,BPD,Good,CDU001,BLEND_A
2025-09-12 07:35:18.536962567+00:00,CDU_FEED_TEMP,470.4005696444473,DEGF,Good,CDU001,BLEND_A
2025-09-12 07:35:18.536962567+00:00,TK101_LEVEL,92.55255115143099,PCT,Good,TK101,WTI
2025-09-12 07:35:18.536962567+00:00,TK101_TEMP,80.44933406139576,DEGF,Good,TK101,WTI
2025-09-12 07:35:18.536962567+00:00,TK101_VOLUME,49913.877929688766,BBL,Good,TK101,WTI
2025-09-12 07:35:18.536962567+00:00,TK102_LEVEL,74.04119653737337,PCT,Good,TK102,BRENT
2025-09-12 07:35:18.536962567+00:00,TK102_TEMP,80.1715147251545,DEGF,Good,TK102,BRENT
2025-09-12 07:35:18.536962567+00:00,TK102_VOLUME,34919.822288990275,BBL,Good,TK102,BRENT
2025-09-12 07:35:18.536962567+00:00,TK103_LEVEL,92.32844343038707,PCT,Good,TK103,MAYA
2025-09-12 07:35:18.536962567+00:00,TK103_TEMP,79.56902224415153,DEGF,Good,TK103,MAYA
2025-09-12 07:35:18.536962567+00:00,TK103_VOLUME,42076.86880334308,BBL,Good,TK103,MAYA
2025-09-12 07:35:18.536962567+00:00,TK104_LEVEL,93.01104022524483,PCT,Good,TK104,ARB
2025-09-12 07:35:18.536962567+00:00,TK104_TEMP,79.37926829308037,DEGF,Good,TK104,ARB
2025-09-12 07:35:18.536962567+00:00,TK104_VOLUME,51064.4154551392,BBL,Good,TK104,ARB
2025-09-12 07:35:18.536962567+00:00,TK105_LEVEL,77.10914720602432,PCT,Good,TK105,URALS
2025-09-12 07:35:18.536962567+00:00,TK105_TEMP,80.42169594372734,DEGF,Good,TK105,URALS
2025-09-12 07:35:18.536962567+00:00,TK105_VOLUME,38834.56171212754,BBL,Good,TK105,URALS
2025-09-12 07:35:18.536962567+00:00,VDU_FEED_RATE,15799.448466190112,BPD,Good,VDU001,BLEND_B
2025-09-12 08:53:08.807232838+00:00,CDU_FEED_RATE,39950.33185546261,BPD,Good,CDU001,BLEND_A
2025-09-12 08:53:08.807232838+00:00,CDU_FEED_TEMP,470.1668009650519,DEGF,Good,CDU001,BLEND_A
2025-09-12 08:53:08.807232838+00:00,TK101_LEVEL,90.01014929068342,PCT,Good,TK101,WTI
2025-09-12 08:53:08.807232838+00:00,TK101_TEMP,79.32239827001008,DEGF,Good,TK101,WTI
2025-09-12 08:53:08.807232838+00:00,TK101_VOLUME,48542.75271977492,BBL,Good,TK101,WTI
2025-09-12 08:53:08.807232838+00:00,TK102_LEVEL,72.01614297195137,PCT,Good,TK102,BRENT
2025-09-12 08:53:08.807232838+00:00,TK102_TEMP,80.02986943328764,DEGF,Good,TK102,BRENT
2025-09-12 08:53:08.807232838+00:00,TK102_VOLUME,33964.75249086069,BBL,Good,TK102,BRENT
2025-09-12 08:53:08.807232838+00:00,TK103_LEVEL,94.56292240354502,PCT,Good,TK103,MAYA
2025-09-12 08:53:08.807232838+00:00,TK103_TEMP,79.99551069204469,DEGF,Good,TK103,MAYA
2025-09-12 08:53:08.807232838+00:00,TK103_VOLUME,43095.18856596622,BBL,Good,TK103,MAYA
2025-09-12 08:53:08.807232838+00:00,TK104_LEVEL,92.13763288187039,PCT,Good,TK104,ARB
2025-09-12 08:53:08.807232838+00:00,TK104_TEMP,79.53327809436018,DEGF,Good,TK104,ARB
2025-09-12 08:53:08.807232838+00:00,TK104_VOLUME,50584.90210558807,BBL,Good,TK104,ARB
2025-09-12 08:53:08.807232838+00:00,TK105_LEVEL,74.79206177028738,PCT,Good,TK105,URALS
2025-09-12 08:53:08.807232838+00:00,TK105_TEMP,80.03543436404476,DEGF,Good,TK105,URALS
2025-09-12 08:53:08.807232838+00:00,TK105_VOLUME,37667.605512936585,BBL,Good,TK105,URALS
2025-09-12 08:53:08.807232838+00:00,VDU_FEED_RATE,15804.787747338994,BPD,Good,VDU001,BLEND_B
2025-09-12 10:10:59.077503108+00:00,CDU_FEED_RATE,40158.609213009535,BPD,Good,CDU001,BLEND_A
2025-09-12 10:10:59.077503108+00:00,CDU_FEED_TEMP,469.8682473191434,DEGF,Good,CDU001,BLEND_A
2025-09-12 10:10:59.077503108+00:00,TK101_LEVEL,91.25850167497093,PCT,Good,TK101,WTI
2025-09-12 10:10:59.077503108+00:00,TK101_TEMP,79.1950628549932,DEGF,Good,TK101,WTI
2025-09-12 10:10:59.077503108+00:00,TK101_VOLUME,49215.993032952385,BBL,Good,TK101,WTI
2025-09-12 10:10:59.077503108+00:00,TK102_LEVEL,72.78462595120382,PCT,Good,TK102,BRENT
2025-09-12 10:10:59.077503108+00:00,TK102_TEMP,79.7352786417345,DEGF,Good,TK102,BRENT
2025-09-12 10:10:59.077503108+00:00,TK102_VOLUME,34327.1897598757,BBL,Good,TK102,BRENT
2025-09-12 10:10:59.077503108+00:00,TK103_LEVEL,93.53711205245153,PCT,Good,TK103,MAYA
2025-09-12 10:10:59.077503108+00:00,TK103_TEMP,80.38878985969245,DEGF,Good,TK103,MAYA
2025-09-12 10:10:59.077503108+00:00,TK103_VOLUME,42627.695711582564,BBL,Good,TK103,MAYA
2025-09-12 10:10:59.077503108+00:00,TK104_LEVEL,93.75215726654115,PCT,Good,TK104,ARB
2025-09-12 10:10:59.077503108+00:00,TK104_TEMP,79.99044756554387,DEGF,Good,TK104,ARB
2025-09-12 10:10:59.077503108+00:00,TK104_VOLUME,51471.2995025167,BBL,Good,TK104,ARB
2025-09-12 10:10:59.077503108+00:00,TK105_LEVEL,75.69870005429127,PCT,Good,TK105,URALS
2025-09-12 10:10:59.077503108+00:00,TK105_TEMP,80.34676083669497,DEGF,Good,TK105,URALS
2025-09-12 10:10:59.077503108+00:00,TK105_VOLUME,38124.21671493385,BBL,Good,TK105,URALS
2025-09-12 10:10:59.077503108+00:00,VDU_FEED_RATE,15965.55981712066,BPD,Good,VDU001,BLEND_B
2025-09-12 11:28:49.347773378+00:00,CDU_FEED_RATE,40448.92222717236,BPD,Good,CDU001,BLEND_A
2025-09-12 11:28:49.347773378+00:00,CDU_FEED_TEMP,470.22670549606653,DEGF,Good,CDU001,BLEND_A
2025-09-12 11:28:49.347773378+00:00,TK101_LEVEL,89.88009155802192,PCT,Good,TK101,WTI
2025-09-12 11:28:49.347773378+00:00,TK101_TEMP,79.13815353989698,DEGF,Good,TK101,WTI
2025-09-12 11:28:49.347773378+00:00,TK101_VOLUME,48472.61218111752,BBL,Good,TK101,WTI
2025-09-12 11:28:49.347773378+00:00,TK102_LEVEL,70.75999274631934,PCT,Good,TK102,BRENT
2025-09-12 11:28:49.347773378+00:00,TK102_TEMP,79.41940455477584,DEGF,Good,TK102,BRENT
2025-09-12 11:28:49.347773378+00:00,TK102_VOLUME,33372.318215096326,BBL,Good,TK102,BRENT
2025-09-12 11:28:49.347773378+00:00,TK103_LEVEL,91.5445876748301,PCT,Good,TK103,MAYA
2025-09-12 11:28:49.347773378+00:00,TK103_TEMP,80.49280668092169,DEGF,Good,TK103,MAYA
2025-09-12 11:28:49.347773378+00:00,TK103_VOLUME,41719.641988269745,BBL,Good,TK103,MAYA
2025-09-12 11:28:49.347773378+00:00,TK104_LEVEL,93.82981119061894,PCT,Good,TK104,ARB
2025-09-12 11:28:49.347773378+00:00,TK104_TEMP,79.88343249533017,DEGF,Good,TK104,ARB
2025-09-12 11:28:49.347773378+00:00,TK104_VOLUME,51513.93263758569,BBL,Good,TK104,ARB
2025-09-12 11:28:49.347773378+00:00,TK105_LEVEL,75.18014832087015,PCT,Good,TK105,URALS
2025-09-12 11:28:49.347773378+00:00,TK105_TEMP,79.77885248599019,DEGF,Good,TK105,URALS
2025-09-12 11:28:49.347773378+00:00,TK105_VOLUME,37863.057954629214,BBL,Good,TK105,URALS
2025-09-12 11:28:49.347773378+00:00,VDU_FEED_RATE,15993.257701159819,BPD,Good,VDU001,BLEND_B
2025-09-12 12:46:39.618043648+00:00,CDU_FEED_RATE,40160.439482337984,BPD,Good,CDU001,BLEND_A
2025-09-12 12:46:39.618043648+00:00,CDU_FEED_TEMP,470.0931401736249,DEGF,Good,CDU001,BLEND_A
2025-09-12 12:46:39.618043648+00:00,TK101_LEVEL,90.24440187696085,PCT,Good,TK101,WTI
2025-09-12 12:46:39.618043648+00:00,TK101_TEMP,79.73372183996143,DEGF,Good,TK101,WTI
2025-09-12 12:46:39.618043648+00:00,TK101_VOLUME,48669.085866195004,BBL,Good,TK101,WTI
2025-09-12 12:46:39.618043648+00:00,TK102_LEVEL,73.2999666273642,PCT,Good,TK102,BRENT
2025-09-12 12:46:39.618043648+00:00,TK102_TEMP,80.69633981427303,DEGF,Good,TK102,BRENT
2025-09-12 12:46:39.618043648+00:00,TK102_VOLUME,34570.23830138225,BBL,Good,TK102,BRENT
2025-09-12 12:46:39.618043648+00:00,TK103_LEVEL,94.19394507687598,PCT,Good,TK103,MAYA
2025-09-12 12:46:39.618043648+00:00,TK103_TEMP,79.9790282167628,DEGF,Good,TK103,MAYA
2025-09-12 12:46:39.618043648+00:00,TK103_VOLUME,42927.034419867494,BBL,Good,TK103,MAYA
2025-09-12 12:46:39.618043648+00:00,TK104_LEVEL,93.57920885941432,PCT,Good,TK104,ARB
2025-09-12 12:46:39.618043648+00:00,TK104_TEMP,80.5643329984646,DEGF,Good,TK104,ARB
2025-09-12 12:46:39.618043648+00:00,TK104_VOLUME,51376.34830863217,BBL,Good,TK104,ARB
2025-09-12 12:46:39.618043648+00:00,TK105_LEVEL,73.26604536628082,PCT,Good,TK105,URALS
2025-09-12 12:46:39.618043648+00:00,TK105_TEMP,79.6894973669152,DEGF,Good,TK105,URALS
2025-09-12 12:46:39.618043648+00:00,TK105_VOLUME,36899.0562504636,BBL,Good,TK105,URALS
2025-09-12 12:46:39.618043648+00:00,VDU_FEED_RATE,15844.168116784922,BPD,Good,VDU001,BLEND_B
2025-09-12 14:04:29.888313919+00:00,CDU_FEED_RATE,40192.905723464384,BPD,Good,CDU001,BLEND_A
2025-09-12 14:04:29.888313919+00:00,CDU_FEED_TEMP,469.8263764212079,DEGF,Good,CDU001,BLEND_A
2025-09-12 14:04:29.888313919+00:00,TK101_LEVEL,91.96902558191877,PCT,Good,TK101,WTI
2025-09-12 14:04:29.888313919+00:00,TK101_TEMP,80.11687869978462,DEGF,Good,TK101,WTI
2025-09-12 14:04:29.888313919+00:00,TK101_VOLUME,49599.18077998157,BBL,Good,TK101,WTI
2025-09-12 14:04:29.888313919+00:00,TK102_LEVEL,71.41234891426522,PCT,Good,TK102,BRENT
2025-09-12 14:04:29.888313919+00:00,TK102_TEMP,79.26842952053464,DEGF,Good,TK102,BRENT
2025-09-12 14:04:29.888313919+00:00,TK102_VOLUME,33679.986952490355,BBL,Good,TK102,BRENT
2025-09-12 14:04:29.888313919+00:00,TK103_LEVEL,94.48449859340558,PCT,Good,TK103,MAYA
2025-09-12 14:04:29.888313919+00:00,TK103_TEMP,79.63805039097957,DEGF,Good,TK103,MAYA
2025-09-12 14:04:29.888313919+00:00,TK103_VOLUME,43059.44845980074,BBL,Good,TK103,MAYA
2025-09-12 14:04:29.888313919+00:00,TK104_LEVEL,93.31479695364436,PCT,Good,TK104,ARB
2025-09-12 14:04:29.888313919+00:00,TK104_TEMP,79.16021766881163,DEGF,Good,TK104,ARB
2025-09-12 14:04:29.888313919+00:00,TK104_VOLUME,51231.182322155466,BBL,Good,TK104,ARB
2025-09-12 14:04:29.888313919+00:00,TK105_LEVEL,73.19884656406332,PCT,Good,TK105,URALS
2025-09-12 14:04:29.888313919+00:00,TK105_TEMP,79.55502528279992,DEGF,Good,TK105,URALS
2025-09-12 14:04:29.888313919+00:00,TK105_VOLUME,36865.21284632473,BBL,Good,TK105,URALS
2025-09-12 14:04:29.888313919+00:00,VDU_FEED_RATE,15963.792772417646,BPD,Good,VDU001,BLEND_B
2025-09-12 15:22:20.158584189+00:00,CDU_FEED_RATE,40125.073268840846,BPD,Good,CDU001,BLEND_A
2025-09-12 15:22:20.158584189+00:00,CDU_FEED_TEMP,470.2889687748168,DEGF,Good,CDU001,BLEND_A
2025-09-12 15:22:20.158584189+00:00,TK101_LEVEL,90.77560395735205,PCT,Good,TK101,WTI
2025-09-12 15:22:20.158584189+00:00,TK101_TEMP,79.18458241950428,DEGF,Good,TK101,WTI
2025-09-12 15:22:20.158584189+00:00,TK101_VOLUME,48955.56479591419,BBL,Good,TK101,WTI
2025-09-12 15:22:20.158584189+00:00,TK102_LEVEL,71.52668996861574,PCT,Good,TK102,BRENT
2025-09-12 15:22:20.158584189+00:00,TK102_TEMP,79.06731328306383,DEGF,Good,TK102,BRENT
2025-09-12 15:22:20.158584189+00:00,TK102_VOLUME,33733.91327303868,BBL,Good,TK102,BRENT
2025-09-12 15:22:20.158584189+00:00,TK103_LEVEL,94.21988975552553,PCT,Good,TK103,MAYA
2025-09-12 15:22:20.158584189+00:00,TK103_TEMP,79.77465908161528,DEGF,Good,TK103,MAYA
2025-09-12 15:22:20.158584189+00:00,TK103_VOLUME,42938.85819593391,BBL,Good,TK103,MAYA
2025-09-12 15:22:20.158584189+00:00,TK104_LEVEL,90.49531022349638,PCT,Good,TK104,ARB
2025-09-12 15:22:20.158584189+00:00,TK104_TEMP,79.85271139797098,DEGF,Good,TK104,ARB
2025-09-12 15:22:20.158584189+00:00,TK104_VOLUME,49683.24305161442,BBL,Good,TK104,ARB
2025-09-12 15:22:20.158584189+00:00,TK105_LEVEL,74.21006076179277,PCT,Good,TK105,URALS
2025-09-12 15:22:20.158584189+00:00,TK105_TEMP,78.39113009572421,DEGF,Good,TK105,URALS
2025-09-12 15:22:20.158584189+00:00,TK105_VOLUME,37374.49172683135,BBL,Good,TK105,URALS
2025-09-12 15:22:20.158584189+00:00,VDU_FEED_RATE,16005.981425453398,BPD,Good,VDU001,BLEND_B
2025-09-12 16:40:10.428854459+00:00,CDU_FEED_RATE,40068.83958015271,BPD,Good,CDU001,BLEND_A
2025-09-12 16:40:10.428854459+00:00,CDU_FEED_TEMP,470.43433671444086,DEGF,Good,CDU001,BLEND_A
2025-09-12 16:40:10.428854459+00:00,TK101_LEVEL,89.10522582366438,PCT,Good,TK101,WTI
2025-09-12 16:40:10.428854459+00:00,TK101_TEMP,78.05596703587943,DEGF,Good,TK101,WTI
2025-09-12 16:40:10.428854459+00:00,TK101_VOLUME,48054.724686980924,BBL,Good,TK101,WTI
2025-09-12 16:40:10.428854459+00:00,TK102_LEVEL,73.22851546980267,PCT,Good,TK102,BRENT
2025-09-12 16:40:10.428854459+00:00,TK102_TEMP,79.52382186968431,DEGF,Good,TK102,BRENT
2025-09-12 16:40:10.428854459+00:00,TK102_VOLUME,34536.540011226556,BBL,Good,TK102,BRENT
2025-09-12 16:40:10.428854459+00:00,TK103_LEVEL,92.75480795966921,PCT,Good,TK103,MAYA
2025-09-12 16:40:10.428854459+00:00,TK103_TEMP,78.97344153285583,DEGF,Good,TK103,MAYA
2025-09-12 16:40:10.428854459+00:00,TK103_VOLUME,42271.17603624396,BBL,Good,TK103,MAYA
2025-09-12 16:40:10.428854459+00:00,TK104_LEVEL,90.7329684223183,PCT,Good,TK104,ARB
2025-09-12 16:40:10.428854459+00:00,TK104_TEMP,79.88804846030025,DEGF,Good,TK104,ARB
2025-09-12 16:40:10.428854459+00:00,TK104_VOLUME,49813.72086340508,BBL,Good,TK104,ARB
2025-09-12 16:40:10.428854459+00:00,TK105_LEVEL,75.84543585001988,PCT,Good,TK105,URALS
2025-09-12 16:40:10.428854459+00:00,TK105_TEMP,79.26661776100632,DEGF,Good,TK105,URALS
2025-09-12 16:40:10.428854459+00:00,TK105_VOLUME,38198.11741959831,BBL,Good,TK105,URALS
2025-09-12 16:40:10.428854459+00:00,VDU_FEED_RATE,16026.243929527489,BPD,Good,VDU001,BLEND_B
2025-09-12 17:58:00.699124729+00:00,CDU_FEED_RATE,40154.46024301521,BPD,Good,CDU001,BLEND_A
2025-09-12 17:58:00.699124729+00:00,CDU_FEED_TEMP,470.20229020589227,DEGF,Good,CDU001,BLEND_A
2025-09-12 17:58:00.699124729+00:00,TK101_LEVEL,88.44302272657401,PCT,Good,TK101,WTI
2025-09-12 17:58:00.699124729+00:00,TK101_TEMP,78.36211501227322,DEGF,Good,TK101,WTI
2025-09-12 17:58:00.699124729+00:00,TK101_VOLUME,47697.59650259679,BBL,Good,TK101,WTI
2025-09-12 17:58:00.699124729+00:00,TK102_LEVEL,72.07175961928168,PCT,Good,TK102,BRENT
2025-09-12 17:58:00.699124729+00:00,TK102_TEMP,79.34003865122591,DEGF,Good,TK102,BRENT
2025-09-12 17:58:00.699124729+00:00,TK102_VOLUME,33990.98279955246,BBL,Good,TK102,BRENT
2025-09-12 17:58:00.699124729+00:00,TK103_LEVEL,92.09449349836613,PCT,Good,TK103,MAYA
2025-09-12 17:58:00.699124729+00:00,TK103_TEMP,79.1374959634493,DEGF,Good,TK103,MAYA
2025-09-12 17:58:00.699124729+00:00,TK103_VOLUME,41970.25073170173,BBL,Good,TK103,MAYA
2025-09-12 17:58:00.699124729+00:00,TK104_LEVEL,93.72009062781072,PCT,Good,TK104,ARB
2025-09-12 17:58:00.699124729+00:00,TK104_TEMP,79.56643535968873,DEGF,Good,TK104,ARB
2025-09-12 17:58:00.699124729+00:00,TK104_VOLUME,51453.69445091836,BBL,Good,TK104,ARB
2025-09-12 17:58:00.699124729+00:00,TK105_LEVEL,74.09608950400302,PCT,Good,TK105,URALS
2025-09-12 17:58:00.699124729+00:00,TK105_TEMP,78.87998615635112,DEGF,Good,TK105,URALS
2025-09-12 17:58:00.699124729+00:00,TK105_VOLUME,37317.09226121128,BBL,Good,TK105,URALS
2025-09-12 17:58:00.699124729+00:00,VDU_FEED_RATE,16116.482120249259,BPD,Good,VDU001,BLEND_B
2025-09-12 19:15:50.969395+00:00,CDU_FEED_RATE,40278.573914835615,BPD,Good,CDU001,BLEND_A
2025-09-12 19:15:50.969395+00:00,CDU_FEED_TEMP,470.94134768135325,DEGF,Good,CDU001,BLEND_A
2025-09-12 19:15:50.969395+00:00,TK101_LEVEL,89.1293160724799,PCT,Good,TK101,WTI
2025-09-12 19:15:50.969395+00:00,TK101_TEMP,78.70562911567727,DEGF,Good,TK101,WTI
2025-09-12 19:15:50.969395+00:00,TK101_VOLUME,48067.716632893964,BBL,Good,TK101,WTI
2025-09-12 19:15:50.969395+00:00,TK102_LEVEL,69.88854778399443,PCT,Good,TK102,BRENT
2025-09-12 19:15:50.969395+00:00,TK102_TEMP,78.41975170327011,DEGF,Good,TK102,BRENT
2025-09-12 19:15:50.969395+00:00,TK102_VOLUME,32961.32130199725,BBL,Good,TK102,BRENT
2025-09-12 19:15:50.969395+00:00,TK103_LEVEL,93.01638586727404,PCT,Good,TK103,MAYA
2025-09-12 19:15:50.969395+00:00,TK103_TEMP,78.71008211640553,DEGF,Good,TK103,MAYA
2025-09-12 19:15:50.969395+00:00,TK103_VOLUME,42390.38501336096,BBL,Good,TK103,MAYA
2025-09-12 19:15:50.969395+00:00,TK104_LEVEL,90.33915431750923,PCT,Good,TK104,ARB
2025-09-12 19:15:50.969395+00:00,TK104_TEMP,78.64164930611311,DEGF,Good,TK104,ARB
2025-09-12 19:15:50.969395+00:00,TK104_VOLUME,49597.511185378,BBL,Good,TK104,ARB
2025-09-12 19:15:50.969395+00:00,TK105_LEVEL,71.43097875354879,PCT,Good,TK105,URALS
2025-09-12 19:15:50.969395+00:00,TK105_TEMP,78.528923487979,DEGF,Good,TK105,URALS
2025-09-12 19:15:50.969395+00:00,TK105_VOLUME,35974.85970309938,BBL,Good,TK105,URALS
2025-09-12 19:15:50.969395+00:00,VDU_FEED_RATE,16039.66134870917,BPD,Good,VDU001,BLEND_B
2025-09-12 20:33:41.239665270+00:00,CDU_FEED_RATE,40729.450640988296,BPD,Good,CDU001,BLEND_A
2025-09-12 20:33:41.239665270+00:00,CDU_FEED_TEMP,471.2442674800122,DEGF,Good,CDU001,BLEND_A
2025-09-12 20:33:41.239665270+00:00,TK101_LEVEL,87.50771629683638,PCT,Good,TK101,WTI
2025-09-12 20:33:41.239665270+00:00,TK101_TEMP,78.75207240125559,DEGF,Good,TK101,WTI
2025-09-12 20:33:41.239665270+00:00,TK101_VOLUME,47193.1828437621,BBL,Good,TK101,WTI
2025-09-12 20:33:41.239665270+00:00,TK102_LEVEL,69.229635687025,PCT,Good,TK102,BRENT
2025-09-12 20:33:41.239665270+00:00,TK102_TEMP,79.59227597228507,DEGF,Good,TK102,BRENT
2025-09-12 20:33:41.239665270+00:00,TK102_VOLUME,32650.56061191813,BBL,Good,TK102,BRENT
2025-09-12 20:33:41.239665270+00:00,TK103_LEVEL,92.99835529833221,PCT,Good,TK103,MAYA
2025-09-12 20:33:41.239665270+00:00,TK103_TEMP,78.40656553964934,DEGF,Good,TK103,MAYA
2025-09-12 20:33:41.239665270+00:00,TK103_VOLUME,42382.1679368499,BBL,Good,TK103,MAYA
2025-09-12 20:33:41.239665270+00:00,TK104_LEVEL,91.62494657533682,PCT,Good,TK104,ARB
2025-09-12 20:33:41.239665270+00:00,TK104_TEMP,79.73481624763029,DEGF,Good,TK104,ARB
2025-09-12 20:33:41.239665270+00:00,TK104_VOLUME,50303.4298578679,BBL,Good,TK104,ARB
2025-09-12 20:33:41.239665270+00:00,TK105_LEVEL,69.67386798018795,PCT,Good,TK105,URALS
2025-09-12 20:33:41.239665270+00:00,TK105_TEMP,79.74794598737296,DEGF,Good,TK105,URALS
2025-09-12 20:33:41.239665270+00:00,TK105_VOLUME,35089.92413792178,BBL,Good,TK105,URALS
2025-09-12 20:33:41.239665270+00:00,VDU_FEED_RATE,16334.692358465205,BPD,Good,VDU001,BLEND_B
2025-09-12 21:51:31.509935540+00:00,CDU_FEED_RATE,40300.626418884756,BPD,Good,CDU001,BLEND_A
2025-09-12 21:51:31.509935540+00:00,CDU_FEED_TEMP,471.2060585738626,DEGF,Good,CDU001,BLEND_A
2025-09-12 21:51:31.509935540+00:00,TK101_LEVEL,87.66959045881346,PCT,Good,TK101,WTI
2025-09-12 21:51:31.509935540+00:00,TK101_TEMP,78.73629692373714,DEGF,Good,TK101,WTI
2025-09-12 21:51:31.509935540+00:00,TK101_VOLUME,47280.48208144249,BBL,Good,TK101,WTI
2025-09-12 21:51:31.509935540+00:00,TK102_LEVEL,69.11376515036835,PCT,Good,TK102,BRENT
2025-09-12 21:51:31.509935540+00:00,TK102_TEMP,78.8933939496891,DEGF,Good,TK102,BRENT
2025-09-12 21:51:31.509935540+00:00,TK102_VOLUME,32595.91294632378,BBL,Good,TK102,BRENT
2025-09-12 21:51:31.509935540+00:00,TK103_LEVEL,92.06599470586026,PCT,Good,TK103,MAYA
2025-09-12 21:51:31.509935540+00:00,TK103_TEMP,79.10726574318261,DEGF,Good,TK103,MAYA
2025-09-12 21:51:31.509935540+00:00,TK103_VOLUME,41957.26296857294,BBL,Good,TK103,MAYA
2025-09-12 21:51:31.509935540+00:00,TK104_LEVEL,89.94362221252682,PCT,Good,TK104,ARB
2025-09-12 21:51:31.509935540+00:00,TK104_TEMP,79.55515370302221,DEGF,Good,TK104,ARB
2025-09-12 21:51:31.509935540+00:00,TK104_VOLUME,49380.35830023926,BBL,Good,TK104,ARB
2025-09-12 21:51:31.509935540+00:00,TK105_LEVEL,73.13386392830421,PCT,Good,TK105,URALS
2025-09-12 21:51:31.509935540+00:00,TK105_TEMP,79.19259499663174,DEGF,Good,TK105,URALS
2025-09-12 21:51:31.509935540+00:00,TK105_VOLUME,36832.485572453304,BBL,Good,TK105,URALS
2025-09-12 21:51:31.509935540+00:00,VDU_FEED_RATE,16241.303011725424,BPD,Good,VDU001,BLEND_B
2025-09-12 23:09:21.780205811+00:00,CDU_FEED_RATE,40439.68817339698,BPD,Good,CDU001,BLEND_A
2025-09-12 23:09:21.780205811+00:00,CDU_FEED_TEMP,470.71494611623126,DEGF,Good,CDU001,BLEND_A
2025-09-12 23:09:21.780205811+00:00,TK101_LEVEL,88.25869270874819,PCT,Good,TK101,WTI
2025-09-12 23:09:21.780205811+00:00,TK101_TEMP,78.87011280760272,DEGF,Good,TK101,WTI
2025-09-12 23:09:21.780205811+00:00,TK101_VOLUME,47598.18675220015,BBL,Good,TK101,WTI
2025-09-12 23:09:21.780205811+00:00,TK102_LEVEL,69.55516091135132,PCT,Good,TK102,BRENT
2025-09-12 23:09:21.780205811+00:00,TK102_TEMP,78.29535669850439,DEGF,Good,TK102,BRENT
2025-09-12 23:09:21.780205811+00:00,TK102_VOLUME,32804.08707442365,BBL,Good,TK102,BRENT
2025-09-12 23:09:21.780205811+00:00,TK103_LEVEL,89.59684090174174,PCT,Good,TK103,MAYA
2025-09-12 23:09:21.780205811+00:00,TK103_TEMP,78.94357889940463,DEGF,Good,TK103,MAYA
2025-09-12 23:09:21.780205811+00:00,TK103_VOLUME,40831.99477590051,BBL,Good,TK103,MAYA
2025-09-12 23:09:21.780205811+00:00,TK104_LEVEL,90.31618507444713,PCT,Good,TK104,ARB
2025-09-12 23:09:21.780205811+00:00,TK104_TEMP,79.15061450600744,DEGF,Good,TK104,ARB
2025-09-12 23:09:21.780205811+00:00,TK104_VOLUME,49584.900736472446,BBL,Good,TK104,ARB
2025-09-12 23:09:21.780205811+00:00,TK105_LEVEL,71.91054935335853,PCT,Good,TK105,URALS
2025-09-12 23:09:21.780205811+00:00,TK105_TEMP,78.83590670563999,DEGF,Good,TK105,URALS
2025-09-12 23:09:21.780205811+00:00,TK105_VOLUME,36216.38635367785,BBL,Good,TK105,URALS
2025-09-12 23:09:21.780205811+00:00,VDU_FEED_RATE,16112.378387129404,BPD,Good,VDU001,BLEND_B
2025-09-13 00:27:12.050476081+00:00,CDU_FEED_RATE,40281.445998812924,BPD,Good,CDU001,BLEND_A
2025-09-13 00:27:12.050476081+00:00,CDU_FEED_TEMP,471.37349157992327,DEGF,Good,CDU001,BLEND_A
2025-09-13 00:27:12.050476081+00:00,TK101_LEVEL,88.69825390482394,PCT,Good,TK101,WTI
2025-09-13 00:27:12.050476081+00:00,TK101_TEMP,78.60606819825325,DEGF,Good,TK101,WTI
2025-09-13 00:27:12.050476081+00:00,TK101_VOLUME,47835.24346874225,BBL,Good,TK101,WTI
2025-09-13 00:27:12.050476081+00:00,TK102_LEVEL,68.53629716014423,PCT,Good,TK102,BRENT
2025-09-13 00:27:12.050476081+00:00,TK102_TEMP,79.35633342084141,DEGF,Good,TK102,BRENT
2025-09-13 00:27:12.050476081+00:00,TK102_VOLUME,32323.56349035533,BBL,Good,TK102,BRENT
2025-09-13 00:27:12.050476081+00:00,TK103_LEVEL,90.33598198870678,PCT,Good,TK103,MAYA
2025-09-13 00:27:12.050476081+00:00,TK103_TEMP,79.10576760591898,DEGF,Good,TK103,MAYA
2025-09-13 00:27:12.050476081+00:00,TK103_VOLUME,41168.84376184532,BBL,Good,TK103,MAYA
2025-09-13 00:27:12.050476081+00:00,TK104_LEVEL,89.19951676442629,PCT,Good,TK104,ARB
2025-09-13 00:27:12.050476081+00:00,TK104_TEMP,78.86411520726895,DEGF,Good,TK104,ARB
2025-09-13 00:27:12.050476081+00:00,TK104_VOLUME,48971.83357401085,BBL,Good,TK104,ARB
2025-09-13 00:27:12.050476081+00:00,TK105_LEVEL,72.74428743731741,PCT,Good,TK105,URALS
2025-09-13 00:27:12.050476081+00:00,TK105_TEMP,78.47953968811326,DEGF,Good,TK105,URALS
2025-09-13 00:27:12.050476081+00:00,TK105_VOLUME,36636.28275049239,BBL,Good,TK105,URALS
2025-09-13 00:27:12.050476081+00:00,VDU_FEED_RATE,16260.709143628226,BPD,Good,VDU001,BLEND_B
2025-09-13 01:45:02.320746351+00:00,CDU_FEED_RATE,40753.396223830234,BPD,Good,CDU001,BLEND_A
2025-09-13 01:45:02.320746351+00:00,CDU_FEED_TEMP,471.1874576131539,DEGF,Good,CDU001,BLEND_A
2025-09-13 01:45:02.320746351+00:00,TK101_LEVEL,87.73909589797223,PCT,Good,TK101,WTI
2025-09-13 01:45:02.320746351+00:00,TK101_TEMP,79.19852978670305,DEGF,Good,TK101,WTI
2025-09-13 01:45:02.320746351+00:00,TK101_VOLUME,47317.966580383465,BBL,Good,TK101,WTI
2025-09-13 01:45:02.320746351+00:00,TK102_LEVEL,67.83366970642217,PCT,Good,TK102,BRENT
2025-09-13 01:45:02.320746351+00:00,TK102_TEMP,78.98669776722943,DEGF,Good,TK102,BRENT
2025-09-13 01:45:02.320746351+00:00,TK102_VOLUME,31992.185460734276,BBL,Good,TK102,BRENT
2025-09-13 01:45:02.320746351+00:00,TK103_LEVEL,90.16154583681383,PCT,Good,TK103,MAYA
2025-09-13 01:45:02.320746351+00:00,TK103_TEMP,78.94691589687757,DEGF,Good,TK103,MAYA
2025-09-13 01:45:02.320746351+00:00,TK103_VOLUME,41089.347922805275,BBL,Good,TK103,MAYA
2025-09-13 01:45:02.320746351+00:00,TK104_LEVEL,89.98170467835007,PCT,Good,TK104,ARB
2025-09-13 01:45:02.320746351+00:00,TK104_TEMP,78.78691398645354,DEGF,Good,TK104,ARB
2025-09-13 01:45:02.320746351+00:00,TK104_VOLUME,49401.266128510455,BBL,Good,TK104,ARB
2025-09-13 01:45:02.320746351+00:00,TK105_LEVEL,70.30969610412613,PCT,Good,TK105,URALS
2025-09-13 01:45:02.320746351+00:00,TK105_TEMP,78.82194477374571,DEGF,Good,TK105,URALS
2025-09-13 01:45:02.320746351+00:00,TK105_VOLUME,35410.146931352625,BBL,Good,TK105,URALS
2025-09-13 01:45:02.320746351+00:00,VDU_FEED_RATE,16302.621143431677,BPD,Good,VDU001,BLEND_B
2025-09-13 03:02:52.591016621+00:00,CDU_FEED_RATE,40997.46090491695,BPD,Good,CDU001,BLEND_A
2025-09-13 03:02:52.591016621+00:00,CDU_FEED_TEMP,470.69370923119175,DEGF,Good,CDU001,BLEND_A
2025-09-13 03:02:52.591016621+00:00,TK101_LEVEL,84.4184173728687,PCT,Good,TK101,WTI
2025-09-13 03:02:52.591016621+00:00,TK101_TEMP,78.2485807355145,DEGF,Good,TK101,WTI
2025-09-13 03:02:52.591016621+00:00,TK101_VOLUME,45527.11435120433,BBL,Good,TK101,WTI
2025-09-13 03:02:52.591016621+00:00,TK102_LEVEL,69.2754675578537,PCT,Good,TK102,BRENT
2025-09-13 03:02:52.591016621+00:00,TK102_TEMP,77.95431839238123,DEGF,Good,TK102,BRENT
2025-09-13 03:02:52.591016621+00:00,TK102_VOLUME,32672.17615649813,BBL,Good,TK102,BRENT
2025-09-13 03:02:52.591016621+00:00,TK103_LEVEL,87.49178517932418,PCT,Good,TK103,MAYA
2025-09-13 03:02:52.591016621+00:00,TK103_TEMP,78.7079115240171,DEGF,Good,TK103,MAYA
2025-09-13 03:02:52.591016621+00:00,TK103_VOLUME,39872.65710957591,BBL,Good,TK103,MAYA
2025-09-13 03:02:52.591016621+00:00,TK104_LEVEL,89.13631009676614,PCT,Good,TK104,ARB
2025-09-13 03:02:52.591016621+00:00,TK104_TEMP,78.5472214922355,DEGF,Good,TK104,ARB
2025-09-13 03:02:52.591016621+00:00,TK104_VOLUME,48937.1321930875,BBL,Good,TK104,ARB
2025-09-13 03:02:52.591016621+00:00,TK105_LEVEL,71.11999897841511,PCT,Good,TK105,URALS
2025-09-13 03:02:52.591016621+00:00,TK105_TEMP,79.08230743501393,DEGF,Good,TK105,URALS
2025-09-13 03:02:52.591016621+00:00,TK105_VOLUME,35818.24062862842,BBL,Good,TK105,URALS
2025-09-13 03:02:52.591016621+00:00,VDU_FEED_RATE,16479.735739430915,BPD,Good,VDU001,BLEND_B
2025-09-13 04:20:42.861286892+00:00,CDU_FEED_RATE,41148.47877282264,BPD,Good,CDU001,BLEND_A
2025-09-13 04:20:42.861286892+00:00,CDU_FEED_TEMP,471.82107331191577,DEGF,Good,CDU001,BLEND_A
2025-09-13 04:20:42.861286892+00:00,TK101_LEVEL,86.58628838177698,PCT,Good,TK101,WTI
2025-09-13 04:20:42.861286892+00:00,TK101_TEMP,78.06898178972575,DEGF,Good,TK101,WTI
2025-09-13 04:20:42.861286892+00:00,TK101_VOLUME,46696.2539109439,BBL,Good,TK101,WTI
2025-09-13 04:20:42.861286892+00:00,TK102_LEVEL,67.26629118664674,PCT,Good,TK102,BRENT
2025-09-13 04:20:42.861286892+00:00,TK102_TEMP,79.38873218959239,DEGF,Good,TK102,BRENT
2025-09-13 04:20:42.861286892+00:00,TK102_VOLUME,31724.59447074875,BBL,Good,TK102,BRENT
2025-09-13 04:20:42.861286892+00:00,TK103_LEVEL,89.3429775791421,PCT,Good,TK103,MAYA
2025-09-13 04:20:42.861286892+00:00,TK103_TEMP,78.7784491023023,DEGF,Good,TK103,MAYA
2025-09-13 04:20:42.861286892+00:00,TK103_VOLUME,40716.301568887226,BBL,Good,TK103,MAYA
2025-09-13 04:20:42.861286892+00:00,TK104_LEVEL,88.12346097708512,PCT,Good,TK104,ARB
2025-09-13 04:20:42.861286892+00:00,TK104_TEMP,78.82053333658985,DEGF,Good,TK104,ARB
2025-09-13 04:20:42.861286892+00:00,TK104_VOLUME,48381.0632778758,BBL,Good,TK104,ARB
2025-09-13 04:20:42.861286892+00:00,TK105_LEVEL,71.18817471486437,PCT,Good,TK105,URALS
2025-09-13 04:20:42.861286892+00:00,TK105_TEMP,78.08665784769006,DEGF,Good,TK105,URALS
2025-09-13 04:20:42.861286892+00:00,TK105_VOLUME,35852.57604719212,BBL,Good,TK105,URALS
2025-09-13 04:20:42.861286892+00:00,VDU_FEED_RATE,16296.12935205218,BPD,Good,VDU001,BLEND_B
2025-09-13 05:38:33.131557162+00:00,CDU_FEED_RATE,40884.66935092256,BPD,Good,CDU001,BLEND_A
2025-09-13 05:38:33.131557162+00:00,CDU_FEED_TEMP,471.7407222599757,DEGF,Good,CDU001,BLEND_A
2025-09-13 05:38:33.131557162+00:00,TK101_LEVEL,85.91988940516472,PCT,Good,TK101,WTI
2025-09-13 05:38:33.131557162+00:00,TK101_TEMP,78.653962973696,DEGF,Good,TK101,WTI
2025-09-13 05:38:33.131557162+00:00,TK101_VOLUME,46336.86287571819,BBL,Good,TK101,WTI
2025-09-13 05:38:33.131557162+00:00,TK102_LEVEL,69.24602435064733,PCT,Good,TK102,BRENT
2025-09-13 05:38:33.131557162+00:00,TK102_TEMP,78.74392388861885,DEGF,Good,TK102,BRENT
2025-09-13 05:38:33.131557162+00:00,TK102_VOLUME,32658.289947045192,BBL,Good,TK102,BRENT
2025-09-13 05:38:33.131557162+00:00,TK103_LEVEL,90.71254292468615,PCT,Good,TK103,MAYA
2025-09-13 05:38:33.131557162+00:00,TK103_TEMP,78.39318365632202,DEGF,Good,TK103,MAYA
2025-09-13 05:38:33.131557162+00:00,TK103_VOLUME,41340.45398845565,BBL,Good,TK103,MAYA
2025-09-13 05:38:33.131557162+00:00,TK104_LEVEL,87.08751281023407,PCT,Good,TK104,ARB
2025-09-13 05:38:33.131557162+00:00,TK104_TEMP,78.43009263090825,DEGF,Good,TK104,ARB
2025-09-13 05:38:33.131557162+00:00,TK104_VOLUME,47812.312649413165,BBL,Good,TK104,ARB
2025-09-13 05:38:33.131557162+00:00,TK105_LEVEL,69.46047179281545,PCT,Good,TK105,URALS
2025-09-13 05:38:33.131557162+00:00,TK105_TEMP,78.41211101829745,DEGF,Good,TK105,URALS
2025-09-13 05:38:33.131557162+00:00,TK105_VOLUME,34982.45118940754,BBL,Good,TK105,URALS
2025-09-13 05:38:33.131557162+00:00,VDU_FEED_RATE,16512.83144708939,BPD,Good,VDU001,BLEND_B
2025-09-13 06:56:23.401827432+00:00,CDU_FEED_RATE,41073.69590161205,BPD,Good,CDU001,BLEND_A
2025-09-13 06:56:23.401827432+00:00,CDU_FEED_TEMP,473.15698866261914,DEGF,Good,CDU001,BLEND_A
2025-09-13 06:56:23.401827432+00:00,TK101_LEVEL,85.82228967390131,PCT,Good,TK101,WTI
2025-09-13 06:56:23.401827432+00:00,TK101_TEMP,77.56193263121985,DEGF,Good,TK101,WTI
2025-09-13 06:56:23.401827432+00:00,TK101_VOLUME,46284.22703789799,BBL,Good,TK101,WTI
2025-09-13 06:56:23.401827432+00:00,TK102_LEVEL,66.59772137795865,PCT,Good,TK102,BRENT
2025-09-13 06:56:23.401827432+00:00,TK102_TEMP,78.32465560837039,DEGF,Good,TK102,BRENT
2025-09-13 06:56:23.401827432+00:00,TK102_VOLUME,31409.278943731464,BBL,Good,TK102,BRENT
2025-09-13 06:56:23.401827432+00:00,TK103_LEVEL,88.64003082110402,PCT,Good,TK103,MAYA
2025-09-13 06:56:23.401827432+00:00,TK103_TEMP,78.53619936379411,DEGF,Good,TK103,MAYA
2025-09-13 06:56:23.401827432+00:00,TK103_VOLUME,40395.947435158065,BBL,Good,TK103,MAYA
2025-09-13 06:56:23.401827432+00:00,TK104_LEVEL,87.96600268400377,PCT,Good,TK104,ARB
2025-09-13 06:56:23.401827432+00:00,TK104_TEMP,77.9054911785066,DEGF,Good,TK104,ARB
2025-09-13 06:56:23.401827432+00:00,TK104_VOLUME,48294.61638216007,BBL,Good,TK104,ARB
2025-09-13 06:56:23.401827432+00:00,TK105_LEVEL,69.04239341738734,PCT,Good,TK105,URALS
2025-09-13 06:56:23.401827432+00:00,TK105_TEMP,78.76378691560849,DEGF,Good,TK105,URALS
2025-09-13 06:56:23.401827432+00:00,TK105_VOLUME,34771.893933110965,BBL,Good,TK105,URALS
2025-09-13 06:56:23.401827432+00:00,VDU_FEED_RATE,16470.28547486893,BPD,Good,VDU001,BLEND_B
2025-09-13 08:14:13.672097702+00:00,CDU_FEED_RATE,40992.693016979414,BPD,Good,CDU001,BLEND_A
2025-09-13 08:14:13.672097702+00:00,CDU_FEED_TEMP,472.7907966266832,DEGF,Good,CDU001,BLEND_A
2025-09-13 08:14:13.672097702+00:00,TK101_LEVEL,86.58066302614048,PCT,Good,TK101,WTI
2025-09-13 08:14:13.672097702+00:00,TK101_TEMP,78.44068287210145,DEGF,Good,TK101,WTI
2025-09-13 08:14:13.672097702+00:00,TK101_VOLUME,46693.22013919955,BBL,Good,TK101,WTI
2025-09-13 08:14:13.672097702+00:00,TK102_LEVEL,67.84835116439186,PCT,Good,TK102,BRENT
2025-09-13 08:14:13.672097702+00:00,TK102_TEMP,79.04094642225235,DEGF,Good,TK102,BRENT
2025-09-13 08:14:13.672097702+00:00,TK102_VOLUME,31999.109631698826,BBL,Good,TK102,BRENT
2025-09-13 08:14:13.672097702+00:00,TK103_LEVEL,89.02956169270564,PCT,Good,TK103,MAYA
2025-09-13 08:14:13.672097702+00:00,TK103_TEMP,77.88276481809827,DEGF,Good,TK103,MAYA
2025-09-13 08:14:13.672097702+00:00,TK103_VOLUME,40573.468454361544,BBL,Good,TK103,MAYA
2025-09-13 08:14:13.672097702+00:00,TK104_LEVEL,86.04156364342931,PCT,Good,TK104,ARB
2025-09-13 08:14:13.672097702+00:00,TK104_TEMP,77.72154119702766,DEGF,Good,TK104,ARB
2025-09-13 08:14:13.672097702+00:00,TK104_VOLUME,47238.07132634732,BBL,Good,TK104,ARB
2025-09-13 08:14:13.672097702+00:00,TK105_LEVEL,69.04979577467745,PCT,Good,TK105,URALS
2025-09-13 08:14:13.672097702+00:00,TK105_TEMP,77.27783645489939,DEGF,Good,TK105,URALS
2025-09-13 08:14:13.672097702+00:00,TK105_VOLUME,34775.621990175714,BBL,Good,TK105,URALS
2025-09-13 08:14:13.672097702+00:00,VDU_FEED_RATE,16701.98611331706,BPD,Good,VDU001,BLEND_B
2025-09-13 09:32:03.942367973+00:00,CDU_FEED_RATE,41268.63622874731,BPD,Good,CDU001,BLEND_A
2025-09-13 09:32:03.942367973+00:00,CDU_FEED_TEMP,472.6288381961146,DEGF,Good,CDU001,BLEND_A
2025-09-13 09:32:03.942367973+00:00,TK101_LEVEL,82.45368965003568,PCT,Good,TK101,WTI
2025-09-13 09:32:03.942367973+00:00,TK101_TEMP,78.21406261124385,DEGF,Good,TK101,WTI
2025-09-13 09:32:03.942367973+00:00,TK101_VOLUME,44467.530595786186,BBL,Good,TK101,WTI
2025-09-13 09:32:03.942367973+00:00,TK102_LEVEL,65.97282677522891,PCT,Good,TK102,BRENT
2025-09-13 09:32:03.942367973+00:00,TK102_TEMP,78.24243491129553,DEGF,Good,TK102,BRENT
2025-09-13 09:32:03.942367973+00:00,TK102_VOLUME,31114.561820060226,BBL,Good,TK102,BRENT
2025-09-13 09:32:03.942367973+00:00,TK103_LEVEL,87.29153792374373,PCT,Good,TK103,MAYA
2025-09-13 09:32:03.942367973+00:00,TK103_TEMP,78.34763898220028,DEGF,Good,TK103,MAYA
2025-09-13 09:32:03.942367973+00:00,TK103_VOLUME,39781.39836862637,BBL,Good,TK103,MAYA
2025-09-13 09:32:03.942367973+00:00,TK104_LEVEL,87.23423806694389,PCT,Good,TK104,ARB
2025-09-13 09:32:03.942367973+00:00,TK104_TEMP,77.78676789255458,DEGF,Good,TK104,ARB
2025-09-13 09:32:03.942367973+00:00,TK104_VOLUME,47892.86695187283,BBL,Good,TK104,ARB
2025-09-13 09:32:03.942367973+00:00,TK105_LEVEL,69.11968387249054,PCT,Good,TK105,URALS
2025-09-13 09:32:03.942367973+00:00,TK105_TEMP,78.13400113817802,DEGF,Good,TK105,URALS
2025-09-13 09:32:03.942367973+00:00,TK105_VOLUME,34810.81980711193,BBL,Good,TK105,URALS
2025-09-13 09:32:03.942367973+00:00,VDU_FEED_RATE,16729.677210991766,BPD,Good,VDU001,BLEND_B
2025-09-13 10:49:54.212638243+00:00,CDU_FEED_RATE,41325.12976186118,BPD,Good,CDU001,BLEND_A
2025-09-13 10:49:54.212638243+00:00,CDU_FEED_TEMP,472.6178621981168,DEGF,Good,CDU001,BLEND_A
2025-09-13 10:49:54.212638243+00:00,TK101_LEVEL,83.47563727624286,PCT,Good,TK101,WTI
2025-09-13 10:49:54.212638243+00:00,TK101_TEMP,78.00689006526545,DEGF,Good,TK101,WTI
2025-09-13 10:49:54.212638243+00:00,TK101_VOLUME,45018.67012063387,BBL,Good,TK101,WTI
2025-09-13 10:49:54.212638243+00:00,TK102_LEVEL,66.12828070036127,PCT,Good,TK102,BRENT
2025-09-13 10:49:54.212638243+00:00,TK102_TEMP,78.06656977267252,DEGF,Good,TK102,BRENT
2025-09-13 10:49:54.212638243+00:00,TK102_VOLUME,31187.878077679157,BBL,Good,TK102,BRENT
2025-09-13 10:49:54.212638243+00:00,TK103_LEVEL,86.58521764422476,PCT,Good,TK103,MAYA
2025-09-13 10:49:54.212638243+00:00,TK103_TEMP,78.41482015286755,DEGF,Good,TK103,MAYA
2025-09-13 10:49:54.212638243+00:00,TK103_VOLUME,39459.506818956,BBL,Good,TK103,MAYA
2025-09-13 10:49:54.212638243+00:00,TK104_LEVEL,88.98305470845351,PCT,Good,TK104,ARB
2025-09-13 10:49:54.212638243+00:00,TK104_TEMP,78.19167743149927,DEGF,Good,TK104,ARB
2025-09-13 10:49:54.212638243+00:00,TK104_VOLUME,48852.992753290004,BBL,Good,TK104,ARB
2025-09-13 10:49:54.212638243+00:00,TK105_LEVEL,68.11248629601185,PCT,Good,TK105,URALS
2025-09-13 10:49:54.212638243+00:00,TK105_TEMP,77.86596562495077,DEGF,Good,TK105,URALS
2025-09-13 10:49:54.212638243+00:00,TK105_VOLUME,34303.563821832264,BBL,Good,TK105,URALS
2025-09-13 10:49:54.212638243+00:00,VDU_FEED_RATE,16647.941649942262,BPD,Good,VDU001,BLEND_B
2025-09-13 12:07:44.482908513+00:00,CDU_FEED_RATE,41375.54055867897,BPD,Good,CDU001,BLEND_A
2025-09-13 12:07:44.482908513+00:00,CDU_FEED_TEMP,472.8038100512612,DEGF,Good,CDU001,BLEND_A
2025-09-13 12:07:44.482908513+00:00,TK101_LEVEL,84.20572101444641,PCT,Good,TK101,WTI
2025-09-13 12:07:44.482908513+00:00,TK101_TEMP,78.79346147746163,DEGF,Good,TK101,WTI
2025-09-13 12:07:44.482908513+00:00,TK101_VOLUME,45412.40654533294,BBL,Good,TK101,WTI
2025-09-13 12:07:44.482908513+00:00,TK102_LEVEL,63.98878306581318,PCT,Good,TK102,BRENT
2025-09-13 12:07:44.482908513+00:00,TK102_TEMP,77.669173365876,DEGF,Good,TK102,BRENT
2025-09-13 12:07:44.482908513+00:00,TK102_VOLUME,30178.833374458794,BBL,Good,TK102,BRENT
2025-09-13 12:07:44.482908513+00:00,TK103_LEVEL,86.58778134850864,PCT,Good,TK103,MAYA
2025-09-13 12:07:44.482908513+00:00,TK103_TEMP,77.6644827098509,DEGF,Good,TK103,MAYA
2025-09-13 12:07:44.482908513+00:00,TK103_VOLUME,39460.67517666675,BBL,Good,TK103,MAYA
2025-09-13 12:07:44.482908513+00:00,TK104_LEVEL,87.2548138408977,PCT,Good,TK104,ARB
2025-09-13 12:07:44.482908513+00:00,TK104_TEMP,77.9858455056694,DEGF,Good,TK104,ARB
2025-09-13 12:07:44.482908513+00:00,TK104_VOLUME,47904.16335138566,BBL,Good,TK104,ARB
2025-09-13 12:07:44.482908513+00:00,TK105_LEVEL,68.64889062850233,PCT,Good,TK105,URALS
2025-09-13 12:07:44.482908513+00:00,TK105_TEMP,77.93240849500948,DEGF,Good,TK105,URALS
2025-09-13 12:07:44.482908513+00:00,TK105_VOLUME,34573.7137055691,BBL,Good,TK105,URALS
2025-09-13 12:07:44.482908513+00:00,VDU_FEED_RATE,16647.701903306042,BPD,Good,VDU001,BLEND_B
2025-09-13 13:25:34.753178783+00:00,CDU_FEED_RATE,41513.946072797386,BPD,Good,CDU001,BLEND_A
2025-09-13 13:25:34.753178783+00:00,CDU_FEED_TEMP,472.4571705976397,DEGF,Good,CDU001,BLEND_A
2025-09-13 13:25:34.753178783+00:00,TK101_LEVEL,81.58048208647378,PCT,Good,TK101,WTI
2025-09-13 13:25:34.753178783+00:00,TK101_TEMP,77.60782905597529,DEGF,Good,TK101,WTI
2025-09-13 13:25:34.753178783+00:00,TK101_VOLUME,43996.60704810788,BBL,Good,TK101,WTI
2025-09-13 13:25:34.753178783+00:00,TK102_LEVEL,63.40689668901817,PCT,Good,TK102,BRENT
2025-09-13 13:25:34.753178783+00:00,TK102_TEMP,78.20985799827619,DEGF,Good,TK102,BRENT
2025-09-13 13:25:34.753178783+00:00,TK102_VOLUME,29904.400088392034,BBL,Good,TK102,BRENT
2025-09-13 13:25:34.753178783+00:00,TK103_LEVEL,84.9379451047179,PCT,Good,TK103,MAYA
2025-09-13 13:25:34.753178783+00:00,TK103_TEMP,77.94484882811906,DEGF,Good,TK103,MAYA
2025-09-13 13:25:34.753178783+00:00,TK103_VOLUME,38708.79481783319,BBL,Good,TK103,MAYA
2025-09-13 13:25:34.753178783+00:00,TK104_LEVEL,86.17025347080452,PCT,Good,TK104,ARB
2025-09-13 13:25:34.753178783+00:00,TK104_TEMP,78.02660467526702,DEGF,Good,TK104,ARB
2025-09-13 13:25:34.753178783+00:00,TK104_VOLUME,47308.72391548108,BBL,Good,TK104,ARB
2025-09-13 13:25:34.753178783+00:00,TK105_LEVEL,66.76022089575049,PCT,Good,TK105,URALS
2025-09-13 13:25:34.753178783+00:00,TK105_TEMP,77.66811850043669,DEGF,Good,TK105,URALS
2025-09-13 13:25:34.753178783+00:00,TK105_VOLUME,33622.520961932474,BBL,Good,TK105,URALS
2025-09-13 13:25:34.753178783+00:00,VDU_FEED_RATE,16803.079563573985,BPD,Good,VDU001,BLEND_B
2025-09-13 14:43:25.023449054+00:00,CDU_FEED_RATE,41715.081893696246,BPD,Good,CDU001,BLEND_A
2025-09-13 14:43:25.023449054+00:00,CDU_FEED_TEMP,472.3347090320957,DEGF,Good,CDU001,BLEND_A
2025-09-13 14:43:25.023449054+00:00,TK101_LEVEL,84.1854033859951,PCT,Good,TK101,WTI
2025-09-13 14:43:25.023449054+00:00,TK101_TEMP,78.86959876295317,DEGF,Good,TK101,WTI
2025-09-13 14:43:25.023449054+00:00,TK101_VOLUME,45401.44918528481,BBL,Good,TK101,WTI
2025-09-13 14:43:25.023449054+00:00,TK102_LEVEL,64.26773971863443,PCT,Good,TK102,BRENT
2025-09-13 14:43:25.023449054+00:00,TK102_TEMP,78.07775116135312,DEGF,Good,TK102,BRENT
2025-09-13 14:43:25.023449054+00:00,TK102_VOLUME,30310.396844505267,BBL,Good,TK102,BRENT
2025-09-13 14:43:25.023449054+00:00,TK103_LEVEL,84.33737441748181,PCT,Good,TK103,MAYA
2025-09-13 14:43:25.023449054+00:00,TK103_TEMP,77.52764842287645,DEGF,Good,TK103,MAYA
2025-09-13 14:43:25.023449054+00:00,TK103_VOLUME,38435.09656109804,BBL,Good,TK103,MAYA
2025-09-13 14:43:25.023449054+00:00,TK104_LEVEL,84.91367613818308,PCT,Good,TK104,ARB
2025-09-13 14:43:25.023449054+00:00,TK104_TEMP,78.08985624446419,DEGF,Good,TK104,ARB
2025-09-13 14:43:25.023449054+00:00,TK104_VOLUME,46618.84466233973,BBL,Good,TK104,ARB
2025-09-13 14:43:25.023449054+00:00,TK105_LEVEL,65.44113873156827,PCT,Good,TK105,URALS
2025-09-13 14:43:25.023449054+00:00,TK105_TEMP,77.90826198029478,DEGF,Good,TK105,URALS
2025-09-13 14:43:25.023449054+00:00,TK105_VOLUME,32958.19021046621,BBL,Good,TK105,URALS
2025-09-13 14:43:25.023449054+00:00,VDU_FEED_RATE,16778.49440803302,BPD,Good,VDU001,BLEND_B
2025-09-13 16:01:15.293719324+00:00,CDU_FEED_RATE,41655.075974734,BPD,Good,CDU001,BLEND_A
2025-09-13 16:01:15.293719324+00:00,CDU_FEED_TEMP,473.02094861235,DEGF,Good,CDU001,BLEND_A
2025-09-13 16:01:15.293719324+00:00,TK101_LEVEL,82.62623287612459,PCT,Good,TK101,WTI
2025-09-13 16:01:15.293719324+00:00,TK101_TEMP,77.6481685834228,DEGF,Good,TK101,WTI
2025-09-13 16:01:15.293719324+00:00,TK101_VOLUME,44560.58369283702,BBL,Good,TK101,WTI
2025-09-13 16:01:15.293719324+00:00,TK102_LEVEL,64.34500893156711,PCT,Good,TK102,BRENT
2025-09-13 16:01:15.293719324+00:00,TK102_TEMP,77.76822437798171,DEGF,Good,TK102,BRENT
2025-09-13 16:01:15.293719324+00:00,TK102_VOLUME,30346.839086259926,BBL,Good,TK102,BRENT
2025-09-13 16:01:15.293719324+00:00,TK103_LEVEL,86.11587608736791,PCT,Good,TK103,MAYA
2025-09-13 16:01:15.293719324+00:00,TK103_TEMP,77.49763095977879,DEGF,Good,TK103,MAYA
2025-09-13 16:01:15.293719324+00:00,TK103_VOLUME,39245.61365258076,BBL,Good,TK103,MAYA
2025-09-13 16:01:15.293719324+00:00,TK104_LEVEL,82.60895273440305,PCT,Good,TK104,ARB
2025-09-13 16:01:15.293719324+00:00,TK104_TEMP,77.44722384507841,DEGF,Good,TK104,ARB
2025-09-13 16:01:15.293719324+00:00,TK104_VOLUME,45353.51795365227,BBL,Good,TK104,ARB
2025-09-13 16:01:15.293719324+00:00,TK105_LEVEL,68.2949312306269,PCT,Good,TK105,URALS
2025-09-13 16:01:15.293719324+00:00,TK105_TEMP,78.72269791824822,DEGF,Good,TK105,URALS
2025-09-13 16:01:15.293719324+00:00,TK105_VOLUME,34395.44875804408,BBL,Good,TK105,URALS
2025-09-13 16:01:15.293719324+00:00,VDU_FEED_RATE,17074.345429969988,BPD,Good,VDU001,BLEND_B
2025-09-13 17:19:05.563989594+00:00,CDU_FEED_RATE,41798.275815502275,BPD,Good,CDU001,BLEND_A
2025-09-13 17:19:05.563989594+00:00,CDU_FEED_TEMP,473.69394151795836,DEGF,Good,CDU001,BLEND_A
2025-09-13 17:19:05.563989594+00:00,TK101_LEVEL,82.65485212327312,PCT,Good,TK101,WTI
2025-09-13 17:19:05.563989594+00:00,TK101_TEMP,77.0447385164981,DEGF,Good,TK101,WTI
2025-09-13 17:19:05.563989594+00:00,TK101_VOLUME,44576.018141599794,BBL,Good,TK101,WTI
2025-09-13 17:19:05.563989594+00:00,TK102_LEVEL,62.94710406510802,PCT,Good,TK102,BRENT
2025-09-13 17:19:05.563989594+00:00,TK102_TEMP,77.28825356204942,DEGF,Good,TK102,BRENT
2025-09-13 17:19:05.563989594+00:00,TK102_VOLUME,29687.549504290164,BBL,Good,TK102,BRENT
2025-09-13 17:19:05.563989594+00:00,TK103_LEVEL,85.77230574707083,PCT,Good,TK103,MAYA
2025-09-13 17:19:05.563989594+00:00,TK103_TEMP,77.12078206143214,DEGF,Good,TK103,MAYA
2025-09-13 17:19:05.563989594+00:00,TK103_VOLUME,39089.03823988792,BBL,Good,TK103,MAYA
2025-09-13 17:19:05.563989594+00:00,TK104_LEVEL,82.77581083951216,PCT,Good,TK104,ARB
2025-09-13 17:19:05.563989594+00:00,TK104_TEMP,78.41607682315589,DEGF,Good,TK104,ARB
2025-09-13 17:19:05.563989594+00:00,TK104_VOLUME,45445.12548304572,BBL,Good,TK104,ARB
2025-09-13 17:19:05.563989594+00:00,TK105_LEVEL,65.26371399997706,PCT,Good,TK105,URALS
2025-09-13 17:19:05.563989594+00:00,TK105_TEMP,77.52128550201894,DEGF,Good,TK105,URALS
2025-09-13 17:19:05.563989594+00:00,TK105_VOLUME,32868.833604435706,BBL,Good,TK105,URALS
2025-09-13 17:19:05.563989594+00:00,VDU_FEED_RATE,16939.25876653302,BPD,Good,VDU001,BLEND_B
2025-09-13 18:36:55.834259865+00:00,CDU_FEED_RATE,42419.64934657645,BPD,Good,CDU001,BLEND_A
2025-09-13 18:36:55.834259865+00:00,CDU_FEED_TEMP,472.93284804721264,DEGF,Good,CDU001,BLEND_A
2025-09-13 18:36:55.834259865+00:00,TK101_LEVEL,80.7906081344868,PCT,Good,TK101,WTI
2025-09-13 18:36:55.834259865+00:00,TK101_TEMP,77.64150671143956,DEGF,Good,TK101,WTI
2025-09-13 18:36:55.834259865+00:00,TK101_VOLUME,43570.625575648926,BBL,Good,TK101,WTI
2025-09-13 18:36:55.834259865+00:00,TK102_LEVEL,61.173737886602765,PCT,Good,TK102,BRENT
2025-09-13 18:36:55.834259865+00:00,TK102_TEMP,77.67151184802519,DEGF,Good,TK102,BRENT
2025-09-13 18:36:55.834259865+00:00,TK102_VOLUME,28851.182256018434,BBL,Good,TK102,BRENT
2025-09-13 18:36:55.834259865+00:00,TK103_LEVEL,82.96214074719587,PCT,Good,TK103,MAYA
2025-09-13 18:36:55.834259865+00:00,TK103_TEMP,78.23943438352543,DEGF,Good,TK103,MAYA
2025-09-13 18:36:55.834259865+00:00,TK103_VOLUME,37808.36091422028,BBL,Good,TK103,MAYA
2025-09-13 18:36:55.834259865+00:00,TK104_LEVEL,84.93417375009396,PCT,Good,TK104,ARB
2025-09-13 18:36:55.834259865+00:00,TK104_TEMP,77.47269150741842,DEGF,Good,TK104,ARB
2025-09-13 18:36:55.834259865+00:00,TK104_VOLUME,46630.09814975285,BBL,Good,TK104,ARB
2025-09-13 18:36:55.834259865+00:00,TK105_LEVEL,64.85318931138065,PCT,Good,TK105,URALS
2025-09-13 18:36:55.834259865+00:00,TK105_TEMP,77.75240242548921,DEGF,Good,TK105,URALS
2025-09-13 18:36:55.834259865+00:00,TK105_VOLUME,32662.08061946165,BBL,Good,TK105,URALS
2025-09-13 18:36:55.834259865+00:00,VDU_FEED_RATE,16945.699092515177,BPD,Good,VDU001,BLEND_B
2025-09-13 19:54:46.104530135+00:00,CDU_FEED_RATE,42807.822816048596,BPD,Good,CDU001,BLEND_A
2025-09-13 19:54:46.104530135+00:00,CDU_FEED_TEMP,473.98821135153764,DEGF,Good,CDU001,BLEND_A
2025-09-13 19:54:46.104530135+00:00,TK101_LEVEL,81.73240683612171,PCT,Good,TK101,WTI
2025-09-13 19:54:46.104530135+00:00,TK101_TEMP,76.99267208397946,DEGF,Good,TK101,WTI
2025-09-13 19:54:46.104530135+00:00,TK101_VOLUME,44078.54053685653,BBL,Good,TK101,WTI
2025-09-13 19:54:46.104530135+00:00,TK102_LEVEL,60.65696420554403,PCT,Good,TK102,BRENT
2025-09-13 19:54:46.104530135+00:00,TK102_TEMP,77.49589529125777,DEGF,Good,TK102,BRENT
2025-09-13 19:54:46.104530135+00:00,TK102_VOLUME,28607.45787080959,BBL,Good,TK102,BRENT
2025-09-13 19:54:46.104530135+00:00,TK103_LEVEL,84.47833721748397,PCT,Good,TK103,MAYA
2025-09-13 19:54:46.104530135+00:00,TK103_TEMP,78.06363727149886,DEGF,Good,TK103,MAYA
2025-09-13 19:54:46.104530135+00:00,TK103_VOLUME,38499.33757959106,BBL,Good,TK103,MAYA
2025-09-13 19:54:46.104530135+00:00,TK104_LEVEL,82.41871616401336,PCT,Good,TK104,ARB
2025-09-13 19:54:46.104530135+00:00,TK104_TEMP,77.31408119174809,DEGF,Good,TK104,ARB
2025-09-13 19:54:46.104530135+00:00,TK104_VOLUME,45249.07530639647,BBL,Good,TK104,ARB
2025-09-13 19:54:46.104530135+00:00,TK105_LEVEL,64.91291942417311,PCT,Good,TK105,URALS
2025-09-13 19:54:46.104530135+00:00,TK105_TEMP,78.5281678933434,DEGF,Good,TK105,URALS
2025-09-13 19:54:46.104530135+00:00,TK105_VOLUME,32692.162559612196,BBL,Good,TK105,URALS
2025-09-13 19:54:46.104530135+00:00,VDU_FEED_RATE,17007.64117615926,BPD,Good,VDU001,BLEND_B
2025-09-13 21:12:36.374800405+00:00,CDU_FEED_RATE,41969.78166944334,BPD,Good,CDU001,BLEND_A
2025-09-13 21:12:36.374800405+00:00,CDU_FEED_TEMP,474.4179402965915,DEGF,Good,CDU001,BLEND_A
2025-09-13 21:12:36.374800405+00:00,TK101_LEVEL,81.54892184390604,PCT,Good,TK101,WTI
2025-09-13 21:12:36.374800405+00:00,TK101_TEMP,77.080121813445,DEGF,Good,TK101,WTI
2025-09-13 21:12:36.374800405+00:00,TK101_VOLUME,43979.58651139269,BBL,Good,TK101,WTI
2025-09-13 21:12:36.374800405+00:00,TK102_LEVEL,60.15189331140862,PCT,Good,TK102,BRENT
2025-09-13 21:12:36.374800405+00:00,TK102_TEMP,76.78926257798466,DEGF,Good,TK102,BRENT
2025-09-13 21:12:36.374800405+00:00,TK102_VOLUME,28369.252835081308,BBL,Good,TK102,BRENT
2025-09-13 21:12:36.374800405+00:00,TK103_LEVEL,82.9851855790856,PCT,Good,TK103,MAYA
2025-09-13 21:12:36.374800405+00:00,TK103_TEMP,77.72471666446543,DEGF,Good,TK103,MAYA
2025-09-13 21:12:36.374800405+00:00,TK103_VOLUME,37818.86314226606,BBL,Good,TK103,MAYA
2025-09-13 21:12:36.374800405+00:00,TK104_LEVEL,82.07102728773559,PCT,Good,TK104,ARB
2025-09-13 21:12:36.374800405+00:00,TK104_TEMP,77.69719285601799,DEGF,Good,TK104,ARB
2025-09-13 21:12:36.374800405+00:00,TK104_VOLUME,45058.18905048124,BBL,Good,TK104,ARB
2025-09-13 21:12:36.374800405+00:00,TK105_LEVEL,64.60771099666078,PCT,Good,TK105,URALS
2025-09-13 21:12:36.374800405+00:00,TK105_TEMP,77.18099194816548,DEGF,Good,TK105,URALS
2025-09-13 21:12:36.374800405+00:00,TK105_VOLUME,32538.45011507406,BBL,Good,TK105,URALS
2025-09-13 21:12:36.374800405+00:00,VDU_FEED_RATE,16983.80725513859,BPD,Good,VDU001,BLEND_B
2025-09-13 22:30:26.645070675+00:00,CDU_FEED_RATE,42099.84062359503,BPD,Good,CDU001,BLEND_A
2025-09-13 22:30:26.645070675+00:00,CDU_FEED_TEMP,474.72170357263536,DEGF,Good,CDU001,BLEND_A
2025-09-13 22:30:26.645070675+00:00,TK101_LEVEL,80.28074967264203,PCT,Good,TK101,WTI
2025-09-13 22:30:26.645070675+00:00,TK101_TEMP,77.5806883166762,DEGF,Good,TK101,WTI
2025-09-13 22:30:26.645070675+00:00,TK101_VOLUME,43295.65732561874,BBL,Good,TK101,WTI
2025-09-13 22:30:26.645070675+00:00,TK102_LEVEL,59.37882896524334,PCT,Good,TK102,BRENT
2025-09-13 22:30:26.645070675+00:00,TK102_TEMP,76.64626549100636,DEGF,Good,TK102,BRENT
2025-09-13 22:30:26.645070675+00:00,TK102_VOLUME,28004.654870049508,BBL,Good,TK102,BRENT
2025-09-13 22:30:26.645070675+00:00,TK103_LEVEL,82.97937549376991,PCT,Good,TK103,MAYA
2025-09-13 22:30:26.645070675+00:00,TK103_TEMP,78.36826964264036,DEGF,Good,TK103,MAYA
2025-09-13 22:30:26.645070675+00:00,TK103_VOLUME,37816.215310368534,BBL,Good,TK103,MAYA
2025-09-13 22:30:26.645070675+00:00,TK104_LEVEL,82.17205027480348,PCT,Good,TK104,ARB
2025-09-13 22:30:26.645070675+00:00,TK104_TEMP,76.46391656548091,DEGF,Good,TK104,ARB
2025-09-13 22:30:26.645070675+00:00,TK104_VOLUME,45113.6521414182,BBL,Good,TK104,ARB
2025-09-13 22:30:26.645070675+00:00,TK105_LEVEL,63.72126760910637,PCT,Good,TK105,URALS
2025-09-13 22:30:26.645070675+00:00,TK105_TEMP,78.28950934113294,DEGF,Good,TK105,URALS
2025-09-13 22:30:26.645070675+00:00,TK105_VOLUME,32092.009690226518,BBL,Good,TK105,URALS
2025-09-13 22:30:26.645070675+00:00,VDU_FEED_RATE,17276.92410335619,BPD,Good,VDU001,BLEND_B
2025-09-13 23:48:16.915340946+00:00,CDU_FEED_RATE,42322.23707397979,BPD,Good,CDU001,BLEND_A
2025-09-13 23:48:16.915340946+00:00,CDU_FEED_TEMP,474.79218876276957,DEGF,Good,CDU001,BLEND_A
2025-09-13 23:48:16.915340946+00:00,TK101_LEVEL,79.85619505293224,PCT,Good,TK101,WTI
2025-09-13 23:48:16.915340946+00:00,TK101_TEMP,77.58711097858189,DEGF,Good,TK101,WTI
2025-09-13 23:48:16.915340946+00:00,TK101_VOLUME,43066.6937022605,BBL,Good,TK101,WTI
2025-09-13 23:48:16.915340946+00:00,TK102_LEVEL,60.829858945358474,PCT,Good,TK102,BRENT
2025-09-13 23:48:16.915340946+00:00,TK102_TEMP,77.59189662366173,DEGF,Good,TK102,BRENT
2025-09-13 23:48:16.915340946+00:00,TK102_VOLUME,28688.99968633082,BBL,Good,TK102,BRENT
2025-09-13 23:48:16.915340946+00:00,TK103_LEVEL,82.67370806644321,PCT,Good,TK103,MAYA
2025-09-13 23:48:16.915340946+00:00,TK103_TEMP,77.21469708597265,DEGF,Good,TK103,MAYA
2025-09-13 23:48:16.915340946+00:00,TK103_VOLUME,37676.91340340226,BBL,Good,TK103,MAYA
2025-09-13 23:48:16.915340946+00:00,TK104_LEVEL,80.84957699936962,PCT,Good,TK104,ARB
2025-09-13 23:48:16.915340946+00:00,TK104_TEMP,76.91405270939538,DEGF,Good,TK104,ARB
2025-09-13 23:48:16.915340946+00:00,TK104_VOLUME,44387.59505613528,BBL,Good,TK104,ARB
2025-09-13 23:48:16.915340946+00:00,TK105_LEVEL,63.664439862374316,PCT,Good,TK105,URALS
2025-09-13 23:48:16.915340946+00:00,TK105_TEMP,77.31198143757038,DEGF,Good,TK105,URALS
2025-09-13 23:48:16.915340946+00:00,TK105_VOLUME,32063.389471777846,BBL,Good,TK105,URALS
2025-09-13 23:48:16.915340946+00:00,VDU_FEED_RATE,17178.261240135977,BPD,Good,VDU001,BLEND_B
2025-09-14 01:06:07.185611216+00:00,CDU_FEED_RATE,42685.33253509455,BPD,Good,CDU001,BLEND_A
2025-09-14 01:06:07.185611216+00:00,CDU_FEED_TEMP,475.2515523705177,DEGF,Good,CDU001,BLEND_A
2025-09-14 01:06:07.185611216+00:00,TK101_LEVEL,79.47343464134015,PCT,Good,TK101,WTI
2025-09-14 01:06:07.185611216+00:00,TK101_TEMP,76.92637002702538,DEGF,Good,TK101,WTI
2025-09-14 01:06:07.185611216+00:00,TK101_VOLUME,42860.269824983836,BBL,Good,TK101,WTI
2025-09-14 01:06:07.185611216+00:00,TK102_LEVEL,61.42671474944431,PCT,Good,TK102,BRENT
2025-09-14 01:06:07.185611216+00:00,TK102_TEMP,75.93650971962667,DEGF,Good,TK102,BRENT
2025-09-14 01:06:07.185611216+00:00,TK102_VOLUME,28970.492957449274,BBL,Good,TK102,BRENT
2025-09-14 01:06:07.185611216+00:00,TK103_LEVEL,82.78913713695736,PCT,Good,TK103,MAYA
2025-09-14 01:06:07.185611216+00:00,TK103_TEMP,78.75333508470783,DEGF,Good,TK103,MAYA
2025-09-14 01:06:07.185611216+00:00,TK103_VOLUME,37729.51792781166,BBL,Good,TK103,MAYA
2025-09-14 01:06:07.185611216+00:00,TK104_LEVEL,80.26615176548943,PCT,Good,TK104,ARB
2025-09-14 01:06:07.185611216+00:00,TK104_TEMP,77.72799027649843,DEGF,Good,TK104,ARB
2025-09-14 01:06:07.185611216+00:00,TK104_VOLUME,44067.2861072436,BBL,Good,TK104,ARB
2025-09-14 01:06:07.185611216+00:00,TK105_LEVEL,63.223408769720045,PCT,Good,TK105,URALS
2025-09-14 01:06:07.185611216+00:00,TK105_TEMP,78.12840199008498,DEGF,Good,TK105,URALS
2025-09-14 01:06:07.185611216+00:00,TK105_VOLUME,31841.27251412446,BBL,Good,TK105,URALS
2025-09-14 01:06:07.185611216+00:00,VDU_FEED_RATE,17492.84585095056,BPD,Good,VDU001,BLEND_B
2025-09-14 02:23:57.455881486+00:00,CDU_FEED_RATE,43087.36904586545,BPD,Good,CDU001,BLEND_A
2025-09-14 02:23:57.455881486+00:00,CDU_FEED_TEMP,476.58879475027425,DEGF,Good,CDU001,BLEND_A
2025-09-14 02:23:57.455881486+00:00,TK101_LEVEL,77.92927658370432,PCT,Good,TK101,WTI
2025-09-14 02:23:57.455881486+00:00,TK101_TEMP,77.66028527858536,DEGF,Good,TK101,WTI
2025-09-14 02:23:57.455881486+00:00,TK101_VOLUME,42027.500594594145,BBL,Good,TK101,WTI
2025-09-14 02:23:57.455881486+00:00,TK102_LEVEL,59.877785487196746,PCT,Good,TK102,BRENT
2025-09-14 02:23:57.455881486+00:00,TK102_TEMP,77.26928796954279,DEGF,Good,TK102,BRENT
2025-09-14 02:23:57.455881486+00:00,TK102_VOLUME,28239.976203190723,BBL,Good,TK102,BRENT
2025-09-14 02:23:57.455881486+00:00,TK103_LEVEL,81.4670353170815,PCT,Good,TK103,MAYA
2025-09-14 02:23:57.455881486+00:00,TK103_TEMP,77.05281799838055,DEGF,Good,TK103,MAYA
2025-09-14 02:23:57.455881486+00:00,TK103_VOLUME,37126.99607481929,BBL,Good,TK103,MAYA
2025-09-14 02:23:57.455881486+00:00,TK104_LEVEL,81.03197687364491,PCT,Good,TK104,ARB
2025-09-14 02:23:57.455881486+00:00,TK104_TEMP,76.2978717415311,DEGF,Good,TK104,ARB
2025-09-14 02:23:57.455881486+00:00,TK104_VOLUME,44487.73524311096,BBL,Good,TK104,ARB
2025-09-14 02:23:57.455881486+00:00,TK105_LEVEL,63.0275207745543,PCT,Good,TK105,URALS
2025-09-14 02:23:57.455881486+00:00,TK105_TEMP,77.54168326853532,DEGF,Good,TK105,URALS
2025-09-14 02:23:57.455881486+00:00,TK105_VOLUME,31742.617235048376,BBL,Good,TK105,URALS
2025-09-14 02:23:57.455881486+00:00,VDU_FEED_RATE,17270.095077302874,BPD,Good,VDU001,BLEND_B
2025-09-14 03:41:47.726151756+00:00,CDU_FEED_RATE,43165.970729002445,BPD,Good,CDU001,BLEND_A
2025-09-14 03:41:47.726151756+00:00,CDU_FEED_TEMP,476.36738762772603,DEGF,Good,CDU001,BLEND_A
2025-09-14 03:41:47.726151756+00:00,TK101_LEVEL,78.24369840899124,PCT,Good,TK101,WTI
2025-09-14 03:41:47.726151756+00:00,TK101_TEMP,77.67546938319346,DEGF,Good,TK101,WTI
2025-09-14 03:41:47.726151756+00:00,TK101_VOLUME,42197.0692602933,BBL,Good,TK101,WTI
2025-09-14 03:41:47.726151756+00:00,TK102_LEVEL,57.22939175757159,PCT,Good,TK102,BRENT
2025-09-14 03:41:47.726151756+00:00,TK102_TEMP,76.85767397530599,DEGF,Good,TK102,BRENT
2025-09-14 03:41:47.726151756+00:00,TK102_VOLUME,26990.92239646158,BBL,Good,TK102,BRENT
2025-09-14 03:41:47.726151756+00:00,TK103_LEVEL,82.39308435130813,PCT,Good,TK103,MAYA
2025-09-14 03:41:47.726151756+00:00,TK103_TEMP,77.2243121800609,DEGF,Good,TK103,MAYA
2025-09-14 03:41:47.726151756+00:00,TK103_VOLUME,37549.02467479234,BBL,Good,TK103,MAYA
2025-09-14 03:41:47.726151756+00:00,TK104_LEVEL,79.78952673254219,PCT,Good,TK104,ARB
2025-09-14 03:41:47.726151756+00:00,TK104_TEMP,77.65550260264948,DEGF,Good,TK104,ARB
2025-09-14 03:41:47.726151756+00:00,TK104_VOLUME,43805.61202382515,BBL,Good,TK104,ARB
2025-09-14 03:41:47.726151756+00:00,TK105_LEVEL,60.093819229334066,PCT,Good,TK105,URALS
2025-09-14 03:41:47.726151756+00:00,TK105_TEMP,77.25026968547411,DEGF,Good,TK105,URALS
2025-09-14 03:41:47.726151756+00:00,TK105_VOLUME,30265.114009673343,BBL,Good,TK105,URALS
2025-09-14 03:41:47.726151756+00:00,VDU_FEED_RATE,17524.983927866844,BPD,Good,VDU001,BLEND_B
2025-09-14 04:59:37.996422027+00:00,CDU_FEED_RATE,43218.184681720995,BPD,Good,CDU001,BLEND_A
2025-09-14 04:59:37.996422027+00:00,CDU_FEED_TEMP,476.0702034066027,DEGF,Good,CDU001,BLEND_A
2025-09-14 04:59:37.996422027+00:00,TK101_LEVEL,77.84720757567014,PCT,Good,TK101,WTI
2025-09-14 04:59:37.996422027+00:00,TK101_TEMP,77.74601210431993,DEGF,Good,TK101,WTI
2025-09-14 04:59:37.996422027+00:00,TK101_VOLUME,41983.24052398706,BBL,Good,TK101,WTI
2025-09-14 04:59:37.996422027+00:00,TK102_LEVEL,58.90754907346579,PCT,Good,TK102,BRENT
2025-09-14 04:59:37.996422027+00:00,TK102_TEMP,77.68198452947824,DEGF,Good,TK102,BRENT
2025-09-14 04:59:37.996422027+00:00,TK102_VOLUME,27782.38658105799,BBL,Good,TK102,BRENT
2025-09-14 04:59:37.996422027+00:00,TK103_LEVEL,80.90083821465701,PCT,Good,TK103,MAYA
2025-09-14 04:59:37.996422027+00:00,TK103_TEMP,76.82897226906817,DEGF,Good,TK103,MAYA
2025-09-14 04:59:37.996422027+00:00,TK103_VOLUME,36868.96290204615,BBL,Good,TK103,MAYA
2025-09-14 04:59:37.996422027+00:00,TK104_LEVEL,79.54854062632621,PCT,Good,TK104,ARB
2025-09-14 04:59:37.996422027+00:00,TK104_TEMP,77.78342950921785,DEGF,Good,TK104,ARB
2025-09-14 04:59:37.996422027+00:00,TK104_VOLUME,43673.30714241615,BBL,Good,TK104,ARB
2025-09-14 04:59:37.996422027+00:00,TK105_LEVEL,63.94068601422013,PCT,Good,TK105,URALS
2025-09-14 04:59:37.996422027+00:00,TK105_TEMP,76.995045885095,DEGF,Good,TK105,URALS
2025-09-14 04:59:37.996422027+00:00,TK105_VOLUME,32202.515614658543,BBL,Good,TK105,URALS
2025-09-14 04:59:37.996422027+00:00,VDU_FEED_RATE,17731.36641857512,BPD,Good,VDU001,BLEND_B
2025-09-14 06:17:28.266692297+00:00,CDU_FEED_RATE,43466.53491302919,BPD,Good,CDU001,BLEND_A
2025-09-14 06:17:28.266692297+00:00,CDU_FEED_TEMP,476.63442815839846,DEGF,Good,CDU001,BLEND_A
2025-09-14 06:17:28.266692297+00:00,TK101_LEVEL,78.00232745965643,PCT,Good,TK101,WTI
2025-09-14 06:17:28.266692297+00:00,TK101_TEMP,77.22473539989346,DEGF,Good,TK101,WTI
2025-09-14 06:17:28.266692297+00:00,TK101_VOLUME,42066.897158595544,BBL,Good,TK101,WTI
2025-09-14 06:17:28.266692297+00:00,TK102_LEVEL,58.55471402434818,PCT,Good,TK102,BRENT
2025-09-14 06:17:28.266692297+00:00,TK102_TEMP,76.71329459175365,DEGF,Good,TK102,BRENT
2025-09-14 06:17:28.266692297+00:00,TK102_VOLUME,27615.98006970056,BBL,Good,TK102,BRENT
2025-09-14 06:17:28.266692297+00:00,TK103_LEVEL,80.83481313454708,PCT,Good,TK103,MAYA
2025-09-14 06:17:28.266692297+00:00,TK103_TEMP,77.14619147636076,DEGF,Good,TK103,MAYA
2025-09-14 06:17:28.266692297+00:00,TK103_VOLUME,36838.87327278027,BBL,Good,TK103,MAYA
2025-09-14 06:17:28.266692297+00:00,TK104_LEVEL,79.12757166713857,PCT,Good,TK104,ARB
2025-09-14 06:17:28.266692297+00:00,TK104_TEMP,76.77530102741872,DEGF,Good,TK104,ARB
2025-09-14 06:17:28.266692297+00:00,TK104_VOLUME,43442.18905392238,BBL,Good,TK104,ARB
2025-09-14 06:17:28.266692297+00:00,TK105_LEVEL,61.531724880858164,PCT,Good,TK105,URALS
2025-09-14 06:17:28.266692297+00:00,TK105_TEMP,76.64800797639099,DEGF,Good,TK105,URALS
2025-09-14 06:17:28.266692297+00:00,TK105_VOLUME,30989.287960283018,BBL,Good,TK105,URALS
2025-09-14 06:17:28.266692297+00:00,VDU_FEED_RATE,17398.119630066903,BPD,Good,VDU001,BLEND_B
2025-09-14 07:35:18.536962567+00:00,CDU_FEED_RATE,43322.324809142636,BPD,Good,CDU001,BLEND_A
2025-09-14 07:35:18.536962567+00:00,CDU_FEED_TEMP,476.97653602877335,DEGF,Good,CDU001,BLEND_A
2025-09-14 07:35:18.536962567+00:00,TK101_LEVEL,78.24944254859238,PCT,Good,TK101,WTI
2025-09-14 07:35:18.536962567+00:00,TK101_TEMP,77.57494096485262,DEGF,Good,TK101,WTI
2025-09-14 07:35:18.536962567+00:00,TK101_VOLUME,42200.167092598254,BBL,Good,TK101,WTI
2025-09-14 07:35:18.536962567+00:00,TK102_LEVEL,60.444196477585386,PCT,Good,TK102,BRENT
2025-09-14 07:35:18.536962567+00:00,TK102_TEMP,77.22296871593572,DEGF,Good,TK102,BRENT
2025-09-14 07:35:18.536962567+00:00,TK102_VOLUME,28507.11088026092,BBL,Good,TK102,BRENT
2025-09-14 07:35:18.536962567+00:00,TK103_LEVEL,79.00805097691945,PCT,Good,TK103,MAYA
2025-09-14 07:35:18.536962567+00:00,TK103_TEMP,77.31103407275289,DEGF,Good,TK103,MAYA
2025-09-14 07:35:18.536962567+00:00,TK103_VOLUME,36006.36241496035,BBL,Good,TK103,MAYA
2025-09-14 07:35:18.536962567+00:00,TK104_LEVEL,80.0618076134992,PCT,Good,TK104,ARB
2025-09-14 07:35:18.536962567+00:00,TK104_TEMP,77.03913299252292,DEGF,Good,TK104,ARB
2025-09-14 07:35:18.536962567+00:00,TK104_VOLUME,43955.09819226289,BBL,Good,TK104,ARB
2025-09-14 07:35:18.536962567+00:00,TK105_LEVEL,61.890320520218864,PCT,Good,TK105,URALS
2025-09-14 07:35:18.536962567+00:00,TK105_TEMP,76.93112238379194,DEGF,Good,TK105,URALS
2025-09-14 07:35:18.536962567+00:00,TK105_VOLUME,31169.887863031847,BBL,Good,TK105,URALS
2025-09-14 07:35:18.536962567+00:00,VDU_FEED_RATE,17999.956367123887,BPD,Good,VDU001,BLEND_B
2025-09-14 08:53:08.807232838+00:00,CDU_FEED_RATE,43597.096423258925,BPD,Good,CDU001,BLEND_A
2025-09-14 08:53:08.807232838+00:00,CDU_FEED_TEMP,476.9322765155241,DEGF,Good,CDU001,BLEND_A
2025-09-14 08:53:08.807232838+00:00,TK101_LEVEL,75.83400535613184,PCT,Good,TK101,WTI
2025-09-14 08:53:08.807232838+00:00,TK101_TEMP,75.88706431117222,DEGF,Good,TK101,WTI
2025-09-14 08:53:08.807232838+00:00,TK101_VOLUME,40897.51432213012,BBL,Good,TK101,WTI
2025-09-14 08:53:08.807232838+00:00,TK102_LEVEL,56.53398295086855,PCT,Good,TK102,BRENT
2025-09-14 08:53:08.807232838+00:00,TK102_TEMP,76.62900660454036,DEGF,Good,TK102,BRENT
2025-09-14 08:53:08.807232838+00:00,TK102_VOLUME,26662.948875179933,BBL,Good,TK102,BRENT
2025-09-14 08:53:08.807232838+00:00,TK103_LEVEL,81.64289571558969,PCT,Good,TK103,MAYA
2025-09-14 08:53:08.807232838+00:00,TK103_TEMP,76.77050532863272,DEGF,Good,TK103,MAYA
2025-09-14 08:53:08.807232838+00:00,TK103_VOLUME,37207.1409861901,BBL,Good,TK103,MAYA
2025-09-14 08:53:08.807232838+00:00,TK104_LEVEL,78.95024484559752,PCT,Good,TK104,ARB
2025-09-14 08:53:08.807232838+00:00,TK104_TEMP,77.38700706758478,DEGF,Good,TK104,ARB
2025-09-14 08:53:08.807232838+00:00,TK104_VOLUME,43344.834046768585,BBL,Good,TK104,ARB
2025-09-14 08:53:08.807232838+00:00,TK105_LEVEL,59.57451969566601,PCT,Good,TK105,URALS
2025-09-14 08:53:08.807232838+00:00,TK105_TEMP,77.27614425466928,DEGF,Good,TK105,URALS
2025-09-14 08:53:08.807232838+00:00,TK105_VOLUME,30003.578633936035,BBL,Good,TK105,URALS
2025-09-14 08:53:08.807232838+00:00,VDU_FEED_RATE,17775.902908448777,BPD,Good,VDU001,BLEND_B
2025-09-14 10:10:59.077503108+00:00,CDU_FEED_RATE,43817.43194389067,BPD,Good,CDU001,BLEND_A
2025-09-14 10:10:59.077503108+00:00,CDU_FEED_TEMP,477.2603460530973,DEGF,Good,CDU001,BLEND_A
2025-09-14 10:10:59.077503108+00:00,TK101_LEVEL,76.42342609254224,PCT,Good,TK101,WTI
2025-09-14 10:10:59.077503108+00:00,TK101_TEMP,76.60379459958445,DEGF,Good,TK101,WTI
2025-09-14 10:10:59.077503108+00:00,TK101_VOLUME,41215.39075363204,BBL,Good,TK101,WTI
2025-09-14 10:10:59.077503108+00:00,TK102_LEVEL,57.256336945940475,PCT,Good,TK102,BRENT
2025-09-14 10:10:59.077503108+00:00,TK102_TEMP,76.81962195064175,DEGF,Good,TK102,BRENT
2025-09-14 10:10:59.077503108+00:00,TK102_VOLUME,27003.630472956673,BBL,Good,TK102,BRENT
2025-09-14 10:10:59.077503108+00:00,TK103_LEVEL,79.6099553128414,PCT,Good,TK103,MAYA
2025-09-14 10:10:59.077503108+00:00,TK103_TEMP,77.65110779745748,DEGF,Good,TK103,MAYA
2025-09-14 10:10:59.077503108+00:00,TK103_VOLUME,36280.668455805135,BBL,Good,TK103,MAYA
2025-09-14 10:10:59.077503108+00:00,TK104_LEVEL,78.65969225295059,PCT,Good,TK104,ARB
2025-09-14 10:10:59.077503108+00:00,TK104_TEMP,76.52935327987691,DEGF,Good,TK104,ARB
2025-09-14 10:10:59.077503108+00:00,TK104_VOLUME,43185.31644255127,BBL,Good,TK104,ARB
2025-09-14 10:10:59.077503108+00:00,TK105_LEVEL,60.137514460702356,PCT,Good,TK105,URALS
2025-09-14 10:10:59.077503108+00:00,TK105_TEMP,76.75619215840034,DEGF,Good,TK105,URALS
2025-09-14 10:10:59.077503108+00:00,TK105_VOLUME,30287.120285460103,BBL,Good,TK105,URALS
2025-09-14 10:10:59.077503108+00:00,VDU_FEED_RATE,17928.864713262574,BPD,Good,VDU001,BLEND_B
2025-09-14 11:28:49.347773378+00:00,CDU_FEED_RATE,43592.08812385586,BPD,Good,CDU001,BLEND_A
2025-09-14 11:28:49.347773378+00:00,CDU_FEED_TEMP,478.481546427311,DEGF,Good,CDU001,BLEND_A
2025-09-14 11:28:49.347773378+00:00,TK101_LEVEL,77.69946042822485,PCT,Good,TK101,WTI
2025-09-14 11:28:49.347773378+00:00,TK101_TEMP,76.26558532114181,DEGF,Good,TK101,WTI
2025-09-14 11:28:49.347773378+00:00,TK101_VOLUME,41903.56002906501,BBL,Good,TK101,WTI
2025-09-14 11:28:49.347773378+00:00,TK102_LEVEL,59.02243698678831,PCT,Good,TK102,BRENT
2025-09-14 11:28:49.347773378+00:00,TK102_TEMP,77.06750621476355,DEGF,Good,TK102,BRENT
2025-09-14 11:28:49.347773378+00:00,TK102_VOLUME,27836.570815024956,BBL,Good,TK102,BRENT
2025-09-14 11:28:49.347773378+00:00,TK103_LEVEL,79.52269757268559,PCT,Good,TK103,MAYA
2025-09-14 11:28:49.347773378+00:00,TK103_TEMP,76.81866259162027,DEGF,Good,TK103,MAYA
2025-09-14 11:28:49.347773378+00:00,TK103_VOLUME,36240.90246010327,BBL,Good,TK103,MAYA
2025-09-14 11:28:49.347773378+00:00,TK104_LEVEL,79.1047798758574,PCT,Good,TK104,ARB
2025-09-14 11:28:49.347773378+00:00,TK104_TEMP,77.13297570956662,DEGF,Good,TK104,ARB
2025-09-14 11:28:49.347773378+00:00,TK104_VOLUME,43429.676028628506,BBL,Good,TK104,ARB
2025-09-14 11:28:49.347773378+00:00,TK105_LEVEL,59.60576861333526,PCT,Good,TK105,URALS
2025-09-14 11:28:49.347773378+00:00,TK105_TEMP,76.5407765467726,DEGF,Good,TK105,URALS
2025-09-14 11:28:49.347773378+00:00,TK105_VOLUME,30019.316559534163,BBL,Good,TK105,URALS
2025-09-14 11:28:49.347773378+00:00,VDU_FEED_RATE,18065.502257476455,BPD,Good,VDU001,BLEND_B
2025-09-14 12:46:39.618043648+00:00,CDU_FEED_RATE,43864.66834721011,BPD,Good,CDU001,BLEND_A
2025-09-14 12:46:39.618043648+00:00,CDU_FEED_TEMP,478.1000996080231,DEGF,Good,CDU001,BLEND_A
2025-09-14 12:46:39.618043648+00:00,TK101_LEVEL,75.15833996684954,PCT,Good,TK101,WTI
2025-09-14 12:46:39.618043648+00:00,TK101_TEMP,76.69610484090595,DEGF,Good,TK101,WTI
2025-09-14 12:46:39.618043648+00:00,TK101_VOLUME,40533.125881807464,BBL,Good,TK101,WTI
2025-09-14 12:46:39.618043648+00:00,TK102_LEVEL,57.45048596268651,PCT,Good,TK102,BRENT
2025-09-14 12:46:39.618043648+00:00,TK102_TEMP,76.40521405217996,DEGF,Good,TK102,BRENT
2025-09-14 12:46:39.618043648+00:00,TK102_VOLUME,27095.19637787734,BBL,Good,TK102,BRENT
2025-09-14 12:46:39.618043648+00:00,TK103_LEVEL,76.88543765122517,PCT,Good,TK103,MAYA
2025-09-14 12:46:39.618043648+00:00,TK103_TEMP,76.77173460339735,DEGF,Good,TK103,MAYA
2025-09-14 12:46:39.618043648+00:00,TK103_VOLUME,35039.02321690699,BBL,Good,TK103,MAYA
2025-09-14 12:46:39.618043648+00:00,TK104_LEVEL,78.0497176854118,PCT,Good,TK104,ARB
2025-09-14 12:46:39.618043648+00:00,TK104_TEMP,76.3009175127769,DEGF,Good,TK104,ARB
2025-09-14 12:46:39.618043648+00:00,TK104_VOLUME,42850.43152288541,BBL,Good,TK104,ARB
2025-09-14 12:46:39.618043648+00:00,TK105_LEVEL,61.431731559260434,PCT,Good,TK105,URALS
2025-09-14 12:46:39.618043648+00:00,TK105_TEMP,76.51110064325336,DEGF,Good,TK105,URALS
2025-09-14 12:46:39.618043648+00:00,TK105_VOLUME,30938.9282175146,BBL,Good,TK105,URALS
2025-09-14 12:46:39.618043648+00:00,VDU_FEED_RATE,18168.26408120982,BPD,Good,VDU001,BLEND_B
2025-09-14 14:04:29.888313919+00:00,CDU_FEED_RATE,44042.43268846925,BPD,Good,CDU001,BLEND_A
2025-09-14 14:04:29.888313919+00:00,CDU_FEED_TEMP,478.09830021406185,DEGF,Good,CDU001,BLEND_A
2025-09-14 14:04:29.888313919+00:00,TK101_LEVEL,74.77860310605703,PCT,Good,TK101,WTI
2025-09-14 14:04:29.888313919+00:00,TK101_TEMP,76.28924317003204,DEGF,Good,TK101,WTI
2025-09-14 14:04:29.888313919+00:00,TK101_VOLUME,40328.33261485593,BBL,Good,TK101,WTI
2025-09-14 14:04:29.888313919+00:00,TK102_LEVEL,57.26274562254163,PCT,Good,TK102,BRENT
2025-09-14 14:04:29.888313919+00:00,TK102_TEMP,77.07324522187962,DEGF,Good,TK102,BRENT
2025-09-14 14:04:29.888313919+00:00,TK102_VOLUME,27006.652977433714,BBL,Good,TK102,BRENT
2025-09-14 14:04:29.888313919+00:00,TK103_LEVEL,77.36984636704285,PCT,Good,TK103,MAYA
2025-09-14 14:04:29.888313919+00:00,TK103_TEMP,76.12046893237356,DEGF,Good,TK103,MAYA
2025-09-14 14:04:29.888313919+00:00,TK103_VOLUME,35259.7829440871,BBL,Good,TK103,MAYA
2025-09-14 14:04:29.888313919+00:00,TK104_LEVEL,77.6124284528728,PCT,Good,TK104,ARB
2025-09-14 14:04:29.888313919+00:00,TK104_TEMP,76.33616663296382,DEGF,Good,TK104,ARB
2025-09-14 14:04:29.888313919+00:00,TK104_VOLUME,42610.353366675634,BBL,Good,TK104,ARB
2025-09-14 14:04:29.888313919+00:00,TK105_LEVEL,59.075119115601254,PCT,Good,TK105,URALS
2025-09-14 14:04:29.888313919+00:00,TK105_TEMP,77.07120608642194,DEGF,Good,TK105,URALS
2025-09-14 14:04:29.888313919+00:00,TK105_VOLUME,29752.064989338473,BBL,Good,TK105,URALS
2025-09-14 14:04:29.888313919+00:00,VDU_FEED_RATE,18195.647594176793,BPD,Good,VDU001,BLEND_B
2025-09-14 15:22:20.158584189+00:00,CDU_FEED_RATE,44682.46060993417,BPD,Good,CDU001,BLEND_A
2025-09-14 15:22:20.158584189+00:00,CDU_FEED_TEMP,478.9612969359917,DEGF,Good,CDU001,BLEND_A
2025-09-14 15:22:20.158584189+00:00,TK101_LEVEL,75.51770315269299,PCT,Good,TK101,WTI
2025-09-14 15:22:20.158584189+00:00,TK101_TEMP,76.43144452142776,DEGF,Good,TK101,WTI
2025-09-14 15:22:20.158584189+00:00,TK101_VOLUME,40726.93156266077,BBL,Good,TK101,WTI
2025-09-14 15:22:20.158584189+00:00,TK102_LEVEL,56.528560823563524,PCT,Good,TK102,BRENT
2025-09-14 15:22:20.158584189+00:00,TK102_TEMP,76.01767450384939,DEGF,Good,TK102,BRENT
2025-09-14 15:22:20.158584189+00:00,TK102_VOLUME,26660.391653919683,BBL,Good,TK102,BRENT
2025-09-14 15:22:20.158584189+00:00,TK103_LEVEL,79.14497591555512,PCT,Good,TK103,MAYA
2025-09-14 15:22:20.158584189+00:00,TK103_TEMP,76.72377297967783,DEGF,Good,TK103,MAYA
2025-09-14 15:22:20.158584189+00:00,TK103_VOLUME,36068.763257699815,BBL,Good,TK103,MAYA
2025-09-14 15:22:20.158584189+00:00,TK104_LEVEL,78.07567641441459,PCT,Good,TK104,ARB
2025-09-14 15:22:20.158584189+00:00,TK104_TEMP,76.11485521024015,DEGF,Good,TK104,ARB
2025-09-14 15:22:20.158584189+00:00,TK104_VOLUME,42864.68324310352,BBL,Good,TK104,ARB
2025-09-14 15:22:20.158584189+00:00,TK105_LEVEL,60.13355654689167,PCT,Good,TK105,URALS
2025-09-14 15:22:20.158584189+00:00,TK105_TEMP,77.12710416995256,DEGF,Good,TK105,URALS
2025-09-14 15:22:20.158584189+00:00,TK105_VOLUME,30285.12695712356,BBL,Good,TK105,URALS
2025-09-14 15:22:20.158584189+00:00,VDU_FEED_RATE,18370.389849969906,BPD,Good,VDU001,BLEND_B
2025-09-14 16:40:10.428854459+00:00,CDU_FEED_RATE,44721.9682146073,BPD,Good,CDU001,BLEND_A
2025-09-14 16:40:10.428854459+00:00,CDU_FEED_TEMP,479.380263831493,DEGF,Good,CDU001,BLEND_A
2025-09-14 16:40:10.428854459+00:00,TK101_LEVEL,75.8905301723235,PCT,Good,TK101,WTI
2025-09-14 16:40:10.428854459+00:00,TK101_TEMP,77.39625408560389,DEGF,Good,TK101,WTI
2025-09-14 16:40:10.428854459+00:00,TK101_VOLUME,40927.99833083963,BBL,Good,TK101,WTI
2025-09-14 16:40:10.428854459+00:00,TK102_LEVEL,56.474667946173284,PCT,Good,TK102,BRENT
2025-09-14 16:40:10.428854459+00:00,TK102_TEMP,76.60246306678106,DEGF,Good,TK102,BRENT
2025-09-14 16:40:10.428854459+00:00,TK102_VOLUME,26634.974321554455,BBL,Good,TK102,BRENT
2025-09-14 16:40:10.428854459+00:00,TK103_LEVEL,77.92473136690538,PCT,Good,TK103,MAYA
2025-09-14 16:40:10.428854459+00:00,TK103_TEMP,76.38815303509718,DEGF,Good,TK103,MAYA
2025-09-14 16:40:10.428854459+00:00,TK103_VOLUME,35512.66084901747,BBL,Good,TK103,MAYA
2025-09-14 16:40:10.428854459+00:00,TK104_LEVEL,78.00417192337844,PCT,Good,TK104,ARB
2025-09-14 16:40:10.428854459+00:00,TK104_TEMP,76.62649024509926,DEGF,Good,TK104,ARB
2025-09-14 16:40:10.428854459+00:00,TK104_VOLUME,42825.42623631878,BBL,Good,TK104,ARB
2025-09-14 16:40:10.428854459+00:00,TK105_LEVEL,58.45580412825476,PCT,Good,TK105,URALS
2025-09-14 16:40:10.428854459+00:00,TK105_TEMP,76.12159138861767,DEGF,Good,TK105,URALS
2025-09-14 16:40:10.428854459+00:00,TK105_VOLUME,29440.158724429428,BBL,Good,TK105,URALS
2025-09-14 16:40:10.428854459+00:00,VDU_FEED_RATE,18395.198577847328,BPD,Good,VDU001,BLEND_B
2025-09-14 17:58:00.699124729+00:00,CDU_FEED_RATE,44982.98212601475,BPD,Good,CDU001,BLEND_A
2025-09-14 17:58:00.699124729+00:00,CDU_FEED_TEMP,478.6740815398956,DEGF,Good,CDU001,BLEND_A
2025-09-14 17:58:00.699124729+00:00,TK101_LEVEL,74.80507529186997,PCT,Good,TK101,WTI
2025-09-14 17:58:00.699124729+00:00,TK101_TEMP,76.31204509817637,DEGF,Good,TK101,WTI
2025-09-14 17:58:00.699124729+00:00,TK101_VOLUME,40342.60914678034,BBL,Good,TK101,WTI
2025-09-14 17:58:00.699124729+00:00,TK102_LEVEL,56.66983819226571,PCT,Good,TK102,BRENT
2025-09-14 17:58:00.699124729+00:00,TK102_TEMP,76.85822485778048,DEGF,Good,TK102,BRENT
2025-09-14 17:58:00.699124729+00:00,TK102_VOLUME,26727.021865737588,BBL,Good,TK102,BRENT
2025-09-14 17:58:00.699124729+00:00,TK103_LEVEL,75.471564768255,PCT,Good,TK103,MAYA
2025-09-14 17:58:00.699124729+00:00,TK103_TEMP,76.0927851317179,DEGF,Good,TK103,MAYA
2025-09-14 17:58:00.699124729+00:00,TK103_VOLUME,34394.67851021652,BBL,Good,TK103,MAYA
2025-09-14 17:58:00.699124729+00:00,TK104_LEVEL,76.93640483478335,PCT,Good,TK104,ARB
2025-09-14 17:58:00.699124729+00:00,TK104_TEMP,76.97588952266933,DEGF,Good,TK104,ARB
2025-09-14 17:58:00.699124729+00:00,TK104_VOLUME,42239.20655649043,BBL,Good,TK104,ARB
2025-09-14 17:58:00.699124729+00:00,TK105_LEVEL,58.40110989574516,PCT,Good,TK105,URALS
2025-09-14 17:58:00.699124729+00:00,TK105_TEMP,76.06261106766281,DEGF,Good,TK105,URALS
2025-09-14 17:58:00.699124729+00:00,TK105_VOLUME,29412.61301001481,BBL,Good,TK105,URALS
2025-09-14 17:58:00.699124729+00:00,VDU_FEED_RATE,18635.21855550217,BPD,Good,VDU001,BLEND_B
2025-09-14 19:15:50.969395+00:00,CDU_FEED_RATE,44540.08625254939,BPD,Good,CDU001,BLEND_A
2025-09-14 19:15:50.969395+00:00,CDU_FEED_TEMP,479.9796268210914,DEGF,Good,CDU001,BLEND_A
2025-09-14 19:15:50.969395+00:00,TK101_LEVEL,75.88738800927149,PCT,Good,TK101,WTI
2025-09-14 19:15:50.969395+00:00,TK101_TEMP,76.5466421207507,DEGF,Good,TK101,WTI
2025-09-14 19:15:50.969395+00:00,TK101_VOLUME,40926.303752558844,BBL,Good,TK101,WTI
2025-09-14 19:15:50.969395+00:00,TK102_LEVEL,54.847520525619586,PCT,Good,TK102,BRENT
2025-09-14 19:15:50.969395+00:00,TK102_TEMP,76.66976470805078,DEGF,Good,TK102,BRENT
2025-09-14 19:15:50.969395+00:00,TK102_VOLUME,25867.567777347092,BBL,Good,TK102,BRENT
2025-09-14 19:15:50.969395+00:00,TK103_LEVEL,78.18841261459292,PCT,Good,TK103,MAYA
2025-09-14 19:15:50.969395+00:00,TK103_TEMP,75.95150875808142,DEGF,Good,TK103,MAYA
2025-09-14 19:15:50.969395+00:00,TK103_VOLUME,35632.82838193181,BBL,Good,TK103,MAYA
2025-09-14 19:15:50.969395+00:00,TK104_LEVEL,76.92886429243765,PCT,Good,TK104,ARB
2025-09-14 19:15:50.969395+00:00,TK104_TEMP,76.24768949609702,DEGF,Good,TK104,ARB
2025-09-14 19:15:50.969395+00:00,TK104_VOLUME,42235.066688941755,BBL,Good,TK104,ARB
2025-09-14 19:15:50.969395+00:00,TK105_LEVEL,58.372956852723604,PCT,Good,TK105,URALS
2025-09-14 19:15:50.969395+00:00,TK105_TEMP,76.52942542198916,DEGF,Good,TK105,URALS
2025-09-14 19:15:50.969395+00:00,TK105_VOLUME,29398.434263053914,BBL,Good,TK105,URALS
2025-09-14 19:15:50.969395+00:00,VDU_FEED_RATE,18565.290942856824,BPD,Good,VDU001,BLEND_B
2025-09-14 20:33:41.239665270+00:00,CDU_FEED_RATE,44798.89150249084,BPD,Good,CDU001,BLEND_A
2025-09-14 20:33:41.239665270+00:00,CDU_FEED_TEMP,480.7735563151816,DEGF,Good,CDU001,BLEND_A
2025-09-14 20:33:41.239665270+00:00,TK101_LEVEL,75.19775578963164,PCT,Good,TK101,WTI
2025-09-14 20:33:41.239665270+00:00,TK101_TEMP,76.16756220362933,DEGF,Good,TK101,WTI
2025-09-14 20:33:41.239665270+00:00,TK101_VOLUME,40554.38295729991,BBL,Good,TK101,WTI
2025-09-14 20:33:41.239665270+00:00,TK102_LEVEL,56.31759981165117,PCT,Good,TK102,BRENT
2025-09-14 20:33:41.239665270+00:00,TK102_TEMP,77.24191930695915,DEGF,Good,TK102,BRENT
2025-09-14 20:33:41.239665270+00:00,TK102_VOLUME,26560.896759315077,BBL,Good,TK102,BRENT
2025-09-14 20:33:41.239665270+00:00,TK103_LEVEL,76.38887426948699,PCT,Good,TK103,MAYA
2025-09-14 20:33:41.239665270+00:00,TK103_TEMP,77.6195785584698,DEGF,Good,TK103,MAYA
2025-09-14 20:33:41.239665270+00:00,TK103_VOLUME,34812.72424023579,BBL,Good,TK103,MAYA
2025-09-14 20:33:41.239665270+00:00,TK104_LEVEL,75.84900067531441,PCT,Good,TK104,ARB
2025-09-14 20:33:41.239665270+00:00,TK104_TEMP,75.64807228863525,DEGF,Good,TK104,ARB
2025-09-14 20:33:41.239665270+00:00,TK104_VOLUME,41642.205838809,BBL,Good,TK104,ARB
2025-09-14 20:33:41.239665270+00:00,TK105_LEVEL,59.6848865329842,PCT,Good,TK105,URALS
2025-09-14 20:33:41.239665270+00:00,TK105_TEMP,77.04746290097007,DEGF,Good,TK105,URALS
2025-09-14 20:33:41.239665270+00:00,TK105_VOLUME,30059.16280144542,BBL,Good,TK105,URALS
2025-09-14 20:33:41.239665270+00:00,VDU_FEED_RATE,18830.47102698726,BPD,Good,VDU001,BLEND_B
2025-09-14 21:51:31.509935540+00:00,CDU_FEED_RATE,45505.17438259993,BPD,Good,CDU001,BLEND_A
2025-09-14 21:51:31.509935540+00:00,CDU_FEED_TEMP,480.90435573783253,DEGF,Good,CDU001,BLEND_A
2025-09-14 21:51:31.509935540+00:00,TK101_LEVEL,74.98351833981592,PCT,Good,TK101,WTI
2025-09-14 21:51:31.509935540+00:00,TK101_TEMP,76.26662154319943,DEGF,Good,TK101,WTI
2025-09-14 21:51:31.509935540+00:00,TK101_VOLUME,40438.84403605965,BBL,Good,TK101,WTI
2025-09-14 21:51:31.509935540+00:00,TK102_LEVEL,53.867274681718165,PCT,Good,TK102,BRENT
2025-09-14 21:51:31.509935540+00:00,TK102_TEMP,75.84704524056569,DEGF,Good,TK102,BRENT
2025-09-14 21:51:31.509935540+00:00,TK102_VOLUME,25405.257438382203,BBL,Good,TK102,BRENT
2025-09-14 21:51:31.509935540+00:00,TK103_LEVEL,78.14471052557717,PCT,Good,TK103,MAYA
2025-09-14 21:51:31.509935540+00:00,TK103_TEMP,76.09702627413151,DEGF,Good,TK103,MAYA
2025-09-14 21:51:31.509935540+00:00,TK103_VOLUME,35612.9120159927,BBL,Good,TK103,MAYA
2025-09-14 21:51:31.509935540+00:00,TK104_LEVEL,75.57084432774396,PCT,Good,TK104,ARB
2025-09-14 21:51:31.509935540+00:00,TK104_TEMP,75.68741148807761,DEGF,Good,TK104,ARB
2025-09-14 21:51:31.509935540+00:00,TK104_VOLUME,41489.493953645426,BBL,Good,TK104,ARB
2025-09-14 21:51:31.509935540+00:00,TK105_LEVEL,56.31192521298552,PCT,Good,TK105,URALS
2025-09-14 21:51:31.509935540+00:00,TK105_TEMP,76.8017600533773,DEGF,Good,TK105,URALS
2025-09-14 21:51:31.509935540+00:00,TK105_VOLUME,28360.434709120284,BBL,Good,TK105,URALS
2025-09-14 21:51:31.509935540+00:00,VDU_FEED_RATE,18782.32011629761,BPD,Good,VDU001,BLEND_B
2025-09-14 23:09:21.780205811+00:00,CDU_FEED_RATE,44813.89903557027,BPD,Good,CDU001,BLEND_A
2025-09-14 23:09:21.780205811+00:00,CDU_FEED_TEMP,482.13203044957106,DEGF,Good,CDU001,BLEND_A
2025-09-14 23:09:21.780205811+00:00,TK101_LEVEL,74.51516186976322,PCT,Good,TK101,WTI
2025-09-14 23:09:21.780205811+00:00,TK101_TEMP,76.17796543461318,DEGF,Good,TK101,WTI
2025-09-14 23:09:21.780205811+00:00,TK101_VOLUME,40186.25793894018,BBL,Good,TK101,WTI
2025-09-14 23:09:21.780205811+00:00,TK102_LEVEL,55.38799276694852,PCT,Good,TK102,BRENT
2025-09-14 23:09:21.780205811+00:00,TK102_TEMP,75.48538246872086,DEGF,Good,TK102,BRENT
2025-09-14 23:09:21.780205811+00:00,TK102_VOLUME,26122.469041804805,BBL,Good,TK102,BRENT
2025-09-14 23:09:21.780205811+00:00,TK103_LEVEL,76.46490495661004,PCT,Good,TK103,MAYA
2025-09-14 23:09:21.780205811+00:00,TK103_TEMP,75.44646438400451,DEGF,Good,TK103,MAYA
2025-09-14 23:09:21.780205811+00:00,TK103_VOLUME,34847.37372774195,BBL,Good,TK103,MAYA
2025-09-14 23:09:21.780205811+00:00,TK104_LEVEL,77.02002196838858,PCT,Good,TK104,ARB
2025-09-14 23:09:21.780205811+00:00,TK104_TEMP,76.37225680508043,DEGF,Good,TK104,ARB
2025-09-14 23:09:21.780205811+00:00,TK104_VOLUME,42285.1135804227,BBL,Good,TK104,ARB
2025-09-14 23:09:21.780205811+00:00,TK105_LEVEL,56.705461412254486,PCT,Good,TK105,URALS
2025-09-14 23:09:21.780205811+00:00,TK105_TEMP,75.5490309883052,DEGF,Good,TK105,URALS
2025-09-14 23:09:21.780205811+00:00,TK105_VOLUME,28558.63176316931,BBL,Good,TK105,URALS
2025-09-14 23:09:21.780205811+00:00,VDU_FEED_RATE,18528.564457272358,BPD,Good,VDU001,BLEND_B
2025-09-15 00:27:12.050476081+00:00,CDU_FEED_RATE,45983.333135611276,BPD,Good,CDU001,BLEND_A
2025-09-15 00:27:12.050476081+00:00,CDU_FEED_TEMP,481.9799063335787,DEGF,Good,CDU001,BLEND_A
2025-09-15 00:27:12.050476081+00:00,TK101_LEVEL,76.12702658841283,PCT,Good,TK101,WTI
2025-09-15 00:27:12.050476081+00:00,TK101_TEMP,76.3464423833728,DEGF,Good,TK101,WTI
2025-09-15 00:27:12.050476081+00:00,TK101_VOLUME,41055.54158163753,BBL,Good,TK101,WTI
2025-09-15 00:27:12.050476081+00:00,TK102_LEVEL,55.076693877030934,PCT,Good,TK102,BRENT
2025-09-15 00:27:12.050476081+00:00,TK102_TEMP,75.62511279613867,DEGF,Good,TK102,BRENT
2025-09-15 00:27:12.050476081+00:00,TK102_VOLUME,25975.65210173557,BBL,Good,TK102,BRENT
2025-09-15 00:27:12.050476081+00:00,TK103_LEVEL,76.59577544086189,PCT,Good,TK103,MAYA
2025-09-15 00:27:12.050476081+00:00,TK103_TEMP,75.77316962051994,DEGF,Good,TK103,MAYA
2025-09-15 00:27:12.050476081+00:00,TK103_VOLUME,34907.015372196256,BBL,Good,TK103,MAYA
2025-09-15 00:27:12.050476081+00:00,TK104_LEVEL,76.53414464859401,PCT,Good,TK104,ARB
2025-09-15 00:27:12.050476081+00:00,TK104_TEMP,77.04433855708335,DEGF,Good,TK104,ARB
2025-09-15 00:27:12.050476081+00:00,TK104_VOLUME,42018.35985679877,BBL,Good,TK104,ARB
2025-09-15 00:27:12.050476081+00:00,TK105_LEVEL,55.91214792146672,PCT,Good,TK105,URALS
2025-09-15 00:27:12.050476081+00:00,TK105_TEMP,75.99024236539029,DEGF,Good,TK105,URALS
2025-09-15 00:27:12.050476081+00:00,TK105_VOLUME,28159.09444715223,BBL,Good,TK105,URALS
2025-09-15 00:27:12.050476081+00:00,VDU_FEED_RATE,19164.975732904142,BPD,Good,VDU001,BLEND_B
2025-09-15 01:45:02.320746351+00:00,CDU_FEED_RATE,45389.17481572855,BPD,Good,CDU001,BLEND_A
2025-09-15 01:45:02.320746351+00:00,CDU_FEED_TEMP,482.41447521559394,DEGF,Good,CDU001,BLEND_A
2025-09-15 01:45:02.320746351+00:00,TK101_LEVEL,73.45185242042035,PCT,Good,TK101,WTI
2025-09-15 01:45:02.320746351+00:00,TK101_TEMP,76.6533951862779,DEGF,Good,TK101,WTI
2025-09-15 01:45:02.320746351+00:00,TK101_VOLUME,39612.81185457296,BBL,Good,TK101,WTI
2025-09-15 01:45:02.320746351+00:00,TK102_LEVEL,54.13930044677213,PCT,Good,TK102,BRENT
2025-09-15 01:45:02.320746351+00:00,TK102_TEMP,76.40096270177852,DEGF,Good,TK102,BRENT
2025-09-15 01:45:02.320746351+00:00,TK102_VOLUME,25533.552115102026,BBL,Good,TK102,BRENT
2025-09-15 01:45:02.320746351+00:00,TK103_LEVEL,77.42766395465264,PCT,Good,TK103,MAYA
2025-09-15 01:45:02.320746351+00:00,TK103_TEMP,76.04495749876621,DEGF,Good,TK103,MAYA
2025-09-15 01:45:02.320746351+00:00,TK103_VOLUME,35286.13217037095,BBL,Good,TK103,MAYA
2025-09-15 01:45:02.320746351+00:00,TK104_LEVEL,76.4021416456856,PCT,Good,TK104,ARB
2025-09-15 01:45:02.320746351+00:00,TK104_TEMP,76.26760391816151,DEGF,Good,TK104,ARB
2025-09-15 01:45:02.320746351+00:00,TK104_VOLUME,41945.888286052796,BBL,Good,TK104,ARB
2025-09-15 01:45:02.320746351+00:00,TK105_LEVEL,56.62959158861472,PCT,Good,TK105,URALS
2025-09-15 01:45:02.320746351+00:00,TK105_TEMP,75.60543964115955,DEGF,Good,TK105,URALS
2025-09-15 01:45:02.320746351+00:00,TK105_VOLUME,28520.42136330126,BBL,Good,TK105,URALS
2025-09-15 01:45:02.320746351+00:00,VDU_FEED_RATE,18850.70903724497,BPD,Good,VDU001,BLEND_B
2025-09-15 03:02:52.591016621+00:00,CDU_FEED_RATE,46222.69401440742,BPD,Good,CDU001,BLEND_A
2025-09-15 03:02:52.591016621+00:00,CDU_FEED_TEMP,483.4237585508095,DEGF,Good,CDU001,BLEND_A
2025-09-15 03:02:52.591016621+00:00,TK101_LEVEL,71.53073682089354,PCT,Good,TK101,WTI
2025-09-15 03:02:52.591016621+00:00,TK101_TEMP,76.84404390303358,DEGF,Good,TK101,WTI
2025-09-15 03:02:52.591016621+00:00,TK101_VOLUME,38576.74825253664,BBL,Good,TK101,WTI
2025-09-15 03:02:52.591016621+00:00,TK102_LEVEL,54.61015326331226,PCT,Good,TK102,BRENT
2025-09-15 03:02:52.591016621+00:00,TK102_TEMP,76.2693083713666,DEGF,Good,TK102,BRENT
2025-09-15 03:02:52.591016621+00:00,TK102_VOLUME,25755.618983910023,BBL,Good,TK102,BRENT
2025-09-15 03:02:52.591016621+00:00,TK103_LEVEL,75.22846140888001,PCT,Good,TK103,MAYA
2025-09-15 03:02:52.591016621+00:00,TK103_TEMP,76.29368042054016,DEGF,Good,TK103,MAYA
2025-09-15 03:02:52.591016621+00:00,TK103_VOLUME,34283.88894442268,BBL,Good,TK103,MAYA
2025-09-15 03:02:52.591016621+00:00,TK104_LEVEL,76.10494255966822,PCT,Good,TK104,ARB
2025-09-15 03:02:52.591016621+00:00,TK104_TEMP,75.82689862890629,DEGF,Good,TK104,ARB
2025-09-15 03:02:52.591016621+00:00,TK104_VOLUME,41782.72166019282,BBL,Good,TK104,ARB
2025-09-15 03:02:52.591016621+00:00,TK105_LEVEL,56.78273866085774,PCT,Good,TK105,URALS
2025-09-15 03:02:52.591016621+00:00,TK105_TEMP,75.88659064327429,DEGF,Good,TK105,URALS
2025-09-15 03:02:52.591016621+00:00,TK105_VOLUME,28597.550985966678,BBL,Good,TK105,URALS
2025-09-15 03:02:52.591016621+00:00,VDU_FEED_RATE,19192.871897613306,BPD,Good,VDU001,BLEND_B
2025-09-15 04:20:42.861286892+00:00,CDU_FEED_RATE,45955.39826282615,BPD,Good,CDU001,BLEND_A
2025-09-15 04:20:42.861286892+00:00,CDU_FEED_TEMP,482.7341669689181,DEGF,Good,CDU001,BLEND_A
2025-09-15 04:20:42.861286892+00:00,TK101_LEVEL,75.03561454640494,PCT,Good,TK101,WTI
2025-09-15 04:20:42.861286892+00:00,TK101_TEMP,76.12591330733194,DEGF,Good,TK101,WTI
2025-09-15 04:20:42.861286892+00:00,TK101_VOLUME,40466.939681873126,BBL,Good,TK101,WTI
2025-09-15 04:20:42.861286892+00:00,TK102_LEVEL,53.90739945790011,PCT,Good,TK102,BRENT
2025-09-15 04:20:42.861286892+00:00,TK102_TEMP,76.02223159620107,DEGF,Good,TK102,BRENT
2025-09-15 04:20:42.861286892+00:00,TK102_VOLUME,25424.181363429143,BBL,Good,TK102,BRENT
2025-09-15 04:20:42.861286892+00:00,TK103_LEVEL,75.03020864382847,PCT,Good,TK103,MAYA
2025-09-15 04:20:42.861286892+00:00,TK103_TEMP,76.24850152724001,DEGF,Good,TK103,MAYA
2025-09-15 04:20:42.861286892+00:00,TK103_VOLUME,34193.53915323116,BBL,Good,TK103,MAYA
2025-09-15 04:20:42.861286892+00:00,TK104_LEVEL,75.7673925586854,PCT,Good,TK104,ARB
2025-09-15 04:20:42.861286892+00:00,TK104_TEMP,76.3541952498025,DEGF,Good,TK104,ARB
2025-09-15 04:20:42.861286892+00:00,TK104_VOLUME,41597.40179445079,BBL,Good,TK104,ARB
2025-09-15 04:20:42.861286892+00:00,TK105_LEVEL,55.87695852988721,PCT,Good,TK105,URALS
2025-09-15 04:20:42.861286892+00:00,TK105_TEMP,76.77330826439503,DEGF,Good,TK105,URALS
2025-09-15 04:20:42.861286892+00:00,TK105_VOLUME,28141.371976493134,BBL,Good,TK105,URALS
2025-09-15 04:20:42.861286892+00:00,VDU_FEED_RATE,19092.121389897628,BPD,Good,VDU001,BLEND_B
2025-09-15 05:38:33.131557162+00:00,CDU_FEED_RATE,46604.09881259582,BPD,Good,CDU001,BLEND_A
2025-09-15 05:38:33.131557162+00:00,CDU_FEED_TEMP,482.7652808715722,DEGF,Good,CDU001,BLEND_A
2025-09-15 05:38:33.131557162+00:00,TK101_LEVEL,72.890828868817,PCT,Good,TK101,WTI
2025-09-15 05:38:33.131557162+00:00,TK101_TEMP,76.21779025926476,DEGF,Good,TK101,WTI
2025-09-15 05:38:33.131557162+00:00,TK101_VOLUME,39310.25011292423,BBL,Good,TK101,WTI
2025-09-15 05:38:33.131557162+00:00,TK102_LEVEL,53.37540639858994,PCT,Good,TK102,BRENT
2025-09-15 05:38:33.131557162+00:00,TK102_TEMP,75.36153829169339,DEGF,Good,TK102,BRENT
2025-09-15 05:38:33.131557162+00:00,TK102_VOLUME,25173.279109564155,BBL,Good,TK102,BRENT
2025-09-15 05:38:33.131557162+00:00,TK103_LEVEL,75.74372514615034,PCT,Good,TK103,MAYA
2025-09-15 05:38:33.131557162+00:00,TK103_TEMP,76.26132409213523,DEGF,Good,TK103,MAYA
2025-09-15 05:38:33.131557162+00:00,TK103_VOLUME,34518.71023964565,BBL,Good,TK103,MAYA
2025-09-15 05:38:33.131557162+00:00,TK104_LEVEL,76.33476928857924,PCT,Good,TK104,ARB
2025-09-15 05:38:33.131557162+00:00,TK104_TEMP,75.80326749845358,DEGF,Good,TK104,ARB
2025-09-15 05:38:33.131557162+00:00,TK104_VOLUME,41908.89988096518,BBL,Good,TK104,ARB
2025-09-15 05:38:33.131557162+00:00,TK105_LEVEL,56.67446015224895,PCT,Good,TK105,URALS
2025-09-15 05:38:33.131557162+00:00,TK105_TEMP,75.21171649185546,DEGF,Good,TK105,URALS
2025-09-15 05:38:33.131557162+00:00,TK105_VOLUME,28543.018565663413,BBL,Good,TK105,URALS
2025-09-15 05:38:33.131557162+00:00,VDU_FEED_RATE,19303.57272410178,BPD,Good,VDU001,BLEND_B
2025-09-15 06:56:23.401827432+00:00,CDU_FEED_RATE,47306.6938801794,BPD,Good,CDU001,BLEND_A
2025-09-15 06:56:23.401827432+00:00,CDU_FEED_TEMP,483.4961774501162,DEGF,Good,CDU001,BLEND_A
2025-09-15 06:56:23.401827432+00:00,TK101_LEVEL,73.39381373300589,PCT,Good,TK101,WTI
2025-09-15 06:56:23.401827432+00:00,TK101_TEMP,75.30066146224343,DEGF,Good,TK101,WTI
2025-09-15 06:56:23.401827432+00:00,TK101_VOLUME,39581.51141041702,BBL,Good,TK101,WTI
2025-09-15 06:56:23.401827432+00:00,TK102_LEVEL,54.030897972727054,PCT,Good,TK102,BRENT
2025-09-15 06:56:23.401827432+00:00,TK102_TEMP,76.25952736350074,DEGF,Good,TK102,BRENT
2025-09-15 06:56:23.401827432+00:00,TK102_VOLUME,25482.426588957533,BBL,Good,TK102,BRENT
2025-09-15 06:56:23.401827432+00:00,TK103_LEVEL,76.70480135505868,PCT,Good,TK103,MAYA
2025-09-15 06:56:23.401827432+00:00,TK103_TEMP,75.55366356351755,DEGF,Good,TK103,MAYA
2025-09-15 06:56:23.401827432+00:00,TK103_VOLUME,34956.70178428531,BBL,Good,TK103,MAYA
2025-09-15 06:56:23.401827432+00:00,TK104_LEVEL,76.51087114766827,PCT,Good,TK104,ARB
2025-09-15 06:56:23.401827432+00:00,TK104_TEMP,75.6869511081541,DEGF,Good,TK104,ARB
2025-09-15 06:56:23.401827432+00:00,TK104_VOLUME,42005.58236589566,BBL,Good,TK104,ARB
2025-09-15 06:56:23.401827432+00:00,TK105_LEVEL,55.33129840681922,PCT,Good,TK105,URALS
2025-09-15 06:56:23.401827432+00:00,TK105_TEMP,75.06666107019612,DEGF,Good,TK105,URALS
2025-09-15 06:56:23.401827432+00:00,TK105_VOLUME,27866.560589116314,BBL,Good,TK105,URALS
2025-09-15 06:56:23.401827432+00:00,VDU_FEED_RATE,19166.266961991914,BPD,Good,VDU001,BLEND_B
2025-09-15 08:14:13.672097702+00:00,CDU_FEED_RATE,46097.40456618001,BPD,Good,CDU001,BLEND_A
2025-09-15 08:14:13.672097702+00:00,CDU_FEED_TEMP,483.05177973072307,DEGF,Good,CDU001,BLEND_A
2025-09-15 08:14:13.672097702+00:00,TK101_LEVEL,74.55325417559442,PCT,Good,TK101,WTI
2025-09-15 08:14:13.672097702+00:00,TK101_TEMP,75.78640161083206,DEGF,Good,TK101,WTI
2025-09-15 08:14:13.672097702+00:00,TK101_VOLUME,40206.80123763551,BBL,Good,TK101,WTI
2025-09-15 08:14:13.672097702+00:00,TK102_LEVEL,53.23829428104009,PCT,Good,TK102,BRENT
2025-09-15 08:14:13.672097702+00:00,TK102_TEMP,75.2179875932146,DEGF,Good,TK102,BRENT
2025-09-15 08:14:13.672097702+00:00,TK102_VOLUME,25108.613342363988,BBL,Good,TK102,BRENT
2025-09-15 08:14:13.672097702+00:00,TK103_LEVEL,74.50452150489501,PCT,Good,TK103,MAYA
2025-09-15 08:14:13.672097702+00:00,TK103_TEMP,76.00056020379064,DEGF,Good,TK103,MAYA
2025-09-15 08:14:13.672097702+00:00,TK103_VOLUME,33953.96759808862,BBL,Good,TK103,MAYA
2025-09-15 08:14:13.672097702+00:00,TK104_LEVEL,76.44476059390718,PCT,Good,TK104,ARB
2025-09-15 08:14:13.672097702+00:00,TK104_TEMP,75.35111042919225,DEGF,Good,TK104,ARB
2025-09-15 08:14:13.672097702+00:00,TK104_VOLUME,41969.28670921823,BBL,Good,TK104,ARB
2025-09-15 08:14:13.672097702+00:00,TK105_LEVEL,56.28579436605601,PCT,Good,TK105,URALS
2025-09-15 08:14:13.672097702+00:00,TK105_TEMP,75.41606290532307,DEGF,Good,TK105,URALS
2025-09-15 08:14:13.672097702+00:00,TK105_VOLUME,28347.274402925184,BBL,Good,TK105,URALS
2025-09-15 08:14:13.672097702+00:00,VDU_FEED_RATE,19411.067554741345,BPD,Good,VDU001,BLEND_B
2025-09-15 09:32:03.942367973+00:00,CDU_FEED_RATE,46998.66738943929,BPD,Good,CDU001,BLEND_A
2025-09-15 09:32:03.942367973+00:00,CDU_FEED_TEMP,483.70348936469577,DEGF,Good,CDU001,BLEND_A
2025-09-15 09:32:03.942367973+00:00,TK101_LEVEL,71.61966594910626,PCT,Good,TK101,WTI
2025-09-15 09:32:03.942367973+00:00,TK101_TEMP,76.25590620832295,DEGF,Good,TK101,WTI
2025-09-15 09:32:03.942367973+00:00,TK101_VOLUME,38624.7080072358,BBL,Good,TK101,WTI
2025-09-15 09:32:03.942367973+00:00,TK102_LEVEL,54.6433023799363,PCT,Good,TK102,BRENT
2025-09-15 09:32:03.942367973+00:00,TK102_TEMP,76.3652362670696,DEGF,Good,TK102,BRENT
2025-09-15 09:32:03.942367973+00:00,TK102_VOLUME,25771.253000048106,BBL,Good,TK102,BRENT
2025-09-15 09:32:03.942367973+00:00,TK103_LEVEL,74.1455861570507,PCT,Good,TK103,MAYA
2025-09-15 09:32:03.942367973+00:00,TK103_TEMP,75.34773174382588,DEGF,Good,TK103,MAYA
2025-09-15 09:32:03.942367973+00:00,TK103_VOLUME,33790.38988596663,BBL,Good,TK103,MAYA
2025-09-15 09:32:03.942367973+00:00,TK104_LEVEL,75.41097667220184,PCT,Good,TK104,ARB
2025-09-15 09:32:03.942367973+00:00,TK104_TEMP,76.48998589800433,DEGF,Good,TK104,ARB
2025-09-15 09:32:03.942367973+00:00,TK104_VOLUME,41401.72428285504,BBL,Good,TK104,ARB
2025-09-15 09:32:03.942367973+00:00,TK105_LEVEL,58.48242548916519,PCT,Good,TK105,URALS
2025-09-15 09:32:03.942367973+00:00,TK105_TEMP,75.92941677716915,DEGF,Good,TK105,URALS
2025-09-15 09:32:03.942367973+00:00,TK105_VOLUME,29453.566068701755,BBL,Good,TK105,URALS
2025-09-15 09:32:03.942367973+00:00,VDU_FEED_RATE,19380.762733062762,BPD,Good,VDU001,BLEND_B
2025-09-15 10:49:54.212638243+00:00,CDU_FEED_RATE,46529.80182811119,BPD,Good,CDU001,BLEND_A
2025-09-15 10:49:54.212638243+00:00,CDU_FEED_TEMP,483.6398211914801,DEGF,Good,CDU001,BLEND_A
2025-09-15 10:49:54.212638243+00:00,TK101_LEVEL,71.96899672450357,PCT,Good,TK101,WTI
2025-09-15 10:49:54.212638243+00:00,TK101_TEMP,76.17534823096881,DEGF,Good,TK101,WTI
2025-09-15 10:49:54.212638243+00:00,TK101_VOLUME,38813.10317801543,BBL,Good,TK101,WTI
2025-09-15 10:49:54.212638243+00:00,TK102_LEVEL,53.1691378701352,PCT,Good,TK102,BRENT
2025-09-15 10:49:54.212638243+00:00,TK102_TEMP,77.17108312333016,DEGF,Good,TK102,BRENT
2025-09-15 10:49:54.212638243+00:00,TK102_VOLUME,25075.99731653134,BBL,Good,TK102,BRENT
2025-09-15 10:49:54.212638243+00:00,TK103_LEVEL,76.63606013242811,PCT,Good,TK103,MAYA
2025-09-15 10:49:54.212638243+00:00,TK103_TEMP,75.43254242025323,DEGF,Good,TK103,MAYA
2025-09-15 10:49:54.212638243+00:00,TK103_VOLUME,34925.37432658601,BBL,Good,TK103,MAYA
2025-09-15 10:49:54.212638243+00:00,TK104_LEVEL,76.89746576650118,PCT,Good,TK104,ARB
2025-09-15 10:49:54.212638243+00:00,TK104_TEMP,74.4727599530124,DEGF,Good,TK104,ARB
2025-09-15 10:49:54.212638243+00:00,TK104_VOLUME,42217.82844099597,BBL,Good,TK104,ARB
2025-09-15 10:49:54.212638243+00:00,TK105_LEVEL,57.684311607980604,PCT,Good,TK105,URALS
2025-09-15 10:49:54.212638243+00:00,TK105_TEMP,76.05274132208062,DEGF,Good,TK105,URALS
2025-09-15 10:49:54.212638243+00:00,TK105_VOLUME,29051.611126970187,BBL,Good,TK105,URALS
2025-09-15 10:49:54.212638243+00:00,VDU_FEED_RATE,19688.296642203546,BPD,Good,VDU001,BLEND_B
2025-09-15 12:07:44.482908513+00:00,CDU_FEED_RATE,47243.268312448236,BPD,Good,CDU001,BLEND_A
2025-09-15 12:07:44.482908513+00:00,CDU_FEED_TEMP,484.4721444425691,DEGF,Good,CDU001,BLEND_A
2025-09-15 12:07:44.482908513+00:00,TK101_LEVEL,71.63858352652659,PCT,Good,TK101,WTI
2025-09-15 12:07:44.482908513+00:00,TK101_TEMP,75.80595771811947,DEGF,Good,TK101,WTI
2025-09-15 12:07:44.482908513+00:00,TK101_VOLUME,38634.91031542003,BBL,Good,TK101,WTI
2025-09-15 12:07:44.482908513+00:00,TK102_LEVEL,55.05041791231435,PCT,Good,TK102,BRENT
2025-09-15 12:07:44.482908513+00:00,TK102_TEMP,75.88337842500773,DEGF,Good,TK102,BRENT
2025-09-15 12:07:44.482908513+00:00,TK102_VOLUME,25963.259649137755,BBL,Good,TK102,BRENT
2025-09-15 12:07:44.482908513+00:00,TK103_LEVEL,75.22857841785304,PCT,Good,TK103,MAYA
2025-09-15 12:07:44.482908513+00:00,TK103_TEMP,75.24129836447182,DEGF,Good,TK103,MAYA
2025-09-15 12:07:44.482908513+00:00,TK103_VOLUME,34283.94226895653,BBL,Good,TK103,MAYA
2025-09-15 12:07:44.482908513+00:00,TK104_LEVEL,75.75815124336039,PCT,Good,TK104,ARB
2025-09-15 12:07:44.482908513+00:00,TK104_TEMP,76.09908245186159,DEGF,Good,TK104,ARB
2025-09-15 12:07:44.482908513+00:00,TK104_VOLUME,41592.32817777082,BBL,Good,TK104,ARB
2025-09-15 12:07:44.482908513+00:00,TK105_LEVEL,57.48740873490777,PCT,Good,TK105,URALS
2025-09-15 12:07:44.482908513+00:00,TK105_TEMP,75.91887706915271,DEGF,Good,TK105,URALS
2025-09-15 12:07:44.482908513+00:00,TK105_VOLUME,28952.44472385576,BBL,Good,TK105,URALS
2025-09-15 12:07:44.482908513+00:00,VDU_FEED_RATE,19623.121561874053,BPD,Good,VDU001,BLEND_B
2025-09-15 13:25:34.753178784+00:00,CDU_FEED_RATE,47237.15232025784,BPD,Good,CDU001,BLEND_A
2025-09-15 13:25:34.753178784+00:00,CDU_FEED_TEMP,484.2517361782817,DEGF,Good,CDU001,BLEND_A
2025-09-15 13:25:34.753178784+00:00,TK101_LEVEL,72.48540237336267,PCT,Good,TK101,WTI
2025-09-15 13:25:34.753178784+00:00,TK101_TEMP,76.10233068552694,DEGF,Good,TK101,WTI
2025-09-15 13:25:34.753178784+00:00,TK101_VOLUME,39091.60234631153,BBL,Good,TK101,WTI
2025-09-15 13:25:34.753178784+00:00,TK102_LEVEL,53.19663902113713,PCT,Good,TK102,BRENT
2025-09-15 13:25:34.753178784+00:00,TK102_TEMP,75.95068777357183,DEGF,Good,TK102,BRENT
2025-09-15 13:25:34.753178784+00:00,TK102_VOLUME,25088.96759997679,BBL,Good,TK102,BRENT
2025-09-15 13:25:34.753178784+00:00,TK103_LEVEL,75.47900791724241,PCT,Good,TK103,MAYA
2025-09-15 13:25:34.753178784+00:00,TK103_TEMP,75.06493927844383,DEGF,Good,TK103,MAYA
2025-09-15 13:25:34.753178784+00:00,TK103_VOLUME,34398.070578703664,BBL,Good,TK103,MAYA
2025-09-15 13:25:34.753178784+00:00,TK104_LEVEL,76.20174395393653,PCT,Good,TK104,ARB
2025-09-15 13:25:34.753178784+00:00,TK104_TEMP,75.42726123684419,DEGF,Good,TK104,ARB
2025-09-15 13:25:34.753178784+00:00,TK104_VOLUME,41835.86703521049,BBL,Good,TK104,ARB
2025-09-15 13:25:34.753178784+00:00,TK105_LEVEL,56.336839706198774,PCT,Good,TK105,URALS
2025-09-15 13:25:34.753178784+00:00,TK105_TEMP,76.24697640735847,DEGF,Good,TK105,URALS
2025-09-15 13:25:34.753178784+00:00,TK105_VOLUME,28372.98242180126,BBL,Good,TK105,URALS
2025-09-15 13:25:34.753178784+00:00,VDU_FEED_RATE,19761.415510735602,BPD,Good,VDU001,BLEND_B
2025-09-15 14:43:25.023449054+00:00,CDU_FEED_RATE,47470.92029968363,BPD,Good,CDU001,BLEND_A
2025-09-15 14:43:25.023449054+00:00,CDU_FEED_TEMP,484.53348518820553,DEGF,Good,CDU001,BLEND_A
2025-09-15 14:43:25.023449054+00:00,TK101_LEVEL,73.7792307932941,PCT,Good,TK101,WTI
2025-09-15 14:43:25.023449054+00:00,TK101_TEMP,75.86469508553525,DEGF,Good,TK101,WTI
2025-09-15 14:43:25.023449054+00:00,TK101_VOLUME,39789.36802657631,BBL,Good,TK101,WTI
2025-09-15 14:43:25.023449054+00:00,TK102_LEVEL,53.871878697373965,PCT,Good,TK102,BRENT
2025-09-15 14:43:25.023449054+00:00,TK102_TEMP,75.37288184659056,DEGF,Good,TK102,BRENT
2025-09-15 14:43:25.023449054+00:00,TK102_VOLUME,25407.42881615613,BBL,Good,TK102,BRENT
2025-09-15 14:43:25.023449054+00:00,TK103_LEVEL,74.07447905211156,PCT,Good,TK103,MAYA
2025-09-15 14:43:25.023449054+00:00,TK103_TEMP,76.15141647546734,DEGF,Good,TK103,MAYA
2025-09-15 14:43:25.023449054+00:00,TK103_VOLUME,33757.98422402383,BBL,Good,TK103,MAYA
2025-09-15 14:43:25.023449054+00:00,TK104_LEVEL,75.91151117609462,PCT,Good,TK104,ARB
2025-09-15 14:43:25.023449054+00:00,TK104_TEMP,75.41414136531253,DEGF,Good,TK104,ARB
2025-09-15 14:43:25.023449054+00:00,TK104_VOLUME,41676.52501397809,BBL,Good,TK104,ARB
2025-09-15 14:43:25.023449054+00:00,TK105_LEVEL,55.86358882732218,PCT,Good,TK105,URALS
2025-09-15 14:43:25.023449054+00:00,TK105_TEMP,74.73776893392137,DEGF,Good,TK105,URALS
2025-09-15 14:43:25.023449054+00:00,TK105_VOLUME,28134.63857898911,BBL,Good,TK105,URALS
2025-09-15 14:43:25.023449054+00:00,VDU_FEED_RATE,19448.727750599952,BPD,Good,VDU001,BLEND_B
2025-09-15 16:01:15.293719324+00:00,CDU_FEED_RATE,47357.3700062289,BPD,Good,CDU001,BLEND_A
2025-09-15 16:01:15.293719324+00:00,CDU_FEED_TEMP,485.37731979717466,DEGF,Good,CDU001,BLEND_A
2025-09-15 16:01:15.293719324+00:00,TK101_LEVEL,73.94409274568235,PCT,Good,TK101,WTI
2025-09-15 16:01:15.293719324+00:00,TK101_TEMP,76.18084516051752,DEGF,Good,TK101,WTI
2025-09-15 16:01:15.293719324+00:00,TK101_VOLUME,39878.27858889342,BBL,Good,TK101,WTI
2025-09-15 16:01:15.293719324+00:00,TK102_LEVEL,53.893880920332265,PCT,Good,TK102,BRENT
2025-09-15 16:01:15.293719324+00:00,TK102_TEMP,74.67558537084444,DEGF,Good,TK102,BRENT
2025-09-15 16:01:15.293719324+00:00,TK102_VOLUME,25417.805657044686,BBL,Good,TK102,BRENT
2025-09-15 16:01:15.293719324+00:00,TK103_LEVEL,75.33262085529222,PCT,Good,TK103,MAYA
2025-09-15 16:01:15.293719324+00:00,TK103_TEMP,75.9249978818773,DEGF,Good,TK103,MAYA
2025-09-15 16:01:15.293719324+00:00,TK103_VOLUME,34331.35755971045,BBL,Good,TK103,MAYA
2025-09-15 16:01:15.293719324+00:00,TK104_LEVEL,75.9567407083364,PCT,Good,TK104,ARB
2025-09-15 16:01:15.293719324+00:00,TK104_TEMP,76.42684960944676,DEGF,Good,TK104,ARB
2025-09-15 16:01:15.293719324+00:00,TK104_VOLUME,41701.35668578439,BBL,Good,TK104,ARB
2025-09-15 16:01:15.293719324+00:00,TK105_LEVEL,56.3408284264251,PCT,Good,TK105,URALS
2025-09-15 16:01:15.293719324+00:00,TK105_TEMP,76.17486030056732,DEGF,Good,TK105,URALS
2025-09-15 16:01:15.293719324+00:00,TK105_VOLUME,28374.991265205634,BBL,Good,TK105,URALS
2025-09-15 16:01:15.293719324+00:00,VDU_FEED_RATE,19781.9492026819,BPD,Good,VDU001,BLEND_B
2025-09-15 17:19:05.563989594+00:00,CDU_FEED_RATE,47924.26187079727,BPD,Good,CDU001,BLEND_A
2025-09-15 17:19:05.563989594+00:00,CDU_FEED_TEMP,485.38939746645605,DEGF,Good,CDU001,BLEND_A
2025-09-15 17:19:05.563989594+00:00,TK101_LEVEL,73.79658032762848,PCT,Good,TK101,WTI
2025-09-15 17:19:05.563989594+00:00,TK101_TEMP,75.68795913496031,DEGF,Good,TK101,WTI
2025-09-15 17:19:05.563989594+00:00,TK101_VOLUME,39798.72468426029,BBL,Good,TK101,WTI
2025-09-15 17:19:05.563989594+00:00,TK102_LEVEL,55.94403230285263,PCT,Good,TK102,BRENT
2025-09-15 17:19:05.563989594+00:00,TK102_TEMP,75.24191987496664,DEGF,Good,TK102,BRENT
2025-09-15 17:19:05.563989594+00:00,TK102_VOLUME,26384.712261626668,BBL,Good,TK102,BRENT
2025-09-15 17:19:05.563989594+00:00,TK103_LEVEL,76.10443411844338,PCT,Good,TK103,MAYA
2025-09-15 17:19:05.563989594+00:00,TK103_TEMP,76.03161224147081,DEGF,Good,TK103,MAYA
2025-09-15 17:19:05.563989594+00:00,TK103_VOLUME,34683.09624616169,BBL,Good,TK103,MAYA
2025-09-15 17:19:05.563989594+00:00,TK104_LEVEL,75.07438325603223,PCT,Good,TK104,ARB
2025-09-15 17:19:05.563989594+00:00,TK104_TEMP,75.18621401038172,DEGF,Good,TK104,ARB
2025-09-15 17:19:05.563989594+00:00,TK104_VOLUME,41216.929596104674,BBL,Good,TK104,ARB
2025-09-15 17:19:05.563989594+00:00,TK105_LEVEL,57.5371759204937,PCT,Good,TK105,URALS
2025-09-15 17:19:05.563989594+00:00,TK105_TEMP,75.3872318964586,DEGF,Good,TK105,URALS
2025-09-15 17:19:05.563989594+00:00,TK105_VOLUME,28977.509024394734,BBL,Good,TK105,URALS
2025-09-15 17:19:05.563989594+00:00,VDU_FEED_RATE,19915.882251093863,BPD,Good,VDU001,BLEND_B
2025-09-15 18:36:55.834259865+00:00,CDU_FEED_RATE,47507.724416670404,BPD,Good,CDU001,BLEND_A
2025-09-15 18:36:55.834259865+00:00,CDU_FEED_TEMP,484.7758671844676,DEGF,Good,CDU001,BLEND_A
2025-09-15 18:36:55.834259865+00:00,TK101_LEVEL,72.22782618599535,PCT,Good,TK101,WTI
2025-09-15 18:36:55.834259865+00:00,TK101_TEMP,75.32922994350096,DEGF,Good,TK101,WTI
2025-09-15 18:36:55.834259865+00:00,TK101_VOLUME,38952.69070947494,BBL,Good,TK101,WTI
2025-09-15 18:36:55.834259865+00:00,TK102_LEVEL,55.06946144118216,PCT,Good,TK102,BRENT
2025-09-15 18:36:55.834259865+00:00,TK102_TEMP,74.9606314807371,DEGF,Good,TK102,BRENT
2025-09-15 18:36:55.834259865+00:00,TK102_VOLUME,25972.241090212705,BBL,Good,TK102,BRENT
2025-09-15 18:36:55.834259865+00:00,TK103_LEVEL,77.16266519428521,PCT,Good,TK103,MAYA
2025-09-15 18:36:55.834259865+00:00,TK103_TEMP,75.52673563429863,DEGF,Good,TK103,MAYA
2025-09-15 18:36:55.834259865+00:00,TK103_VOLUME,35165.36420701374,BBL,Good,TK103,MAYA
2025-09-15 18:36:55.834259865+00:00,TK104_LEVEL,76.63177200621517,PCT,Good,TK104,ARB
2025-09-15 18:36:55.834259865+00:00,TK104_TEMP,75.16704452427227,DEGF,Good,TK104,ARB
2025-09-15 18:36:55.834259865+00:00,TK104_VOLUME,42071.95869772434,BBL,Good,TK104,ARB
2025-09-15 18:36:55.834259865+00:00,TK105_LEVEL,58.56884844870417,PCT,Good,TK105,URALS
2025-09-15 18:36:55.834259865+00:00,TK105_TEMP,75.87282625618892,DEGF,Good,TK105,URALS
2025-09-15 18:36:55.834259865+00:00,TK105_VOLUME,29497.091355612192,BBL,Good,TK105,URALS
2025-09-15 18:36:55.834259865+00:00,VDU_FEED_RATE,19962.85880138646,BPD,Good,VDU001,BLEND_B
2025-09-15 19:54:46.104530135+00:00,CDU_FEED_RATE,48317.600472566126,BPD,Good,CDU001,BLEND_A
2025-09-15 19:54:46.104530135+00:00,CDU_FEED_TEMP,485.2866038530268,DEGF,Good,CDU001,BLEND_A
2025-09-15 19:54:46.104530135+00:00,TK101_LEVEL,71.47041260756896,PCT,Good,TK101,WTI
2025-09-15 19:54:46.104530135+00:00,TK101_TEMP,75.64001593389658,DEGF,Good,TK101,WTI
2025-09-15 19:54:46.104530135+00:00,TK101_VOLUME,38544.21521716779,BBL,Good,TK101,WTI
2025-09-15 19:54:46.104530135+00:00,TK102_LEVEL,54.667361667335065,PCT,Good,TK102,BRENT
2025-09-15 19:54:46.104530135+00:00,TK102_TEMP,74.74859301722255,DEGF,Good,TK102,BRENT
2025-09-15 19:54:46.104530135+00:00,TK102_VOLUME,25782.600007925546,BBL,Good,TK102,BRENT
2025-09-15 19:54:46.104530135+00:00,TK103_LEVEL,75.60098114474157,PCT,Good,TK103,MAYA
2025-09-15 19:54:46.104530135+00:00,TK103_TEMP,75.86049915486264,DEGF,Good,TK103,MAYA
2025-09-15 19:54:46.104530135+00:00,TK103_VOLUME,34453.65747370933,BBL,Good,TK103,MAYA
2025-09-15 19:54:46.104530135+00:00,TK104_LEVEL,78.91563953709188,PCT,Good,TK104,ARB
2025-09-15 19:54:46.104530135+00:00,TK104_TEMP,75.40689818597029,DEGF,Good,TK104,ARB
2025-09-15 19:54:46.104530135+00:00,TK104_VOLUME,43325.83522849705,BBL,Good,TK104,ARB
2025-09-15 19:54:46.104530135+00:00,TK105_LEVEL,58.74296306042672,PCT,Good,TK105,URALS
2025-09-15 19:54:46.104530135+00:00,TK105_TEMP,74.81038259204846,DEGF,Good,TK105,URALS
2025-09-15 19:54:46.104530135+00:00,TK105_VOLUME,29584.78088245725,BBL,Good,TK105,URALS
2025-09-15 19:54:46.104530135+00:00,VDU_FEED_RATE,20123.740230135452,BPD,Good,VDU001,BLEND_B
2025-09-15 21:12:36.374800405+00:00,CDU_FEED_RATE,48038.787409825665,BPD,Good,CDU001,BLEND_A
2025-09-15 21:12:36.374800405+00:00,CDU_FEED_TEMP,485.70856672722573,DEGF,Good,CDU001,BLEND_A
2025-09-15 21:12:36.374800405+00:00,TK101_LEVEL,73.99414476910418,PCT,Good,TK101,WTI
2025-09-15 21:12:36.374800405+00:00,TK101_TEMP,73.9730354646811,DEGF,Good,TK101,WTI
2025-09-15 21:12:36.374800405+00:00,TK101_VOLUME,39905.271800383875,BBL,Good,TK101,WTI
2025-09-15 21:12:36.374800405+00:00,TK102_LEVEL,55.53709005046138,PCT,Good,TK102,BRENT
2025-09-15 21:12:36.374800405+00:00,TK102_TEMP,76.29951262360531,DEGF,Good,TK102,BRENT
2025-09-15 21:12:36.374800405+00:00,TK102_VOLUME,26192.787336045392,BBL,Good,TK102,BRENT
2025-09-15 21:12:36.374800405+00:00,TK103_LEVEL,78.18886257072091,PCT,Good,TK103,MAYA
2025-09-15 21:12:36.374800405+00:00,TK103_TEMP,74.55768795028621,DEGF,Good,TK103,MAYA
2025-09-15 21:12:36.374800405+00:00,TK103_VOLUME,35633.03344057096,BBL,Good,TK103,MAYA
2025-09-15 21:12:36.374800405+00:00,TK104_LEVEL,75.85482520690636,PCT,Good,TK104,ARB
2025-09-15 21:12:36.374800405+00:00,TK104_TEMP,75.6452563455136,DEGF,Good,TK104,ARB
2025-09-15 21:12:36.374800405+00:00,TK104_VOLUME,41645.40359146635,BBL,Good,TK104,ARB
2025-09-15 21:12:36.374800405+00:00,TK105_LEVEL,58.630483145286924,PCT,Good,TK105,URALS
2025-09-15 21:12:36.374800405+00:00,TK105_TEMP,75.44081100111202,DEGF,Good,TK105,URALS
2025-09-15 21:12:36.374800405+00:00,TK105_VOLUME,29528.132503320074,BBL,Good,TK105,URALS
2025-09-15 21:12:36.374800405+00:00,VDU_FEED_RATE,20024.811962596927,BPD,Good,VDU001,BLEND_B
2025-09-15 22:30:26.645070675+00:00,CDU_FEED_RATE,47920.71324720383,BPD,Good,CDU001,BLEND_A
2025-09-15 22:30:26.645070675+00:00,CDU_FEED_TEMP,486.1012858800522,DEGF,Good,CDU001,BLEND_A
2025-09-15 22:30:26.645070675+00:00,TK101_LEVEL,73.6463148913701,PCT,Good,TK101,WTI
2025-09-15 22:30:26.645070675+00:00,TK101_TEMP,75.59723833819861,DEGF,Good,TK101,WTI
2025-09-15 22:30:26.645070675+00:00,TK101_VOLUME,39717.68606836973,BBL,Good,TK101,WTI
2025-09-15 22:30:26.645070675+00:00,TK102_LEVEL,53.10947800335659,PCT,Good,TK102,BRENT
2025-09-15 22:30:26.645070675+00:00,TK102_TEMP,75.54222672901896,DEGF,Good,TK102,BRENT
2025-09-15 22:30:26.645070675+00:00,TK102_VOLUME,25047.860116659882,BBL,Good,TK102,BRENT
2025-09-15 22:30:26.645070675+00:00,TK103_LEVEL,76.02523016760324,PCT,Good,TK103,MAYA
2025-09-15 22:30:26.645070675+00:00,TK103_TEMP,75.83733922902876,DEGF,Good,TK103,MAYA
2025-09-15 22:30:26.645070675+00:00,TK103_VOLUME,34647.00060624418,BBL,Good,TK103,MAYA
2025-09-15 22:30:26.645070675+00:00,TK104_LEVEL,76.47891473841601,PCT,Good,TK104,ARB
2025-09-15 22:30:26.645070675+00:00,TK104_TEMP,75.18486757885965,DEGF,Good,TK104,ARB
2025-09-15 22:30:26.645070675+00:00,TK104_VOLUME,41988.03783188593,BBL,Good,TK104,ARB
2025-09-15 22:30:26.645070675+00:00,TK105_LEVEL,57.440613660030266,PCT,Good,TK105,URALS
2025-09-15 22:30:26.645070675+00:00,TK105_TEMP,75.52393085530059,DEGF,Good,TK105,URALS
2025-09-15 22:30:26.645070675+00:00,TK105_VOLUME,28928.877270589826,BBL,Good,TK105,URALS
2025-09-15 22:30:26.645070675+00:00,VDU_FEED_RATE,20141.79134640663,BPD,Good,VDU001,BLEND_B
2025-09-15 23:48:16.915340946+00:00,CDU_FEED_RATE,48796.632882987346,BPD,Good,CDU001,BLEND_A
2025-09-15 23:48:16.915340946+00:00,CDU_FEED_TEMP,487.00300901904365,DEGF,Good,CDU001,BLEND_A
2025-09-15 23:48:16.915340946+00:00,TK101_LEVEL,74.77443547005439,PCT,Good,TK101,WTI
2025-09-15 23:48:16.915340946+00:00,TK101_TEMP,73.55028151514347,DEGF,Good,TK101,WTI
2025-09-15 23:48:16.915340946+00:00,TK101_VOLUME,40326.08499583189,BBL,Good,TK101,WTI
2025-09-15 23:48:16.915340946+00:00,TK102_LEVEL,55.37049553437472,PCT,Good,TK102,BRENT
2025-09-15 23:48:16.915340946+00:00,TK102_TEMP,75.56433171805786,DEGF,Good,TK102,BRENT
2025-09-15 23:48:16.915340946+00:00,TK102_VOLUME,26114.216875705384,BBL,Good,TK102,BRENT
2025-09-15 23:48:16.915340946+00:00,TK103_LEVEL,76.2236531635272,PCT,Good,TK103,MAYA
2025-09-15 23:48:16.915340946+00:00,TK103_TEMP,75.46304784275338,DEGF,Good,TK103,MAYA
2025-09-15 23:48:16.915340946+00:00,TK103_VOLUME,34737.42797680148,BBL,Good,TK103,MAYA
2025-09-15 23:48:16.915340946+00:00,TK104_LEVEL,76.15867353197315,PCT,Good,TK104,ARB
2025-09-15 23:48:16.915340946+00:00,TK104_TEMP,74.58755846248292,DEGF,Good,TK104,ARB
2025-09-15 23:48:16.915340946+00:00,TK104_VOLUME,41812.22074638671,BBL,Good,TK104,ARB
2025-09-15 23:48:16.915340946+00:00,TK105_LEVEL,58.399679129831554,PCT,Good,TK105,URALS
2025-09-15 23:48:16.915340946+00:00,TK105_TEMP,75.95236344650007,DEGF,Good,TK105,URALS
2025-09-15 23:48:16.915340946+00:00,TK105_VOLUME,29411.892431857996,BBL,Good,TK105,URALS
2025-09-15 23:48:16.915340946+00:00,VDU_FEED_RATE,20346.60268412796,BPD,Good,VDU001,BLEND_B
2025-09-16 01:06:07.185611216+00:00,CDU_FEED_RATE,48503.656687069604,BPD,Good,CDU001,BLEND_A
2025-09-16 01:06:07.185611216+00:00,CDU_FEED_TEMP,487.1504541240796,DEGF,Good,CDU001,BLEND_A
2025-09-16 01:06:07.185611216+00:00,TK101_LEVEL,75.23221730337494,PCT,Good,TK101,WTI
2025-09-16 01:06:07.185611216+00:00,TK101_TEMP,74.48268233466743,DEGF,Good,TK101,WTI
2025-09-16 01:06:07.185611216+00:00,TK101_VOLUME,40572.968158559685,BBL,Good,TK101,WTI
2025-09-16 01:06:07.185611216+00:00,TK102_LEVEL,57.626357280636284,PCT,Good,TK102,BRENT
2025-09-16 01:06:07.185611216+00:00,TK102_TEMP,75.189902855772,DEGF,Good,TK102,BRENT
2025-09-16 01:06:07.185611216+00:00,TK102_VOLUME,27178.142027809357,BBL,Good,TK102,BRENT
2025-09-16 01:06:07.185611216+00:00,TK103_LEVEL,78.65931649582608,PCT,Good,TK103,MAYA
2025-09-16 01:06:07.185611216+00:00,TK103_TEMP,75.65796883844472,DEGF,Good,TK103,MAYA
2025-09-16 01:06:07.185611216+00:00,TK103_VOLUME,35847.43354685665,BBL,Good,TK103,MAYA
2025-09-16 01:06:07.185611216+00:00,TK104_LEVEL,76.33207287357436,PCT,Good,TK104,ARB
2025-09-16 01:06:07.185611216+00:00,TK104_TEMP,74.91156494792925,DEGF,Good,TK104,ARB
2025-09-16 01:06:07.185611216+00:00,TK104_VOLUME,41907.41950986392,BBL,Good,TK104,ARB
2025-09-16 01:06:07.185611216+00:00,TK105_LEVEL,58.26900074620621,PCT,Good,TK105,URALS
2025-09-16 01:06:07.185611216+00:00,TK105_TEMP,74.55178672706624,DEGF,Good,TK105,URALS
2025-09-16 01:06:07.185611216+00:00,TK105_VOLUME,29346.078738707165,BBL,Good,TK105,URALS
2025-09-16 01:06:07.185611216+00:00,VDU_FEED_RATE,19975.41004970528,BPD,Good,VDU001,BLEND_B
2025-09-16 02:23:57.455881486+00:00,CDU_FEED_RATE,49115.93453074441,BPD,Good,CDU001,BLEND_A
2025-09-16 02:23:57.455881486+00:00,CDU_FEED_TEMP,487.81069076211736,DEGF,Good,CDU001,BLEND_A
2025-09-16 02:23:57.455881486+00:00,TK101_LEVEL,74.90153303813564,PCT,Good,TK101,WTI
2025-09-16 02:23:57.455881486+00:00,TK101_TEMP,75.54146195675166,DEGF,Good,TK101,WTI
2025-09-16 02:23:57.455881486+00:00,TK101_VOLUME,40394.62910854887,BBL,Good,TK101,WTI
2025-09-16 02:23:57.455881486+00:00,TK102_LEVEL,55.994217538157486,PCT,Good,TK102,BRENT
2025-09-16 02:23:57.455881486+00:00,TK102_TEMP,75.22914211505945,DEGF,Good,TK102,BRENT
2025-09-16 02:23:57.455881486+00:00,TK102_VOLUME,26408.380970133992,BBL,Good,TK102,BRENT
2025-09-16 02:23:57.455881486+00:00,TK103_LEVEL,77.56644702521548,PCT,Good,TK103,MAYA
2025-09-16 02:23:57.455881486+00:00,TK103_TEMP,75.50558930580547,DEGF,Good,TK103,MAYA
2025-09-16 02:23:57.455881486+00:00,TK103_VOLUME,35349.37982012257,BBL,Good,TK103,MAYA
2025-09-16 02:23:57.455881486+00:00,TK104_LEVEL,78.59757018217827,PCT,Good,TK104,ARB
2025-09-16 02:23:57.455881486+00:00,TK104_TEMP,75.95624458451343,DEGF,Good,TK104,ARB
2025-09-16 02:23:57.455881486+00:00,TK104_VOLUME,43151.2105211126,BBL,Good,TK104,ARB
2025-09-16 02:23:57.455881486+00:00,TK105_LEVEL,58.622181441672,PCT,Good,TK105,URALS
2025-09-16 02:23:57.455881486+00:00,TK105_TEMP,75.33095393054862,DEGF,Good,TK105,URALS
2025-09-16 02:23:57.455881486+00:00,TK105_VOLUME,29523.951507510483,BBL,Good,TK105,URALS
2025-09-16 02:23:57.455881486+00:00,VDU_FEED_RATE,20393.181581771743,BPD,Good,VDU001,BLEND_B
2025-09-16 03:41:47.726151756+00:00,CDU_FEED_RATE,49058.70055859196,BPD,Good,CDU001,BLEND_A
2025-09-16 03:41:47.726151756+00:00,CDU_FEED_TEMP,487.8831239639982,DEGF,Good,CDU001,BLEND_A
2025-09-16 03:41:47.726151756+00:00,TK101_LEVEL,75.77378879098387,PCT,Good,TK101,WTI
2025-09-16 03:41:47.726151756+00:00,TK101_TEMP,75.52674714592963,DEGF,Good,TK101,WTI
2025-09-16 03:41:47.726151756+00:00,TK101_VOLUME,40865.03934175683,BBL,Good,TK101,WTI
2025-09-16 03:41:47.726151756+00:00,TK102_LEVEL,56.180148300455215,PCT,Good,TK102,BRENT
2025-09-16 03:41:47.726151756+00:00,TK102_TEMP,75.7702578184159,DEGF,Good,TK102,BRENT
2025-09-16 03:41:47.726151756+00:00,TK102_VOLUME,26496.0709249312,BBL,Good,TK102,BRENT
2025-09-16 03:41:47.726151756+00:00,TK103_LEVEL,77.05332624337106,PCT,Good,TK103,MAYA
2025-09-16 03:41:47.726151756+00:00,TK103_TEMP,74.7944549000278,DEGF,Good,TK103,MAYA
2025-09-16 03:41:47.726151756+00:00,TK103_VOLUME,35115.535134609,BBL,Good,TK103,MAYA
2025-09-16 03:41:47.726151756+00:00,TK104_LEVEL,76.6305137858632,PCT,Good,TK104,ARB
2025-09-16 03:41:47.726151756+00:00,TK104_TEMP,75.325370871864,DEGF,Good,TK104,ARB
2025-09-16 03:41:47.726151756+00:00,TK104_VOLUME,42071.26791642965,BBL,Good,TK104,ARB
2025-09-16 03:41:47.726151756+00:00,TK105_LEVEL,61.11086320165762,PCT,Good,TK105,URALS
2025-09-16 03:41:47.726151756+00:00,TK105_TEMP,74.74536483172517,DEGF,Good,TK105,URALS
2025-09-16 03:41:47.726151756+00:00,TK105_VOLUME,30777.32894575113,BBL,Good,TK105,URALS
2025-09-16 03:41:47.726151756+00:00,VDU_FEED_RATE,20334.945159882616,BPD,Good,VDU001,BLEND_B
2025-09-16 04:59:37.996422027+00:00,CDU_FEED_RATE,48663.832014979715,BPD,Good,CDU001,BLEND_A
2025-09-16 04:59:37.996422027+00:00,CDU_FEED_TEMP,488.262688360444,DEGF,Good,CDU001,BLEND_A
2025-09-16 04:59:37.996422027+00:00,TK101_LEVEL,75.51005402583782,PCT,Good,TK101,WTI
2025-09-16 04:59:37.996422027+00:00,TK101_TEMP,74.68041764807899,DEGF,Good,TK101,WTI
2025-09-16 04:59:37.996422027+00:00,TK101_VOLUME,40722.80636482054,BBL,Good,TK101,WTI
2025-09-16 04:59:37.996422027+00:00,TK102_LEVEL,56.9275504570428,PCT,Good,TK102,BRENT
2025-09-16 04:59:37.996422027+00:00,TK102_TEMP,75.24546347880134,DEGF,Good,TK102,BRENT
2025-09-16 04:59:37.996422027+00:00,TK102_VOLUME,26848.56591025025,BBL,Good,TK102,BRENT
2025-09-16 04:59:37.996422027+00:00,TK103_LEVEL,77.71740478731677,PCT,Good,TK103,MAYA
2025-09-16 04:59:37.996422027+00:00,TK103_TEMP,74.51261215045342,DEGF,Good,TK103,MAYA
2025-09-16 04:59:37.996422027+00:00,TK103_VOLUME,35418.175845646074,BBL,Good,TK103,MAYA
2025-09-16 04:59:37.996422027+00:00,TK104_LEVEL,77.09659127633903,PCT,Good,TK104,ARB
2025-09-16 04:59:37.996422027+00:00,TK104_TEMP,75.48717568000086,DEGF,Good,TK104,ARB
2025-09-16 04:59:37.996422027+00:00,TK104_VOLUME,42327.15124544425,BBL,Good,TK104,ARB
2025-09-16 04:59:37.996422027+00:00,TK105_LEVEL,57.57892201380893,PCT,Good,TK105,URALS
2025-09-16 04:59:37.996422027+00:00,TK105_TEMP,75.51438006025309,DEGF,Good,TK105,URALS
2025-09-16 04:59:37.996422027+00:00,TK105_VOLUME,28998.533653713468,BBL,Good,TK105,URALS
2025-09-16 04:59:37.996422027+00:00,VDU_FEED_RATE,20317.64445501896,BPD,Good,VDU001,BLEND_B
2025-09-16 06:17:28.266692297+00:00,CDU_FEED_RATE,48947.67195224389,BPD,Good,CDU001,BLEND_A
2025-09-16 06:17:28.266692297+00:00,CDU_FEED_TEMP,488.2420369006857,DEGF,Good,CDU001,BLEND_A
2025-09-16 06:17:28.266692297+00:00,TK101_LEVEL,76.09436933394741,PCT,Good,TK101,WTI
2025-09-16 06:17:28.266692297+00:00,TK101_TEMP,74.88047869510142,DEGF,Good,TK101,WTI
2025-09-16 06:17:28.266692297+00:00,TK101_VOLUME,41037.92942300304,BBL,Good,TK101,WTI
2025-09-16 06:17:28.266692297+00:00,TK102_LEVEL,57.558489297338156,PCT,Good,TK102,BRENT
2025-09-16 06:17:28.266692297+00:00,TK102_TEMP,75.50187668505326,DEGF,Good,TK102,BRENT
2025-09-16 06:17:28.266692297+00:00,TK102_VOLUME,27146.133659134677,BBL,Good,TK102,BRENT
2025-09-16 06:17:28.266692297+00:00,TK103_LEVEL,79.50907347266262,PCT,Good,TK103,MAYA
2025-09-16 06:17:28.266692297+00:00,TK103_TEMP,74.88050263294942,DEGF,Good,TK103,MAYA
2025-09-16 06:17:28.266692297+00:00,TK103_VOLUME,36234.693544974514,BBL,Good,TK103,MAYA
2025-09-16 06:17:28.266692297+00:00,TK104_LEVEL,76.26664090259729,PCT,Good,TK104,ARB
2025-09-16 06:17:28.266692297+00:00,TK104_TEMP,75.10581911245437,DEGF,Good,TK104,ARB
2025-09-16 06:17:28.266692297+00:00,TK104_VOLUME,41871.496405016034,BBL,Good,TK104,ARB
2025-09-16 06:17:28.266692297+00:00,TK105_LEVEL,59.389707411513484,PCT,Good,TK105,URALS
2025-09-16 06:17:28.266692297+00:00,TK105_TEMP,75.62513798426896,DEGF,Good,TK105,URALS
2025-09-16 06:17:28.266692297+00:00,TK105_VOLUME,29910.501426962077,BBL,Good,TK105,URALS
2025-09-16 06:17:28.266692297+00:00,VDU_FEED_RATE,20526.527729273534,BPD,Good,VDU001,BLEND_B
2025-09-16 07:35:18.536962567+00:00,CDU_FEED_RATE,49100.15215412365,BPD,Good,CDU001,BLEND_A
2025-09-16 07:35:18.536962567+00:00,CDU_FEED_TEMP,488.24462499296123,DEGF,Good,CDU001,BLEND_A
2025-09-16 07:35:18.536962567+00:00,TK101_LEVEL,75.15878718767432,PCT,Good,TK101,WTI
2025-09-16 07:35:18.536962567+00:00,TK101_TEMP,75.89794922251598,DEGF,Good,TK101,WTI
2025-09-16 07:35:18.536962567+00:00,TK101_VOLUME,40533.367069385524,BBL,Good,TK101,WTI
2025-09-16 07:35:18.536962567+00:00,TK102_LEVEL,54.964573183332206,PCT,Good,TK102,BRENT
2025-09-16 07:35:18.536962567+00:00,TK102_TEMP,75.11467657928641,DEGF,Good,TK102,BRENT
2025-09-16 07:35:18.536962567+00:00,TK102_VOLUME,25922.772963067117,BBL,Good,TK102,BRENT
2025-09-16 07:35:18.536962567+00:00,TK103_LEVEL,79.9213585369445,PCT,Good,TK103,MAYA
2025-09-16 07:35:18.536962567+00:00,TK103_TEMP,75.49513736884538,DEGF,Good,TK103,MAYA
2025-09-16 07:35:18.536962567+00:00,TK103_VOLUME,36422.58433913098,BBL,Good,TK103,MAYA
2025-09-16 07:35:18.536962567+00:00,TK104_LEVEL,77.3956778239846,PCT,Good,TK104,ARB
2025-09-16 07:35:18.536962567+00:00,TK104_TEMP,74.88292988012228,DEGF,Good,TK104,ARB
2025-09-16 07:35:18.536962567+00:00,TK104_VOLUME,42491.35411522219,BBL,Good,TK104,ARB
2025-09-16 07:35:18.536962567+00:00,TK105_LEVEL,61.13528895683016,PCT,Good,TK105,URALS
2025-09-16 07:35:18.536962567+00:00,TK105_TEMP,75.85626384946296,DEGF,Good,TK105,URALS
2025-09-16 07:35:18.536962567+00:00,TK105_VOLUME,30789.63051477353,BBL,Good,TK105,URALS
2025-09-16 07:35:18.536962567+00:00,VDU_FEED_RATE,20688.377746704962,BPD,Good,VDU001,BLEND_B
2025-09-16 08:53:08.807232838+00:00,CDU_FEED_RATE,49547.74758024797,BPD,Good,CDU001,BLEND_A
2025-09-16 08:53:08.807232838+00:00,CDU_FEED_TEMP,488.8820194316466,DEGF,Good,CDU001,BLEND_A
2025-09-16 08:53:08.807232838+00:00,TK101_LEVEL,75.99808534230367,PCT,Good,TK101,WTI
2025-09-16 08:53:08.807232838+00:00,TK101_TEMP,74.94806706572636,DEGF,Good,TK101,WTI
2025-09-16 08:53:08.807232838+00:00,TK101_VOLUME,40986.00316764109,BBL,Good,TK101,WTI
2025-09-16 08:53:08.807232838+00:00,TK102_LEVEL,55.593949700021945,PCT,Good,TK102,BRENT
2025-09-16 08:53:08.807232838+00:00,TK102_TEMP,75.01900568614667,DEGF,Good,TK102,BRENT
2025-09-16 08:53:08.807232838+00:00,TK102_VOLUME,26219.603878064227,BBL,Good,TK102,BRENT
2025-09-16 08:53:08.807232838+00:00,TK103_LEVEL,77.95259884363948,PCT,Good,TK103,MAYA
2025-09-16 08:53:08.807232838+00:00,TK103_TEMP,75.5351278391004,DEGF,Good,TK103,MAYA
2025-09-16 08:53:08.807232838+00:00,TK103_VOLUME,35525.36090242306,BBL,Good,TK103,MAYA
2025-09-16 08:53:08.807232838+00:00,TK104_LEVEL,76.7591259611644,PCT,Good,TK104,ARB
2025-09-16 08:53:08.807232838+00:00,TK104_TEMP,76.0288668564504,DEGF,Good,TK104,ARB
2025-09-16 08:53:08.807232838+00:00,TK104_VOLUME,42141.87787344406,BBL,Good,TK104,ARB
2025-09-16 08:53:08.807232838+00:00,TK105_LEVEL,58.77188486019137,PCT,Good,TK105,URALS
2025-09-16 08:53:08.807232838+00:00,TK105_TEMP,74.9225674043585,DEGF,Good,TK105,URALS
2025-09-16 08:53:08.807232838+00:00,TK105_VOLUME,29599.34679919324,BBL,Good,TK105,URALS
2025-09-16 08:53:08.807232838+00:00,VDU_FEED_RATE,20712.978869061204,BPD,Good,VDU001,BLEND_B
2025-09-16 10:10:59.077503108+00:00,CDU_FEED_RATE,49367.025117008336,BPD,Good,CDU001,BLEND_A
2025-09-16 10:10:59.077503108+00:00,CDU_FEED_TEMP,488.9749977732032,DEGF,Good,CDU001,BLEND_A
2025-09-16 10:10:59.077503108+00:00,TK101_LEVEL,76.70314535992684,PCT,Good,TK101,WTI
2025-09-16 10:10:59.077503108+00:00,TK101_TEMP,76.29020297824445,DEGF,Good,TK101,WTI
2025-09-16 10:10:59.077503108+00:00,TK101_VOLUME,41366.24422220875,BBL,Good,TK101,WTI
2025-09-16 10:10:59.077503108+00:00,TK102_LEVEL,57.81523998003387,PCT,Good,TK102,BRENT
2025-09-16 10:10:59.077503108+00:00,TK102_TEMP,74.46528573924202,DEGF,Good,TK102,BRENT
2025-09-16 10:10:59.077503108+00:00,TK102_VOLUME,27267.224195641415,BBL,Good,TK102,BRENT
2025-09-16 10:10:59.077503108+00:00,TK103_LEVEL,79.05563071996538,PCT,Good,TK103,MAYA
2025-09-16 10:10:59.077503108+00:00,TK103_TEMP,74.48477168335202,DEGF,Good,TK103,MAYA
2025-09-16 10:10:59.077503108+00:00,TK103_VOLUME,36028.0459453163,BBL,Good,TK103,MAYA
2025-09-16 10:10:59.077503108+00:00,TK104_LEVEL,79.42800306046443,PCT,Good,TK104,ARB
2025-09-16 10:10:59.077503108+00:00,TK104_TEMP,75.07464689351741,DEGF,Good,TK104,ARB
2025-09-16 10:10:59.077503108+00:00,TK104_VOLUME,43607.13026356165,BBL,Good,TK104,ARB
2025-09-16 10:10:59.077503108+00:00,TK105_LEVEL,59.922701437093416,PCT,Good,TK105,URALS
2025-09-16 10:10:59.077503108+00:00,TK105_TEMP,75.63235606488735,DEGF,Good,TK105,URALS
2025-09-16 10:10:59.077503108+00:00,TK105_VOLUME,30178.93377420715,BBL,Good,TK105,URALS
2025-09-16 10:10:59.077503108+00:00,VDU_FEED_RATE,20611.93371546995,BPD,Good,VDU001,BLEND_B
2025-09-16 11:28:49.347773378+00:00,CDU_FEED_RATE,49388.282045036736,BPD,Good,CDU001,BLEND_A
2025-09-16 11:28:49.347773378+00:00,CDU_FEED_TEMP,488.8764654633022,DEGF,Good,CDU001,BLEND_A
2025-09-16 11:28:49.347773378+00:00,TK101_LEVEL,77.66933256682837,PCT,Good,TK101,WTI
2025-09-16 11:28:49.347773378+00:00,TK101_TEMP,75.1477036081622,DEGF,Good,TK101,WTI
2025-09-16 11:28:49.347773378+00:00,TK101_VOLUME,41887.31197995866,BBL,Good,TK101,WTI
2025-09-16 11:28:49.347773378+00:00,TK102_LEVEL,57.2325069551913,PCT,Good,TK102,BRENT
2025-09-16 11:28:49.347773378+00:00,TK102_TEMP,74.1597890035668,DEGF,Good,TK102,BRENT
2025-09-16 11:28:49.347773378+00:00,TK102_VOLUME,26992.39160755436,BBL,Good,TK102,BRENT
2025-09-16 11:28:49.347773378+00:00,TK103_LEVEL,79.53065618585313,PCT,Good,TK103,MAYA
2025-09-16 11:28:49.347773378+00:00,TK103_TEMP,74.65811385101627,DEGF,Good,TK103,MAYA
2025-09-16 11:28:49.347773378+00:00,TK103_VOLUME,36244.52944123353,BBL,Good,TK103,MAYA
2025-09-16 11:28:49.347773378+00:00,TK104_LEVEL,81.9383304112309,PCT,Good,TK104,ARB
2025-09-16 11:28:49.347773378+00:00,TK104_TEMP,74.9269785949868,DEGF,Good,TK104,ARB
2025-09-16 11:28:49.347773378+00:00,TK104_VOLUME,44985.33653302712,BBL,Good,TK104,ARB
2025-09-16 11:28:49.347773378+00:00,TK105_LEVEL,60.379845192933104,PCT,Good,TK105,URALS
2025-09-16 11:28:49.347773378+00:00,TK105_TEMP,75.8291143284889,DEGF,Good,TK105,URALS
2025-09-16 11:28:49.347773378+00:00,TK105_VOLUME,30409.16556953536,BBL,Good,TK105,URALS
2025-09-16 11:28:49.347773378+00:00,VDU_FEED_RATE,20781.57206535143,BPD,Good,VDU001,BLEND_B
2025-09-16 12:46:39.618043648+00:00,CDU_FEED_RATE,49375.79164601347,BPD,Good,CDU001,BLEND_A
2025-09-16 12:46:39.618043648+00:00,CDU_FEED_TEMP,489.4870590210062,DEGF,Good,CDU001,BLEND_A
2025-09-16 12:46:39.618043648+00:00,TK101_LEVEL,76.81055797077144,PCT,Good,TK101,WTI
2025-09-16 12:46:39.618043648+00:00,TK101_TEMP,75.33386493153556,DEGF,Good,TK101,WTI
2025-09-16 12:46:39.618043648+00:00,TK101_VOLUME,41424.17217642618,BBL,Good,TK101,WTI
2025-09-16 12:46:39.618043648+00:00,TK102_LEVEL,59.61490383089378,PCT,Good,TK102,BRENT
2025-09-16 12:46:39.618043648+00:00,TK102_TEMP,74.99906589256172,DEGF,Good,TK102,BRENT
2025-09-16 12:46:39.618043648+00:00,TK102_VOLUME,28115.99413441768,BBL,Good,TK102,BRENT
2025-09-16 12:46:39.618043648+00:00,TK103_LEVEL,78.80975429925401,PCT,Good,TK103,MAYA
2025-09-16 12:46:39.618043648+00:00,TK103_TEMP,74.7682290001245,DEGF,Good,TK103,MAYA
2025-09-16 12:46:39.618043648+00:00,TK103_VOLUME,35915.99261146032,BBL,Good,TK103,MAYA
2025-09-16 12:46:39.618043648+00:00,TK104_LEVEL,79.12744944732812,PCT,Good,TK104,ARB
2025-09-16 12:46:39.618043648+00:00,TK104_TEMP,75.6779180262726,DEGF,Good,TK104,ARB
2025-09-16 12:46:39.618043648+00:00,TK104_VOLUME,43442.121953466754,BBL,Good,TK104,ARB
2025-09-16 12:46:39.618043648+00:00,TK105_LEVEL,61.04108902003182,PCT,Good,TK105,URALS
2025-09-16 12:46:39.618043648+00:00,TK105_TEMP,74.3082233581672,DEGF,Good,TK105,URALS
2025-09-16 12:46:39.618043648+00:00,TK105_VOLUME,30742.18850054532,BBL,Good,TK105,URALS
2025-09-16 12:46:39.618043648+00:00,VDU_FEED_RATE,20821.389258699757,BPD,Good,VDU001,BLEND_B
2025-09-16 14:04:29.888313919+00:00,CDU_FEED_RATE,49489.57032712178,BPD,Good,CDU001,BLEND_A
2025-09-16 14:04:29.888313919+00:00,CDU_FEED_TEMP,487.83152505091914,DEGF,Good,CDU001,BLEND_A
2025-09-16 14:04:29.888313919+00:00,TK101_LEVEL,78.09329279868773,PCT,Good,TK101,WTI
2025-09-16 14:04:29.888313919+00:00,TK101_TEMP,75.92073235796552,DEGF,Good,TK101,WTI
2025-09-16 14:04:29.888313919+00:00,TK101_VOLUME,42115.95504810539,BBL,Good,TK101,WTI
2025-09-16 14:04:29.888313919+00:00,TK102_LEVEL,58.35553057874825,PCT,Good,TK102,BRENT
2025-09-16 14:04:29.888313919+00:00,TK102_TEMP,75.14054350471284,DEGF,Good,TK102,BRENT
2025-09-16 14:04:29.888313919+00:00,TK102_VOLUME,27522.03979255029,BBL,Good,TK102,BRENT
2025-09-16 14:04:29.888313919+00:00,TK103_LEVEL,80.10813575708023,PCT,Good,TK103,MAYA
2025-09-16 14:04:29.888313919+00:00,TK103_TEMP,74.93364262858282,DEGF,Good,TK103,MAYA
2025-09-16 14:04:29.888313919+00:00,TK103_VOLUME,36507.704376847534,BBL,Good,TK103,MAYA
2025-09-16 14:04:29.888313919+00:00,TK104_LEVEL,78.19519670794801,PCT,Good,TK104,ARB
2025-09-16 14:04:29.888313919+00:00,TK104_TEMP,74.75111497928253,DEGF,Good,TK104,ARB
2025-09-16 14:04:29.888313919+00:00,TK104_VOLUME,42930.30162463684,BBL,Good,TK104,ARB
2025-09-16 14:04:29.888313919+00:00,TK105_LEVEL,60.03624798243919,PCT,Good,TK105,URALS
2025-09-16 14:04:29.888313919+00:00,TK105_TEMP,75.41846761876545,DEGF,Good,TK105,URALS
2025-09-16 14:04:29.888313919+00:00,TK105_VOLUME,30236.11934144793,BBL,Good,TK105,URALS
2025-09-16 14:04:29.888313919+00:00,VDU_FEED_RATE,20740.183384231073,BPD,Good,VDU001,BLEND_B
2025-09-16 15:22:20.158584189+00:00,CDU_FEED_RATE,49899.61286700045,BPD,Good,CDU001,BLEND_A
2025-09-16 15:22:20.158584189+00:00,CDU_FEED_TEMP,489.00169810409153,DEGF,Good,CDU001,BLEND_A
2025-09-16 15:22:20.158584189+00:00,TK101_LEVEL,77.68569034121771,PCT,Good,TK101,WTI
2025-09-16 15:22:20.158584189+00:00,TK101_TEMP,75.16152428922098,DEGF,Good,TK101,WTI
2025-09-16 15:22:20.158584189+00:00,TK101_VOLUME,41896.13377842789,BBL,Good,TK101,WTI
2025-09-16 15:22:20.158584189+00:00,TK102_LEVEL,57.11557782309782,PCT,Good,TK102,BRENT
2025-09-16 15:22:20.158584189+00:00,TK102_TEMP,74.45294571276987,DEGF,Good,TK102,BRENT
2025-09-16 15:22:20.158584189+00:00,TK102_VOLUME,26937.24467984299,BBL,Good,TK102,BRENT
2025-09-16 15:22:20.158584189+00:00,TK103_LEVEL,80.5485472603594,PCT,Good,TK103,MAYA
2025-09-16 15:22:20.158584189+00:00,TK103_TEMP,74.41498531569795,DEGF,Good,TK103,MAYA
2025-09-16 15:22:20.158584189+00:00,TK103_VOLUME,36708.41324135831,BBL,Good,TK103,MAYA
2025-09-16 15:22:20.158584189+00:00,TK104_LEVEL,81.14135789554545,PCT,Good,TK104,ARB
2025-09-16 15:22:20.158584189+00:00,TK104_TEMP,74.79864705923727,DEGF,Good,TK104,ARB
2025-09-16 15:22:20.158584189+00:00,TK104_VOLUME,44547.78701687578,BBL,Good,TK104,ARB
2025-09-16 15:22:20.158584189+00:00,TK105_LEVEL,62.606894792560915,PCT,Good,TK105,URALS
2025-09-16 15:22:20.158584189+00:00,TK105_TEMP,75.57526635801432,DEGF,Good,TK105,URALS
2025-09-16 15:22:20.158584189+00:00,TK105_VOLUME,31530.776924951286,BBL,Good,TK105,URALS
2025-09-16 15:22:20.158584189+00:00,VDU_FEED_RATE,20700.097353791905,BPD,Good,VDU001,BLEND_B
2025-09-16 16:40:10.428854459+00:00,CDU_FEED_RATE,49640.37147418192,BPD,Good,CDU001,BLEND_A
2025-09-16 16:40:10.428854459+00:00,CDU_FEED_TEMP,489.12599504013923,DEGF,Good,CDU001,BLEND_A
2025-09-16 16:40:10.428854459+00:00,TK101_LEVEL,78.22418985121443,PCT,Good,TK101,WTI
2025-09-16 16:40:10.428854459+00:00,TK101_TEMP,74.57982365706583,DEGF,Good,TK101,WTI
2025-09-16 16:40:10.428854459+00:00,TK101_VOLUME,42186.54823456963,BBL,Good,TK101,WTI
2025-09-16 16:40:10.428854459+00:00,TK102_LEVEL,58.17229752737642,PCT,Good,TK102,BRENT
2025-09-16 16:40:10.428854459+00:00,TK102_TEMP,75.06375821489391,DEGF,Good,TK102,BRENT
2025-09-16 16:40:10.428854459+00:00,TK102_VOLUME,27435.622150877738,BBL,Good,TK102,BRENT
2025-09-16 16:40:10.428854459+00:00,TK103_LEVEL,82.0736367642539,PCT,Good,TK103,MAYA
2025-09-16 16:40:10.428854459+00:00,TK103_TEMP,74.36996976434116,DEGF,Good,TK103,MAYA
2025-09-16 16:40:10.428854459+00:00,TK103_VOLUME,37403.44273156203,BBL,Good,TK103,MAYA
2025-09-16 16:40:10.428854459+00:00,TK104_LEVEL,79.90463615759504,PCT,Good,TK104,ARB
2025-09-16 16:40:10.428854459+00:00,TK104_TEMP,75.08611898941967,DEGF,Good,TK104,ARB
2025-09-16 16:40:10.428854459+00:00,TK104_VOLUME,43868.80877433419,BBL,Good,TK104,ARB
2025-09-16 16:40:10.428854459+00:00,TK105_LEVEL,63.0680989001455,PCT,Good,TK105,URALS
2025-09-16 16:40:10.428854459+00:00,TK105_TEMP,74.9516324542175,DEGF,Good,TK105,URALS
2025-09-16 16:40:10.428854459+00:00,TK105_VOLUME,31763.053639541653,BBL,Good,TK105,URALS
2025-09-16 16:40:10.428854459+00:00,VDU_FEED_RATE,20740.318314350985,BPD,Good,VDU001,BLEND_B
2025-09-16 17:58:00.699124729+00:00,CDU_FEED_RATE,49601.32504024712,BPD,Good,CDU001,BLEND_A
2025-09-16 17:58:00.699124729+00:00,CDU_FEED_TEMP,489.97649015488406,DEGF,Good,CDU001,BLEND_A
2025-09-16 17:58:00.699124729+00:00,TK101_LEVEL,79.57145320431886,PCT,Good,TK101,WTI
2025-09-16 17:58:00.699124729+00:00,TK101_TEMP,75.01238810613681,DEGF,Good,TK101,WTI
2025-09-16 17:58:00.699124729+00:00,TK101_VOLUME,42913.131540047296,BBL,Good,TK101,WTI
2025-09-16 17:58:00.699124729+00:00,TK102_LEVEL,57.09083756834205,PCT,Good,TK102,BRENT
2025-09-16 17:58:00.699124729+00:00,TK102_TEMP,75.0941281134792,DEGF,Good,TK102,BRENT
2025-09-16 17:58:00.699124729+00:00,TK102_VOLUME,26925.57650942087,BBL,Good,TK102,BRENT
2025-09-16 17:58:00.699124729+00:00,TK103_LEVEL,82.5410544573806,PCT,Good,TK103,MAYA
2025-09-16 17:58:00.699124729+00:00,TK103_TEMP,74.65633418378017,DEGF,Good,TK103,MAYA
2025-09-16 17:58:00.699124729+00:00,TK103_VOLUME,37616.4591349511,BBL,Good,TK103,MAYA
2025-09-16 17:58:00.699124729+00:00,TK104_LEVEL,82.33111019083096,PCT,Good,TK104,ARB
2025-09-16 17:58:00.699124729+00:00,TK104_TEMP,75.06738688402804,DEGF,Good,TK104,ARB
2025-09-16 17:58:00.699124729+00:00,TK104_VOLUME,45200.978351453225,BBL,Good,TK104,ARB
2025-09-16 17:58:00.699124729+00:00,TK105_LEVEL,63.31038908640251,PCT,Good,TK105,URALS
2025-09-16 17:58:00.699124729+00:00,TK105_TEMP,74.4618650432214,DEGF,Good,TK105,URALS
2025-09-16 17:58:00.699124729+00:00,TK105_VOLUME,31885.07850340509,BBL,Good,TK105,URALS
2025-09-16 17:58:00.699124729+00:00,VDU_FEED_RATE,20954.768847644347,BPD,Good,VDU001,BLEND_B
2025-09-16 19:15:50.969395+00:00,CDU_FEED_RATE,49614.15579007234,BPD,Good,CDU001,BLEND_A
2025-09-16 19:15:50.969395+00:00,CDU_FEED_TEMP,490.2962626614269,DEGF,Good,CDU001,BLEND_A
2025-09-16 19:15:50.969395+00:00,TK101_LEVEL,77.15825465486674,PCT,Good,TK101,WTI
2025-09-16 19:15:50.969395+00:00,TK101_TEMP,75.03697567822222,DEGF,Good,TK101,WTI
2025-09-16 19:15:50.969395+00:00,TK101_VOLUME,41611.68607669776,BBL,Good,TK101,WTI
2025-09-16 19:15:50.969395+00:00,TK102_LEVEL,60.015768914315835,PCT,Good,TK102,BRENT
2025-09-16 19:15:50.969395+00:00,TK102_TEMP,73.97677704328757,DEGF,Good,TK102,BRENT
2025-09-16 19:15:50.969395+00:00,TK102_VOLUME,28305.052903448966,BBL,Good,TK102,BRENT
2025-09-16 19:15:50.969395+00:00,TK103_LEVEL,81.41380089433649,PCT,Good,TK103,MAYA
2025-09-16 19:15:50.969395+00:00,TK103_TEMP,75.09790796442977,DEGF,Good,TK103,MAYA
2025-09-16 19:15:50.969395+00:00,TK103_VOLUME,37102.735535613385,BBL,Good,TK103,MAYA
2025-09-16 19:15:50.969395+00:00,TK104_LEVEL,81.15911507611358,PCT,Good,TK104,ARB
2025-09-16 19:15:50.969395+00:00,TK104_TEMP,75.18458672026887,DEGF,Good,TK104,ARB
2025-09-16 19:15:50.969395+00:00,TK104_VOLUME,44557.53596757719,BBL,Good,TK104,ARB
2025-09-16 19:15:50.969395+00:00,TK105_LEVEL,62.3410209507196,PCT,Good,TK105,URALS
2025-09-16 19:15:50.969395+00:00,TK105_TEMP,75.52625892437209,DEGF,Good,TK105,URALS
2025-09-16 19:15:50.969395+00:00,TK105_VOLUME,31396.87459957555,BBL,Good,TK105,URALS
2025-09-16 19:15:50.969395+00:00,VDU_FEED_RATE,20872.372939023797,BPD,Good,VDU001,BLEND_B
2025-09-16 20:33:41.239665270+00:00,CDU_FEED_RATE,49666.56484186477,BPD,Good,CDU001,BLEND_A
2025-09-16 20:33:41.239665270+00:00,CDU_FEED_TEMP,488.88492257554253,DEGF,Good,CDU001,BLEND_A
2025-09-16 20:33:41.239665270+00:00,TK101_LEVEL,78.27256292365588,PCT,Good,TK101,WTI
2025-09-16 20:33:41.239665270+00:00,TK101_TEMP,74.36121406262751,DEGF,Good,TK101,WTI
2025-09-16 20:33:41.239665270+00:00,TK101_VOLUME,42212.635982588334,BBL,Good,TK101,WTI
2025-09-16 20:33:41.239665270+00:00,TK102_LEVEL,60.47923055014411,PCT,Good,TK102,BRENT
2025-09-16 20:33:41.239665270+00:00,TK102_TEMP,74.58602255898855,DEGF,Good,TK102,BRENT
2025-09-16 20:33:41.239665270+00:00,TK102_VOLUME,28523.633892381513,BBL,Good,TK102,BRENT
2025-09-16 20:33:41.239665270+00:00,TK103_LEVEL,81.94677737464444,PCT,Good,TK103,MAYA
2025-09-16 20:33:41.239665270+00:00,TK103_TEMP,74.45328771885154,DEGF,Good,TK103,MAYA
2025-09-16 20:33:41.239665270+00:00,TK103_VOLUME,37345.62906445419,BBL,Good,TK103,MAYA
2025-09-16 20:33:41.239665270+00:00,TK104_LEVEL,81.22704866063049,PCT,Good,TK104,ARB
2025-09-16 20:33:41.239665270+00:00,TK104_TEMP,76.08941943342603,DEGF,Good,TK104,ARB
2025-09-16 20:33:41.239665270+00:00,TK104_VOLUME,44594.83249468545,BBL,Good,TK104,ARB
2025-09-16 20:33:41.239665270+00:00,TK105_LEVEL,63.71562564160772,PCT,Good,TK105,URALS
2025-09-16 20:33:41.239665270+00:00,TK105_TEMP,74.44383047494941,DEGF,Good,TK105,URALS
2025-09-16 20:33:41.239665270+00:00,TK105_VOLUME,32089.168220142317,BBL,Good,TK105,URALS
2025-09-16 20:33:41.239665270+00:00,VDU_FEED_RATE,20771.73028769558,BPD,Good,VDU001,BLEND_B
2025-09-16 21:51:31.509935540+00:00,CDU_FEED_RATE,49498.663655178796,BPD,Good,CDU001,BLEND_A
2025-09-16 21:51:31.509935540+00:00,CDU_FEED_TEMP,490.40395889545357,DEGF,Good,CDU001,BLEND_A
2025-09-16 21:51:31.509935540+00:00,TK101_LEVEL,78.512052986313,PCT,Good,TK101,WTI
2025-09-16 21:51:31.509935540+00:00,TK101_TEMP,74.90574875850112,DEGF,Good,TK101,WTI
2025-09-16 21:51:31.509935540+00:00,TK101_VOLUME,42341.79371626638,BBL,Good,TK101,WTI
2025-09-16 21:51:31.509935540+00:00,TK102_LEVEL,60.66835509965178,PCT,Good,TK102,BRENT
2025-09-16 21:51:31.509935540+00:00,TK102_TEMP,75.23729674103926,DEGF,Good,TK102,BRENT
2025-09-16 21:51:31.509935540+00:00,TK102_VOLUME,28612.830123238742,BBL,Good,TK102,BRENT
2025-09-16 21:51:31.509935540+00:00,TK103_LEVEL,83.25022595258606,PCT,Good,TK103,MAYA
2025-09-16 21:51:31.509935540+00:00,TK103_TEMP,74.97576303918565,DEGF,Good,TK103,MAYA
2025-09-16 21:51:31.509935540+00:00,TK103_VOLUME,37939.65006998869,BBL,Good,TK103,MAYA
2025-09-16 21:51:31.509935540+00:00,TK104_LEVEL,82.10610992599275,PCT,Good,TK104,ARB
2025-09-16 21:51:31.509935540+00:00,TK104_TEMP,75.20178891734771,DEGF,Good,TK104,ARB
2025-09-16 21:51:31.509935540+00:00,TK104_VOLUME,45077.44992973695,BBL,Good,TK104,ARB
2025-09-16 21:51:31.509935540+00:00,TK105_LEVEL,63.154877743276515,PCT,Good,TK105,URALS
2025-09-16 21:51:31.509935540+00:00,TK105_TEMP,74.94448907691607,DEGF,Good,TK105,URALS
2025-09-16 21:51:31.509935540+00:00,TK105_VOLUME,31806.75816048356,BBL,Good,TK105,URALS
2025-09-16 21:51:31.509935540+00:00,VDU_FEED_RATE,20713.985972656104,BPD,Good,VDU001,BLEND_B
2025-09-16 23:09:21.780205811+00:00,CDU_FEED_RATE,49700.18236765681,BPD,Good,CDU001,BLEND_A
2025-09-16 23:09:21.780205811+00:00,CDU_FEED_TEMP,489.1898297964637,DEGF,Good,CDU001,BLEND_A
2025-09-16 23:09:21.780205811+00:00,TK101_LEVEL,78.09243650390228,PCT,Good,TK101,WTI
2025-09-16 23:09:21.780205811+00:00,TK101_TEMP,74.65392598705628,DEGF,Good,TK101,WTI
2025-09-16 23:09:21.780205811+00:00,TK101_VOLUME,42115.49324567141,BBL,Good,TK101,WTI
2025-09-16 23:09:21.780205811+00:00,TK102_LEVEL,62.60351108845817,PCT,Good,TK102,BRENT
2025-09-16 23:09:21.780205811+00:00,TK102_TEMP,75.21855139875287,DEGF,Good,TK102,BRENT
2025-09-16 23:09:21.780205811+00:00,TK102_VOLUME,29525.501803206596,BBL,Good,TK102,BRENT
2025-09-16 23:09:21.780205811+00:00,TK103_LEVEL,82.43255944159817,PCT,Good,TK103,MAYA
2025-09-16 23:09:21.780205811+00:00,TK103_TEMP,75.55429844212591,DEGF,Good,TK103,MAYA
2025-09-16 23:09:21.780205811+00:00,TK103_VOLUME,37567.01466935329,BBL,Good,TK103,MAYA
2025-09-16 23:09:21.780205811+00:00,TK104_LEVEL,83.47365848266939,PCT,Good,TK104,ARB
2025-09-16 23:09:21.780205811+00:00,TK104_TEMP,73.83599505267959,DEGF,Good,TK104,ARB
2025-09-16 23:09:21.780205811+00:00,TK104_VOLUME,45828.2540007816,BBL,Good,TK104,ARB
2025-09-16 23:09:21.780205811+00:00,TK105_LEVEL,64.15353556206885,PCT,Good,TK105,URALS
2025-09-16 23:09:21.780205811+00:00,TK105_TEMP,75.00496000515334,DEGF,Good,TK105,URALS
2025-09-16 23:09:21.780205811+00:00,TK105_VOLUME,32309.713258528787,BBL,Good,TK105,URALS
2025-09-16 23:09:21.780205811+00:00,VDU_FEED_RATE,21047.86702888126,BPD,Good,VDU001,BLEND_B
2025-09-17 00:27:12.050476081+00:00,CDU_FEED_RATE,50295.332313415405,BPD,Good,CDU001,BLEND_A
2025-09-17 00:27:12.050476081+00:00,CDU_FEED_TEMP,489.2708468662252,DEGF,Good,CDU001,BLEND_A
2025-09-17 00:27:12.050476081+00:00,TK101_LEVEL,80.18532817849297,PCT,Good,TK101,WTI
2025-09-17 00:27:12.050476081+00:00,TK101_TEMP,75.47983659467099,DEGF,Good,TK101,WTI
2025-09-17 00:27:12.050476081+00:00,TK101_VOLUME,43244.19621783109,BBL,Good,TK101,WTI
2025-09-17 00:27:12.050476081+00:00,TK102_LEVEL,63.160691880842684,PCT,Good,TK102,BRENT
2025-09-17 00:27:12.050476081+00:00,TK102_TEMP,74.44082025787739,DEGF,Good,TK102,BRENT
2025-09-17 00:27:12.050476081+00:00,TK102_VOLUME,29788.28327031977,BBL,Good,TK102,BRENT
2025-09-17 00:27:12.050476081+00:00,TK103_LEVEL,84.04392803716014,PCT,Good,TK103,MAYA
2025-09-17 00:27:12.050476081+00:00,TK103_TEMP,74.36676784737051,DEGF,Good,TK103,MAYA
2025-09-17 00:27:12.050476081+00:00,TK103_VOLUME,38301.36415549413,BBL,Good,TK103,MAYA
2025-09-17 00:27:12.050476081+00:00,TK104_LEVEL,82.9260010858751,PCT,Good,TK104,ARB
2025-09-17 00:27:12.050476081+00:00,TK104_TEMP,75.18080718779305,DEGF,Good,TK104,ARB
2025-09-17 00:27:12.050476081+00:00,TK104_VOLUME,45527.582115280056,BBL,Good,TK104,ARB
2025-09-17 00:27:12.050476081+00:00,TK105_LEVEL,67.07714014490881,PCT,Good,TK105,URALS
2025-09-17 00:27:12.050476081+00:00,TK105_TEMP,75.37542674192926,DEGF,Good,TK105,URALS
2025-09-17 00:27:12.050476081+00:00,TK105_VOLUME,33782.13134001532,BBL,Good,TK105,URALS
2025-09-17 00:27:12.050476081+00:00,VDU_FEED_RATE,20892.01631946838,BPD,Good,VDU001,BLEND_B
2025-09-17 01:45:02.320746351+00:00,CDU_FEED_RATE,49896.35298307376,BPD,Good,CDU001,BLEND_A
2025-09-17 01:45:02.320746351+00:00,CDU_FEED_TEMP,489.7788627452676,DEGF,Good,CDU001,BLEND_A
2025-09-17 01:45:02.320746351+00:00,TK101_LEVEL,82.05539517553663,PCT,Good,TK101,WTI
2025-09-17 01:45:02.320746351+00:00,TK101_TEMP,75.02887872117809,DEGF,Good,TK101,WTI
2025-09-17 01:45:02.320746351+00:00,TK101_VOLUME,44252.729150197854,BBL,Good,TK101,WTI
2025-09-17 01:45:02.320746351+00:00,TK102_LEVEL,62.23415227813064,PCT,Good,TK102,BRENT
2025-09-17 01:45:02.320746351+00:00,TK102_TEMP,75.09079680933533,DEGF,Good,TK102,BRENT
2025-09-17 01:45:02.320746351+00:00,TK102_VOLUME,29351.302241061487,BBL,Good,TK102,BRENT
2025-09-17 01:45:02.320746351+00:00,TK103_LEVEL,83.80975005521428,PCT,Good,TK103,MAYA
2025-09-17 01:45:02.320746351+00:00,TK103_TEMP,74.90834990488018,DEGF,Good,TK103,MAYA
2025-09-17 01:45:02.320746351+00:00,TK103_VOLUME,38194.64215459311,BBL,Good,TK103,MAYA
2025-09-17 01:45:02.320746351+00:00,TK104_LEVEL,83.09906567099782,PCT,Good,TK104,ARB
2025-09-17 01:45:02.320746351+00:00,TK104_TEMP,75.03051278133026,DEGF,Good,TK104,ARB
2025-09-17 01:45:02.320746351+00:00,TK104_VOLUME,45622.59709257605,BBL,Good,TK104,ARB
2025-09-17 01:45:02.320746351+00:00,TK105_LEVEL,65.46173625249494,PCT,Good,TK105,URALS
2025-09-17 01:45:02.320746351+00:00,TK105_TEMP,74.6982570043292,DEGF,Good,TK105,URALS
2025-09-17 01:45:02.320746351+00:00,TK105_VOLUME,32968.56376180904,BBL,Good,TK105,URALS
2025-09-17 01:45:02.320746351+00:00,VDU_FEED_RATE,21015.299868564813,BPD,Good,VDU001,BLEND_B
2025-09-17 03:02:52.591016621+00:00,CDU_FEED_RATE,50145.674313784424,BPD,Good,CDU001,BLEND_A
2025-09-17 03:02:52.591016621+00:00,CDU_FEED_TEMP,489.7800395572245,DEGF,Good,CDU001,BLEND_A
2025-09-17 03:02:52.591016621+00:00,TK101_LEVEL,81.46736753595613,PCT,Good,TK101,WTI
2025-09-17 03:02:52.591016621+00:00,TK101_TEMP,74.86537014338055,DEGF,Good,TK101,WTI
2025-09-17 03:02:52.591016621+00:00,TK101_VOLUME,43935.604020137616,BBL,Good,TK101,WTI
2025-09-17 03:02:52.591016621+00:00,TK102_LEVEL,60.7161373605397,PCT,Good,TK102,BRENT
2025-09-17 03:02:52.591016621+00:00,TK102_TEMP,75.51797163063456,DEGF,Good,TK102,BRENT
2025-09-17 03:02:52.591016621+00:00,TK102_VOLUME,28635.365524296587,BBL,Good,TK102,BRENT
2025-09-17 03:02:52.591016621+00:00,TK103_LEVEL,83.3745482913747,PCT,Good,TK103,MAYA
2025-09-17 03:02:52.591016621+00:00,TK103_TEMP,75.51914638482971,DEGF,Good,TK103,MAYA
2025-09-17 03:02:52.591016621+00:00,TK103_VOLUME,37996.307526176366,BBL,Good,TK103,MAYA
2025-09-17 03:02:52.591016621+00:00,TK104_LEVEL,83.84324909734246,PCT,Good,TK104,ARB
2025-09-17 03:02:52.591016621+00:00,TK104_TEMP,75.02849303013005,DEGF,Good,TK104,ARB
2025-09-17 03:02:52.591016621+00:00,TK104_VOLUME,46031.164629995954,BBL,Good,TK104,ARB
2025-09-17 03:02:52.591016621+00:00,TK105_LEVEL,64.62480462544131,PCT,Good,TK105,URALS
2025-09-17 03:02:52.591016621+00:00,TK105_TEMP,74.66447617354041,DEGF,Good,TK105,URALS
2025-09-17 03:02:52.591016621+00:00,TK105_VOLUME,32547.058997493525,BBL,Good,TK105,URALS
2025-09-17 03:02:52.591016621+00:00,VDU_FEED_RATE,21139.74906170634,BPD,Good,VDU001,BLEND_B
2025-09-17 04:20:42.861286892+00:00,CDU_FEED_RATE,49365.71903340561,BPD,Good,CDU001,BLEND_A
2025-09-17 04:20:42.861286892+00:00,CDU_FEED_TEMP,489.1916076859032,DEGF,Good,CDU001,BLEND_A
2025-09-17 04:20:42.861286892+00:00,TK101_LEVEL,82.39933864664718,PCT,Good,TK101,WTI
2025-09-17 04:20:42.861286892+00:00,TK101_TEMP,74.95015306817501,DEGF,Good,TK101,WTI
2025-09-17 04:20:42.861286892+00:00,TK101_VOLUME,44438.218931064475,BBL,Good,TK101,WTI
2025-09-17 04:20:42.861286892+00:00,TK102_LEVEL,63.91740957087545,PCT,Good,TK102,BRENT
2025-09-17 04:20:42.861286892+00:00,TK102_TEMP,75.39178051298174,DEGF,Good,TK102,BRENT
2025-09-17 04:20:42.861286892+00:00,TK102_VOLUME,30145.171712088013,BBL,Good,TK102,BRENT
2025-09-17 04:20:42.861286892+00:00,TK103_LEVEL,83.83640711860029,PCT,Good,TK103,MAYA
2025-09-17 04:20:42.861286892+00:00,TK103_TEMP,74.7941098383044,DEGF,Good,TK103,MAYA
2025-09-17 04:20:42.861286892+00:00,TK103_VOLUME,38206.79058596595,BBL,Good,TK103,MAYA
2025-09-17 04:20:42.861286892+00:00,TK104_LEVEL,83.21952247818709,PCT,Good,TK104,ARB
2025-09-17 04:20:42.861286892+00:00,TK104_TEMP,75.12621768818438,DEGF,Good,TK104,ARB
2025-09-17 04:20:42.861286892+00:00,TK104_VOLUME,45688.72963374338,BBL,Good,TK104,ARB
2025-09-17 04:20:42.861286892+00:00,TK105_LEVEL,66.44196350445904,PCT,Good,TK105,URALS
2025-09-17 04:20:42.861286892+00:00,TK105_TEMP,75.05270177286785,DEGF,Good,TK105,URALS
2025-09-17 04:20:42.861286892+00:00,TK105_VOLUME,33462.23665390575,BBL,Good,TK105,URALS
2025-09-17 04:20:42.861286892+00:00,VDU_FEED_RATE,20829.08852183372,BPD,Good,VDU001,BLEND_B
2025-09-17 05:38:33.131557162+00:00,CDU_FEED_RATE,50137.57265826487,BPD,Good,CDU001,BLEND_A
2025-09-17 05:38:33.131557162+00:00,CDU_FEED_TEMP,490.3159286487931,DEGF,Good,CDU001,BLEND_A
2025-09-17 05:38:33.131557162+00:00,TK101_LEVEL,83.74214846155175,PCT,Good,TK101,WTI
2025-09-17 05:38:33.131557162+00:00,TK101_TEMP,75.1125622915356,DEGF,Good,TK101,WTI
2025-09-17 05:38:33.131557162+00:00,TK101_VOLUME,45162.400429576286,BBL,Good,TK101,WTI
2025-09-17 05:38:33.131557162+00:00,TK102_LEVEL,64.30687061902739,PCT,Good,TK102,BRENT
2025-09-17 05:38:33.131557162+00:00,TK102_TEMP,74.95335838882555,DEGF,Good,TK102,BRENT
2025-09-17 05:38:33.131557162+00:00,TK102_VOLUME,30328.852030964073,BBL,Good,TK102,BRENT
2025-09-17 05:38:33.131557162+00:00,TK103_LEVEL,86.69168492764668,PCT,Good,TK103,MAYA
2025-09-17 05:38:33.131557162+00:00,TK103_TEMP,74.7141664369033,DEGF,Good,TK103,MAYA
2025-09-17 05:38:33.131557162+00:00,TK103_VOLUME,39508.02718548606,BBL,Good,TK103,MAYA
2025-09-17 05:38:33.131557162+00:00,TK104_LEVEL,85.33979166511757,PCT,Good,TK104,ARB
2025-09-17 05:38:33.131557162+00:00,TK104_TEMP,74.9866621384951,DEGF,Good,TK104,ARB
2025-09-17 05:38:33.131557162+00:00,TK104_VOLUME,46852.788291467776,BBL,Good,TK104,ARB
2025-09-17 05:38:33.131557162+00:00,TK105_LEVEL,65.36121463786745,PCT,Good,TK105,URALS
2025-09-17 05:38:33.131557162+00:00,TK105_TEMP,75.50419652114239,DEGF,Good,TK105,URALS
2025-09-17 05:38:33.131557162+00:00,TK105_VOLUME,32917.93795426089,BBL,Good,TK105,URALS
2025-09-17 05:38:33.131557162+00:00,VDU_FEED_RATE,20992.105242947597,BPD,Good,VDU001,BLEND_B
2025-09-17 06:56:23.401827432+00:00,CDU_FEED_RATE,49959.4815911629,BPD,Good,CDU001,BLEND_A
2025-09-17 06:56:23.401827432+00:00,CDU_FEED_TEMP,490.33934074687363,DEGF,Good,CDU001,BLEND_A
2025-09-17 06:56:23.401827432+00:00,TK101_LEVEL,84.4331594611515,PCT,Good,TK101,WTI
2025-09-17 06:56:23.401827432+00:00,TK101_TEMP,75.30844715177984,DEGF,Good,TK101,WTI
2025-09-17 06:56:23.401827432+00:00,TK101_VOLUME,45535.06480514452,BBL,Good,TK101,WTI
2025-09-17 06:56:23.401827432+00:00,TK102_LEVEL,64.51344432471862,PCT,Good,TK102,BRENT
2025-09-17 06:56:23.401827432+00:00,TK102_TEMP,74.76605189527281,DEGF,Good,TK102,BRENT
2025-09-17 06:56:23.401827432+00:00,TK102_VOLUME,30426.277753800343,BBL,Good,TK102,BRENT
2025-09-17 06:56:23.401827432+00:00,TK103_LEVEL,85.54074711651512,PCT,Good,TK103,MAYA
2025-09-17 06:56:23.401827432+00:00,TK103_TEMP,75.5817879590882,DEGF,Good,TK103,MAYA
2025-09-17 06:56:23.401827432+00:00,TK103_VOLUME,38983.509956769834,BBL,Good,TK103,MAYA
2025-09-17 06:56:23.401827432+00:00,TK104_LEVEL,83.60857583302155,PCT,Good,TK104,ARB
2025-09-17 06:56:23.401827432+00:00,TK104_TEMP,74.97373400540727,DEGF,Good,TK104,ARB
2025-09-17 06:56:23.401827432+00:00,TK104_VOLUME,45902.32559071119,BBL,Good,TK104,ARB
2025-09-17 06:56:23.401827432+00:00,TK105_LEVEL,65.9665425354586,PCT,Good,TK105,URALS
2025-09-17 06:56:23.401827432+00:00,TK105_TEMP,76.14376505226153,DEGF,Good,TK105,URALS
2025-09-17 06:56:23.401827432+00:00,TK105_VOLUME,33222.79988629947,BBL,Good,TK105,URALS
2025-09-17 06:56:23.401827432+00:00,VDU_FEED_RATE,20978.57311535023,BPD,Good,VDU001,BLEND_B
2025-09-17 08:14:13.672097702+00:00,CDU_FEED_RATE,49878.01797753422,BPD,Good,CDU001,BLEND_A
2025-09-17 08:14:13.672097702+00:00,CDU_FEED_TEMP,490.52377676459554,DEGF,Good,CDU001,BLEND_A
2025-09-17 08:14:13.672097702+00:00,TK101_LEVEL,83.48910986996026,PCT,Good,TK101,WTI
2025-09-17 08:14:13.672097702+00:00,TK101_TEMP,74.50050435115496,DEGF,Good,TK101,WTI
2025-09-17 08:14:13.672097702+00:00,TK101_VOLUME,45025.93593221702,BBL,Good,TK101,WTI
2025-09-17 08:14:13.672097702+00:00,TK102_LEVEL,65.63830697967238,PCT,Good,TK102,BRENT
2025-09-17 08:14:13.672097702+00:00,TK102_TEMP,74.6856882233224,DEGF,Good,TK102,BRENT
2025-09-17 08:14:13.672097702+00:00,TK102_VOLUME,30956.793275529923,BBL,Good,TK102,BRENT
2025-09-17 08:14:13.672097702+00:00,TK103_LEVEL,87.79029716535932,PCT,Good,TK103,MAYA
2025-09-17 08:14:13.672097702+00:00,TK103_TEMP,74.84725942600387,DEGF,Good,TK103,MAYA
2025-09-17 08:14:13.672097702+00:00,TK103_VOLUME,40008.69806516828,BBL,Good,TK103,MAYA
2025-09-17 08:14:13.672097702+00:00,TK104_LEVEL,85.40395544830352,PCT,Good,TK104,ARB
2025-09-17 08:14:13.672097702+00:00,TK104_TEMP,75.30688257037504,DEGF,Good,TK104,ARB
2025-09-17 08:14:13.672097702+00:00,TK104_VOLUME,46888.015142751734,BBL,Good,TK104,ARB
2025-09-17 08:14:13.672097702+00:00,TK105_LEVEL,66.5772042678274,PCT,Good,TK105,URALS
2025-09-17 08:14:13.672097702+00:00,TK105_TEMP,74.24661986560027,DEGF,Good,TK105,URALS
2025-09-17 08:14:13.672097702+00:00,TK105_VOLUME,33530.34810321267,BBL,Good,TK105,URALS
2025-09-17 08:14:13.672097702+00:00,VDU_FEED_RATE,21046.65685108192,BPD,Good,VDU001,BLEND_B
2025-09-17 09:32:03.942367973+00:00,CDU_FEED_RATE,50036.41113131666,BPD,Good,CDU001,BLEND_A
2025-09-17 09:32:03.942367973+00:00,CDU_FEED_TEMP,489.7656146190338,DEGF,Good,CDU001,BLEND_A
2025-09-17 09:32:03.942367973+00:00,TK101_LEVEL,85.36391195376963,PCT,Good,TK101,WTI
2025-09-17 09:32:03.942367973+00:00,TK101_TEMP,74.48116866562019,DEGF,Good,TK101,WTI
2025-09-17 09:32:03.942367973+00:00,TK101_VOLUME,46037.022511564544,BBL,Good,TK101,WTI
2025-09-17 09:32:03.942367973+00:00,TK102_LEVEL,63.94407739341705,PCT,Good,TK102,BRENT
2025-09-17 09:32:03.942367973+00:00,TK102_TEMP,75.23587237338565,DEGF,Good,TK102,BRENT
2025-09-17 09:32:03.942367973+00:00,TK102_VOLUME,30157.748975389222,BBL,Good,TK102,BRENT
2025-09-17 09:32:03.942367973+00:00,TK103_LEVEL,86.08838507025993,PCT,Good,TK103,MAYA
2025-09-17 09:32:03.942367973+00:00,TK103_TEMP,75.55420999453361,DEGF,Good,TK103,MAYA
2025-09-17 09:32:03.942367973+00:00,TK103_VOLUME,39233.08516323181,BBL,Good,TK103,MAYA
2025-09-17 09:32:03.942367973+00:00,TK104_LEVEL,87.05954037101361,PCT,Good,TK104,ARB
2025-09-17 09:32:03.942367973+00:00,TK104_TEMP,74.73092208333357,DEGF,Good,TK104,ARB
2025-09-17 09:32:03.942367973+00:00,TK104_VOLUME,47796.9553729631,BBL,Good,TK104,ARB
2025-09-17 09:32:03.942367973+00:00,TK105_LEVEL,67.62609621109434,PCT,Good,TK105,URALS
2025-09-17 09:32:03.942367973+00:00,TK105_TEMP,75.1596334908241,DEGF,Good,TK105,URALS
2025-09-17 09:32:03.942367973+00:00,TK105_VOLUME,34058.60266672535,BBL,Good,TK105,URALS
2025-09-17 09:32:03.942367973+00:00,VDU_FEED_RATE,21150.48057078324,BPD,Good,VDU001,BLEND_B
2025-09-17 10:49:54.212638243+00:00,CDU_FEED_RATE,49854.25124218285,BPD,Good,CDU001,BLEND_A
2025-09-17 10:49:54.212638243+00:00,CDU_FEED_TEMP,489.9366237537855,DEGF,Good,CDU001,BLEND_A
2025-09-17 10:49:54.212638243+00:00,TK101_LEVEL,84.55290786527014,PCT,Good,TK101,WTI
2025-09-17 10:49:54.212638243+00:00,TK101_TEMP,75.55718550363743,DEGF,Good,TK101,WTI
2025-09-17 10:49:54.212638243+00:00,TK101_VOLUME,45599.64549093969,BBL,Good,TK101,WTI
2025-09-17 10:49:54.212638243+00:00,TK102_LEVEL,67.56811601869903,PCT,Good,TK102,BRENT
2025-09-17 10:49:54.212638243+00:00,TK102_TEMP,75.1023978825076,DEGF,Good,TK102,BRENT
2025-09-17 10:49:54.212638243+00:00,TK102_VOLUME,31866.943189983052,BBL,Good,TK102,BRENT
2025-09-17 10:49:54.212638243+00:00,TK103_LEVEL,87.34368167474213,PCT,Good,TK103,MAYA
2025-09-17 10:49:54.212638243+00:00,TK103_TEMP,75.21932859149976,DEGF,Good,TK103,MAYA
2025-09-17 10:49:54.212638243+00:00,TK103_VOLUME,39805.16185567495,BBL,Good,TK103,MAYA
2025-09-17 10:49:54.212638243+00:00,TK104_LEVEL,87.05365858775139,PCT,Good,TK104,ARB
2025-09-17 10:49:54.212638243+00:00,TK104_TEMP,74.53100272811658,DEGF,Good,TK104,ARB
2025-09-17 10:49:54.212638243+00:00,TK104_VOLUME,47793.7261883051,BBL,Good,TK104,ARB
2025-09-17 10:49:54.212638243+00:00,TK105_LEVEL,69.45782980151502,PCT,Good,TK105,URALS
2025-09-17 10:49:54.212638243+00:00,TK105_TEMP,74.46157838281901,DEGF,Good,TK105,URALS
2025-09-17 10:49:54.212638243+00:00,TK105_VOLUME,34981.1206005226,BBL,Good,TK105,URALS
2025-09-17 10:49:54.212638243+00:00,VDU_FEED_RATE,20822.922300985127,BPD,Good,VDU001,BLEND_B
2025-09-17 12:07:44.482908513+00:00,CDU_FEED_RATE,49428.5334463223,BPD,Good,CDU001,BLEND_A
2025-09-17 12:07:44.482908513+00:00,CDU_FEED_TEMP,489.90379077013745,DEGF,Good,CDU001,BLEND_A
2025-09-17 12:07:44.482908513+00:00,TK101_LEVEL,84.07129143606991,PCT,Good,TK101,WTI
2025-09-17 12:07:44.482908513+00:00,TK101_TEMP,74.80284190185083,DEGF,Good,TK101,WTI
2025-09-17 12:07:44.482908513+00:00,TK101_VOLUME,45339.90825672018,BBL,Good,TK101,WTI
2025-09-17 12:07:44.482908513+00:00,TK102_LEVEL,65.04784133243336,PCT,Good,TK102,BRENT
2025-09-17 12:07:44.482908513+00:00,TK102_TEMP,75.32371234100428,DEGF,Good,TK102,BRENT
2025-09-17 12:07:44.482908513+00:00,TK102_VOLUME,30678.313774473612,BBL,Good,TK102,BRENT
2025-09-17 12:07:44.482908513+00:00,TK103_LEVEL,89.89306164969022,PCT,Good,TK103,MAYA
2025-09-17 12:07:44.482908513+00:00,TK103_TEMP,74.83758801149827,DEGF,Good,TK103,MAYA
2025-09-17 12:07:44.482908513+00:00,TK103_VOLUME,40966.991544882694,BBL,Good,TK103,MAYA
2025-09-17 12:07:44.482908513+00:00,TK104_LEVEL,87.7888393308664,PCT,Good,TK104,ARB
2025-09-17 12:07:44.482908513+00:00,TK104_TEMP,76.52090106426438,DEGF,Good,TK104,ARB
2025-09-17 12:07:44.482908513+00:00,TK104_VOLUME,48197.35112154022,BBL,Good,TK104,ARB
2025-09-17 12:07:44.482908513+00:00,TK105_LEVEL,69.54716745700401,PCT,Good,TK105,URALS
2025-09-17 12:07:44.482908513+00:00,TK105_TEMP,75.51841595955656,DEGF,Good,TK105,URALS
2025-09-17 12:07:44.482908513+00:00,TK105_VOLUME,35026.1138188503,BBL,Good,TK105,URALS
2025-09-17 12:07:44.482908513+00:00,VDU_FEED_RATE,21050.975831735414,BPD,Good,VDU001,BLEND_B
2025-09-17 13:25:34.753178784+00:00,CDU_FEED_RATE,50165.63856374552,BPD,Good,CDU001,BLEND_A
2025-09-17 13:25:34.753178784+00:00,CDU_FEED_TEMP,490.7141508776393,DEGF,Good,CDU001,BLEND_A
2025-09-17 13:25:34.753178784+00:00,TK101_LEVEL,84.75873271999225,PCT,Good,TK101,WTI
2025-09-17 13:25:34.753178784+00:00,TK101_TEMP,74.30603422794813,DEGF,Good,TK101,WTI
2025-09-17 13:25:34.753178784+00:00,TK101_VOLUME,45710.64747355048,BBL,Good,TK101,WTI
2025-09-17 13:25:34.753178784+00:00,TK102_LEVEL,67.2009354250697,PCT,Good,TK102,BRENT
2025-09-17 13:25:34.753178784+00:00,TK102_TEMP,75.08039218080715,DEGF,Good,TK102,BRENT
2025-09-17 13:25:34.753178784+00:00,TK102_VOLUME,31693.77093349433,BBL,Good,TK102,BRENT
2025-09-17 13:25:34.753178784+00:00,TK103_LEVEL,86.88744159430232,PCT,Good,TK103,MAYA
2025-09-17 13:25:34.753178784+00:00,TK103_TEMP,75.25430053954534,DEGF,Good,TK103,MAYA
2025-09-17 13:25:34.753178784+00:00,TK103_VOLUME,39597.23942901813,BBL,Good,TK103,MAYA
2025-09-17 13:25:34.753178784+00:00,TK104_LEVEL,87.57791649745481,PCT,Good,TK104,ARB
2025-09-17 13:25:34.753178784+00:00,TK104_TEMP,74.65652655235596,DEGF,Good,TK104,ARB
2025-09-17 13:25:34.753178784+00:00,TK104_VOLUME,48081.55141466433,BBL,Good,TK104,ARB
2025-09-17 13:25:34.753178784+00:00,TK105_LEVEL,69.93620799952811,PCT,Good,TK105,URALS
2025-09-17 13:25:34.753178784+00:00,TK105_TEMP,74.54518300059196,DEGF,Good,TK105,URALS
2025-09-17 13:25:34.753178784+00:00,TK105_VOLUME,35222.04672051766,BBL,Good,TK105,URALS
2025-09-17 13:25:34.753178784+00:00,VDU_FEED_RATE,21096.47876110048,BPD,Good,VDU001,BLEND_B
2025-09-17 14:43:25.023449054+00:00,CDU_FEED_RATE,49965.7133245807,BPD,Good,CDU001,BLEND_A
2025-09-17 14:43:25.023449054+00:00,CDU_FEED_TEMP,488.39279547717075,DEGF,Good,CDU001,BLEND_A
2025-09-17 14:43:25.023449054+00:00,TK101_LEVEL,84.31266368436641,PCT,Good,TK101,WTI
2025-09-17 14:43:25.023449054+00:00,TK101_TEMP,75.2430863616581,DEGF,Good,TK101,WTI
2025-09-17 14:43:25.023449054+00:00,TK101_VOLUME,45470.081058952004,BBL,Good,TK101,WTI
2025-09-17 14:43:25.023449054+00:00,TK102_LEVEL,65.20443192819593,PCT,Good,TK102,BRENT
2025-09-17 14:43:25.023449054+00:00,TK102_TEMP,75.43056198214026,DEGF,Good,TK102,BRENT
2025-09-17 14:43:25.023449054+00:00,TK102_VOLUME,30752.166116573404,BBL,Good,TK102,BRENT
2025-09-17 14:43:25.023449054+00:00,TK103_LEVEL,86.48708096380625,PCT,Good,TK103,MAYA
2025-09-17 14:43:25.023449054+00:00,TK103_TEMP,75.18140476388956,DEGF,Good,TK103,MAYA
2025-09-17 14:43:25.023449054+00:00,TK103_VOLUME,39414.78296059399,BBL,Good,TK103,MAYA
2025-09-17 14:43:25.023449054+00:00,TK104_LEVEL,89.25277547589957,PCT,Good,TK104,ARB
2025-09-17 14:43:25.023449054+00:00,TK104_TEMP,75.07125146319659,DEGF,Good,TK104,ARB
2025-09-17 14:43:25.023449054+00:00,TK104_VOLUME,49001.07338213138,BBL,Good,TK104,ARB
2025-09-17 14:43:25.023449054+00:00,TK105_LEVEL,68.75435523043068,PCT,Good,TK105,URALS
2025-09-17 14:43:25.023449054+00:00,TK105_TEMP,74.68385589787539,DEGF,Good,TK105,URALS
2025-09-17 14:43:25.023449054+00:00,TK105_VOLUME,34626.82895506198,BBL,Good,TK105,URALS
2025-09-17 14:43:25.023449054+00:00,VDU_FEED_RATE,20929.18233412723,BPD,Good,VDU001,BLEND_B
2025-09-17 16:01:15.293719324+00:00,CDU_FEED_RATE,49790.69836723857,BPD,Good,CDU001,BLEND_A
2025-09-17 16:01:15.293719324+00:00,CDU_FEED_TEMP,489.2598957873565,DEGF,Good,CDU001,BLEND_A
2025-09-17 16:01:15.293719324+00:00,TK101_LEVEL,85.3398549063458,PCT,Good,TK101,WTI
2025-09-17 16:01:15.293719324+00:00,TK101_TEMP,75.26086857725471,DEGF,Good,TK101,WTI
2025-09-17 16:01:15.293719324+00:00,TK101_VOLUME,46024.04847126503,BBL,Good,TK101,WTI
2025-09-17 16:01:15.293719324+00:00,TK102_LEVEL,66.39630349848726,PCT,Good,TK102,BRENT
2025-09-17 16:01:15.293719324+00:00,TK102_TEMP,75.07647994071722,DEGF,Good,TK102,BRENT
2025-09-17 16:01:15.293719324+00:00,TK102_VOLUME,31314.284847391922,BBL,Good,TK102,BRENT
2025-09-17 16:01:15.293719324+00:00,TK103_LEVEL,90.10627415814129,PCT,Good,TK103,MAYA
2025-09-17 16:01:15.293719324+00:00,TK103_TEMP,75.53962508473961,DEGF,Good,TK103,MAYA
2025-09-17 16:01:15.293719324+00:00,TK103_VOLUME,41064.1589443536,BBL,Good,TK103,MAYA
2025-09-17 16:01:15.293719324+00:00,TK104_LEVEL,89.44251705483188,PCT,Good,TK104,ARB
2025-09-17 16:01:15.293719324+00:00,TK104_TEMP,74.28135354880068,DEGF,Good,TK104,ARB
2025-09-17 16:01:15.293719324+00:00,TK104_VOLUME,49105.2442718693,BBL,Good,TK104,ARB
2025-09-17 16:01:15.293719324+00:00,TK105_LEVEL,69.7467540037336,PCT,Good,TK105,URALS
2025-09-17 16:01:15.293719324+00:00,TK105_TEMP,74.73454824470637,DEGF,Good,TK105,URALS
2025-09-17 16:01:15.293719324+00:00,TK105_VOLUME,35126.63180337906,BBL,Good,TK105,URALS
2025-09-17 16:01:15.293719324+00:00,VDU_FEED_RATE,20917.411116351126,BPD,Good,VDU001,BLEND_B
2025-09-17 17:19:05.563989594+00:00,CDU_FEED_RATE,49586.24663779682,BPD,Good,CDU001,BLEND_A
2025-09-17 17:19:05.563989594+00:00,CDU_FEED_TEMP,489.65835638302576,DEGF,Good,CDU001,BLEND_A
2025-09-17 17:19:05.563989594+00:00,TK101_LEVEL,86.29859062220929,PCT,Good,TK101,WTI
2025-09-17 17:19:05.563989594+00:00,TK101_TEMP,74.2731076216444,DEGF,Good,TK101,WTI
2025-09-17 17:19:05.563989594+00:00,TK101_VOLUME,46541.09761678394,BBL,Good,TK101,WTI
2025-09-17 17:19:05.563989594+00:00,TK102_LEVEL,69.27155538268691,PCT,Good,TK102,BRENT
2025-09-17 17:19:05.563989594+00:00,TK102_TEMP,75.43080960833859,DEGF,Good,TK102,BRENT
2025-09-17 17:19:05.563989594+00:00,TK102_VOLUME,32670.331069330765,BBL,Good,TK102,BRENT
2025-09-17 17:19:05.563989594+00:00,TK103_LEVEL,88.42149347166526,PCT,Good,TK103,MAYA
2025-09-17 17:19:05.563989594+00:00,TK103_TEMP,74.76429248134023,DEGF,Good,TK103,MAYA
2025-09-17 17:19:05.563989594+00:00,TK103_VOLUME,40296.35334433059,BBL,Good,TK103,MAYA
2025-09-17 17:19:05.563989594+00:00,TK104_LEVEL,89.39257741251403,PCT,Good,TK104,ARB
2025-09-17 17:19:05.563989594+00:00,TK104_TEMP,75.09669945779847,DEGF,Good,TK104,ARB
2025-09-17 17:19:05.563989594+00:00,TK104_VOLUME,49077.826681045415,BBL,Good,TK104,ARB
2025-09-17 17:19:05.563989594+00:00,TK105_LEVEL,70.9886880162567,PCT,Good,TK105,URALS
2025-09-17 17:19:05.563989594+00:00,TK105_TEMP,75.00036578091284,DEGF,Good,TK105,URALS
2025-09-17 17:19:05.563989594+00:00,TK105_VOLUME,35752.10834927906,BBL,Good,TK105,URALS
2025-09-17 17:19:05.563989594+00:00,VDU_FEED_RATE,20966.202661530584,BPD,Good,VDU001,BLEND_B
2025-09-17 18:36:55.834259865+00:00,CDU_FEED_RATE,49413.369294669465,BPD,Good,CDU001,BLEND_A
2025-09-17 18:36:55.834259865+00:00,CDU_FEED_TEMP,489.0188822299348,DEGF,Good,CDU001,BLEND_A
2025-09-17 18:36:55.834259865+00:00,TK101_LEVEL,87.88176206601078,PCT,Good,TK101,WTI
2025-09-17 18:36:55.834259865+00:00,TK101_TEMP,75.16376440322914,DEGF,Good,TK101,WTI
2025-09-17 18:36:55.834259865+00:00,TK101_VOLUME,47394.90688735049,BBL,Good,TK101,WTI
2025-09-17 18:36:55.834259865+00:00,TK102_LEVEL,67.91585664930918,PCT,Good,TK102,BRENT
2025-09-17 18:36:55.834259865+00:00,TK102_TEMP,75.48443493068065,DEGF,Good,TK102,BRENT
2025-09-17 18:36:55.834259865+00:00,TK102_VOLUME,32030.94703637468,BBL,Good,TK102,BRENT
2025-09-17 18:36:55.834259865+00:00,TK103_LEVEL,89.64916594930055,PCT,Good,TK103,MAYA
2025-09-17 18:36:55.834259865+00:00,TK103_TEMP,75.06962657888815,DEGF,Good,TK103,MAYA
2025-09-17 18:36:55.834259865+00:00,TK103_VOLUME,40855.84088528414,BBL,Good,TK103,MAYA
2025-09-17 18:36:55.834259865+00:00,TK104_LEVEL,90.29555192192835,PCT,Good,TK104,ARB
2025-09-17 18:36:55.834259865+00:00,TK104_TEMP,74.58241077015266,DEGF,Good,TK104,ARB
2025-09-17 18:36:55.834259865+00:00,TK104_VOLUME,49573.57283529193,BBL,Good,TK104,ARB
2025-09-17 18:36:55.834259865+00:00,TK105_LEVEL,70.50993666033355,PCT,Good,TK105,URALS
2025-09-17 18:36:55.834259865+00:00,TK105_TEMP,75.21062234392669,DEGF,Good,TK105,URALS
2025-09-17 18:36:55.834259865+00:00,TK105_VOLUME,35510.99429536938,BBL,Good,TK105,URALS
2025-09-17 18:36:55.834259865+00:00,VDU_FEED_RATE,20933.518971584348,BPD,Good,VDU001,BLEND_B
2025-09-17 19:54:46.104530135+00:00,CDU_FEED_RATE,49784.33339852614,BPD,Good,CDU001,BLEND_A
2025-09-17 19:54:46.104530135+00:00,CDU_FEED_TEMP,489.32756026488266,DEGF,Good,CDU001,BLEND_A
2025-09-17 19:54:46.104530135+00:00,TK101_LEVEL,89.2126034516326,PCT,Good,TK101,WTI
2025-09-17 19:54:46.104530135+00:00,TK101_TEMP,75.4286487529234,DEGF,Good,TK101,WTI
2025-09-17 19:54:46.104530135+00:00,TK101_VOLUME,48112.63377482461,BBL,Good,TK101,WTI
2025-09-17 19:54:46.104530135+00:00,TK102_LEVEL,69.43033565127728,PCT,Good,TK102,BRENT
2025-09-17 19:54:46.104530135+00:00,TK102_TEMP,74.6585938915968,DEGF,Good,TK102,BRENT
2025-09-17 19:54:46.104530135+00:00,TK102_VOLUME,32745.21612010618,BBL,Good,TK102,BRENT
2025-09-17 19:54:46.104530135+00:00,TK103_LEVEL,89.49761067678963,PCT,Good,TK103,MAYA
2025-09-17 19:54:46.104530135+00:00,TK103_TEMP,75.03009936690688,DEGF,Good,TK103,MAYA
2025-09-17 19:54:46.104530135+00:00,TK103_VOLUME,40786.77255616512,BBL,Good,TK103,MAYA
2025-09-17 19:54:46.104530135+00:00,TK104_LEVEL,90.53208627285282,PCT,Good,TK104,ARB
2025-09-17 19:54:46.104530135+00:00,TK104_TEMP,74.8396207352842,DEGF,Good,TK104,ARB
2025-09-17 19:54:46.104530135+00:00,TK104_VOLUME,49703.433638222086,BBL,Good,TK104,ARB
2025-09-17 19:54:46.104530135+00:00,TK105_LEVEL,71.27354677925531,PCT,Good,TK105,URALS
2025-09-17 19:54:46.104530135+00:00,TK105_TEMP,75.30270790351346,DEGF,Good,TK105,URALS
2025-09-17 19:54:46.104530135+00:00,TK105_VOLUME,35895.57207066289,BBL,Good,TK105,URALS
2025-09-17 19:54:46.104530135+00:00,VDU_FEED_RATE,20936.974186800453,BPD,Good,VDU001,BLEND_B
2025-09-17 21:12:36.374800405+00:00,CDU_FEED_RATE,50073.79338718486,BPD,Good,CDU001,BLEND_A
2025-09-17 21:12:36.374800405+00:00,CDU_FEED_TEMP,489.2778285260721,DEGF,Good,CDU001,BLEND_A
2025-09-17 21:12:36.374800405+00:00,TK101_LEVEL,86.51454739218818,PCT,Good,TK101,WTI
2025-09-17 21:12:36.374800405+00:00,TK101_TEMP,75.26115794310137,DEGF,Good,TK101,WTI
2025-09-17 21:12:36.374800405+00:00,TK101_VOLUME,46657.56377272144,BBL,Good,TK101,WTI
2025-09-17 21:12:36.374800405+00:00,TK102_LEVEL,69.23226372196233,PCT,Good,TK102,BRENT
2025-09-17 21:12:36.374800405+00:00,TK102_TEMP,74.16989269381286,DEGF,Good,TK102,BRENT
2025-09-17 21:12:36.374800405+00:00,TK102_VOLUME,32651.80006397013,BBL,Good,TK102,BRENT
2025-09-17 21:12:36.374800405+00:00,TK103_LEVEL,90.75658695529515,PCT,Good,TK103,MAYA
2025-09-17 21:12:36.374800405+00:00,TK103_TEMP,75.42603878806813,DEGF,Good,TK103,MAYA
2025-09-17 21:12:36.374800405+00:00,TK103_VOLUME,41360.526187538075,BBL,Good,TK103,MAYA
2025-09-17 21:12:36.374800405+00:00,TK104_LEVEL,89.74709449220096,PCT,Good,TK104,ARB
2025-09-17 21:12:36.374800405+00:00,TK104_TEMP,75.59649705013379,DEGF,Good,TK104,ARB
2025-09-17 21:12:36.374800405+00:00,TK104_VOLUME,49272.46172006052,BBL,Good,TK104,ARB
2025-09-17 21:12:36.374800405+00:00,TK105_LEVEL,72.39816719918495,PCT,Good,TK105,URALS
2025-09-17 21:12:36.374800405+00:00,TK105_TEMP,75.07108094415683,DEGF,Good,TK105,URALS
2025-09-17 21:12:36.374800405+00:00,TK105_VOLUME,36461.96584731543,BBL,Good,TK105,URALS
2025-09-17 21:12:36.374800405+00:00,VDU_FEED_RATE,20905.37663936441,BPD,Good,VDU001,BLEND_B
2025-09-17 22:30:26.645070675+00:00,CDU_FEED_RATE,49657.91088124468,BPD,Good,CDU001,BLEND_A
2025-09-17 22:30:26.645070675+00:00,CDU_FEED_TEMP,488.8853954697226,DEGF,Good,CDU001,BLEND_A
2025-09-17 22:30:26.645070675+00:00,TK101_LEVEL,88.6848602153202,PCT,Good,TK101,WTI
2025-09-17 22:30:26.645070675+00:00,TK101_TEMP,75.40433513907222,DEGF,Good,TK101,WTI
2025-09-17 22:30:26.645070675+00:00,TK101_VOLUME,47828.02021044628,BBL,Good,TK101,WTI
2025-09-17 22:30:26.645070675+00:00,TK102_LEVEL,69.28565401673795,PCT,Good,TK102,BRENT
2025-09-17 22:30:26.645070675+00:00,TK102_TEMP,75.8600908251988,DEGF,Good,TK102,BRENT
2025-09-17 22:30:26.645070675+00:00,TK102_VOLUME,32676.980364839263,BBL,Good,TK102,BRENT
2025-09-17 22:30:26.645070675+00:00,TK103_LEVEL,89.93319180664913,PCT,Good,TK103,MAYA
2025-09-17 22:30:26.645070675+00:00,TK103_TEMP,74.57575479996943,DEGF,Good,TK103,MAYA
2025-09-17 22:30:26.645070675+00:00,TK103_VOLUME,40985.280073170194,BBL,Good,TK103,MAYA
2025-09-17 22:30:26.645070675+00:00,TK104_LEVEL,89.23796293335157,PCT,Good,TK104,ARB
2025-09-17 22:30:26.645070675+00:00,TK104_TEMP,75.32434918138055,DEGF,Good,TK104,ARB
2025-09-17 22:30:26.645070675+00:00,TK104_VOLUME,48992.941080581084,BBL,Good,TK104,ARB
2025-09-17 22:30:26.645070675+00:00,TK105_LEVEL,72.00333966494877,PCT,Good,TK105,URALS
2025-09-17 22:30:26.645070675+00:00,TK105_TEMP,74.42339888597122,DEGF,Good,TK105,URALS
2025-09-17 22:30:26.645070675+00:00,TK105_VOLUME,36263.11843686521,BBL,Good,TK105,URALS
2025-09-17 22:30:26.645070675+00:00,VDU_FEED_RATE,20680.813092827753,BPD,Good,VDU001,BLEND_B
2025-09-17 23:48:16.915340946+00:00,CDU_FEED_RATE,49192.80119035331,BPD,Good,CDU001,BLEND_A
2025-09-17 23:48:16.915340946+00:00,CDU_FEED_TEMP,489.1092176468044,DEGF,Good,CDU001,BLEND_A
2025-09-17 23:48:16.915340946+00:00,TK101_LEVEL,87.63639070436767,PCT,Good,TK101,WTI
2025-09-17 23:48:16.915340946+00:00,TK101_TEMP,74.40185985452337,DEGF,Good,TK101,WTI
2025-09-17 23:48:16.915340946+00:00,TK101_VOLUME,47262.577350885775,BBL,Good,TK101,WTI
2025-09-17 23:48:16.915340946+00:00,TK102_LEVEL,71.13936439413574,PCT,Good,TK102,BRENT
2025-09-17 23:48:16.915340946+00:00,TK102_TEMP,75.23232376892487,DEGF,Good,TK102,BRENT
2025-09-17 23:48:16.915340946+00:00,TK102_VOLUME,33551.240101056705,BBL,Good,TK102,BRENT
2025-09-17 23:48:16.915340946+00:00,TK103_LEVEL,91.0886898224165,PCT,Good,TK103,MAYA
2025-09-17 23:48:16.915340946+00:00,TK103_TEMP,75.61248292768767,DEGF,Good,TK103,MAYA
2025-09-17 23:48:16.915340946+00:00,TK103_VOLUME,41511.875525292424,BBL,Good,TK103,MAYA
2025-09-17 23:48:16.915340946+00:00,TK104_LEVEL,91.38712586735046,PCT,Good,TK104,ARB
2025-09-17 23:48:16.915340946+00:00,TK104_TEMP,75.38819916585615,DEGF,Good,TK104,ARB
2025-09-17 23:48:16.915340946+00:00,TK104_VOLUME,50172.86282617961,BBL,Good,TK104,ARB
2025-09-17 23:48:16.915340946+00:00,TK105_LEVEL,72.96307383171701,PCT,Good,TK105,URALS
2025-09-17 23:48:16.915340946+00:00,TK105_TEMP,75.46788747872382,DEGF,Good,TK105,URALS
2025-09-17 23:48:16.915340946+00:00,TK105_VOLUME,36746.470374697135,BBL,Good,TK105,URALS
2025-09-17 23:48:16.915340946+00:00,VDU_FEED_RATE,20893.02910815138,BPD,Good,VDU001,BLEND_B
2025-09-18 01:06:07.185611216+00:00,CDU_FEED_RATE,49520.90847250744,BPD,Good,CDU001,BLEND_A
2025-09-18 01:06:07.185611216+00:00,CDU_FEED_TEMP,489.24333322037455,DEGF,Good,CDU001,BLEND_A
2025-09-18 01:06:07.185611216+00:00,TK101_LEVEL,89.52534251720483,PCT,Good,TK101,WTI
2025-09-18 01:06:07.185611216+00:00,TK101_TEMP,75.28643280809632,DEGF,Good,TK101,WTI
2025-09-18 01:06:07.185611216+00:00,TK101_VOLUME,48281.29492298979,BBL,Good,TK101,WTI
2025-09-18 01:06:07.185611216+00:00,TK102_LEVEL,69.91256602976759,PCT,Good,TK102,BRENT
2025-09-18 01:06:07.185611216+00:00,TK102_TEMP,74.26366978285016,DEGF,Good,TK102,BRENT
2025-09-18 01:06:07.185611216+00:00,TK102_VOLUME,32972.648953538774,BBL,Good,TK102,BRENT
2025-09-18 01:06:07.185611216+00:00,TK103_LEVEL,92.09215602207277,PCT,Good,TK103,MAYA
2025-09-18 01:06:07.185611216+00:00,TK103_TEMP,75.35407711668343,DEGF,Good,TK103,MAYA
2025-09-18 01:06:07.185611216+00:00,TK103_VOLUME,41969.185472939935,BBL,Good,TK103,MAYA
2025-09-18 01:06:07.185611216+00:00,TK104_LEVEL,91.88656375755569,PCT,Good,TK104,ARB
2025-09-18 01:06:07.185611216+00:00,TK104_TEMP,74.23531031140229,DEGF,Good,TK104,ARB
2025-09-18 01:06:07.185611216+00:00,TK104_VOLUME,50447.06150041996,BBL,Good,TK104,ARB
2025-09-18 01:06:07.185611216+00:00,TK105_LEVEL,74.70345348385099,PCT,Good,TK105,URALS
2025-09-18 01:06:07.185611216+00:00,TK105_TEMP,75.09443339876671,DEGF,Good,TK105,URALS
2025-09-18 01:06:07.185611216+00:00,TK105_VOLUME,37622.97962751958,BBL,Good,TK105,URALS
2025-09-18 01:06:07.185611216+00:00,VDU_FEED_RATE,20878.1625406477,BPD,Good,VDU001,BLEND_B
2025-09-18 02:23:57.455881486+00:00,CDU_FEED_RATE,49372.2818098278,BPD,Good,CDU001,BLEND_A
2025-09-18 02:23:57.455881486+00:00,CDU_FEED_TEMP,488.6531018782635,DEGF,Good,CDU001,BLEND_A
2025-09-18 02:23:57.455881486+00:00,TK101_LEVEL,89.28131222905105,PCT,Good,TK101,WTI
2025-09-18 02:23:57.455881486+00:00,TK101_TEMP,74.98778733020892,DEGF,Good,TK101,WTI
2025-09-18 02:23:57.455881486+00:00,TK101_VOLUME,48149.68863161782,BBL,Good,TK101,WTI
2025-09-18 02:23:57.455881486+00:00,TK102_LEVEL,68.73024019785316,PCT,Good,TK102,BRENT
2025-09-18 02:23:57.455881486+00:00,TK102_TEMP,74.78218746133479,DEGF,Good,TK102,BRENT
2025-09-18 02:23:57.455881486+00:00,TK102_VOLUME,32415.032250014883,BBL,Good,TK102,BRENT
2025-09-18 02:23:57.455881486+00:00,TK103_LEVEL,90.99578526023912,PCT,Good,TK103,MAYA
2025-09-18 02:23:57.455881486+00:00,TK103_TEMP,74.48063467312767,DEGF,Good,TK103,MAYA
2025-09-18 02:23:57.455881486+00:00,TK103_VOLUME,41469.5361017223,BBL,Good,TK103,MAYA
2025-09-18 02:23:57.455881486+00:00,TK104_LEVEL,92.79269996885998,PCT,Good,TK104,ARB
2025-09-18 02:23:57.455881486+00:00,TK104_TEMP,76.05754479485864,DEGF,Good,TK104,ARB
2025-09-18 02:23:57.455881486+00:00,TK104_VOLUME,50944.54347504289,BBL,Good,TK104,ARB
2025-09-18 02:23:57.455881486+00:00,TK105_LEVEL,73.30061967984156,PCT,Good,TK105,URALS
2025-09-18 02:23:57.455881486+00:00,TK105_TEMP,75.71996460495149,DEGF,Good,TK105,URALS
2025-09-18 02:23:57.455881486+00:00,TK105_VOLUME,36916.46894872677,BBL,Good,TK105,URALS
2025-09-18 02:23:57.455881486+00:00,VDU_FEED_RATE,20716.06913690603,BPD,Good,VDU001,BLEND_B
2025-09-18 03:41:47.726151756+00:00,CDU_FEED_RATE,49517.55840832528,BPD,Good,CDU001,BLEND_A
2025-09-18 03:41:47.726151756+00:00,CDU_FEED_TEMP,488.3764976366291,DEGF,Good,CDU001,BLEND_A
2025-09-18 03:41:47.726151756+00:00,TK101_LEVEL,87.93054746394057,PCT,Good,TK101,WTI
2025-09-18 03:41:47.726151756+00:00,TK101_TEMP,74.91715043163205,DEGF,Good,TK101,WTI
2025-09-18 03:41:47.726151756+00:00,TK101_VOLUME,47421.21700378407,BBL,Good,TK101,WTI
2025-09-18 03:41:47.726151756+00:00,TK102_LEVEL,70.05679262351424,PCT,Good,TK102,BRENT
2025-09-18 03:41:47.726151756+00:00,TK102_TEMP,75.54448265717929,DEGF,Good,TK102,BRENT
2025-09-18 03:41:47.726151756+00:00,TK102_VOLUME,33040.67009931317,BBL,Good,TK102,BRENT
2025-09-18 03:41:47.726151756+00:00,TK103_LEVEL,91.65306452691681,PCT,Good,TK103,MAYA
2025-09-18 03:41:47.726151756+00:00,TK103_TEMP,75.76267692373462,DEGF,Good,TK103,MAYA
2025-09-18 03:41:47.726151756+00:00,TK103_VOLUME,41769.07817612115,BBL,Good,TK103,MAYA
2025-09-18 03:41:47.726151756+00:00,TK104_LEVEL,91.11496111272544,PCT,Good,TK104,ARB
2025-09-18 03:41:47.726151756+00:00,TK104_TEMP,74.56260485552343,DEGF,Good,TK104,ARB
2025-09-18 03:41:47.726151756+00:00,TK104_VOLUME,50023.440412789096,BBL,Good,TK104,ARB
2025-09-18 03:41:47.726151756+00:00,TK105_LEVEL,75.00087069859708,PCT,Good,TK105,URALS
2025-09-18 03:41:47.726151756+00:00,TK105_TEMP,74.8046761212544,DEGF,Good,TK105,URALS
2025-09-18 03:41:47.726151756+00:00,TK105_VOLUME,37772.768175296485,BBL,Good,TK105,URALS
2025-09-18 03:41:47.726151756+00:00,VDU_FEED_RATE,20464.004337584654,BPD,Good,VDU001,BLEND_B
2025-09-18 04:59:37.996422027+00:00,CDU_FEED_RATE,49364.19940453772,BPD,Good,CDU001,BLEND_A
2025-09-18 04:59:37.996422027+00:00,CDU_FEED_TEMP,488.34214976204265,DEGF,Good,CDU001,BLEND_A
2025-09-18 04:59:37.996422027+00:00,TK101_LEVEL,91.0253899807006,PCT,Good,TK101,WTI
2025-09-18 04:59:37.996422027+00:00,TK101_TEMP,75.61453294586903,DEGF,Good,TK101,WTI
2025-09-18 04:59:37.996422027+00:00,TK101_VOLUME,49090.27517313073,BBL,Good,TK101,WTI
2025-09-18 04:59:37.996422027+00:00,TK102_LEVEL,71.74686414351166,PCT,Good,TK102,BRENT
2025-09-18 04:59:37.996422027+00:00,TK102_TEMP,75.03941672559272,DEGF,Good,TK102,BRENT
2025-09-18 04:59:37.996422027+00:00,TK102_VOLUME,33837.75334342584,BBL,Good,TK102,BRENT
2025-09-18 04:59:37.996422027+00:00,TK103_LEVEL,92.34140542230818,PCT,Good,TK103,MAYA
2025-09-18 04:59:37.996422027+00:00,TK103_TEMP,76.29630168155802,DEGF,Good,TK103,MAYA
2025-09-18 04:59:37.996422027+00:00,TK103_VOLUME,42082.77597575096,BBL,Good,TK103,MAYA
2025-09-18 04:59:37.996422027+00:00,TK104_LEVEL,91.48049102783757,PCT,Good,TK104,ARB
2025-09-18 04:59:37.996422027+00:00,TK104_TEMP,75.94353554830609,DEGF,Good,TK104,ARB
2025-09-18 04:59:37.996422027+00:00,TK104_VOLUME,50224.121658815,BBL,Good,TK104,ARB
2025-09-18 04:59:37.996422027+00:00,TK105_LEVEL,74.71654265552925,PCT,Good,TK105,URALS
2025-09-18 04:59:37.996422027+00:00,TK105_TEMP,74.37811777748367,DEGF,Good,TK105,URALS
2025-09-18 04:59:37.996422027+00:00,TK105_VOLUME,37629.571740955114,BBL,Good,TK105,URALS
2025-09-18 04:59:37.996422027+00:00,VDU_FEED_RATE,20591.914841842383,BPD,Good,VDU001,BLEND_B
2025-09-18 06:17:28.266692297+00:00,CDU_FEED_RATE,48372.170429523176,BPD,Good,CDU001,BLEND_A
2025-09-18 06:17:28.266692297+00:00,CDU_FEED_TEMP,488.23353395277854,DEGF,Good,CDU001,BLEND_A
2025-09-18 06:17:28.266692297+00:00,TK101_LEVEL,89.81362909952048,PCT,Good,TK101,WTI
2025-09-18 06:17:28.266692297+00:00,TK101_TEMP,75.94086070152781,DEGF,Good,TK101,WTI
2025-09-18 06:17:28.266692297+00:00,TK101_VOLUME,48436.76877108423,BBL,Good,TK101,WTI
2025-09-18 06:17:28.266692297+00:00,TK102_LEVEL,71.91271834436958,PCT,Good,TK102,BRENT
2025-09-18 06:17:28.266692297+00:00,TK102_TEMP,74.94519273653113,DEGF,Good,TK102,BRENT
2025-09-18 06:17:28.266692297+00:00,TK102_VOLUME,33915.97465116656,BBL,Good,TK102,BRENT
2025-09-18 06:17:28.266692297+00:00,TK103_LEVEL,91.58150964487754,PCT,Good,TK103,MAYA
2025-09-18 06:17:28.266692297+00:00,TK103_TEMP,75.7021404309654,DEGF,Good,TK103,MAYA
2025-09-18 06:17:28.266692297+00:00,TK103_VOLUME,41736.46844858821,BBL,Good,TK103,MAYA
2025-09-18 06:17:28.266692297+00:00,TK104_LEVEL,93.16835917661962,PCT,Good,TK104,ARB
2025-09-18 06:17:28.266692297+00:00,TK104_TEMP,75.71199537918145,DEGF,Good,TK104,ARB
2025-09-18 06:17:28.266692297+00:00,TK104_VOLUME,51150.78585022902,BBL,Good,TK104,ARB
2025-09-18 06:17:28.266692297+00:00,TK105_LEVEL,73.01146741793224,PCT,Good,TK105,URALS
2025-09-18 06:17:28.266692297+00:00,TK105_TEMP,75.18421044484916,DEGF,Good,TK105,URALS
2025-09-18 06:17:28.266692297+00:00,TK105_VOLUME,36770.84288792601,BBL,Good,TK105,URALS
2025-09-18 06:17:28.266692297+00:00,VDU_FEED_RATE,20583.613766142902,BPD,Good,VDU001,BLEND_B
2025-09-18 07:35:18.536962567+00:00,CDU_FEED_RATE,49156.29620294181,BPD,Good,CDU001,BLEND_A
2025-09-18 07:35:18.536962567+00:00,CDU_FEED_TEMP,487.1698115210022,DEGF,Good,CDU001,BLEND_A
2025-09-18 07:35:18.536962567+00:00,TK101_LEVEL,90.1915042708326,PCT,Good,TK101,WTI
2025-09-18 07:35:18.536962567+00:00,TK101_TEMP,76.12163263782332,DEGF,Good,TK101,WTI
2025-09-18 07:35:18.536962567+00:00,TK101_VOLUME,48640.55802312411,BBL,Good,TK101,WTI
2025-09-18 07:35:18.536962567+00:00,TK102_LEVEL,70.25692568464856,PCT,Good,TK102,BRENT
2025-09-18 07:35:18.536962567+00:00,TK102_TEMP,75.92488854067963,DEGF,Good,TK102,BRENT
2025-09-18 07:35:18.536962567+00:00,TK102_VOLUME,33135.058240723534,BBL,Good,TK102,BRENT
2025-09-18 07:35:18.536962567+00:00,TK103_LEVEL,92.89453879318201,PCT,Good,TK103,MAYA
2025-09-18 07:35:18.536962567+00:00,TK103_TEMP,75.93793999413637,DEGF,Good,TK103,MAYA
2025-09-18 07:35:18.536962567+00:00,TK103_VOLUME,42334.85561028479,BBL,Good,TK103,MAYA
2025-09-18 07:35:18.536962567+00:00,TK104_LEVEL,92.94406661833568,PCT,Good,TK104,ARB
2025-09-18 07:35:18.536962567+00:00,TK104_TEMP,75.51311398141549,DEGF,Good,TK104,ARB
2025-09-18 07:35:18.536962567+00:00,TK104_VOLUME,51027.64596971623,BBL,Good,TK104,ARB
2025-09-18 07:35:18.536962567+00:00,TK105_LEVEL,73.6833470790324,PCT,Good,TK105,URALS
2025-09-18 07:35:18.536962567+00:00,TK105_TEMP,75.87242395466528,DEGF,Good,TK105,URALS
2025-09-18 07:35:18.536962567+00:00,TK105_VOLUME,37109.22235531142,BBL,Good,TK105,URALS
2025-09-18 07:35:18.536962567+00:00,VDU_FEED_RATE,20366.917796193997,BPD,Good,VDU001,BLEND_B
2025-09-18 08:53:08.807232838+00:00,CDU_FEED_RATE,48665.838794592906,BPD,Good,CDU001,BLEND_A
2025-09-18 08:53:08.807232838+00:00,CDU_FEED_TEMP,488.06419425291847,DEGF,Good,CDU001,BLEND_A
2025-09-18 08:53:08.807232838+00:00,TK101_LEVEL,89.94703568523566,PCT,Good,TK101,WTI
2025-09-18 08:53:08.807232838+00:00,TK101_TEMP,75.90632859338656,DEGF,Good,TK101,WTI
2025-09-18 08:53:08.807232838+00:00,TK101_VOLUME,48508.71535658147,BBL,Good,TK101,WTI
2025-09-18 08:53:08.807232838+00:00,TK102_LEVEL,71.391025002795,PCT,Good,TK102,BRENT
2025-09-18 08:53:08.807232838+00:00,TK102_TEMP,74.7252810844417,DEGF,Good,TK102,BRENT
2025-09-18 08:53:08.807232838+00:00,TK102_VOLUME,33669.93002156717,BBL,Good,TK102,BRENT
2025-09-18 08:53:08.807232838+00:00,TK103_LEVEL,93.72727990320286,PCT,Good,TK103,MAYA
2025-09-18 08:53:08.807232838+00:00,TK103_TEMP,75.2916103484349,DEGF,Good,TK103,MAYA
2025-09-18 08:53:08.807232838+00:00,TK103_VOLUME,42714.36096239133,BBL,Good,TK103,MAYA
2025-09-18 08:53:08.807232838+00:00,TK104_LEVEL,91.42085558393686,PCT,Good,TK104,ARB
2025-09-18 08:53:08.807232838+00:00,TK104_TEMP,74.82143226717942,DEGF,Good,TK104,ARB
2025-09-18 08:53:08.807232838+00:00,TK104_VOLUME,50191.38093173762,BBL,Good,TK104,ARB
2025-09-18 08:53:08.807232838+00:00,TK105_LEVEL,74.24327181254525,PCT,Good,TK105,URALS
2025-09-18 08:53:08.807232838+00:00,TK105_TEMP,75.32939572594164,DEGF,Good,TK105,URALS
2025-09-18 08:53:08.807232838+00:00,TK105_VOLUME,37391.217843598344,BBL,Good,TK105,URALS
2025-09-18 08:53:08.807232838+00:00,VDU_FEED_RATE,20413.337065537336,BPD,Good,VDU001,BLEND_B
2025-09-18 10:10:59.077503108+00:00,CDU_FEED_RATE,48453.4819813036,BPD,Good,CDU001,BLEND_A
2025-09-18 10:10:59.077503108+00:00,CDU_FEED_TEMP,487.39232771860816,DEGF,Good,CDU001,BLEND_A
2025-09-18 10:10:59.077503108+00:00,TK101_LEVEL,90.63789987090799,PCT,Good,TK101,WTI
2025-09-18 10:10:59.077503108+00:00,TK101_TEMP,75.21978435960848,DEGF,Good,TK101,WTI
2025-09-18 10:10:59.077503108+00:00,TK101_VOLUME,48881.30055494322,BBL,Good,TK101,WTI
2025-09-18 10:10:59.077503108+00:00,TK102_LEVEL,71.80904122407115,PCT,Good,TK102,BRENT
2025-09-18 10:10:59.077503108+00:00,TK102_TEMP,74.87557477154616,DEGF,Good,TK102,BRENT
2025-09-18 10:10:59.077503108+00:00,TK102_VOLUME,33867.0777291074,BBL,Good,TK102,BRENT
2025-09-18 10:10:59.077503108+00:00,TK103_LEVEL,93.48432947278171,PCT,Good,TK103,MAYA
2025-09-18 10:10:59.077503108+00:00,TK103_TEMP,74.44389899055432,DEGF,Good,TK103,MAYA
2025-09-18 10:10:59.077503108+00:00,TK103_VOLUME,42603.64109095481,BBL,Good,TK103,MAYA
2025-09-18 10:10:59.077503108+00:00,TK104_LEVEL,93.95712040933236,PCT,Good,TK104,ARB
2025-09-18 10:10:59.077503108+00:00,TK104_TEMP,75.35044637283333,DEGF,Good,TK104,ARB
2025-09-18 10:10:59.077503108+00:00,TK104_VOLUME,51583.82725246053,BBL,Good,TK104,ARB
2025-09-18 10:10:59.077503108+00:00,TK105_LEVEL,74.49742782975254,PCT,Good,TK105,URALS
2025-09-18 10:10:59.077503108+00:00,TK105_TEMP,75.17481655083715,DEGF,Good,TK105,URALS
2025-09-18 10:10:59.077503108+00:00,TK105_VOLUME,37519.21870850707,BBL,Good,TK105,URALS
2025-09-18 10:10:59.077503108+00:00,VDU_FEED_RATE,20228.28590988807,BPD,Good,VDU001,BLEND_B
2025-09-18 11:28:49.347773378+00:00,CDU_FEED_RATE,48649.60818693553,BPD,Good,CDU001,BLEND_A
2025-09-18 11:28:49.347773378+00:00,CDU_FEED_TEMP,488.02422061646337,DEGF,Good,CDU001,BLEND_A
2025-09-18 11:28:49.347773378+00:00,TK101_LEVEL,91.97891545787654,PCT,Good,TK101,WTI
2025-09-18 11:28:49.347773378+00:00,TK101_TEMP,75.4779847731342,DEGF,Good,TK101,WTI
2025-09-18 11:28:49.347773378+00:00,TK101_VOLUME,49604.51442076353,BBL,Good,TK101,WTI
2025-09-18 11:28:49.347773378+00:00,TK102_LEVEL,72.28413484874524,PCT,Good,TK102,BRENT
2025-09-18 11:28:49.347773378+00:00,TK102_TEMP,75.40731792914517,DEGF,Good,TK102,BRENT
2025-09-18 11:28:49.347773378+00:00,TK102_VOLUME,34091.14467724048,BBL,Good,TK102,BRENT
2025-09-18 11:28:49.347773378+00:00,TK103_LEVEL,93.8713437910245,PCT,Good,TK103,MAYA
2025-09-18 11:28:49.347773378+00:00,TK103_TEMP,74.37956446603727,DEGF,Good,TK103,MAYA
2025-09-18 11:28:49.347773378+00:00,TK103_VOLUME,42780.015240552544,BBL,Good,TK103,MAYA
2025-09-18 11:28:49.347773378+00:00,TK104_LEVEL,91.9884312001753,PCT,Good,TK104,ARB
2025-09-18 11:28:49.347773378+00:00,TK104_TEMP,75.0661639862986,DEGF,Good,TK104,ARB
2025-09-18 11:28:49.347773378+00:00,TK104_VOLUME,50502.98820975127,BBL,Good,TK104,ARB
2025-09-18 11:28:49.347773378+00:00,TK105_LEVEL,75.52081487016459,PCT,Good,TK105,URALS
2025-09-18 11:28:49.347773378+00:00,TK105_TEMP,74.86645118279232,DEGF,Good,TK105,URALS
2025-09-18 11:28:49.347773378+00:00,TK105_VOLUME,38034.62821070382,BBL,Good,TK105,URALS
2025-09-18 11:28:49.347773378+00:00,VDU_FEED_RATE,20424.274797887767,BPD,Good,VDU001,BLEND_B
2025-09-18 12:46:39.618043648+00:00,CDU_FEED_RATE,48683.01793841193,BPD,Good,CDU001,BLEND_A
2025-09-18 12:46:39.618043648+00:00,CDU_FEED_TEMP,487.4560770601301,DEGF,Good,CDU001,BLEND_A
2025-09-18 12:46:39.618043648+00:00,TK101_LEVEL,91.60353865826612,PCT,Good,TK101,WTI
2025-09-18 12:46:39.618043648+00:00,TK101_TEMP,75.71325236009508,DEGF,Good,TK101,WTI
2025-09-18 12:46:39.618043648+00:00,TK101_VOLUME,49402.0725483322,BBL,Good,TK101,WTI
2025-09-18 12:46:39.618043648+00:00,TK102_LEVEL,71.51544883627884,PCT,Good,TK102,BRENT
2025-09-18 12:46:39.618043648+00:00,TK102_TEMP,75.52506839022989,DEGF,Good,TK102,BRENT
2025-09-18 12:46:39.618043648+00:00,TK102_VOLUME,33728.61165229389,BBL,Good,TK102,BRENT
2025-09-18 12:46:39.618043648+00:00,TK103_LEVEL,94.36457659507053,PCT,Good,TK103,MAYA
2025-09-18 12:46:39.618043648+00:00,TK103_TEMP,75.45738194613683,DEGF,Good,TK103,MAYA
2025-09-18 12:46:39.618043648+00:00,TK103_VOLUME,43004.79637206807,BBL,Good,TK103,MAYA
2025-09-18 12:46:39.618043648+00:00,TK104_LEVEL,93.13735554531178,PCT,Good,TK104,ARB
2025-09-18 12:46:39.618043648+00:00,TK104_TEMP,75.3443607099556,DEGF,Good,TK104,ARB
2025-09-18 12:46:39.618043648+00:00,TK104_VOLUME,51133.764405184564,BBL,Good,TK104,ARB
2025-09-18 12:46:39.618043648+00:00,TK105_LEVEL,76.46750664637415,PCT,Good,TK105,URALS
2025-09-18 12:46:39.618043648+00:00,TK105_TEMP,76.20872415754337,DEGF,Good,TK105,URALS
2025-09-18 12:46:39.618043648+00:00,TK105_VOLUME,38511.41159552514,BBL,Good,TK105,URALS
2025-09-18 12:46:39.618043648+00:00,VDU_FEED_RATE,20310.881994939973,BPD,Good,VDU001,BLEND_B
2025-09-18 14:04:29.888313919+00:00,CDU_FEED_RATE,48049.51069231603,BPD,Good,CDU001,BLEND_A
2025-09-18 14:04:29.888313919+00:00,CDU_FEED_TEMP,487.50442189188533,DEGF,Good,CDU001,BLEND_A
2025-09-18 14:04:29.888313919+00:00,TK101_LEVEL,92.34562341712568,PCT,Good,TK101,WTI
2025-09-18 14:04:29.888313919+00:00,TK101_TEMP,75.41988550648823,DEGF,Good,TK101,WTI
2025-09-18 14:04:29.888313919+00:00,TK101_VOLUME,49802.281160697676,BBL,Good,TK101,WTI
2025-09-18 14:04:29.888313919+00:00,TK102_LEVEL,72.48716973240157,PCT,Good,TK102,BRENT
2025-09-18 14:04:29.888313919+00:00,TK102_TEMP,75.60746804900886,DEGF,Good,TK102,BRENT
2025-09-18 14:04:29.888313919+00:00,TK102_VOLUME,34186.901396301146,BBL,Good,TK102,BRENT
2025-09-18 14:04:29.888313919+00:00,TK103_LEVEL,93.95291321918549,PCT,Good,TK103,MAYA
2025-09-18 14:04:29.888313919+00:00,TK103_TEMP,75.0633071279735,DEGF,Good,TK103,MAYA
2025-09-18 14:04:29.888313919+00:00,TK103_VOLUME,42817.18890014837,BBL,Good,TK103,MAYA
2025-09-18 14:04:29.888313919+00:00,TK104_LEVEL,95.65847188568594,PCT,Good,TK104,ARB
2025-09-18 14:04:29.888313919+00:00,TK104_TEMP,75.23436040229572,DEGF,Good,TK104,ARB
2025-09-18 14:04:29.888313919+00:00,TK104_VOLUME,52517.893987047515,BBL,Good,TK104,ARB
2025-09-18 14:04:29.888313919+00:00,TK105_LEVEL,77.3321994306377,PCT,Good,TK105,URALS
2025-09-18 14:04:29.888313919+00:00,TK105_TEMP,74.8444952343961,DEGF,Good,TK105,URALS
2025-09-18 14:04:29.888313919+00:00,TK105_VOLUME,38946.897740933986,BBL,Good,TK105,URALS
2025-09-18 14:04:29.888313919+00:00,VDU_FEED_RATE,20024.12427684209,BPD,Good,VDU001,BLEND_B
2025-09-18 15:22:20.158584189+00:00,CDU_FEED_RATE,48511.267271172925,BPD,Good,CDU001,BLEND_A
2025-09-18 15:22:20.158584189+00:00,CDU_FEED_TEMP,486.1647444369596,DEGF,Good,CDU001,BLEND_A
2025-09-18 15:22:20.158584189+00:00,TK101_LEVEL,92.58502248277863,PCT,Good,TK101,WTI
2025-09-18 15:22:20.158584189+00:00,TK101_TEMP,75.45536983330815,DEGF,Good,TK101,WTI
2025-09-18 15:22:20.158584189+00:00,TK101_VOLUME,49931.389819409116,BBL,Good,TK101,WTI
2025-09-18 15:22:20.158584189+00:00,TK102_LEVEL,72.59306956926811,PCT,Good,TK102,BRENT
2025-09-18 15:22:20.158584189+00:00,TK102_TEMP,75.84560676163686,DEGF,Good,TK102,BRENT
2025-09-18 15:22:20.158584189+00:00,TK102_VOLUME,34236.84661135377,BBL,Good,TK102,BRENT
2025-09-18 15:22:20.158584189+00:00,TK103_LEVEL,95.50585846149126,PCT,Good,TK103,MAYA
2025-09-18 15:22:20.158584189+00:00,TK103_TEMP,74.9326996001887,DEGF,Good,TK103,MAYA
2025-09-18 15:22:20.158584189+00:00,TK103_VOLUME,43524.91309424834,BBL,Good,TK103,MAYA
2025-09-18 15:22:20.158584189+00:00,TK104_LEVEL,96.33780874463953,PCT,Good,TK104,ARB
2025-09-18 15:22:20.158584189+00:00,TK104_TEMP,74.37068248606617,DEGF,Good,TK104,ARB
2025-09-18 15:22:20.158584189+00:00,TK104_VOLUME,52890.85981471256,BBL,Good,TK104,ARB
2025-09-18 15:22:20.158584189+00:00,TK105_LEVEL,76.59135531666465,PCT,Good,TK105,URALS
2025-09-18 15:22:20.158584189+00:00,TK105_TEMP,75.02729061053826,DEGF,Good,TK105,URALS
2025-09-18 15:22:20.158584189+00:00,TK105_VOLUME,38573.78563289467,BBL,Good,TK105,URALS
2025-09-18 15:22:20.158584189+00:00,VDU_FEED_RATE,20211.494691152016,BPD,Good,VDU001,BLEND_B
2025-09-18 16:40:10.428854459+00:00,CDU_FEED_RATE,48397.54001770531,BPD,Good,CDU001,BLEND_A
2025-09-18 16:40:10.428854459+00:00,CDU_FEED_TEMP,486.22771729105114,DEGF,Good,CDU001,BLEND_A
2025-09-18 16:40:10.428854459+00:00,TK101_LEVEL,93.73143964745267,PCT,Good,TK101,WTI
2025-09-18 16:40:10.428854459+00:00,TK101_TEMP,75.83378717914691,DEGF,Good,TK101,WTI
2025-09-18 16:40:10.428854459+00:00,TK101_VOLUME,50549.65615245071,BBL,Good,TK101,WTI
2025-09-18 16:40:10.428854459+00:00,TK102_LEVEL,74.28089067736428,PCT,Good,TK102,BRENT
2025-09-18 16:40:10.428854459+00:00,TK102_TEMP,75.52119992354959,DEGF,Good,TK102,BRENT
2025-09-18 16:40:10.428854459+00:00,TK102_VOLUME,35032.86850060802,BBL,Good,TK102,BRENT
2025-09-18 16:40:10.428854459+00:00,TK103_LEVEL,96.43845138350089,PCT,Good,TK103,MAYA
2025-09-18 16:40:10.428854459+00:00,TK103_TEMP,75.39053727122449,DEGF,Good,TK103,MAYA
2025-09-18 16:40:10.428854459+00:00,TK103_VOLUME,43949.92394213415,BBL,Good,TK103,MAYA
2025-09-18 16:40:10.428854459+00:00,TK104_LEVEL,93.48495072143517,PCT,Good,TK104,ARB
2025-09-18 16:40:10.428854459+00:00,TK104_TEMP,75.98280268870111,DEGF,Good,TK104,ARB
2025-09-18 16:40:10.428854459+00:00,TK104_VOLUME,51324.59921835064,BBL,Good,TK104,ARB
2025-09-18 16:40:10.428854459+00:00,TK105_LEVEL,76.02517803496109,PCT,Good,TK105,URALS
2025-09-18 16:40:10.428854459+00:00,TK105_TEMP,75.70692771125083,DEGF,Good,TK105,URALS
2025-09-18 16:40:10.428854459+00:00,TK105_VOLUME,38288.64116712105,BBL,Good,TK105,URALS
2025-09-18 16:40:10.428854459+00:00,VDU_FEED_RATE,20096.28903448742,BPD,Good,VDU001,BLEND_B
2025-09-18 17:58:00.699124729+00:00,CDU_FEED_RATE,48086.332926018746,BPD,Good,CDU001,BLEND_A
2025-09-18 17:58:00.699124729+00:00,CDU_FEED_TEMP,485.52794851015904,DEGF,Good,CDU001,BLEND_A
2025-09-18 17:58:00.699124729+00:00,TK101_LEVEL,92.23682255642329,PCT,Good,TK101,WTI
2025-09-18 17:58:00.699124729+00:00,TK101_TEMP,75.42541973900262,DEGF,Good,TK101,WTI
2025-09-18 17:58:00.699124729+00:00,TK101_VOLUME,49743.604519025655,BBL,Good,TK101,WTI
2025-09-18 17:58:00.699124729+00:00,TK102_LEVEL,74.48730944395578,PCT,Good,TK102,BRENT
2025-09-18 17:58:00.699124729+00:00,TK102_TEMP,75.69975303148479,DEGF,Good,TK102,BRENT
2025-09-18 17:58:00.699124729+00:00,TK102_VOLUME,35130.2211499922,BBL,Good,TK102,BRENT
2025-09-18 17:58:00.699124729+00:00,TK103_LEVEL,94.70692358186683,PCT,Good,TK103,MAYA
2025-09-18 17:58:00.699124729+00:00,TK103_TEMP,75.76285370594623,DEGF,Good,TK103,MAYA
2025-09-18 17:58:00.699124729+00:00,TK103_VOLUME,43160.814265508554,BBL,Good,TK103,MAYA
2025-09-18 17:58:00.699124729+00:00,TK104_LEVEL,94.54004626785762,PCT,Good,TK104,ARB
2025-09-18 17:58:00.699124729+00:00,TK104_TEMP,75.4145074837409,DEGF,Good,TK104,ARB
2025-09-18 17:58:00.699124729+00:00,TK104_VOLUME,51903.86203701074,BBL,Good,TK104,ARB
2025-09-18 17:58:00.699124729+00:00,TK105_LEVEL,74.55744706274758,PCT,Good,TK105,URALS
2025-09-18 17:58:00.699124729+00:00,TK105_TEMP,74.5270507170722,DEGF,Good,TK105,URALS
2025-09-18 17:58:00.699124729+00:00,TK105_VOLUME,37549.446258572345,BBL,Good,TK105,URALS
2025-09-18 17:58:00.699124729+00:00,VDU_FEED_RATE,20101.846223816236,BPD,Good,VDU001,BLEND_B
2025-09-18 19:15:50.969395+00:00,CDU_FEED_RATE,47722.0203539056,BPD,Good,CDU001,BLEND_A
2025-09-18 19:15:50.969395+00:00,CDU_FEED_TEMP,485.52525691846006,DEGF,Good,CDU001,BLEND_A
2025-09-18 19:15:50.969395+00:00,TK101_LEVEL,91.2523888027847,PCT,Good,TK101,WTI
2025-09-18 19:15:50.969395+00:00,TK101_TEMP,75.12479136886164,DEGF,Good,TK101,WTI
2025-09-18 19:15:50.969395+00:00,TK101_VOLUME,49212.69634202051,BBL,Good,TK101,WTI
2025-09-18 19:15:50.969395+00:00,TK102_LEVEL,73.68201558721947,PCT,Good,TK102,BRENT
2025-09-18 19:15:50.969395+00:00,TK102_TEMP,75.35983020739093,DEGF,Good,TK102,BRENT
2025-09-18 19:15:50.969395+00:00,TK102_VOLUME,34750.4228798028,BBL,Good,TK102,BRENT
2025-09-18 19:15:50.969395+00:00,TK103_LEVEL,95.80614011788275,PCT,Good,TK103,MAYA
2025-09-18 19:15:50.969395+00:00,TK103_TEMP,74.76305606366739,DEGF,Good,TK103,MAYA
2025-09-18 19:15:50.969395+00:00,TK103_VOLUME,43661.76054223507,BBL,Good,TK103,MAYA
2025-09-18 19:15:50.969395+00:00,TK104_LEVEL,95.06169824069177,PCT,Good,TK104,ARB
2025-09-18 19:15:50.969395+00:00,TK104_TEMP,75.24703463729735,DEGF,Good,TK104,ARB
2025-09-18 19:15:50.969395+00:00,TK104_VOLUME,52190.25656608263,BBL,Good,TK104,ARB
2025-09-18 19:15:50.969395+00:00,TK105_LEVEL,76.85991579413756,PCT,Good,TK105,URALS
2025-09-18 19:15:50.969395+00:00,TK105_TEMP,76.12673016973913,DEGF,Good,TK105,URALS
2025-09-18 19:15:50.969395+00:00,TK105_VOLUME,38709.04103142728,BBL,Good,TK105,URALS
2025-09-18 19:15:50.969395+00:00,VDU_FEED_RATE,19920.521576511754,BPD,Good,VDU001,BLEND_B
2025-09-18 20:33:41.239665270+00:00,CDU_FEED_RATE,47555.02942964066,BPD,Good,CDU001,BLEND_A
2025-09-18 20:33:41.239665270+00:00,CDU_FEED_TEMP,486.22580057363024,DEGF,Good,CDU001,BLEND_A
2025-09-18 20:33:41.239665270+00:00,TK101_LEVEL,93.92660734141238,PCT,Good,TK101,WTI
2025-09-18 20:33:41.239665270+00:00,TK101_TEMP,75.31779099987777,DEGF,Good,TK101,WTI
2025-09-18 20:33:41.239665270+00:00,TK101_VOLUME,50654.91069520432,BBL,Good,TK101,WTI
2025-09-18 20:33:41.239665270+00:00,TK102_LEVEL,73.56592455464752,PCT,Good,TK102,BRENT
2025-09-18 20:33:41.239665270+00:00,TK102_TEMP,75.55637668441406,DEGF,Good,TK102,BRENT
2025-09-18 20:33:41.239665270+00:00,TK102_VOLUME,34695.67122239662,BBL,Good,TK102,BRENT
2025-09-18 20:33:41.239665270+00:00,TK103_LEVEL,95.21146303618036,PCT,Good,TK103,MAYA
2025-09-18 20:33:41.239665270+00:00,TK103_TEMP,75.3005887226555,DEGF,Good,TK103,MAYA
2025-09-18 20:33:41.239665270+00:00,TK103_VOLUME,43390.74818009109,BBL,Good,TK103,MAYA
2025-09-18 20:33:41.239665270+00:00,TK104_LEVEL,96.9304409504046,PCT,Good,TK104,ARB
2025-09-18 20:33:41.239665270+00:00,TK104_TEMP,75.24486391638082,DEGF,Good,TK104,ARB
2025-09-18 20:33:41.239665270+00:00,TK104_VOLUME,53216.223525235495,BBL,Good,TK104,ARB
2025-09-18 20:33:41.239665270+00:00,TK105_LEVEL,76.94523471762518,PCT,Good,TK105,URALS
2025-09-18 20:33:41.239665270+00:00,TK105_TEMP,75.83712408990438,DEGF,Good,TK105,URALS
2025-09-18 20:33:41.239665270+00:00,TK105_VOLUME,38752.01029148848,BBL,Good,TK105,URALS
2025-09-18 20:33:41.239665270+00:00,VDU_FEED_RATE,19799.75204025111,BPD,Good,VDU001,BLEND_B
2025-09-18 21:51:31.509935540+00:00,CDU_FEED_RATE,47914.07529847472,BPD,Good,CDU001,BLEND_A
2025-09-18 21:51:31.509935540+00:00,CDU_FEED_TEMP,486.05892982012057,DEGF,Good,CDU001,BLEND_A
2025-09-18 21:51:31.509935540+00:00,TK101_LEVEL,92.63826862694805,PCT,Good,TK101,WTI
2025-09-18 21:51:31.509935540+00:00,TK101_TEMP,75.87878977638958,DEGF,Good,TK101,WTI
2025-09-18 21:51:31.509935540+00:00,TK101_VOLUME,49960.10563012675,BBL,Good,TK101,WTI
2025-09-18 21:51:31.509935540+00:00,TK102_LEVEL,74.20826053676227,PCT,Good,TK102,BRENT
2025-09-18 21:51:31.509935540+00:00,TK102_TEMP,75.61560167754953,DEGF,Good,TK102,BRENT
2025-09-18 21:51:31.509935540+00:00,TK102_VOLUME,34998.61417029926,BBL,Good,TK102,BRENT
2025-09-18 21:51:31.509935540+00:00,TK103_LEVEL,95.92693941085841,PCT,Good,TK103,MAYA
2025-09-18 21:51:31.509935540+00:00,TK103_TEMP,76.31676992908287,DEGF,Good,TK103,MAYA
2025-09-18 21:51:31.509935540+00:00,TK103_VOLUME,43716.81243971351,BBL,Good,TK103,MAYA
2025-09-18 21:51:31.509935540+00:00,TK104_LEVEL,94.76671694920353,PCT,Good,TK104,ARB
2025-09-18 21:51:31.509935540+00:00,TK104_TEMP,75.74106437570609,DEGF,Good,TK104,ARB
2025-09-18 21:51:31.509935540+00:00,TK104_VOLUME,52028.307541713366,BBL,Good,TK104,ARB
2025-09-18 21:51:31.509935540+00:00,TK105_LEVEL,77.21276515167405,PCT,Good,TK105,URALS
2025-09-18 21:51:31.509935540+00:00,TK105_TEMP,76.01145012342826,DEGF,Good,TK105,URALS
2025-09-18 21:51:31.509935540+00:00,TK105_VOLUME,38886.74692815732,BBL,Good,TK105,URALS
2025-09-18 21:51:31.509935540+00:00,VDU_FEED_RATE,19732.440554482608,BPD,Good,VDU001,BLEND_B
2025-09-18 23:09:21.780205811+00:00,CDU_FEED_RATE,47134.43970014022,BPD,Good,CDU001,BLEND_A
2025-09-18 23:09:21.780205811+00:00,CDU_FEED_TEMP,484.45042409612614,DEGF,Good,CDU001,BLEND_A
2025-09-18 23:09:21.780205811+00:00,TK101_LEVEL,94.17472839026192,PCT,Good,TK101,WTI
2025-09-18 23:09:21.780205811+00:00,TK101_TEMP,75.60134792945665,DEGF,Good,TK101,WTI
2025-09-18 23:09:21.780205811+00:00,TK101_VOLUME,50788.72314650886,BBL,Good,TK101,WTI
2025-09-18 23:09:21.780205811+00:00,TK102_LEVEL,73.34214026390681,PCT,Good,TK102,BRENT
2025-09-18 23:09:21.780205811+00:00,TK102_TEMP,75.7074003517662,DEGF,Good,TK102,BRENT
2025-09-18 23:09:21.780205811+00:00,TK102_VOLUME,34590.1285241531,BBL,Good,TK102,BRENT
2025-09-18 23:09:21.780205811+00:00,TK103_LEVEL,97.21761074366239,PCT,Good,TK103,MAYA
2025-09-18 23:09:21.780205811+00:00,TK103_TEMP,75.062207093746,DEGF,Good,TK103,MAYA
2025-09-18 23:09:21.780205811+00:00,TK103_VOLUME,44305.010467546344,BBL,Good,TK103,MAYA
2025-09-18 23:09:21.780205811+00:00,TK104_LEVEL,94.87308102063389,PCT,Good,TK104,ARB
2025-09-18 23:09:21.780205811+00:00,TK104_TEMP,75.15297311470944,DEGF,Good,TK104,ARB
2025-09-18 23:09:21.780205811+00:00,TK104_VOLUME,52086.702965739016,BBL,Good,TK104,ARB
2025-09-18 23:09:21.780205811+00:00,TK105_LEVEL,79.22645584247766,PCT,Good,TK105,URALS
2025-09-18 23:09:21.780205811+00:00,TK105_TEMP,75.87890978983151,DEGF,Good,TK105,URALS
2025-09-18 23:09:21.780205811+00:00,TK105_VOLUME,39900.90410969389,BBL,Good,TK105,URALS
2025-09-18 23:09:21.780205811+00:00,VDU_FEED_RATE,19688.851408813545,BPD,Good,VDU001,BLEND_B
2025-09-19 00:27:12.050476081+00:00,CDU_FEED_RATE,47630.11850546381,BPD,Good,CDU001,BLEND_A
2025-09-19 00:27:12.050476081+00:00,CDU_FEED_TEMP,484.4988629463594,DEGF,Good,CDU001,BLEND_A
2025-09-19 00:27:12.050476081+00:00,TK101_LEVEL,93.51371417266985,PCT,Good,TK101,WTI
2025-09-19 00:27:12.050476081+00:00,TK101_TEMP,75.8091777378254,DEGF,Good,TK101,WTI
2025-09-19 00:27:12.050476081+00:00,TK101_VOLUME,50432.23612852601,BBL,Good,TK101,WTI
2025-09-19 00:27:12.050476081+00:00,TK102_LEVEL,73.0820844029978,PCT,Good,TK102,BRENT
2025-09-19 00:27:12.050476081+00:00,TK102_TEMP,76.0253426531826,DEGF,Good,TK102,BRENT
2025-09-19 00:27:12.050476081+00:00,TK102_VOLUME,34467.47917658928,BBL,Good,TK102,BRENT
2025-09-19 00:27:12.050476081+00:00,TK103_LEVEL,96.23069186928007,PCT,Good,TK103,MAYA
2025-09-19 00:27:12.050476081+00:00,TK103_TEMP,76.0739533429737,DEGF,Good,TK103,MAYA
2025-09-19 00:27:12.050476081+00:00,TK103_VOLUME,43855.241637334904,BBL,Good,TK103,MAYA
2025-09-19 00:27:12.050476081+00:00,TK104_LEVEL,96.96889171593286,PCT,Good,TK104,ARB
2025-09-19 00:27:12.050476081+00:00,TK104_TEMP,74.5114849701542,DEGF,Good,TK104,ARB
2025-09-19 00:27:12.050476081+00:00,TK104_VOLUME,53237.3335554077,BBL,Good,TK104,ARB
2025-09-19 00:27:12.050476081+00:00,TK105_LEVEL,78.43101320477024,PCT,Good,TK105,URALS
2025-09-19 00:27:12.050476081+00:00,TK105_TEMP,75.55851099066304,DEGF,Good,TK105,URALS
2025-09-19 00:27:12.050476081+00:00,TK105_VOLUME,39500.2944891521,BBL,Good,TK105,URALS
2025-09-19 00:27:12.050476081+00:00,VDU_FEED_RATE,19684.35358220214,BPD,Good,VDU001,BLEND_B
2025-09-19 01:45:02.320746351+00:00,CDU_FEED_RATE,47171.730014335,BPD,Good,CDU001,BLEND_A
2025-09-19 01:45:02.320746351+00:00,CDU_FEED_TEMP,484.38796177222326,DEGF,Good,CDU001,BLEND_A
2025-09-19 01:45:02.320746351+00:00,TK101_LEVEL,93.0490786762028,PCT,Good,TK101,WTI
2025-09-19 01:45:02.320746351+00:00,TK101_TEMP,76.01453357841186,DEGF,Good,TK101,WTI
2025-09-19 01:45:02.320746351+00:00,TK101_VOLUME,50181.656764003565,BBL,Good,TK101,WTI
2025-09-19 01:45:02.320746351+00:00,TK102_LEVEL,73.33857442315828,PCT,Good,TK102,BRENT
2025-09-19 01:45:02.320746351+00:00,TK102_TEMP,75.95706679828318,DEGF,Good,TK102,BRENT
2025-09-19 01:45:02.320746351+00:00,TK102_VOLUME,34588.4467776245,BBL,Good,TK102,BRENT
2025-09-19 01:45:02.320746351+00:00,TK103_LEVEL,93.99849693437108,PCT,Good,TK103,MAYA
2025-09-19 01:45:02.320746351+00:00,TK103_TEMP,75.43712857653627,DEGF,Good,TK103,MAYA
2025-09-19 01:45:02.320746351+00:00,TK103_VOLUME,42837.962780137794,BBL,Good,TK103,MAYA
2025-09-19 01:45:02.320746351+00:00,TK104_LEVEL,95.09525615167051,PCT,Good,TK104,ARB
2025-09-19 01:45:02.320746351+00:00,TK104_TEMP,75.88305885891491,DEGF,Good,TK104,ARB
2025-09-19 01:45:02.320746351+00:00,TK104_VOLUME,52208.68034786032,BBL,Good,TK104,ARB
2025-09-19 01:45:02.320746351+00:00,TK105_LEVEL,78.02535672374592,PCT,Good,TK105,URALS
2025-09-19 01:45:02.320746351+00:00,TK105_TEMP,75.14791960223306,DEGF,Good,TK105,URALS
2025-09-19 01:45:02.320746351+00:00,TK105_VOLUME,39295.993284728545,BBL,Good,TK105,URALS
2025-09-19 01:45:02.320746351+00:00,VDU_FEED_RATE,19625.009710236904,BPD,Good,VDU001,BLEND_B
2025-09-19 03:02:52.591016621+00:00,CDU_FEED_RATE,47035.547616309246,BPD,Good,CDU001,BLEND_A
2025-09-19 03:02:52.591016621+00:00,CDU_FEED_TEMP,484.41181530334484,DEGF,Good,CDU001,BLEND_A
2025-09-19 03:02:52.591016621+00:00,TK101_LEVEL,93.558447012772,PCT,Good,TK101,WTI
2025-09-19 03:02:52.591016621+00:00,TK101_TEMP,75.53368899558609,DEGF,Good,TK101,WTI
2025-09-19 03:02:52.591016621+00:00,TK101_VOLUME,50456.3606879523,BBL,Good,TK101,WTI
2025-09-19 03:02:52.591016621+00:00,TK102_LEVEL,73.6734373804321,PCT,Good,TK102,BRENT
2025-09-19 03:02:52.591016621+00:00,TK102_TEMP,75.74321822848499,DEGF,Good,TK102,BRENT
2025-09-19 03:02:52.591016621+00:00,TK102_VOLUME,34746.377166462364,BBL,Good,TK102,BRENT
2025-09-19 03:02:52.591016621+00:00,TK103_LEVEL,96.25536201694727,PCT,Good,TK103,MAYA
2025-09-19 03:02:52.591016621+00:00,TK103_TEMP,75.99400660695987,DEGF,Good,TK103,MAYA
2025-09-19 03:02:52.591016621+00:00,TK103_VOLUME,43866.48457102018,BBL,Good,TK103,MAYA
2025-09-19 03:02:52.591016621+00:00,TK104_LEVEL,96.2217019256748,PCT,Good,TK104,ARB
2025-09-19 03:02:52.591016621+00:00,TK104_TEMP,75.98066122601331,DEGF,Good,TK104,ARB
2025-09-19 03:02:52.591016621+00:00,TK104_VOLUME,52827.11548042244,BBL,Good,TK104,ARB
2025-09-19 03:02:52.591016621+00:00,TK105_LEVEL,76.30767358774389,PCT,Good,TK105,URALS
2025-09-19 03:02:52.591016621+00:00,TK105_TEMP,75.65107200642242,DEGF,Good,TK105,URALS
2025-09-19 03:02:52.591016621+00:00,TK105_VOLUME,38430.914702433714,BBL,Good,TK105,URALS
2025-09-19 03:02:52.591016621+00:00,VDU_FEED_RATE,19505.91313588397,BPD,Good,VDU001,BLEND_B
2025-09-19 04:20:42.861286892+00:00,CDU_FEED_RATE,46476.58534708279,BPD,Good,CDU001,BLEND_A
2025-09-19 04:20:42.861286892+00:00,CDU_FEED_TEMP,482.92730941510405,DEGF,Good,CDU001,BLEND_A
2025-09-19 04:20:42.861286892+00:00,TK101_LEVEL,95.16965396487024,PCT,Good,TK101,WTI
2025-09-19 04:20:42.861286892+00:00,TK101_TEMP,76.14203880669723,DEGF,Good,TK101,WTI
2025-09-19 04:20:42.861286892+00:00,TK101_VOLUME,51325.28959510813,BBL,Good,TK101,WTI
2025-09-19 04:20:42.861286892+00:00,TK102_LEVEL,73.15374703062952,PCT,Good,TK102,BRENT
2025-09-19 04:20:42.861286892+00:00,TK102_TEMP,75.35935173241181,DEGF,Good,TK102,BRENT
2025-09-19 04:20:42.861286892+00:00,TK102_VOLUME,34501.27720172517,BBL,Good,TK102,BRENT
2025-09-19 04:20:42.861286892+00:00,TK103_LEVEL,97.04320041482755,PCT,Good,TK103,MAYA
2025-09-19 04:20:42.861286892+00:00,TK103_TEMP,76.31257847848376,DEGF,Good,TK103,MAYA
2025-09-19 04:20:42.861286892+00:00,TK103_VOLUME,44225.5263968562,BBL,Good,TK103,MAYA
2025-09-19 04:20:42.861286892+00:00,TK104_LEVEL,94.03132753761415,PCT,Good,TK104,ARB
2025-09-19 04:20:42.861286892+00:00,TK104_TEMP,75.66409881254351,DEGF,Good,TK104,ARB
2025-09-19 04:20:42.861286892+00:00,TK104_VOLUME,51624.56804644732,BBL,Good,TK104,ARB
2025-09-19 04:20:42.861286892+00:00,TK105_LEVEL,76.76572625463697,PCT,Good,TK105,URALS
2025-09-19 04:20:42.861286892+00:00,TK105_TEMP,75.276296569006,DEGF,Good,TK105,URALS
2025-09-19 04:20:42.861286892+00:00,TK105_VOLUME,38661.60425360118,BBL,Good,TK105,URALS
2025-09-19 04:20:42.861286892+00:00,VDU_FEED_RATE,19398.888693093497,BPD,Good,VDU001,BLEND_B
2025-09-19 05:38:33.131557162+00:00,CDU_FEED_RATE,46708.833554861805,BPD,Good,CDU001,BLEND_A
2025-09-19 05:38:33.131557162+00:00,CDU_FEED_TEMP,482.6895253840237,DEGF,Good,CDU001,BLEND_A
2025-09-19 05:38:33.131557162+00:00,TK101_LEVEL,95.28408920164719,PCT,Good,TK101,WTI
2025-09-19 05:38:33.131557162+00:00,TK101_TEMP,75.99732476648359,DEGF,Good,TK101,WTI
2025-09-19 05:38:33.131557162+00:00,TK101_VOLUME,51387.00487327474,BBL,Good,TK101,WTI
2025-09-19 05:38:33.131557162+00:00,TK102_LEVEL,74.46774765733416,PCT,Good,TK102,BRENT
2025-09-19 05:38:33.131557162+00:00,TK102_TEMP,75.84173909378575,DEGF,Good,TK102,BRENT
2025-09-19 05:38:33.131557162+00:00,TK102_VOLUME,35120.995284603356,BBL,Good,TK102,BRENT
2025-09-19 05:38:33.131557162+00:00,TK103_LEVEL,95.57720776936993,PCT,Good,TK103,MAYA
2025-09-19 05:38:33.131557162+00:00,TK103_TEMP,76.1785443482469,DEGF,Good,TK103,MAYA
2025-09-19 05:38:33.131557162+00:00,TK103_VOLUME,43557.42913540833,BBL,Good,TK103,MAYA
2025-09-19 05:38:33.131557162+00:00,TK104_LEVEL,95.32570502648375,PCT,Good,TK104,ARB
2025-09-19 05:38:33.131557162+00:00,TK104_TEMP,75.23395202715939,DEGF,Good,TK104,ARB
2025-09-19 05:38:33.131557162+00:00,TK104_VOLUME,52335.200135792315,BBL,Good,TK104,ARB
2025-09-19 05:38:33.131557162+00:00,TK105_LEVEL,77.17234366475472,PCT,Good,TK105,URALS
2025-09-19 05:38:33.131557162+00:00,TK105_TEMP,76.05098111979258,DEGF,Good,TK105,URALS
2025-09-19 05:38:33.131557162+00:00,TK105_VOLUME,38866.38941176474,BBL,Good,TK105,URALS
2025-09-19 05:38:33.131557162+00:00,VDU_FEED_RATE,19328.83094769629,BPD,Good,VDU001,BLEND_B
2025-09-19 06:56:23.401827432+00:00,CDU_FEED_RATE,46738.80128108985,BPD,Good,CDU001,BLEND_A
2025-09-19 06:56:23.401827432+00:00,CDU_FEED_TEMP,483.41562287611026,DEGF,Good,CDU001,BLEND_A
2025-09-19 06:56:23.401827432+00:00,TK101_LEVEL,93.24447770308338,PCT,Good,TK101,WTI
2025-09-19 06:56:23.401827432+00:00,TK101_TEMP,75.23566376538253,DEGF,Good,TK101,WTI
2025-09-19 06:56:23.401827432+00:00,TK101_VOLUME,50287.03606531898,BBL,Good,TK101,WTI
2025-09-19 06:56:23.401827432+00:00,TK102_LEVEL,75.00339166741216,PCT,Good,TK102,BRENT
2025-09-19 06:56:23.401827432+00:00,TK102_TEMP,75.8390614163904,DEGF,Good,TK102,BRENT
2025-09-19 06:56:23.401827432+00:00,TK102_VOLUME,35373.61942517413,BBL,Good,TK102,BRENT
2025-09-19 06:56:23.401827432+00:00,TK103_LEVEL,96.76242664084305,PCT,Good,TK103,MAYA
2025-09-19 06:56:23.401827432+00:00,TK103_TEMP,76.30765010994521,DEGF,Good,TK103,MAYA
2025-09-19 06:56:23.401827432+00:00,TK103_VOLUME,44097.5692818825,BBL,Good,TK103,MAYA
2025-09-19 06:56:23.401827432+00:00,TK104_LEVEL,93.80532882760683,PCT,Good,TK104,ARB
2025-09-19 06:56:23.401827432+00:00,TK104_TEMP,75.89753807928291,DEGF,Good,TK104,ARB
2025-09-19 06:56:23.401827432+00:00,TK104_VOLUME,51500.491463794424,BBL,Good,TK104,ARB
2025-09-19 06:56:23.401827432+00:00,TK105_LEVEL,76.45976904303004,PCT,Good,TK105,URALS
2025-09-19 06:56:23.401827432+00:00,TK105_TEMP,76.25646022411232,DEGF,Good,TK105,URALS
2025-09-19 06:56:23.401827432+00:00,TK105_VOLUME,38507.514698134124,BBL,Good,TK105,URALS
2025-09-19 06:56:23.401827432+00:00,VDU_FEED_RATE,19606.16804923187,BPD,Good,VDU001,BLEND_B
2025-09-19 08:14:13.672097702+00:00,CDU_FEED_RATE,46089.365986598605,BPD,Good,CDU001,BLEND_A
2025-09-19 08:14:13.672097702+00:00,CDU_FEED_TEMP,481.87241773266425,DEGF,Good,CDU001,BLEND_A
2025-09-19 08:14:13.672097702+00:00,TK101_LEVEL,93.2828613188717,PCT,Good,TK101,WTI
2025-09-19 08:14:13.672097702+00:00,TK101_TEMP,76.62056186392266,DEGF,Good,TK101,WTI
2025-09-19 08:14:13.672097702+00:00,TK101_VOLUME,50307.736468377814,BBL,Good,TK101,WTI
2025-09-19 08:14:13.672097702+00:00,TK102_LEVEL,72.63415185043424,PCT,Good,TK102,BRENT
2025-09-19 08:14:13.672097702+00:00,TK102_TEMP,75.99600025823614,DEGF,Good,TK102,BRENT
2025-09-19 08:14:13.672097702+00:00,TK102_VOLUME,34256.2221215378,BBL,Good,TK102,BRENT
2025-09-19 08:14:13.672097702+00:00,TK103_LEVEL,95.0242504511773,PCT,Good,TK103,MAYA
2025-09-19 08:14:13.672097702+00:00,TK103_TEMP,75.32361270162556,DEGF,Good,TK103,MAYA
2025-09-19 08:14:13.672097702+00:00,TK103_VOLUME,43305.42973341492,BBL,Good,TK103,MAYA
2025-09-19 08:14:13.672097702+00:00,TK104_LEVEL,94.35706604258155,PCT,Good,TK104,ARB
2025-09-19 08:14:13.672097702+00:00,TK104_TEMP,75.16714328417274,DEGF,Good,TK104,ARB
2025-09-19 08:14:13.672097702+00:00,TK104_VOLUME,51803.403228884905,BBL,Good,TK104,ARB
2025-09-19 08:14:13.672097702+00:00,TK105_LEVEL,77.68321484962954,PCT,Good,TK105,URALS
2025-09-19 08:14:13.672097702+00:00,TK105_TEMP,76.63781378392864,DEGF,Good,TK105,URALS
2025-09-19 08:14:13.672097702+00:00,TK105_VOLUME,39123.68000924678,BBL,Good,TK105,URALS
2025-09-19 08:14:13.672097702+00:00,VDU_FEED_RATE,19115.393610343523,BPD,Good,VDU001,BLEND_B
2025-09-19 09:32:03.942367973+00:00,CDU_FEED_RATE,46384.54927373859,BPD,Good,CDU001,BLEND_A
2025-09-19 09:32:03.942367973+00:00,CDU_FEED_TEMP,482.2963819107818,DEGF,Good,CDU001,BLEND_A
2025-09-19 09:32:03.942367973+00:00,TK101_LEVEL,94.12617879210232,PCT,Good,TK101,WTI
2025-09-19 09:32:03.942367973+00:00,TK101_TEMP,75.69654263229558,DEGF,Good,TK101,WTI
2025-09-19 09:32:03.942367973+00:00,TK101_VOLUME,50762.540197622795,BBL,Good,TK101,WTI
2025-09-19 09:32:03.942367973+00:00,TK102_LEVEL,74.17364677152982,PCT,Good,TK102,BRENT
2025-09-19 09:32:03.942367973+00:00,TK102_TEMP,77.05017765774423,DEGF,Good,TK102,BRENT
2025-09-19 09:32:03.942367973+00:00,TK102_VOLUME,34982.28938643303,BBL,Good,TK102,BRENT
2025-09-19 09:32:03.942367973+00:00,TK103_LEVEL,94.15609474188827,PCT,Good,TK103,MAYA
2025-09-19 09:32:03.942367973+00:00,TK103_TEMP,76.50374485754467,DEGF,Good,TK103,MAYA
2025-09-19 09:32:03.942367973+00:00,TK103_VOLUME,42909.78487552051,BBL,Good,TK103,MAYA
2025-09-19 09:32:03.942367973+00:00,TK104_LEVEL,96.17896908777084,PCT,Good,TK104,ARB
2025-09-19 09:32:03.942367973+00:00,TK104_TEMP,75.4332997058302,DEGF,Good,TK104,ARB
2025-09-19 09:32:03.942367973+00:00,TK104_VOLUME,52803.65453016299,BBL,Good,TK104,ARB
2025-09-19 09:32:03.942367973+00:00,TK105_LEVEL,77.46692708294142,PCT,Good,TK105,URALS
2025-09-19 09:32:03.942367973+00:00,TK105_TEMP,76.13279882445046,DEGF,Good,TK105,URALS
2025-09-19 09:32:03.942367973+00:00,TK105_VOLUME,39014.75077157041,BBL,Good,TK105,URALS
2025-09-19 09:32:03.942367973+00:00,VDU_FEED_RATE,19060.198652394538,BPD,Good,VDU001,BLEND_B
2025-09-19 10:49:54.212638243+00:00,CDU_FEED_RATE,46117.112029344615,BPD,Good,CDU001,BLEND_A
2025-09-19 10:49:54.212638243+00:00,CDU_FEED_TEMP,482.2707638361291,DEGF,Good,CDU001,BLEND_A
2025-09-19 10:49:54.212638243+00:00,TK101_LEVEL,92.11138838576261,PCT,Good,TK101,WTI
2025-09-19 10:49:54.212638243+00:00,TK101_TEMP,75.16803315623652,DEGF,Good,TK101,WTI
2025-09-19 10:49:54.212638243+00:00,TK101_VOLUME,49675.95748169737,BBL,Good,TK101,WTI
2025-09-19 10:49:54.212638243+00:00,TK102_LEVEL,73.83569304894148,PCT,Good,TK102,BRENT
2025-09-19 10:49:54.212638243+00:00,TK102_TEMP,75.7336944385585,DEGF,Good,TK102,BRENT
2025-09-19 10:49:54.212638243+00:00,TK102_VOLUME,34822.90130943551,BBL,Good,TK102,BRENT
2025-09-19 10:49:54.212638243+00:00,TK103_LEVEL,95.68991370413721,PCT,Good,TK103,MAYA
2025-09-19 10:49:54.212638243+00:00,TK103_TEMP,75.5692342705117,DEGF,Good,TK103,MAYA
2025-09-19 10:49:54.212638243+00:00,TK103_VOLUME,43608.79264435925,BBL,Good,TK103,MAYA
2025-09-19 10:49:54.212638243+00:00,TK104_LEVEL,95.19697312542588,PCT,Good,TK104,ARB
2025-09-19 10:49:54.212638243+00:00,TK104_TEMP,75.62023185957703,DEGF,Good,TK104,ARB
2025-09-19 10:49:54.212638243+00:00,TK104_VOLUME,52264.52444759412,BBL,Good,TK104,ARB
2025-09-19 10:49:54.212638243+00:00,TK105_LEVEL,75.92882122456506,PCT,Good,TK105,URALS
2025-09-19 10:49:54.212638243+00:00,TK105_TEMP,76.45786850612672,DEGF,Good,TK105,URALS
2025-09-19 10:49:54.212638243+00:00,TK105_VOLUME,38240.112884351816,BBL,Good,TK105,URALS
2025-09-19 10:49:54.212638243+00:00,VDU_FEED_RATE,19459.161246508447,BPD,Good,VDU001,BLEND_B
2025-09-19 12:07:44.482908513+00:00,CDU_FEED_RATE,45767.62592687707,BPD,Good,CDU001,BLEND_A
2025-09-19 12:07:44.482908513+00:00,CDU_FEED_TEMP,482.06496264563685,DEGF,Good,CDU001,BLEND_A
2025-09-19 12:07:44.482908513+00:00,TK101_LEVEL,93.17726390154628,PCT,Good,TK101,WTI
2025-09-19 12:07:44.482908513+00:00,TK101_TEMP,75.52287884725078,DEGF,Good,TK101,WTI
2025-09-19 12:07:44.482908513+00:00,TK101_VOLUME,50250.78745365593,BBL,Good,TK101,WTI
2025-09-19 12:07:44.482908513+00:00,TK102_LEVEL,74.2842816401427,PCT,Good,TK102,BRENT
2025-09-19 12:07:44.482908513+00:00,TK102_TEMP,76.25654521160662,DEGF,Good,TK102,BRENT
2025-09-19 12:07:44.482908513+00:00,TK102_VOLUME,35034.46776997627,BBL,Good,TK102,BRENT
2025-09-19 12:07:44.482908513+00:00,TK103_LEVEL,93.6794120749563,PCT,Good,TK103,MAYA
2025-09-19 12:07:44.482908513+00:00,TK103_TEMP,76.1751715848297,DEGF,Good,TK103,MAYA
2025-09-19 12:07:44.482908513+00:00,TK103_VOLUME,42692.54614288178,BBL,Good,TK103,MAYA
2025-09-19 12:07:44.482908513+00:00,TK104_LEVEL,94.81491688635768,PCT,Good,TK104,ARB
2025-09-19 12:07:44.482908513+00:00,TK104_TEMP,76.46737023748972,DEGF,Good,TK104,ARB
2025-09-19 12:07:44.482908513+00:00,TK104_VOLUME,52054.77000906983,BBL,Good,TK104,ARB
2025-09-19 12:07:44.482908513+00:00,TK105_LEVEL,78.10108983711395,PCT,Good,TK105,URALS
2025-09-19 12:07:44.482908513+00:00,TK105_TEMP,75.89682833342886,DEGF,Good,TK105,URALS
2025-09-19 12:07:44.482908513+00:00,TK105_VOLUME,39334.13483305724,BBL,Good,TK105,URALS
2025-09-19 12:07:44.482908513+00:00,VDU_FEED_RATE,19016.90907797514,BPD,Good,VDU001,BLEND_B
2025-09-19 13:25:34.753178784+00:00,CDU_FEED_RATE,45974.867973044216,BPD,Good,CDU001,BLEND_A
2025-09-19 13:25:34.753178784+00:00,CDU_FEED_TEMP,481.45154035507085,DEGF,Good,CDU001,BLEND_A
2025-09-19 13:25:34.753178784+00:00,TK101_LEVEL,92.68573950743856,PCT,Good,TK101,WTI
2025-09-19 13:25:34.753178784+00:00,TK101_TEMP,75.58584566131974,DEGF,Good,TK101,WTI
2025-09-19 13:25:34.753178784+00:00,TK101_VOLUME,49985.70682322775,BBL,Good,TK101,WTI
2025-09-19 13:25:34.753178784+00:00,TK102_LEVEL,73.79724301296667,PCT,Good,TK102,BRENT
2025-09-19 13:25:34.753178784+00:00,TK102_TEMP,76.63059927528104,DEGF,Good,TK102,BRENT
2025-09-19 13:25:34.753178784+00:00,TK102_VOLUME,34804.76723697265,BBL,Good,TK102,BRENT
2025-09-19 13:25:34.753178784+00:00,TK103_LEVEL,95.06352660927341,PCT,Good,TK103,MAYA
2025-09-19 13:25:34.753178784+00:00,TK103_TEMP,76.22549133515751,DEGF,Good,TK103,MAYA
2025-09-19 13:25:34.753178784+00:00,TK103_VOLUME,43323.329068548366,BBL,Good,TK103,MAYA
2025-09-19 13:25:34.753178784+00:00,TK104_LEVEL,94.25268182939412,PCT,Good,TK104,ARB
2025-09-19 13:25:34.753178784+00:00,TK104_TEMP,75.91506276644043,DEGF,Good,TK104,ARB
2025-09-19 13:25:34.753178784+00:00,TK104_VOLUME,51746.09477586414,BBL,Good,TK104,ARB
2025-09-19 13:25:34.753178784+00:00,TK105_LEVEL,76.87399228829106,PCT,Good,TK105,URALS
2025-09-19 13:25:34.753178784+00:00,TK105_TEMP,75.8572296726548,DEGF,Good,TK105,URALS
2025-09-19 13:25:34.753178784+00:00,TK105_VOLUME,38716.13039112976,BBL,Good,TK105,URALS
2025-09-19 13:25:34.753178784+00:00,VDU_FEED_RATE,18708.102267472736,BPD,Good,VDU001,BLEND_B
2025-09-19 14:43:25.023449054+00:00,CDU_FEED_RATE,45042.39242347223,BPD,Good,CDU001,BLEND_A
2025-09-19 14:43:25.023449054+00:00,CDU_FEED_TEMP,481.00303487190996,DEGF,Good,CDU001,BLEND_A
2025-09-19 14:43:25.023449054+00:00,TK101_LEVEL,92.87345596239349,PCT,Good,TK101,WTI
2025-09-19 14:43:25.023449054+00:00,TK101_TEMP,76.17456357375268,DEGF,Good,TK101,WTI
2025-09-19 14:43:25.023449054+00:00,TK101_VOLUME,50086.94288967269,BBL,Good,TK101,WTI
2025-09-19 14:43:25.023449054+00:00,TK102_LEVEL,72.20452789668215,PCT,Good,TK102,BRENT
2025-09-19 14:43:25.023449054+00:00,TK102_TEMP,76.1974778714736,DEGF,Good,TK102,BRENT
2025-09-19 14:43:25.023449054+00:00,TK102_VOLUME,34053.59989475432,BBL,Good,TK102,BRENT
2025-09-19 14:43:25.023449054+00:00,TK103_LEVEL,96.43808528035605,PCT,Good,TK103,MAYA
2025-09-19 14:43:25.023449054+00:00,TK103_TEMP,76.3910381938587,DEGF,Good,TK103,MAYA
2025-09-19 14:43:25.023449054+00:00,TK103_VOLUME,43949.757097839785,BBL,Good,TK103,MAYA
2025-09-19 14:43:25.023449054+00:00,TK104_LEVEL,94.62872077567728,PCT,Good,TK104,ARB
2025-09-19 14:43:25.023449054+00:00,TK104_TEMP,75.92454370853568,DEGF,Good,TK104,ARB
2025-09-19 14:43:25.023449054+00:00,TK104_VOLUME,51952.54563302921,BBL,Good,TK104,ARB
2025-09-19 14:43:25.023449054+00:00,TK105_LEVEL,74.89055620328347,PCT,Good,TK105,URALS
2025-09-19 14:43:25.023449054+00:00,TK105_TEMP,76.38531285983231,DEGF,Good,TK105,URALS
2025-09-19 14:43:25.023449054+00:00,TK105_VOLUME,37717.210368846456,BBL,Good,TK105,URALS
2025-09-19 14:43:25.023449054+00:00,VDU_FEED_RATE,18901.81420835559,BPD,Good,VDU001,BLEND_B
2025-09-19 16:01:15.293719324+00:00,CDU_FEED_RATE,45510.69980956347,BPD,Good,CDU001,BLEND_A
2025-09-19 16:01:15.293719324+00:00,CDU_FEED_TEMP,481.2703446746133,DEGF,Good,CDU001,BLEND_A
2025-09-19 16:01:15.293719324+00:00,TK101_LEVEL,91.55497266868962,PCT,Good,TK101,WTI
2025-09-19 16:01:15.293719324+00:00,TK101_TEMP,76.06479478906257,DEGF,Good,TK101,WTI
2025-09-19 16:01:15.293719324+00:00,TK101_VOLUME,49375.88075950415,BBL,Good,TK101,WTI
2025-09-19 16:01:15.293719324+00:00,TK102_LEVEL,72.22453160145972,PCT,Good,TK102,BRENT
2025-09-19 16:01:15.293719324+00:00,TK102_TEMP,77.37064260142178,DEGF,Good,TK102,BRENT
2025-09-19 16:01:15.293719324+00:00,TK102_VOLUME,34063.034180646784,BBL,Good,TK102,BRENT
2025-09-19 16:01:15.293719324+00:00,TK103_LEVEL,93.07027383566736,PCT,Good,TK103,MAYA
2025-09-19 16:01:15.293719324+00:00,TK103_TEMP,76.3701983798658,DEGF,Good,TK103,MAYA
2025-09-19 16:01:15.293719324+00:00,TK103_VOLUME,42414.94339311827,BBL,Good,TK103,MAYA
2025-09-19 16:01:15.293719324+00:00,TK104_LEVEL,94.97928373972236,PCT,Good,TK104,ARB
2025-09-19 16:01:15.293719324+00:00,TK104_TEMP,77.17906629954132,DEGF,Good,TK104,ARB
2025-09-19 16:01:15.293719324+00:00,TK104_VOLUME,52145.009804979454,BBL,Good,TK104,ARB
2025-09-19 16:01:15.293719324+00:00,TK105_LEVEL,76.39707821538384,PCT,Good,TK105,URALS
2025-09-19 16:01:15.293719324+00:00,TK105_TEMP,76.00848360547724,DEGF,Good,TK105,URALS
2025-09-19 16:01:15.293719324+00:00,TK105_VOLUME,38475.94165001695,BBL,Good,TK105,URALS
2025-09-19 16:01:15.293719324+00:00,VDU_FEED_RATE,18598.259950038628,BPD,Good,VDU001,BLEND_B
2025-09-19 17:19:05.563989594+00:00,CDU_FEED_RATE,45659.47234888697,BPD,Good,CDU001,BLEND_A
2025-09-19 17:19:05.563989594+00:00,CDU_FEED_TEMP,480.65183008192014,DEGF,Good,CDU001,BLEND_A
2025-09-19 17:19:05.563989594+00:00,TK101_LEVEL,90.60876705913802,PCT,Good,TK101,WTI
2025-09-19 17:19:05.563989594+00:00,TK101_TEMP,76.08767481617345,DEGF,Good,TK101,WTI
2025-09-19 17:19:05.563989594+00:00,TK101_VOLUME,48865.58913918705,BBL,Good,TK101,WTI
2025-09-19 17:19:05.563989594+00:00,TK102_LEVEL,73.3263375537098,PCT,Good,TK102,BRENT
2025-09-19 17:19:05.563989594+00:00,TK102_TEMP,76.067071154128,DEGF,Good,TK102,BRENT
2025-09-19 17:19:05.563989594+00:00,TK102_VOLUME,34582.67554044172,BBL,Good,TK102,BRENT
2025-09-19 17:19:05.563989594+00:00,TK103_LEVEL,93.51053302330769,PCT,Good,TK103,MAYA
2025-09-19 17:19:05.563989594+00:00,TK103_TEMP,75.83418581073138,DEGF,Good,TK103,MAYA
2025-09-19 17:19:05.563989594+00:00,TK103_VOLUME,42615.582842777956,BBL,Good,TK103,MAYA
2025-09-19 17:19:05.563989594+00:00,TK104_LEVEL,95.47107985689138,PCT,Good,TK104,ARB
2025-09-19 17:19:05.563989594+00:00,TK104_TEMP,76.4323220485881,DEGF,Good,TK104,ARB
2025-09-19 17:19:05.563989594+00:00,TK104_VOLUME,52415.01303454797,BBL,Good,TK104,ARB
2025-09-19 17:19:05.563989594+00:00,TK105_LEVEL,76.53962060745967,PCT,Good,TK105,URALS
2025-09-19 17:19:05.563989594+00:00,TK105_TEMP,76.39068369440757,DEGF,Good,TK105,URALS
2025-09-19 17:19:05.563989594+00:00,TK105_VOLUME,38547.73042634555,BBL,Good,TK105,URALS
2025-09-19 17:19:05.563989594+00:00,VDU_FEED_RATE,18740.939468159962,BPD,Good,VDU001,BLEND_B
2025-09-19 18:36:55.834259865+00:00,CDU_FEED_RATE,45444.889613516476,BPD,Good,CDU001,BLEND_A
2025-09-19 18:36:55.834259865+00:00,CDU_FEED_TEMP,479.8462993465069,DEGF,Good,CDU001,BLEND_A
2025-09-19 18:36:55.834259865+00:00,TK101_LEVEL,89.91693312146658,PCT,Good,TK101,WTI
2025-09-19 18:36:55.834259865+00:00,TK101_TEMP,76.621433203216,DEGF,Good,TK101,WTI
2025-09-19 18:36:55.834259865+00:00,TK101_VOLUME,48492.48095056405,BBL,Good,TK101,WTI
2025-09-19 18:36:55.834259865+00:00,TK102_LEVEL,74.11727690288124,PCT,Good,TK102,BRENT
2025-09-19 18:36:55.834259865+00:00,TK102_TEMP,76.47362683163479,DEGF,Good,TK102,BRENT
2025-09-19 18:36:55.834259865+00:00,TK102_VOLUME,34955.70383828257,BBL,Good,TK102,BRENT
2025-09-19 18:36:55.834259865+00:00,TK103_LEVEL,93.54957957907091,PCT,Good,TK103,MAYA
2025-09-19 18:36:55.834259865+00:00,TK103_TEMP,75.63664851432691,DEGF,Good,TK103,MAYA
2025-09-19 18:36:55.834259865+00:00,TK103_VOLUME,42633.37754117239,BBL,Good,TK103,MAYA
2025-09-19 18:36:55.834259865+00:00,TK104_LEVEL,91.6545989713437,PCT,Good,TK104,ARB
2025-09-19 18:36:55.834259865+00:00,TK104_TEMP,76.48107947571218,DEGF,Good,TK104,ARB
2025-09-19 18:36:55.834259865+00:00,TK104_VOLUME,50319.70945505625,BBL,Good,TK104,ARB
2025-09-19 18:36:55.834259865+00:00,TK105_LEVEL,77.0227885179834,PCT,Good,TK105,URALS
2025-09-19 18:36:55.834259865+00:00,TK105_TEMP,75.78098612580705,DEGF,Good,TK105,URALS
2025-09-19 18:36:55.834259865+00:00,TK105_VOLUME,38791.068794339946,BBL,Good,TK105,URALS
2025-09-19 18:36:55.834259865+00:00,VDU_FEED_RATE,18516.08162944932,BPD,Good,VDU001,BLEND_B
2025-09-19 19:54:46.104530135+00:00,CDU_FEED_RATE,45012.54785139332,BPD,Good,CDU001,BLEND_A
2025-09-19 19:54:46.104530135+00:00,CDU_FEED_TEMP,479.8490537908585,DEGF,Good,CDU001,BLEND_A
2025-09-19 19:54:46.104530135+00:00,TK101_LEVEL,90.6461306981874,PCT,Good,TK101,WTI
2025-09-19 19:54:46.104530135+00:00,TK101_TEMP,76.53812487182229,DEGF,Good,TK101,WTI
2025-09-19 19:54:46.104530135+00:00,TK101_VOLUME,48885.73946562666,BBL,Good,TK101,WTI
2025-09-19 19:54:46.104530135+00:00,TK102_LEVEL,70.64790686581188,PCT,Good,TK102,BRENT
2025-09-19 19:54:46.104530135+00:00,TK102_TEMP,75.96878431877946,DEGF,Good,TK102,BRENT
2025-09-19 19:54:46.104530135+00:00,TK102_VOLUME,33319.455495266426,BBL,Good,TK102,BRENT
2025-09-19 19:54:46.104530135+00:00,TK103_LEVEL,94.29189021824067,PCT,Good,TK103,MAYA
2025-09-19 19:54:46.104530135+00:00,TK103_TEMP,76.80436153120682,DEGF,Good,TK103,MAYA
2025-09-19 19:54:46.104530135+00:00,TK103_VOLUME,42971.67098807992,BBL,Good,TK103,MAYA
2025-09-19 19:54:46.104530135+00:00,TK104_LEVEL,93.22158273489684,PCT,Good,TK104,ARB
2025-09-19 19:54:46.104530135+00:00,TK104_TEMP,76.18333681862156,DEGF,Good,TK104,ARB
2025-09-19 19:54:46.104530135+00:00,TK104_VOLUME,51180.00635873303,BBL,Good,TK104,ARB
2025-09-19 19:54:46.104530135+00:00,TK105_LEVEL,75.48611800714019,PCT,Good,TK105,URALS
2025-09-19 19:54:46.104530135+00:00,TK105_TEMP,75.92737334998779,DEGF,Good,TK105,URALS
2025-09-19 19:54:46.104530135+00:00,TK105_VOLUME,38017.1537927241,BBL,Good,TK105,URALS
2025-09-19 19:54:46.104530135+00:00,VDU_FEED_RATE,18402.57360444317,BPD,Good,VDU001,BLEND_B
2025-09-19 21:12:36.374800405+00:00,CDU_FEED_RATE,44669.96624659863,BPD,Good,CDU001,BLEND_A
2025-09-19 21:12:36.374800405+00:00,CDU_FEED_TEMP,479.68235739259075,DEGF,Good,CDU001,BLEND_A
2025-09-19 21:12:36.374800405+00:00,TK101_LEVEL,91.06091822243603,PCT,Good,TK101,WTI
2025-09-19 21:12:36.374800405+00:00,TK101_TEMP,76.58392239279851,DEGF,Good,TK101,WTI
2025-09-19 21:12:36.374800405+00:00,TK101_VOLUME,49109.43566410561,BBL,Good,TK101,WTI
2025-09-19 21:12:36.374800405+00:00,TK102_LEVEL,72.9638995128548,PCT,Good,TK102,BRENT
2025-09-19 21:12:36.374800405+00:00,TK102_TEMP,76.25013608990471,DEGF,Good,TK102,BRENT
2025-09-19 21:12:36.374800405+00:00,TK102_VOLUME,34411.73999956295,BBL,Good,TK102,BRENT
2025-09-19 21:12:36.374800405+00:00,TK103_LEVEL,93.74557198850376,PCT,Good,TK103,MAYA
2025-09-19 21:12:36.374800405+00:00,TK103_TEMP,76.51881574623582,DEGF,Good,TK103,MAYA
2025-09-19 21:12:36.374800405+00:00,TK103_VOLUME,42722.69721982998,BBL,Good,TK103,MAYA
2025-09-19 21:12:36.374800405+00:00,TK104_LEVEL,93.968518847547,PCT,Good,TK104,ARB
2025-09-19 21:12:36.374800405+00:00,TK104_TEMP,76.12771262365797,DEGF,Good,TK104,ARB
2025-09-19 21:12:36.374800405+00:00,TK104_VOLUME,51590.08516101765,BBL,Good,TK104,ARB
2025-09-19 21:12:36.374800405+00:00,TK105_LEVEL,76.40761137391236,PCT,Good,TK105,URALS
2025-09-19 21:12:36.374800405+00:00,TK105_TEMP,76.7436031079855,DEGF,Good,TK105,URALS
2025-09-19 21:12:36.374800405+00:00,TK105_VOLUME,38481.2464758349,BBL,Good,TK105,URALS
2025-09-19 21:12:36.374800405+00:00,VDU_FEED_RATE,18573.83884141912,BPD,Good,VDU001,BLEND_B
2025-09-19 22:30:26.645070675+00:00,CDU_FEED_RATE,44417.01973848555,BPD,Good,CDU001,BLEND_A
2025-09-19 22:30:26.645070675+00:00,CDU_FEED_TEMP,480.0110593759706,DEGF,Good,CDU001,BLEND_A
2025-09-19 22:30:26.645070675+00:00,TK101_LEVEL,90.96546117369954,PCT,Good,TK101,WTI
2025-09-19 22:30:26.645070675+00:00,TK101_TEMP,76.68962285133124,DEGF,Good,TK101,WTI
2025-09-19 22:30:26.645070675+00:00,TK101_VOLUME,49057.95538161868,BBL,Good,TK101,WTI
2025-09-19 22:30:26.645070675+00:00,TK102_LEVEL,73.5468541913138,PCT,Good,TK102,BRENT
2025-09-19 22:30:26.645070675+00:00,TK102_TEMP,76.60917557786522,DEGF,Good,TK102,BRENT
2025-09-19 22:30:26.645070675+00:00,TK102_VOLUME,34686.67712546486,BBL,Good,TK102,BRENT
2025-09-19 22:30:26.645070675+00:00,TK103_LEVEL,95.24948440881899,PCT,Good,TK103,MAYA
2025-09-19 22:30:26.645070675+00:00,TK103_TEMP,77.0593970431458,DEGF,Good,TK103,MAYA
2025-09-19 22:30:26.645070675+00:00,TK103_VOLUME,43408.07567147726,BBL,Good,TK103,MAYA
2025-09-19 22:30:26.645070675+00:00,TK104_LEVEL,93.44961874236864,PCT,Good,TK104,ARB
2025-09-19 22:30:26.645070675+00:00,TK104_TEMP,75.39150540265831,DEGF,Good,TK104,ARB
2025-09-19 22:30:26.645070675+00:00,TK104_VOLUME,51305.20144735984,BBL,Good,TK104,ARB
2025-09-19 22:30:26.645070675+00:00,TK105_LEVEL,75.5058743462083,PCT,Good,TK105,URALS
2025-09-19 22:30:26.645070675+00:00,TK105_TEMP,76.92805366036994,DEGF,Good,TK105,URALS
2025-09-19 22:30:26.645070675+00:00,TK105_VOLUME,38027.10369875401,BBL,Good,TK105,URALS
2025-09-19 22:30:26.645070675+00:00,VDU_FEED_RATE,18358.785357893634,BPD,Good,VDU001,BLEND_B
2025-09-19 23:48:16.915340946+00:00,CDU_FEED_RATE,44331.31193580672,BPD,Good,CDU001,BLEND_A
2025-09-19 23:48:16.915340946+00:00,CDU_FEED_TEMP,479.20724860271207,DEGF,Good,CDU001,BLEND_A
2025-09-19 23:48:16.915340946+00:00,TK101_LEVEL,92.91845874195589,PCT,Good,TK101,WTI
2025-09-19 23:48:16.915340946+00:00,TK101_TEMP,76.85267748339918,DEGF,Good,TK101,WTI
2025-09-19 23:48:16.915340946+00:00,TK101_VOLUME,50111.213028287224,BBL,Good,TK101,WTI
2025-09-19 23:48:16.915340946+00:00,TK102_LEVEL,71.92678112899802,PCT,Good,TK102,BRENT
2025-09-19 23:48:16.915340946+00:00,TK102_TEMP,76.96776218055192,DEGF,Good,TK102,BRENT
2025-09-19 23:48:16.915340946+00:00,TK102_VOLUME,33922.6070391219,BBL,Good,TK102,BRENT
2025-09-19 23:48:16.915340946+00:00,TK103_LEVEL,94.52727117539268,PCT,Good,TK103,MAYA
2025-09-19 23:48:16.915340946+00:00,TK103_TEMP,76.52224368230412,DEGF,Good,TK103,MAYA
2025-09-19 23:48:16.915340946+00:00,TK103_VOLUME,43078.94122122706,BBL,Good,TK103,MAYA
2025-09-19 23:48:16.915340946+00:00,TK104_LEVEL,93.67443292003573,PCT,Good,TK104,ARB
2025-09-19 23:48:16.915340946+00:00,TK104_TEMP,77.02898041535984,DEGF,Good,TK104,ARB
2025-09-19 23:48:16.915340946+00:00,TK104_VOLUME,51428.62770450949,BBL,Good,TK104,ARB
2025-09-19 23:48:16.915340946+00:00,TK105_LEVEL,73.72625256957859,PCT,Good,TK105,URALS
2025-09-19 23:48:16.915340946+00:00,TK105_TEMP,76.05178206491472,DEGF,Good,TK105,URALS
2025-09-19 23:48:16.915340946+00:00,TK105_VOLUME,37130.830893089085,BBL,Good,TK105,URALS
2025-09-19 23:48:16.915340946+00:00,VDU_FEED_RATE,18325.145371822717,BPD,Good,VDU001,BLEND_B
2025-09-20 01:06:07.185611216+00:00,CDU_FEED_RATE,44374.75211055808,BPD,Good,CDU001,BLEND_A
2025-09-20 01:06:07.185611216+00:00,CDU_FEED_TEMP,479.08487902513417,DEGF,Good,CDU001,BLEND_A
2025-09-20 01:06:07.185611216+00:00,TK101_LEVEL,91.79388014244735,PCT,Good,TK101,WTI
2025-09-20 01:06:07.185611216+00:00,TK101_TEMP,75.55161868950746,DEGF,Good,TK101,WTI
2025-09-20 01:06:07.185611216+00:00,TK101_VOLUME,49504.7243011816,BBL,Good,TK101,WTI
2025-09-20 01:06:07.185611216+00:00,TK102_LEVEL,72.33666869424435,PCT,Good,TK102,BRENT
2025-09-20 01:06:07.185611216+00:00,TK102_TEMP,76.76514277740797,DEGF,Good,TK102,BRENT
2025-09-20 01:06:07.185611216+00:00,TK102_VOLUME,34115.92105356579,BBL,Good,TK102,BRENT
2025-09-20 01:06:07.185611216+00:00,TK103_LEVEL,93.77485498538326,PCT,Good,TK103,MAYA
2025-09-20 01:06:07.185611216+00:00,TK103_TEMP,75.9030131800577,DEGF,Good,TK103,MAYA
2025-09-20 01:06:07.185611216+00:00,TK103_VOLUME,42736.04236864965,BBL,Good,TK103,MAYA
2025-09-20 01:06:07.185611216+00:00,TK104_LEVEL,93.24525615664923,PCT,Good,TK104,ARB
2025-09-20 01:06:07.185611216+00:00,TK104_TEMP,76.82975021327437,DEGF,Good,TK104,ARB
2025-09-20 01:06:07.185611216+00:00,TK104_VOLUME,51193.00341199339,BBL,Good,TK104,ARB
2025-09-20 01:06:07.185611216+00:00,TK105_LEVEL,73.33279959814733,PCT,Good,TK105,URALS
2025-09-20 01:06:07.185611216+00:00,TK105_TEMP,76.94090251564938,DEGF,Good,TK105,URALS
2025-09-20 01:06:07.185611216+00:00,TK105_VOLUME,36932.67575516437,BBL,Good,TK105,URALS
2025-09-20 01:06:07.185611216+00:00,VDU_FEED_RATE,18173.765109229298,BPD,Good,VDU001,BLEND_B
2025-09-20 02:23:57.455881486+00:00,CDU_FEED_RATE,43869.62421830001,BPD,Good,CDU001,BLEND_A
2025-09-20 02:23:57.455881486+00:00,CDU_FEED_TEMP,477.8375666411799,DEGF,Good,CDU001,BLEND_A
2025-09-20 02:23:57.455881486+00:00,TK101_LEVEL,89.41714066264613,PCT,Good,TK101,WTI
2025-09-20 02:23:57.455881486+00:00,TK101_TEMP,76.48543731336505,DEGF,Good,TK101,WTI
2025-09-20 02:23:57.455881486+00:00,TK101_VOLUME,48222.941327189146,BBL,Good,TK101,WTI
2025-09-20 02:23:57.455881486+00:00,TK102_LEVEL,70.77474212376781,PCT,Good,TK102,BRENT
2025-09-20 02:23:57.455881486+00:00,TK102_TEMP,77.29721386416465,DEGF,Good,TK102,BRENT
2025-09-20 02:23:57.455881486+00:00,TK102_VOLUME,33379.27441871621,BBL,Good,TK102,BRENT
2025-09-20 02:23:57.455881486+00:00,TK103_LEVEL,93.11655736010627,PCT,Good,TK103,MAYA
2025-09-20 02:23:57.455881486+00:00,TK103_TEMP,77.15072127999933,DEGF,Good,TK103,MAYA
2025-09-20 02:23:57.455881486+00:00,TK103_VOLUME,42436.03619738547,BBL,Good,TK103,MAYA
2025-09-20 02:23:57.455881486+00:00,TK104_LEVEL,92.364193013977,PCT,Good,TK104,ARB
2025-09-20 02:23:57.455881486+00:00,TK104_TEMP,76.57807344289057,DEGF,Good,TK104,ARB
2025-09-20 02:23:57.455881486+00:00,TK104_VOLUME,50709.28691714857,BBL,Good,TK104,ARB
2025-09-20 02:23:57.455881486+00:00,TK105_LEVEL,75.5618712482269,PCT,Good,TK105,URALS
2025-09-20 02:23:57.455881486+00:00,TK105_TEMP,76.40128860297965,DEGF,Good,TK105,URALS
2025-09-20 02:23:57.455881486+00:00,TK105_VOLUME,38055.30547799712,BBL,Good,TK105,URALS
2025-09-20 02:23:57.455881486+00:00,VDU_FEED_RATE,17980.162019358293,BPD,Good,VDU001,BLEND_B
2025-09-20 03:41:47.726151756+00:00,CDU_FEED_RATE,44094.496988587736,BPD,Good,CDU001,BLEND_A
2025-09-20 03:41:47.726151756+00:00,CDU_FEED_TEMP,477.5481906150228,DEGF,Good,CDU001,BLEND_A
2025-09-20 03:41:47.726151756+00:00,TK101_LEVEL,90.40360388974914,PCT,Good,TK101,WTI
2025-09-20 03:41:47.726151756+00:00,TK101_TEMP,75.64068040040407,DEGF,Good,TK101,WTI
2025-09-20 03:41:47.726151756+00:00,TK101_VOLUME,48754.94400552899,BBL,Good,TK101,WTI
2025-09-20 03:41:47.726151756+00:00,TK102_LEVEL,71.03510866369915,PCT,Good,TK102,BRENT
2025-09-20 03:41:47.726151756+00:00,TK102_TEMP,76.68330277735247,DEGF,Good,TK102,BRENT
2025-09-20 03:41:47.726151756+00:00,TK102_VOLUME,33502.070290873846,BBL,Good,TK102,BRENT
2025-09-20 03:41:47.726151756+00:00,TK103_LEVEL,93.04082048105761,PCT,Good,TK103,MAYA
2025-09-20 03:41:47.726151756+00:00,TK103_TEMP,76.54560012781825,DEGF,Good,TK103,MAYA
2025-09-20 03:41:47.726151756+00:00,TK103_VOLUME,42401.520607119855,BBL,Good,TK103,MAYA
2025-09-20 03:41:47.726151756+00:00,TK104_LEVEL,91.81887133929364,PCT,Good,TK104,ARB
2025-09-20 03:41:47.726151756+00:00,TK104_TEMP,76.66217208173067,DEGF,Good,TK104,ARB
2025-09-20 03:41:47.726151756+00:00,TK104_VOLUME,50409.89737709733,BBL,Good,TK104,ARB
2025-09-20 03:41:47.726151756+00:00,TK105_LEVEL,75.31195921476973,PCT,Good,TK105,URALS
2025-09-20 03:41:47.726151756+00:00,TK105_TEMP,76.73903802074895,DEGF,Good,TK105,URALS
2025-09-20 03:41:47.726151756+00:00,TK105_VOLUME,37929.4420151324,BBL,Good,TK105,URALS
2025-09-20 03:41:47.726151756+00:00,VDU_FEED_RATE,18028.989819569844,BPD,Good,VDU001,BLEND_B
2025-09-20 04:59:37.996422027+00:00,CDU_FEED_RATE,44273.39982257521,BPD,Good,CDU001,BLEND_A
2025-09-20 04:59:37.996422027+00:00,CDU_FEED_TEMP,477.36252938974224,DEGF,Good,CDU001,BLEND_A
2025-09-20 04:59:37.996422027+00:00,TK101_LEVEL,89.31146245086502,PCT,Good,TK101,WTI
2025-09-20 04:59:37.996422027+00:00,TK101_TEMP,76.81300421232802,DEGF,Good,TK101,WTI
2025-09-20 04:59:37.996422027+00:00,TK101_VOLUME,48165.94873976668,BBL,Good,TK101,WTI
2025-09-20 04:59:37.996422027+00:00,TK102_LEVEL,69.19620659458505,PCT,Good,TK102,BRENT
2025-09-20 04:59:37.996422027+00:00,TK102_TEMP,76.62888998400962,DEGF,Good,TK102,BRENT
2025-09-20 04:59:37.996422027+00:00,TK102_VOLUME,32634.79455164524,BBL,Good,TK102,BRENT
2025-09-20 04:59:37.996422027+00:00,TK103_LEVEL,91.44825359867659,PCT,Good,TK103,MAYA
2025-09-20 04:59:37.996422027+00:00,TK103_TEMP,76.96597597763963,DEGF,Good,TK103,MAYA
2025-09-20 04:59:37.996422027+00:00,TK103_VOLUME,41675.73963128201,BBL,Good,TK103,MAYA
2025-09-20 04:59:37.996422027+00:00,TK104_LEVEL,91.76286829546248,PCT,Good,TK104,ARB
2025-09-20 04:59:37.996422027+00:00,TK104_TEMP,77.16304638005965,DEGF,Good,TK104,ARB
2025-09-20 04:59:37.996422027+00:00,TK104_VOLUME,50379.150890551,BBL,Good,TK104,ARB
2025-09-20 04:59:37.996422027+00:00,TK105_LEVEL,74.10152951670986,PCT,Good,TK105,URALS
2025-09-20 04:59:37.996422027+00:00,TK105_TEMP,77.50344645682445,DEGF,Good,TK105,URALS
2025-09-20 04:59:37.996422027+00:00,TK105_VOLUME,37319.832020589165,BBL,Good,TK105,URALS
2025-09-20 04:59:37.996422027+00:00,VDU_FEED_RATE,18021.206770622743,BPD,Good,VDU001,BLEND_B
2025-09-20 06:17:28.266692297+00:00,CDU_FEED_RATE,43561.06068265655,BPD,Good,CDU001,BLEND_A
2025-09-20 06:17:28.266692297+00:00,CDU_FEED_TEMP,477.0812766595577,DEGF,Good,CDU001,BLEND_A
2025-09-20 06:17:28.266692297+00:00,TK101_LEVEL,89.08349537252654,PCT,Good,TK101,WTI
2025-09-20 06:17:28.266692297+00:00,TK101_TEMP,76.8578981754723,DEGF,Good,TK101,WTI
2025-09-20 06:17:28.266692297+00:00,TK101_VOLUME,48043.005387275436,BBL,Good,TK101,WTI
2025-09-20 06:17:28.266692297+00:00,TK102_LEVEL,68.12209532782562,PCT,Good,TK102,BRENT
2025-09-20 06:17:28.266692297+00:00,TK102_TEMP,78.21220721522417,DEGF,Good,TK102,BRENT
2025-09-20 06:17:28.266692297+00:00,TK102_VOLUME,32128.21475137271,BBL,Good,TK102,BRENT
2025-09-20 06:17:28.266692297+00:00,TK103_LEVEL,92.81676483089785,PCT,Good,TK103,MAYA
2025-09-20 06:17:28.266692297+00:00,TK103_TEMP,76.53648494734472,DEGF,Good,TK103,MAYA
2025-09-20 06:17:28.266692297+00:00,TK103_VOLUME,42299.4116594744,BBL,Good,TK103,MAYA
2025-09-20 06:17:28.266692297+00:00,TK104_LEVEL,92.80643065837201,PCT,Good,TK104,ARB
2025-09-20 06:17:28.266692297+00:00,TK104_TEMP,76.08285962504455,DEGF,Good,TK104,ARB
2025-09-20 06:17:28.266692297+00:00,TK104_VOLUME,50952.081823523135,BBL,Good,TK104,ARB
2025-09-20 06:17:28.266692297+00:00,TK105_LEVEL,74.92364553083645,PCT,Good,TK105,URALS
2025-09-20 06:17:28.266692297+00:00,TK105_TEMP,77.26395827859595,DEGF,Good,TK105,URALS
2025-09-20 06:17:28.266692297+00:00,TK105_VOLUME,37733.8751820292,BBL,Good,TK105,URALS
2025-09-20 06:17:28.266692297+00:00,VDU_FEED_RATE,17805.108001158893,BPD,Good,VDU001,BLEND_B
2025-09-20 07:35:18.536962567+00:00,CDU_FEED_RATE,43078.49639709216,BPD,Good,CDU001,BLEND_A
2025-09-20 07:35:18.536962567+00:00,CDU_FEED_TEMP,476.3251777169245,DEGF,Good,CDU001,BLEND_A
2025-09-20 07:35:18.536962567+00:00,TK101_LEVEL,89.18989566251587,PCT,Good,TK101,WTI
2025-09-20 07:35:18.536962567+00:00,TK101_TEMP,77.4492644464782,DEGF,Good,TK101,WTI
2025-09-20 07:35:18.536962567+00:00,TK101_VOLUME,48100.38739371544,BBL,Good,TK101,WTI
2025-09-20 07:35:18.536962567+00:00,TK102_LEVEL,71.04591524000362,PCT,Good,TK102,BRENT
2025-09-20 07:35:18.536962567+00:00,TK102_TEMP,77.12361713380437,DEGF,Good,TK102,BRENT
2025-09-20 07:35:18.536962567+00:00,TK102_VOLUME,33507.16696329072,BBL,Good,TK102,BRENT
2025-09-20 07:35:18.536962567+00:00,TK103_LEVEL,90.4842210255159,PCT,Good,TK103,MAYA
2025-09-20 07:35:18.536962567+00:00,TK103_TEMP,77.7486491642002,DEGF,Good,TK103,MAYA
2025-09-20 07:35:18.536962567+00:00,TK103_VOLUME,41236.40078188816,BBL,Good,TK103,MAYA
2025-09-20 07:35:18.536962567+00:00,TK104_LEVEL,90.5623911781774,PCT,Good,TK104,ARB
2025-09-20 07:35:18.536962567+00:00,TK104_TEMP,76.63155764330645,DEGF,Good,TK104,ARB
2025-09-20 07:35:18.536962567+00:00,TK104_VOLUME,49720.0714725273,BBL,Good,TK104,ARB
2025-09-20 07:35:18.536962567+00:00,TK105_LEVEL,74.12125946123189,PCT,Good,TK105,URALS
2025-09-20 07:35:18.536962567+00:00,TK105_TEMP,77.32443430309445,DEGF,Good,TK105,URALS
2025-09-20 07:35:18.536962567+00:00,TK105_VOLUME,37329.768633505795,BBL,Good,TK105,URALS
2025-09-20 07:35:18.536962567+00:00,VDU_FEED_RATE,17932.502874499805,BPD,Good,VDU001,BLEND_B
2025-09-20 08:53:08.807232838+00:00,CDU_FEED_RATE,42918.30110102695,BPD,Good,CDU001,BLEND_A
2025-09-20 08:53:08.807232838+00:00,CDU_FEED_TEMP,477.1419413884905,DEGF,Good,CDU001,BLEND_A
2025-09-20 08:53:08.807232838+00:00,TK101_LEVEL,89.24858906727721,PCT,Good,TK101,WTI
2025-09-20 08:53:08.807232838+00:00,TK101_TEMP,77.58763389254868,DEGF,Good,TK101,WTI
2025-09-20 08:53:08.807232838+00:00,TK101_VOLUME,48132.04092896746,BBL,Good,TK101,WTI
2025-09-20 08:53:08.807232838+00:00,TK102_LEVEL,68.74300244825523,PCT,Good,TK102,BRENT
2025-09-20 08:53:08.807232838+00:00,TK102_TEMP,76.63407592319885,DEGF,Good,TK102,BRENT
2025-09-20 08:53:08.807232838+00:00,TK102_VOLUME,32421.051271004406,BBL,Good,TK102,BRENT
2025-09-20 08:53:08.807232838+00:00,TK103_LEVEL,92.05649021097865,PCT,Good,TK103,MAYA
2025-09-20 08:53:08.807232838+00:00,TK103_TEMP,76.55553428409652,DEGF,Good,TK103,MAYA
2025-09-20 08:53:08.807232838+00:00,TK103_VOLUME,41952.9314823124,BBL,Good,TK103,MAYA
2025-09-20 08:53:08.807232838+00:00,TK104_LEVEL,90.8564403251405,PCT,Good,TK104,ARB
2025-09-20 08:53:08.807232838+00:00,TK104_TEMP,76.42566526474185,DEGF,Good,TK104,ARB
2025-09-20 08:53:08.807232838+00:00,TK104_VOLUME,49881.508735978925,BBL,Good,TK104,ARB
2025-09-20 08:53:08.807232838+00:00,TK105_LEVEL,73.37312627887133,PCT,Good,TK105,URALS
2025-09-20 08:53:08.807232838+00:00,TK105_TEMP,77.9482118754166,DEGF,Good,TK105,URALS
2025-09-20 08:53:08.807232838+00:00,TK105_VOLUME,36952.98552421209,BBL,Good,TK105,URALS
2025-09-20 08:53:08.807232838+00:00,VDU_FEED_RATE,17733.554544203264,BPD,Good,VDU001,BLEND_B
2025-09-20 10:10:59.077503108+00:00,CDU_FEED_RATE,43290.534114491755,BPD,Good,CDU001,BLEND_A
2025-09-20 10:10:59.077503108+00:00,CDU_FEED_TEMP,476.6344612720071,DEGF,Good,CDU001,BLEND_A
2025-09-20 10:10:59.077503108+00:00,TK101_LEVEL,87.90391371632329,PCT,Good,TK101,WTI
2025-09-20 10:10:59.077503108+00:00,TK101_TEMP,77.16354871917004,DEGF,Good,TK101,WTI
2025-09-20 10:10:59.077503108+00:00,TK101_VOLUME,47406.85334107742,BBL,Good,TK101,WTI
2025-09-20 10:10:59.077503108+00:00,TK102_LEVEL,68.88622378088172,PCT,Good,TK102,BRENT
2025-09-20 10:10:59.077503108+00:00,TK102_TEMP,76.71502931391983,DEGF,Good,TK102,BRENT
2025-09-20 10:10:59.077503108+00:00,TK102_VOLUME,32488.598308561868,BBL,Good,TK102,BRENT
2025-09-20 10:10:59.077503108+00:00,TK103_LEVEL,92.02100996910073,PCT,Good,TK103,MAYA
2025-09-20 10:10:59.077503108+00:00,TK103_TEMP,76.89344631799077,DEGF,Good,TK103,MAYA
2025-09-20 10:10:59.077503108+00:00,TK103_VOLUME,41936.7620611986,BBL,Good,TK103,MAYA
2025-09-20 10:10:59.077503108+00:00,TK104_LEVEL,90.71634351218835,PCT,Good,TK104,ARB
2025-09-20 10:10:59.077503108+00:00,TK104_TEMP,77.94791583628722,DEGF,Good,TK104,ARB
2025-09-20 10:10:59.077503108+00:00,TK104_VOLUME,49804.59354566168,BBL,Good,TK104,ARB
2025-09-20 10:10:59.077503108+00:00,TK105_LEVEL,71.39194031056341,PCT,Good,TK105,URALS
2025-09-20 10:10:59.077503108+00:00,TK105_TEMP,76.71022152451896,DEGF,Good,TK105,URALS
2025-09-20 10:10:59.077503108+00:00,TK105_VOLUME,35955.19873059231,BBL,Good,TK105,URALS
2025-09-20 10:10:59.077503108+00:00,VDU_FEED_RATE,17574.694182003383,BPD,Good,VDU001,BLEND_B
2025-09-20 11:28:49.347773378+00:00,CDU_FEED_RATE,42925.55721403992,BPD,Good,CDU001,BLEND_A
2025-09-20 11:28:49.347773378+00:00,CDU_FEED_TEMP,475.7281485869093,DEGF,Good,CDU001,BLEND_A
2025-09-20 11:28:49.347773378+00:00,TK101_LEVEL,88.91047621908623,PCT,Good,TK101,WTI
2025-09-20 11:28:49.347773378+00:00,TK101_TEMP,76.88134250758566,DEGF,Good,TK101,WTI
2025-09-20 11:28:49.347773378+00:00,TK101_VOLUME,47949.695621127685,BBL,Good,TK101,WTI
2025-09-20 11:28:49.347773378+00:00,TK102_LEVEL,67.55876185875954,PCT,Good,TK102,BRENT
2025-09-20 11:28:49.347773378+00:00,TK102_TEMP,76.66018308901843,DEGF,Good,TK102,BRENT
2025-09-20 11:28:49.347773378+00:00,TK102_VOLUME,31862.531516238898,BBL,Good,TK102,BRENT
2025-09-20 11:28:49.347773378+00:00,TK103_LEVEL,90.64918455521457,PCT,Good,TK103,MAYA
2025-09-20 11:28:49.347773378+00:00,TK103_TEMP,77.18524739763276,DEGF,Good,TK103,MAYA
2025-09-20 11:28:49.347773378+00:00,TK103_VOLUME,41311.57966001688,BBL,Good,TK103,MAYA
2025-09-20 11:28:49.347773378+00:00,TK104_LEVEL,91.69680471420897,PCT,Good,TK104,ARB
2025-09-20 11:28:49.347773378+00:00,TK104_TEMP,77.56935081221076,DEGF,Good,TK104,ARB
2025-09-20 11:28:49.347773378+00:00,TK104_VOLUME,50342.881022464215,BBL,Good,TK104,ARB
2025-09-20 11:28:49.347773378+00:00,TK105_LEVEL,73.638133036474,PCT,Good,TK105,URALS
2025-09-20 11:28:49.347773378+00:00,TK105_TEMP,76.63858555878782,DEGF,Good,TK105,URALS
2025-09-20 11:28:49.347773378+00:00,TK105_VOLUME,37086.45115903172,BBL,Good,TK105,URALS
2025-09-20 11:28:49.347773378+00:00,VDU_FEED_RATE,17501.682695767246,BPD,Good,VDU001,BLEND_B
2025-09-20 12:46:39.618043648+00:00,CDU_FEED_RATE,43006.177919898415,BPD,Good,CDU001,BLEND_A
2025-09-20 12:46:39.618043648+00:00,CDU_FEED_TEMP,475.8947957162717,DEGF,Good,CDU001,BLEND_A
2025-09-20 12:46:39.618043648+00:00,TK101_LEVEL,86.29865022793774,PCT,Good,TK101,WTI
2025-09-20 12:46:39.618043648+00:00,TK101_TEMP,77.44447391642642,DEGF,Good,TK101,WTI
2025-09-20 12:46:39.618043648+00:00,TK101_VOLUME,46541.12976233819,BBL,Good,TK101,WTI
2025-09-20 12:46:39.618043648+00:00,TK102_LEVEL,67.12919817667412,PCT,Good,TK102,BRENT
2025-09-20 12:46:39.618043648+00:00,TK102_TEMP,77.67017803808194,DEGF,Good,TK102,BRENT
2025-09-20 12:46:39.618043648+00:00,TK102_VOLUME,31659.93771519659,BBL,Good,TK102,BRENT
2025-09-20 12:46:39.618043648+00:00,TK103_LEVEL,89.85607066189277,PCT,Good,TK103,MAYA
2025-09-20 12:46:39.618043648+00:00,TK103_TEMP,76.65580219661007,DEGF,Good,TK103,MAYA
2025-09-20 12:46:39.618043648+00:00,TK103_VOLUME,40950.13363108462,BBL,Good,TK103,MAYA
2025-09-20 12:46:39.618043648+00:00,TK104_LEVEL,89.43010929382646,PCT,Good,TK104,ARB
2025-09-20 12:46:39.618043648+00:00,TK104_TEMP,76.10054703958586,DEGF,Good,TK104,ARB
2025-09-20 12:46:39.618043648+00:00,TK104_VOLUME,49098.43223040288,BBL,Good,TK104,ARB
2025-09-20 12:46:39.618043648+00:00,TK105_LEVEL,72.03696948537821,PCT,Good,TK105,URALS
2025-09-20 12:46:39.618043648+00:00,TK105_TEMP,76.84083222503925,DEGF,Good,TK105,URALS
2025-09-20 12:46:39.618043648+00:00,TK105_VOLUME,36280.055459049436,BBL,Good,TK105,URALS
2025-09-20 12:46:39.618043648+00:00,VDU_FEED_RATE,17410.639739062153,BPD,Good,VDU001,BLEND_B
2025-09-20 14:04:29.888313919+00:00,CDU_FEED_RATE,42502.59054745114,BPD,Good,CDU001,BLEND_A
2025-09-20 14:04:29.888313919+00:00,CDU_FEED_TEMP,475.38344780098384,DEGF,Good,CDU001,BLEND_A
2025-09-20 14:04:29.888313919+00:00,TK101_LEVEL,87.03223506591341,PCT,Good,TK101,WTI
2025-09-20 14:04:29.888313919+00:00,TK101_TEMP,77.00930429898519,DEGF,Good,TK101,WTI
2025-09-20 14:04:29.888313919+00:00,TK101_VOLUME,46936.75434100462,BBL,Good,TK101,WTI
2025-09-20 14:04:29.888313919+00:00,TK102_LEVEL,67.95063772913437,PCT,Good,TK102,BRENT
2025-09-20 14:04:29.888313919+00:00,TK102_TEMP,77.09107447120073,DEGF,Good,TK102,BRENT
2025-09-20 14:04:29.888313919+00:00,TK102_VOLUME,32047.3507303088,BBL,Good,TK102,BRENT
2025-09-20 14:04:29.888313919+00:00,TK103_LEVEL,90.01790117863543,PCT,Good,TK103,MAYA
2025-09-20 14:04:29.888313919+00:00,TK103_TEMP,77.43852288194114,DEGF,Good,TK103,MAYA
2025-09-20 14:04:29.888313919+00:00,TK103_VOLUME,41023.88470029324,BBL,Good,TK103,MAYA
2025-09-20 14:04:29.888313919+00:00,TK104_LEVEL,90.27453175754474,PCT,Good,TK104,ARB
2025-09-20 14:04:29.888313919+00:00,TK104_TEMP,76.51638230432737,DEGF,Good,TK104,ARB
2025-09-20 14:04:29.888313919+00:00,TK104_VOLUME,49562.03245896219,BBL,Good,TK104,ARB
2025-09-20 14:04:29.888313919+00:00,TK105_LEVEL,70.7001368280293,PCT,Good,TK105,URALS
2025-09-20 14:04:29.888313919+00:00,TK105_TEMP,77.14601259094404,DEGF,Good,TK105,URALS
2025-09-20 14:04:29.888313919+00:00,TK105_VOLUME,35606.785007855186,BBL,Good,TK105,URALS
2025-09-20 14:04:29.888313919+00:00,VDU_FEED_RATE,17161.594706671112,BPD,Good,VDU001,BLEND_B
2025-09-20 15:22:20.158584189+00:00,CDU_FEED_RATE,42695.41051512077,BPD,Good,CDU001,BLEND_A
2025-09-20 15:22:20.158584189+00:00,CDU_FEED_TEMP,475.3354232469373,DEGF,Good,CDU001,BLEND_A
2025-09-20 15:22:20.158584189+00:00,TK101_LEVEL,89.20107130945088,PCT,Good,TK101,WTI
2025-09-20 15:22:20.158584189+00:00,TK101_TEMP,77.3449268459454,DEGF,Good,TK101,WTI
2025-09-20 15:22:20.158584189+00:00,TK101_VOLUME,48106.41445477383,BBL,Good,TK101,WTI
2025-09-20 15:22:20.158584189+00:00,TK102_LEVEL,66.97239981439726,PCT,Good,TK102,BRENT
2025-09-20 15:22:20.158584189+00:00,TK102_TEMP,77.40930440949532,DEGF,Good,TK102,BRENT
2025-09-20 15:22:20.158584189+00:00,TK102_VOLUME,31585.987384813303,BBL,Good,TK102,BRENT
2025-09-20 15:22:20.158584189+00:00,TK103_LEVEL,86.33357447952899,PCT,Good,TK103,MAYA
2025-09-20 15:22:20.158584189+00:00,TK103_TEMP,78.15157841040082,DEGF,Good,TK103,MAYA
2025-09-20 15:22:20.158584189+00:00,TK103_VOLUME,39344.825405160205,BBL,Good,TK103,MAYA
2025-09-20 15:22:20.158584189+00:00,TK104_LEVEL,90.1252060841027,PCT,Good,TK104,ARB
2025-09-20 15:22:20.158584189+00:00,TK104_TEMP,77.27945033498833,DEGF,Good,TK104,ARB
2025-09-20 15:22:20.158584189+00:00,TK104_VOLUME,49480.050489850815,BBL,Good,TK104,ARB
2025-09-20 15:22:20.158584189+00:00,TK105_LEVEL,69.99520717663954,PCT,Good,TK105,URALS
2025-09-20 15:22:20.158584189+00:00,TK105_TEMP,76.16834786452112,DEGF,Good,TK105,URALS
2025-09-20 15:22:20.158584189+00:00,TK105_VOLUME,35251.760538754774,BBL,Good,TK105,URALS
2025-09-20 15:22:20.158584189+00:00,VDU_FEED_RATE,17232.61828964183,BPD,Good,VDU001,BLEND_B
2025-09-20 16:40:10.428854459+00:00,CDU_FEED_RATE,42302.83294105791,BPD,Good,CDU001,BLEND_A
2025-09-20 16:40:10.428854459+00:00,CDU_FEED_TEMP,474.01266190707787,DEGF,Good,CDU001,BLEND_A
2025-09-20 16:40:10.428854459+00:00,TK101_LEVEL,86.39703918736623,PCT,Good,TK101,WTI
2025-09-20 16:40:10.428854459+00:00,TK101_TEMP,77.91203240667338,DEGF,Good,TK101,WTI
2025-09-20 16:40:10.428854459+00:00,TK101_VOLUME,46594.19123335596,BBL,Good,TK101,WTI
2025-09-20 16:40:10.428854459+00:00,TK102_LEVEL,67.65050986841351,PCT,Good,TK102,BRENT
2025-09-20 16:40:10.428854459+00:00,TK102_TEMP,77.38720991097385,DEGF,Good,TK102,BRENT
2025-09-20 16:40:10.428854459+00:00,TK102_VOLUME,31905.8023484555,BBL,Good,TK102,BRENT
2025-09-20 16:40:10.428854459+00:00,TK103_LEVEL,89.06791293000103,PCT,Good,TK103,MAYA
2025-09-20 16:40:10.428854459+00:00,TK103_TEMP,77.17373316784614,DEGF,Good,TK103,MAYA
2025-09-20 16:40:10.428854459+00:00,TK103_VOLUME,40590.9462750652,BBL,Good,TK103,MAYA
2025-09-20 16:40:10.428854459+00:00,TK104_LEVEL,88.40003427773294,PCT,Good,TK104,ARB
2025-09-20 16:40:10.428854459+00:00,TK104_TEMP,77.18274414215678,DEGF,Good,TK104,ARB
2025-09-20 16:40:10.428854459+00:00,TK104_VOLUME,48532.90604722746,BBL,Good,TK104,ARB
2025-09-20 16:40:10.428854459+00:00,TK105_LEVEL,70.49082282534461,PCT,Good,TK105,URALS
2025-09-20 16:40:10.428854459+00:00,TK105_TEMP,77.31525012984459,DEGF,Good,TK105,URALS
2025-09-20 16:40:10.428854459+00:00,TK105_VOLUME,35501.367974351335,BBL,Good,TK105,URALS
2025-09-20 16:40:10.428854459+00:00,VDU_FEED_RATE,17198.852177877816,BPD,Good,VDU001,BLEND_B
2025-09-20 17:58:00.699124729+00:00,CDU_FEED_RATE,42017.00005548103,BPD,Good,CDU001,BLEND_A
2025-09-20 17:58:00.699124729+00:00,CDU_FEED_TEMP,474.32742160202537,DEGF,Good,CDU001,BLEND_A
2025-09-20 17:58:00.699124729+00:00,TK101_LEVEL,87.17167657713634,PCT,Good,TK101,WTI
2025-09-20 17:58:00.699124729+00:00,TK101_TEMP,77.21439127447803,DEGF,Good,TK101,WTI
2025-09-20 17:58:00.699124729+00:00,TK101_VOLUME,47011.955580548245,BBL,Good,TK101,WTI
2025-09-20 17:58:00.699124729+00:00,TK102_LEVEL,67.2895799151876,PCT,Good,TK102,BRENT
2025-09-20 17:58:00.699124729+00:00,TK102_TEMP,77.85902315144322,DEGF,Good,TK102,BRENT
2025-09-20 17:58:00.699124729+00:00,TK102_VOLUME,31735.578062316898,BBL,Good,TK102,BRENT
2025-09-20 17:58:00.699124729+00:00,TK103_LEVEL,88.21680333946496,PCT,Good,TK103,MAYA
2025-09-20 17:58:00.699124729+00:00,TK103_TEMP,77.69084835698861,DEGF,Good,TK103,MAYA
2025-09-20 17:58:00.699124729+00:00,TK103_VOLUME,40203.069849906424,BBL,Good,TK103,MAYA
2025-09-20 17:58:00.699124729+00:00,TK104_LEVEL,87.81757218943604,PCT,Good,TK104,ARB
2025-09-20 17:58:00.699124729+00:00,TK104_TEMP,76.83108584343431,DEGF,Good,TK104,ARB
2025-09-20 17:58:00.699124729+00:00,TK104_VOLUME,48213.125879285755,BBL,Good,TK104,ARB
2025-09-20 17:58:00.699124729+00:00,TK105_LEVEL,68.12748258478149,PCT,Good,TK105,URALS
2025-09-20 17:58:00.699124729+00:00,TK105_TEMP,77.2209915815253,DEGF,Good,TK105,URALS
2025-09-20 17:58:00.699124729+00:00,TK105_VOLUME,34311.11641867426,BBL,Good,TK105,URALS
2025-09-20 17:58:00.699124729+00:00,VDU_FEED_RATE,17048.052394497696,BPD,Good,VDU001,BLEND_B
2025-09-20 19:15:50.969395+00:00,CDU_FEED_RATE,41960.82411883704,BPD,Good,CDU001,BLEND_A
2025-09-20 19:15:50.969395+00:00,CDU_FEED_TEMP,474.0931282131224,DEGF,Good,CDU001,BLEND_A
2025-09-20 19:15:50.969395+00:00,TK101_LEVEL,85.38931854302969,PCT,Good,TK101,WTI
2025-09-20 19:15:50.969395+00:00,TK101_TEMP,77.97139106484731,DEGF,Good,TK101,WTI
2025-09-20 19:15:50.969395+00:00,TK101_VOLUME,46050.72436396255,BBL,Good,TK101,WTI
2025-09-20 19:15:50.969395+00:00,TK102_LEVEL,66.71722743685893,PCT,Good,TK102,BRENT
2025-09-20 19:15:50.969395+00:00,TK102_TEMP,77.14517969878405,DEGF,Good,TK102,BRENT
2025-09-20 19:15:50.969395+00:00,TK102_VOLUME,31465.641219524092,BBL,Good,TK102,BRENT
2025-09-20 19:15:50.969395+00:00,TK103_LEVEL,87.8388655185741,PCT,Good,TK103,MAYA
2025-09-20 19:15:50.969395+00:00,TK103_TEMP,76.19383405220678,DEGF,Good,TK103,MAYA
2025-09-20 19:15:50.969395+00:00,TK103_VOLUME,40030.83213512857,BBL,Good,TK103,MAYA
2025-09-20 19:15:50.969395+00:00,TK104_LEVEL,87.25857379079089,PCT,Good,TK104,ARB
2025-09-20 19:15:50.969395+00:00,TK104_TEMP,78.5409328640513,DEGF,Good,TK104,ARB
2025-09-20 19:15:50.969395+00:00,TK104_VOLUME,47906.22761862718,BBL,Good,TK104,ARB
2025-09-20 19:15:50.969395+00:00,TK105_LEVEL,70.05755123929913,PCT,Good,TK105,URALS
2025-09-20 19:15:50.969395+00:00,TK105_TEMP,77.96043162892497,DEGF,Good,TK105,URALS
2025-09-20 19:15:50.969395+00:00,TK105_VOLUME,35283.15894525342,BBL,Good,TK105,URALS
2025-09-20 19:15:50.969395+00:00,VDU_FEED_RATE,17072.746496606906,BPD,Good,VDU001,BLEND_B
2025-09-20 20:33:41.239665270+00:00,CDU_FEED_RATE,41626.14753420032,BPD,Good,CDU001,BLEND_A
2025-09-20 20:33:41.239665270+00:00,CDU_FEED_TEMP,474.16264329591803,DEGF,Good,CDU001,BLEND_A
2025-09-20 20:33:41.239665270+00:00,TK101_LEVEL,85.43364892026482,PCT,Good,TK101,WTI
2025-09-20 20:33:41.239665270+00:00,TK101_TEMP,77.98347967821148,DEGF,Good,TK101,WTI
2025-09-20 20:33:41.239665270+00:00,TK101_VOLUME,46074.63187391623,BBL,Good,TK101,WTI
2025-09-20 20:33:41.239665270+00:00,TK102_LEVEL,66.19005204154132,PCT,Good,TK102,BRENT
2025-09-20 20:33:41.239665270+00:00,TK102_TEMP,77.10699285079382,DEGF,Good,TK102,BRENT
2025-09-20 20:33:41.239665270+00:00,TK102_VOLUME,31217.011105742407,BBL,Good,TK102,BRENT
2025-09-20 20:33:41.239665270+00:00,TK103_LEVEL,88.15109960460745,PCT,Good,TK103,MAYA
2025-09-20 20:33:41.239665270+00:00,TK103_TEMP,77.62531439362292,DEGF,Good,TK103,MAYA
2025-09-20 20:33:41.239665270+00:00,TK103_VOLUME,40173.12666740738,BBL,Good,TK103,MAYA
2025-09-20 20:33:41.239665270+00:00,TK104_LEVEL,86.88687778867508,PCT,Good,TK104,ARB
2025-09-20 20:33:41.239665270+00:00,TK104_TEMP,77.80104895085663,DEGF,Good,TK104,ARB
2025-09-20 20:33:41.239665270+00:00,TK104_VOLUME,47702.16110104936,BBL,Good,TK104,ARB
2025-09-20 20:33:41.239665270+00:00,TK105_LEVEL,67.95938060933078,PCT,Good,TK105,URALS
2025-09-20 20:33:41.239665270+00:00,TK105_TEMP,77.82098868337035,DEGF,Good,TK105,URALS
2025-09-20 20:33:41.239665270+00:00,TK105_VOLUME,34226.455042221365,BBL,Good,TK105,URALS
2025-09-20 20:33:41.239665270+00:00,VDU_FEED_RATE,16965.36899782245,BPD,Good,VDU001,BLEND_B
2025-09-20 21:51:31.509935540+00:00,CDU_FEED_RATE,42290.63458382299,BPD,Good,CDU001,BLEND_A
2025-09-20 21:51:31.509935540+00:00,CDU_FEED_TEMP,473.2723705877641,DEGF,Good,CDU001,BLEND_A
2025-09-20 21:51:31.509935540+00:00,TK101_LEVEL,84.34781149371993,PCT,Good,TK101,WTI
2025-09-20 21:51:31.509935540+00:00,TK101_TEMP,77.24455301516679,DEGF,Good,TK101,WTI
2025-09-20 21:51:31.509935540+00:00,TK101_VOLUME,45489.03638156323,BBL,Good,TK101,WTI
2025-09-20 21:51:31.509935540+00:00,TK102_LEVEL,67.08094231872236,PCT,Good,TK102,BRENT
2025-09-20 21:51:31.509935540+00:00,TK102_TEMP,77.83409757732299,DEGF,Good,TK102,BRENT
2025-09-20 21:51:31.509935540+00:00,TK102_VOLUME,31637.178953009006,BBL,Good,TK102,BRENT
2025-09-20 21:51:31.509935540+00:00,TK103_LEVEL,86.9215210333225,PCT,Good,TK103,MAYA
2025-09-20 21:51:31.509935540+00:00,TK103_TEMP,77.5654277807691,DEGF,Good,TK103,MAYA
2025-09-20 21:51:31.509935540+00:00,TK103_VOLUME,39612.770461831715,BBL,Good,TK103,MAYA
2025-09-20 21:51:31.509935540+00:00,TK104_LEVEL,87.5486636466721,PCT,Good,TK104,ARB
2025-09-20 21:51:31.509935540+00:00,TK104_TEMP,77.95935708516375,DEGF,Good,TK104,ARB
2025-09-20 21:51:31.509935540+00:00,TK104_VOLUME,48065.491173622,BBL,Good,TK104,ARB
2025-09-20 21:51:31.509935540+00:00,TK105_LEVEL,68.8352823960267,PCT,Good,TK105,URALS
2025-09-20 21:51:31.509935540+00:00,TK105_TEMP,77.42160060984753,DEGF,Good,TK105,URALS
2025-09-20 21:51:31.509935540+00:00,TK105_VOLUME,34667.58638943133,BBL,Good,TK105,URALS
2025-09-20 21:51:31.509935540+00:00,VDU_FEED_RATE,16993.35883347614,BPD,Good,VDU001,BLEND_B
2025-09-20 23:09:21.780205811+00:00,CDU_FEED_RATE,41640.78137970184,BPD,Good,CDU001,BLEND_A
2025-09-20 23:09:21.780205811+00:00,CDU_FEED_TEMP,472.0797883041417,DEGF,Good,CDU001,BLEND_A
2025-09-20 23:09:21.780205811+00:00,TK101_LEVEL,83.78347848033438,PCT,Good,TK101,WTI
2025-09-20 23:09:21.780205811+00:00,TK101_TEMP,78.2869987084584,DEGF,Good,TK101,WTI
2025-09-20 23:09:21.780205811+00:00,TK101_VOLUME,45184.689836909565,BBL,Good,TK101,WTI
2025-09-20 23:09:21.780205811+00:00,TK102_LEVEL,63.98487171813155,PCT,Good,TK102,BRENT
2025-09-20 23:09:21.780205811+00:00,TK102_TEMP,78.10053128669963,DEGF,Good,TK102,BRENT
2025-09-20 23:09:21.780205811+00:00,TK102_VOLUME,30176.988677555713,BBL,Good,TK102,BRENT
2025-09-20 23:09:21.780205811+00:00,TK103_LEVEL,85.40537447162203,PCT,Good,TK103,MAYA
2025-09-20 23:09:21.780205811+00:00,TK103_TEMP,77.3908028431445,DEGF,Good,TK103,MAYA
2025-09-20 23:09:21.780205811+00:00,TK103_VOLUME,38921.81654131631,BBL,Good,TK103,MAYA
2025-09-20 23:09:21.780205811+00:00,TK104_LEVEL,86.47472513673672,PCT,Good,TK104,ARB
2025-09-20 23:09:21.780205811+00:00,TK104_TEMP,77.45404416973359,DEGF,Good,TK104,ARB
2025-09-20 23:09:21.780205811+00:00,TK104_VOLUME,47475.883293613275,BBL,Good,TK104,ARB
2025-09-20 23:09:21.780205811+00:00,TK105_LEVEL,67.49234532323021,PCT,Good,TK105,URALS
2025-09-20 23:09:21.780205811+00:00,TK105_TEMP,78.09503206703114,DEGF,Good,TK105,URALS
2025-09-20 23:09:21.780205811+00:00,TK105_VOLUME,33991.24156500115,BBL,Good,TK105,URALS
2025-09-20 23:09:21.780205811+00:00,VDU_FEED_RATE,16915.327464178947,BPD,Good,VDU001,BLEND_B
2025-09-21 00:27:12.050476081+00:00,CDU_FEED_RATE,41701.43417728281,BPD,Good,CDU001,BLEND_A
2025-09-21 00:27:12.050476081+00:00,CDU_FEED_TEMP,472.5397614513831,DEGF,Good,CDU001,BLEND_A
2025-09-21 00:27:12.050476081+00:00,TK101_LEVEL,82.72218764078467,PCT,Good,TK101,WTI
2025-09-21 00:27:12.050476081+00:00,TK101_TEMP,78.22836031837551,DEGF,Good,TK101,WTI
2025-09-21 00:27:12.050476081+00:00,TK101_VOLUME,44612.33239506543,BBL,Good,TK101,WTI
2025-09-21 00:27:12.050476081+00:00,TK102_LEVEL,64.54531459698502,PCT,Good,TK102,BRENT
2025-09-21 00:27:12.050476081+00:00,TK102_TEMP,78.04534330223856,DEGF,Good,TK102,BRENT
2025-09-21 00:27:12.050476081+00:00,TK102_VOLUME,30441.308632498836,BBL,Good,TK102,BRENT
2025-09-21 00:27:12.050476081+00:00,TK103_LEVEL,85.95196263345932,PCT,Good,TK103,MAYA
2025-09-21 00:27:12.050476081+00:00,TK103_TEMP,78.41980238050401,DEGF,Good,TK103,MAYA
2025-09-21 00:27:12.050476081+00:00,TK103_VOLUME,39170.9133258021,BBL,Good,TK103,MAYA
2025-09-21 00:27:12.050476081+00:00,TK104_LEVEL,86.02678884466259,PCT,Good,TK104,ARB
2025-09-21 00:27:12.050476081+00:00,TK104_TEMP,78.24021421927876,DEGF,Good,TK104,ARB
2025-09-21 00:27:12.050476081+00:00,TK104_VOLUME,47229.95974668255,BBL,Good,TK104,ARB
2025-09-21 00:27:12.050476081+00:00,TK105_LEVEL,67.29733092387517,PCT,Good,TK105,URALS
2025-09-21 00:27:12.050476081+00:00,TK105_TEMP,78.24070867560164,DEGF,Good,TK105,URALS
2025-09-21 00:27:12.050476081+00:00,TK105_VOLUME,33893.02625591114,BBL,Good,TK105,URALS
2025-09-21 00:27:12.050476081+00:00,VDU_FEED_RATE,16791.046988504237,BPD,Good,VDU001,BLEND_B
2025-09-21 01:45:02.320746351+00:00,CDU_FEED_RATE,41285.50755562787,BPD,Good,CDU001,BLEND_A
2025-09-21 01:45:02.320746351+00:00,CDU_FEED_TEMP,472.8089256848357,DEGF,Good,CDU001,BLEND_A
2025-09-21 01:45:02.320746351+00:00,TK101_LEVEL,83.4791751581538,PCT,Good,TK101,WTI
2025-09-21 01:45:02.320746351+00:00,TK101_TEMP,78.00997824314254,DEGF,Good,TK101,WTI
2025-09-21 01:45:02.320746351+00:00,TK101_VOLUME,45020.57811132278,BBL,Good,TK101,WTI
2025-09-21 01:45:02.320746351+00:00,TK102_LEVEL,65.28014304539369,PCT,Good,TK102,BRENT
2025-09-21 01:45:02.320746351+00:00,TK102_TEMP,77.55428843490755,DEGF,Good,TK102,BRENT
2025-09-21 01:45:02.320746351+00:00,TK102_VOLUME,30787.87351841843,BBL,Good,TK102,BRENT
2025-09-21 01:45:02.320746351+00:00,TK103_LEVEL,85.70812455005168,PCT,Good,TK103,MAYA
2025-09-21 01:45:02.320746351+00:00,TK103_TEMP,77.7958934586443,DEGF,Good,TK103,MAYA
2025-09-21 01:45:02.320746351+00:00,TK103_VOLUME,39059.78892400779,BBL,Good,TK103,MAYA
2025-09-21 01:45:02.320746351+00:00,TK104_LEVEL,84.21347938679904,PCT,Good,TK104,ARB
2025-09-21 01:45:02.320746351+00:00,TK104_TEMP,77.7687989189652,DEGF,Good,TK104,ARB
2025-09-21 01:45:02.320746351+00:00,TK104_VOLUME,46234.42644998101,BBL,Good,TK104,ARB
2025-09-21 01:45:02.320746351+00:00,TK105_LEVEL,66.35204352552097,PCT,Good,TK105,URALS
2025-09-21 01:45:02.320746351+00:00,TK105_TEMP,77.57474240456051,DEGF,Good,TK105,URALS
2025-09-21 01:45:02.320746351+00:00,TK105_VOLUME,33416.95015940084,BBL,Good,TK105,URALS
2025-09-21 01:45:02.320746351+00:00,VDU_FEED_RATE,16538.960808010037,BPD,Good,VDU001,BLEND_B
2025-09-21 03:02:52.591016621+00:00,CDU_FEED_RATE,41040.291504976114,BPD,Good,CDU001,BLEND_A
2025-09-21 03:02:52.591016621+00:00,CDU_FEED_TEMP,472.6384890336938,DEGF,Good,CDU001,BLEND_A
2025-09-21 03:02:52.591016621+00:00,TK101_LEVEL,81.74488853003979,PCT,Good,TK101,WTI
2025-09-21 03:02:52.591016621+00:00,TK101_TEMP,77.6586941313691,DEGF,Good,TK101,WTI
2025-09-21 03:02:52.591016621+00:00,TK101_VOLUME,44085.27195310419,BBL,Good,TK101,WTI
2025-09-21 03:02:52.591016621+00:00,TK102_LEVEL,64.95954495424144,PCT,Good,TK102,BRENT
2025-09-21 03:02:52.591016621+00:00,TK102_TEMP,78.37859828142862,DEGF,Good,TK102,BRENT
2025-09-21 03:02:52.591016621+00:00,TK102_VOLUME,30636.670824610326,BBL,Good,TK102,BRENT
2025-09-21 03:02:52.591016621+00:00,TK103_LEVEL,85.30305489758118,PCT,Good,TK103,MAYA
2025-09-21 03:02:52.591016621+00:00,TK103_TEMP,77.95111711683613,DEGF,Good,TK103,MAYA
2025-09-21 03:02:52.591016621+00:00,TK103_VOLUME,38875.18641160794,BBL,Good,TK103,MAYA
2025-09-21 03:02:52.591016621+00:00,TK104_LEVEL,83.91876473983295,PCT,Good,TK104,ARB
2025-09-21 03:02:52.591016621+00:00,TK104_TEMP,77.89818427352918,DEGF,Good,TK104,ARB
2025-09-21 03:02:52.591016621+00:00,TK104_VOLUME,46072.623817337124,BBL,Good,TK104,ARB
2025-09-21 03:02:52.591016621+00:00,TK105_LEVEL,66.49527588713454,PCT,Good,TK105,URALS
2025-09-21 03:02:52.591016621+00:00,TK105_TEMP,77.79334373269172,DEGF,Good,TK105,URALS
2025-09-21 03:02:52.591016621+00:00,TK105_VOLUME,33489.08642582062,BBL,Good,TK105,URALS
2025-09-21 03:02:52.591016621+00:00,VDU_FEED_RATE,16875.47707257068,BPD,Good,VDU001,BLEND_B
2025-09-21 04:20:42.861286892+00:00,CDU_FEED_RATE,41132.615705604745,BPD,Good,CDU001,BLEND_A
2025-09-21 04:20:42.861286892+00:00,CDU_FEED_TEMP,473.2240457279809,DEGF,Good,CDU001,BLEND_A
2025-09-21 04:20:42.861286892+00:00,TK101_LEVEL,82.81083869274724,PCT,Good,TK101,WTI
2025-09-21 04:20:42.861286892+00:00,TK101_TEMP,77.69198545825898,DEGF,Good,TK101,WTI
2025-09-21 04:20:42.861286892+00:00,TK101_VOLUME,44660.142182380296,BBL,Good,TK101,WTI
2025-09-21 04:20:42.861286892+00:00,TK102_LEVEL,61.822069232767085,PCT,Good,TK102,BRENT
2025-09-21 04:20:42.861286892+00:00,TK102_TEMP,77.74965800399896,DEGF,Good,TK102,BRENT
2025-09-21 04:20:42.861286892+00:00,TK102_VOLUME,29156.952779067884,BBL,Good,TK102,BRENT
2025-09-21 04:20:42.861286892+00:00,TK103_LEVEL,84.89886809049348,PCT,Good,TK103,MAYA
2025-09-21 04:20:42.861286892+00:00,TK103_TEMP,77.93299203015223,DEGF,Good,TK103,MAYA
2025-09-21 04:20:42.861286892+00:00,TK103_VOLUME,38690.98623859524,BBL,Good,TK103,MAYA
2025-09-21 04:20:42.861286892+00:00,TK104_LEVEL,86.57852937919341,PCT,Good,TK104,ARB
2025-09-21 04:20:42.861286892+00:00,TK104_TEMP,78.42708944745941,DEGF,Good,TK104,ARB
2025-09-21 04:20:42.861286892+00:00,TK104_VOLUME,47532.873334257674,BBL,Good,TK104,ARB
2025-09-21 04:20:42.861286892+00:00,TK105_LEVEL,68.09471260154095,PCT,Good,TK105,URALS
2025-09-21 04:20:42.861286892+00:00,TK105_TEMP,77.00890687399779,DEGF,Good,TK105,URALS
2025-09-21 04:20:42.861286892+00:00,TK105_VOLUME,34294.61243720679,BBL,Good,TK105,URALS
2025-09-21 04:20:42.861286892+00:00,VDU_FEED_RATE,16577.80654184572,BPD,Good,VDU001,BLEND_B
2025-09-21 05:38:33.131557162+00:00,CDU_FEED_RATE,41358.58948637588,BPD,Good,CDU001,BLEND_A
2025-09-21 05:38:33.131557162+00:00,CDU_FEED_TEMP,472.4579559263912,DEGF,Good,CDU001,BLEND_A
2025-09-21 05:38:33.131557162+00:00,TK101_LEVEL,82.78156905828203,PCT,Good,TK101,WTI
2025-09-21 05:38:33.131557162+00:00,TK101_TEMP,77.93537135724415,DEGF,Good,TK101,WTI
2025-09-21 05:38:33.131557162+00:00,TK101_VOLUME,44644.35697772016,BBL,Good,TK101,WTI
2025-09-21 05:38:33.131557162+00:00,TK102_LEVEL,62.482506037858094,PCT,Good,TK102,BRENT
2025-09-21 05:38:33.131557162+00:00,TK102_TEMP,77.94343332330247,DEGF,Good,TK102,BRENT
2025-09-21 05:38:33.131557162+00:00,TK102_VOLUME,29468.43256255903,BBL,Good,TK102,BRENT
2025-09-21 05:38:33.131557162+00:00,TK103_LEVEL,85.32734636552928,PCT,Good,TK103,MAYA
2025-09-21 05:38:33.131557162+00:00,TK103_TEMP,77.24579470981313,DEGF,Good,TK103,MAYA
2025-09-21 05:38:33.131557162+00:00,TK103_VOLUME,38886.256769472944,BBL,Good,TK103,MAYA
2025-09-21 05:38:33.131557162+00:00,TK104_LEVEL,83.80828542653006,PCT,Good,TK104,ARB
2025-09-21 05:38:33.131557162+00:00,TK104_TEMP,77.38970386316551,DEGF,Good,TK104,ARB
2025-09-21 05:38:33.131557162+00:00,TK104_VOLUME,46011.969065599755,BBL,Good,TK104,ARB
2025-09-21 05:38:33.131557162+00:00,TK105_LEVEL,67.14142127997454,PCT,Good,TK105,URALS
2025-09-21 05:38:33.131557162+00:00,TK105_TEMP,77.65887265851102,DEGF,Good,TK105,URALS
2025-09-21 05:38:33.131557162+00:00,TK105_VOLUME,33814.505316347415,BBL,Good,TK105,URALS
2025-09-21 05:38:33.131557162+00:00,VDU_FEED_RATE,16531.53486980365,BPD,Good,VDU001,BLEND_B
2025-09-21 06:56:23.401827432+00:00,CDU_FEED_RATE,40849.83140031572,BPD,Good,CDU001,BLEND_A
2025-09-21 06:56:23.401827432+00:00,CDU_FEED_TEMP,472.00079383594635,DEGF,Good,CDU001,BLEND_A
2025-09-21 06:56:23.401827432+00:00,TK101_LEVEL,81.61696344923908,PCT,Good,TK101,WTI
2025-09-21 06:56:23.401827432+00:00,TK101_TEMP,78.55898503823694,DEGF,Good,TK101,WTI
2025-09-21 06:56:23.401827432+00:00,TK101_VOLUME,44016.2815602107,BBL,Good,TK101,WTI
2025-09-21 06:56:23.401827432+00:00,TK102_LEVEL,63.70713256354696,PCT,Good,TK102,BRENT
2025-09-21 06:56:23.401827432+00:00,TK102_TEMP,77.81571104422997,DEGF,Good,TK102,BRENT
2025-09-21 06:56:23.401827432+00:00,TK102_VOLUME,30045.999412466073,BBL,Good,TK102,BRENT
2025-09-21 06:56:23.401827432+00:00,TK103_LEVEL,82.7560927557423,PCT,Good,TK103,MAYA
2025-09-21 06:56:23.401827432+00:00,TK103_TEMP,77.72169458655249,DEGF,Good,TK103,MAYA
2025-09-21 06:56:23.401827432+00:00,TK103_VOLUME,37714.458602197425,BBL,Good,TK103,MAYA
2025-09-21 06:56:23.401827432+00:00,TK104_LEVEL,82.76548914440612,PCT,Good,TK104,ARB
2025-09-21 06:56:23.401827432+00:00,TK104_TEMP,79.08620173651646,DEGF,Good,TK104,ARB
2025-09-21 06:56:23.401827432+00:00,TK104_VOLUME,45439.458722134106,BBL,Good,TK104,ARB
2025-09-21 06:56:23.401827432+00:00,TK105_LEVEL,65.6649905960871,PCT,Good,TK105,URALS
2025-09-21 06:56:23.401827432+00:00,TK105_TEMP,77.91645302637917,DEGF,Good,TK105,URALS
2025-09-21 06:56:23.401827432+00:00,TK105_VOLUME,33070.92896276759,BBL,Good,TK105,URALS
2025-09-21 06:56:23.401827432+00:00,VDU_FEED_RATE,16447.192067995224,BPD,Good,VDU001,BLEND_B
2025-09-21 08:14:13.672097703+00:00,CDU_FEED_RATE,40663.740943766985,BPD,Good,CDU001,BLEND_A
2025-09-21 08:14:13.672097703+00:00,CDU_FEED_TEMP,471.7465522355079,DEGF,Good,CDU001,BLEND_A
2025-09-21 08:14:13.672097703+00:00,TK101_LEVEL,80.5223688181259,PCT,Good,TK101,WTI
2025-09-21 08:14:13.672097703+00:00,TK101_TEMP,77.89422066666401,DEGF,Good,TK101,WTI
2025-09-21 08:14:13.672097703+00:00,TK101_VOLUME,43425.96328026957,BBL,Good,TK101,WTI
2025-09-21 08:14:13.672097703+00:00,TK102_LEVEL,62.41527608255851,PCT,Good,TK102,BRENT
2025-09-21 08:14:13.672097703+00:00,TK102_TEMP,79.02261242469072,DEGF,Good,TK102,BRENT
2025-09-21 08:14:13.672097703+00:00,TK102_VOLUME,29436.725105071186,BBL,Good,TK102,BRENT
2025-09-21 08:14:13.672097703+00:00,TK103_LEVEL,83.57601327462105,PCT,Good,TK103,MAYA
2025-09-21 08:14:13.672097703+00:00,TK103_TEMP,78.85257999342481,DEGF,Good,TK103,MAYA
2025-09-21 08:14:13.672097703+00:00,TK103_VOLUME,38088.12122251488,BBL,Good,TK103,MAYA
2025-09-21 08:14:13.672097703+00:00,TK104_LEVEL,84.52954581525353,PCT,Good,TK104,ARB
2025-09-21 08:14:13.672097703+00:00,TK104_TEMP,78.46322785772665,DEGF,Good,TK104,ARB
2025-09-21 08:14:13.672097703+00:00,TK104_VOLUME,46407.95152157398,BBL,Good,TK104,ARB
2025-09-21 08:14:13.672097703+00:00,TK105_LEVEL,64.84340288520643,PCT,Good,TK105,URALS
2025-09-21 08:14:13.672097703+00:00,TK105_TEMP,78.40911633866772,DEGF,Good,TK105,URALS
2025-09-21 08:14:13.672097703+00:00,TK105_VOLUME,32657.15187125246,BBL,Good,TK105,URALS
2025-09-21 08:14:13.672097703+00:00,VDU_FEED_RATE,16379.635511466478,BPD,Good,VDU001,BLEND_B
2025-09-21 09:32:03.942367973+00:00,CDU_FEED_RATE,40826.3499509075,BPD,Good,CDU001,BLEND_A
2025-09-21 09:32:03.942367973+00:00,CDU_FEED_TEMP,472.12705947071527,DEGF,Good,CDU001,BLEND_A
2025-09-21 09:32:03.942367973+00:00,TK101_LEVEL,80.82571001886438,PCT,Good,TK101,WTI
2025-09-21 09:32:03.942367973+00:00,TK101_TEMP,78.67598429120073,DEGF,Good,TK101,WTI
2025-09-21 09:32:03.942367973+00:00,TK101_VOLUME,43589.556130778175,BBL,Good,TK101,WTI
2025-09-21 09:32:03.942367973+00:00,TK102_LEVEL,61.66558689671331,PCT,Good,TK102,BRENT
2025-09-21 09:32:03.942367973+00:00,TK102_TEMP,78.77393893740448,DEGF,Good,TK102,BRENT
2025-09-21 09:32:03.942367973+00:00,TK102_VOLUME,29083.1514951623,BBL,Good,TK102,BRENT
2025-09-21 09:32:03.942367973+00:00,TK103_LEVEL,84.25336940494853,PCT,Good,TK103,MAYA
2025-09-21 09:32:03.942367973+00:00,TK103_TEMP,77.40225284345081,DEGF,Good,TK103,MAYA
2025-09-21 09:32:03.942367973+00:00,TK103_VOLUME,38396.81293191663,BBL,Good,TK103,MAYA
2025-09-21 09:32:03.942367973+00:00,TK104_LEVEL,82.94338208622187,PCT,Good,TK104,ARB
2025-09-21 09:32:03.942367973+00:00,TK104_TEMP,79.09770027128101,DEGF,Good,TK104,ARB
2025-09-21 09:32:03.942367973+00:00,TK104_VOLUME,45537.12453756223,BBL,Good,TK104,ARB
2025-09-21 09:32:03.942367973+00:00,TK105_LEVEL,65.27602522933836,PCT,Good,TK105,URALS
2025-09-21 09:32:03.942367973+00:00,TK105_TEMP,77.98453682721089,DEGF,Good,TK105,URALS
2025-09-21 09:32:03.942367973+00:00,TK105_VOLUME,32875.03392195583,BBL,Good,TK105,URALS
2025-09-21 09:32:03.942367973+00:00,VDU_FEED_RATE,16586.74920090767,BPD,Good,VDU001,BLEND_B
2025-09-21 10:49:54.212638243+00:00,CDU_FEED_RATE,40823.20814837271,BPD,Good,CDU001,BLEND_A
2025-09-21 10:49:54.212638243+00:00,CDU_FEED_TEMP,471.1018497703078,DEGF,Good,CDU001,BLEND_A
2025-09-21 10:49:54.212638243+00:00,TK101_LEVEL,79.63203537540085,PCT,Good,TK101,WTI
2025-09-21 10:49:54.212638243+00:00,TK101_TEMP,77.92238387273133,DEGF,Good,TK101,WTI
2025-09-21 10:49:54.212638243+00:00,TK101_VOLUME,42945.803692834896,BBL,Good,TK101,WTI
2025-09-21 10:49:54.212638243+00:00,TK102_LEVEL,60.82160316319045,PCT,Good,TK102,BRENT
2025-09-21 10:49:54.212638243+00:00,TK102_TEMP,78.84575832500997,DEGF,Good,TK102,BRENT
2025-09-21 10:49:54.212638243+00:00,TK102_VOLUME,28685.10603712408,BBL,Good,TK102,BRENT
2025-09-21 10:49:54.212638243+00:00,TK103_LEVEL,80.79779220078467,PCT,Good,TK103,MAYA
2025-09-21 10:49:54.212638243+00:00,TK103_TEMP,78.16010396236268,DEGF,Good,TK103,MAYA
2025-09-21 10:49:54.212638243+00:00,TK103_VOLUME,36822.001711698744,BBL,Good,TK103,MAYA
2025-09-21 10:49:54.212638243+00:00,TK104_LEVEL,82.8086924457944,PCT,Good,TK104,ARB
2025-09-21 10:49:54.212638243+00:00,TK104_TEMP,78.00555175886112,DEGF,Good,TK104,ARB
2025-09-21 10:49:54.212638243+00:00,TK104_VOLUME,45463.177963697075,BBL,Good,TK104,ARB
2025-09-21 10:49:54.212638243+00:00,TK105_LEVEL,65.1307584241446,PCT,Good,TK105,URALS
2025-09-21 10:49:54.212638243+00:00,TK105_TEMP,78.28653564364598,DEGF,Good,TK105,URALS
2025-09-21 10:49:54.212638243+00:00,TK105_VOLUME,32801.87304655479,BBL,Good,TK105,URALS
2025-09-21 10:49:54.212638243+00:00,VDU_FEED_RATE,16522.4817891449,BPD,Good,VDU001,BLEND_B
2025-09-21 12:07:44.482908513+00:00,CDU_FEED_RATE,41025.0944918238,BPD,Good,CDU001,BLEND_A
2025-09-21 12:07:44.482908513+00:00,CDU_FEED_TEMP,471.1586230053507,DEGF,Good,CDU001,BLEND_A
2025-09-21 12:07:44.482908513+00:00,TK101_LEVEL,80.45194040877264,PCT,Good,TK101,WTI
2025-09-21 12:07:44.482908513+00:00,TK101_TEMP,78.52808834251263,DEGF,Good,TK101,WTI
2025-09-21 12:07:44.482908513+00:00,TK101_VOLUME,43387.9810206397,BBL,Good,TK101,WTI
2025-09-21 12:07:44.482908513+00:00,TK102_LEVEL,60.23117178327761,PCT,Good,TK102,BRENT
2025-09-21 12:07:44.482908513+00:00,TK102_TEMP,79.25372834530329,DEGF,Good,TK102,BRENT
2025-09-21 12:07:44.482908513+00:00,TK102_VOLUME,28406.642697461644,BBL,Good,TK102,BRENT
2025-09-21 12:07:44.482908513+00:00,TK103_LEVEL,82.28773523086215,PCT,Good,TK103,MAYA
2025-09-21 12:07:44.482908513+00:00,TK103_TEMP,78.43026260658718,DEGF,Good,TK103,MAYA
2025-09-21 12:07:44.482908513+00:00,TK103_VOLUME,37501.01388900566,BBL,Good,TK103,MAYA
2025-09-21 12:07:44.482908513+00:00,TK104_LEVEL,81.66817530600859,PCT,Good,TK104,ARB
2025-09-21 12:07:44.482908513+00:00,TK104_TEMP,78.16854007271796,DEGF,Good,TK104,ARB
2025-09-21 12:07:44.482908513+00:00,TK104_VOLUME,44837.017446422025,BBL,Good,TK104,ARB
2025-09-21 12:07:44.482908513+00:00,TK105_LEVEL,62.74665450018976,PCT,Good,TK105,URALS
2025-09-21 12:07:44.482908513+00:00,TK105_TEMP,78.01745729394077,DEGF,Good,TK105,URALS
2025-09-21 12:07:44.482908513+00:00,TK105_VOLUME,31601.164254956115,BBL,Good,TK105,URALS
2025-09-21 12:07:44.482908513+00:00,VDU_FEED_RATE,16362.740400252465,BPD,Good,VDU001,BLEND_B
2025-09-21 13:25:34.753178784+00:00,CDU_FEED_RATE,40623.808328845276,BPD,Good,CDU001,BLEND_A
2025-09-21 13:25:34.753178784+00:00,CDU_FEED_TEMP,470.52611235843517,DEGF,Good,CDU001,BLEND_A
2025-09-21 13:25:34.753178784+00:00,TK101_LEVEL,77.26826289002385,PCT,Good,TK101,WTI
2025-09-21 13:25:34.753178784+00:00,TK101_TEMP,78.77262390433059,DEGF,Good,TK101,WTI
2025-09-21 13:25:34.753178784+00:00,TK101_VOLUME,41671.01385915844,BBL,Good,TK101,WTI
2025-09-21 13:25:34.753178784+00:00,TK102_LEVEL,60.486467463007145,PCT,Good,TK102,BRENT
2025-09-21 13:25:34.753178784+00:00,TK102_TEMP,80.12412465116294,DEGF,Good,TK102,BRENT
2025-09-21 13:25:34.753178784+00:00,TK102_VOLUME,28527.047015384873,BBL,Good,TK102,BRENT
2025-09-21 13:25:34.753178784+00:00,TK103_LEVEL,81.10598573904053,PCT,Good,TK103,MAYA
2025-09-21 13:25:34.753178784+00:00,TK103_TEMP,79.58961096068936,DEGF,Good,TK103,MAYA
2025-09-21 13:25:34.753178784+00:00,TK103_VOLUME,36962.454843945125,BBL,Good,TK103,MAYA
2025-09-21 13:25:34.753178784+00:00,TK104_LEVEL,81.07082498164479,PCT,Good,TK104,ARB
2025-09-21 13:25:34.753178784+00:00,TK104_TEMP,78.13684991624368,DEGF,Good,TK104,ARB
2025-09-21 13:25:34.753178784+00:00,TK104_VOLUME,44509.06342008595,BBL,Good,TK104,ARB
2025-09-21 13:25:34.753178784+00:00,TK105_LEVEL,63.08230970569655,PCT,Good,TK105,URALS
2025-09-21 13:25:34.753178784+00:00,TK105_TEMP,78.80335697630922,DEGF,Good,TK105,URALS
2025-09-21 13:25:34.753178784+00:00,TK105_VOLUME,31770.210642635942,BBL,Good,TK105,URALS
2025-09-21 13:25:34.753178784+00:00,VDU_FEED_RATE,16254.247835322236,BPD,Good,VDU001,BLEND_B
2025-09-21 14:43:25.023449054+00:00,CDU_FEED_RATE,40622.50657775629,BPD,Good,CDU001,BLEND_A
2025-09-21 14:43:25.023449054+00:00,CDU_FEED_TEMP,471.6324698405946,DEGF,Good,CDU001,BLEND_A
2025-09-21 14:43:25.023449054+00:00,TK101_LEVEL,78.35578254965313,PCT,Good,TK101,WTI
2025-09-21 14:43:25.023449054+00:00,TK101_TEMP,80.02884764946958,DEGF,Good,TK101,WTI
2025-09-21 14:43:25.023449054+00:00,TK101_VOLUME,42257.51658503206,BBL,Good,TK101,WTI
2025-09-21 14:43:25.023449054+00:00,TK102_LEVEL,59.53759521846514,PCT,Good,TK102,BRENT
2025-09-21 14:43:25.023449054+00:00,TK102_TEMP,77.95166952498504,DEGF,Good,TK102,BRENT
2025-09-21 14:43:25.023449054+00:00,TK102_VOLUME,28079.53331079966,BBL,Good,TK102,BRENT
2025-09-21 14:43:25.023449054+00:00,TK103_LEVEL,80.91237480007328,PCT,Good,TK103,MAYA
2025-09-21 14:43:25.023449054+00:00,TK103_TEMP,79.19058445968831,DEGF,Good,TK103,MAYA
2025-09-21 14:43:25.023449054+00:00,TK103_VOLUME,36874.22047352644,BBL,Good,TK103,MAYA
2025-09-21 14:43:25.023449054+00:00,TK104_LEVEL,80.81163264325711,PCT,Good,TK104,ARB
2025-09-21 14:43:25.023449054+00:00,TK104_TEMP,78.93143141327253,DEGF,Good,TK104,ARB
2025-09-21 14:43:25.023449054+00:00,TK104_VOLUME,44366.763052106355,BBL,Good,TK104,ARB
2025-09-21 14:43:25.023449054+00:00,TK105_LEVEL,60.92951128729348,PCT,Good,TK105,URALS
2025-09-21 14:43:25.023449054+00:00,TK105_TEMP,79.01913987423258,DEGF,Good,TK105,URALS
2025-09-21 14:43:25.023449054+00:00,TK105_VOLUME,30685.994488489276,BBL,Good,TK105,URALS
2025-09-21 14:43:25.023449054+00:00,VDU_FEED_RATE,16308.143952188459,BPD,Good,VDU001,BLEND_B
2025-09-21 16:01:15.293719324+00:00,CDU_FEED_RATE,40572.699547170654,BPD,Good,CDU001,BLEND_A
2025-09-21 16:01:15.293719324+00:00,CDU_FEED_TEMP,470.98201094438195,DEGF,Good,CDU001,BLEND_A
2025-09-21 16:01:15.293719324+00:00,TK101_LEVEL,76.30158121742592,PCT,Good,TK101,WTI
2025-09-21 16:01:15.293719324+00:00,TK101_TEMP,78.2069011163036,DEGF,Good,TK101,WTI
2025-09-21 16:01:15.293719324+00:00,TK101_VOLUME,41149.67943452465,BBL,Good,TK101,WTI
2025-09-21 16:01:15.293719324+00:00,TK102_LEVEL,59.34839401718333,PCT,Good,TK102,BRENT
2025-09-21 16:01:15.293719324+00:00,TK102_TEMP,78.52637065362522,DEGF,Good,TK102,BRENT
2025-09-21 16:01:15.293719324+00:00,TK102_VOLUME,27990.300928901434,BBL,Good,TK102,BRENT
2025-09-21 16:01:15.293719324+00:00,TK103_LEVEL,79.9792809761101,PCT,Good,TK103,MAYA
2025-09-21 16:01:15.293719324+00:00,TK103_TEMP,78.61697368053723,DEGF,Good,TK103,MAYA
2025-09-21 16:01:15.293719324+00:00,TK103_VOLUME,36448.98134944535,BBL,Good,TK103,MAYA
2025-09-21 16:01:15.293719324+00:00,TK104_LEVEL,79.19948414023393,PCT,Good,TK104,ARB
2025-09-21 16:01:15.293719324+00:00,TK104_TEMP,78.9285505950229,DEGF,Good,TK104,ARB
2025-09-21 16:01:15.293719324+00:00,TK104_VOLUME,43481.67004879843,BBL,Good,TK104,ARB
2025-09-21 16:01:15.293719324+00:00,TK105_LEVEL,63.4755749219006,PCT,Good,TK105,URALS
2025-09-21 16:01:15.293719324+00:00,TK105_TEMP,79.0967416182737,DEGF,Good,TK105,URALS
2025-09-21 16:01:15.293719324+00:00,TK105_VOLUME,31968.271221196148,BBL,Good,TK105,URALS
2025-09-21 16:01:15.293719324+00:00,VDU_FEED_RATE,16205.66499169146,BPD,Good,VDU001,BLEND_B
2025-09-21 17:19:05.563989594+00:00,CDU_FEED_RATE,40041.313007388315,BPD,Good,CDU001,BLEND_A
2025-09-21 17:19:05.563989594+00:00,CDU_FEED_TEMP,470.30537205774095,DEGF,Good,CDU001,BLEND_A
2025-09-21 17:19:05.563989594+00:00,TK101_LEVEL,76.40843609529233,PCT,Good,TK101,WTI
2025-09-21 17:19:05.563989594+00:00,TK101_TEMP,79.7216249695622,DEGF,Good,TK101,WTI
2025-09-21 17:19:05.563989594+00:00,TK101_VOLUME,41207.30660161688,BBL,Good,TK101,WTI
2025-09-21 17:19:05.563989594+00:00,TK102_LEVEL,59.08067505731243,PCT,Good,TK102,BRENT
2025-09-21 17:19:05.563989594+00:00,TK102_TEMP,78.67753014422986,DEGF,Good,TK102,BRENT
2025-09-21 17:19:05.563989594+00:00,TK102_VOLUME,27864.03745749243,BBL,Good,TK102,BRENT
2025-09-21 17:19:05.563989594+00:00,TK103_LEVEL,80.3256414765937,PCT,Good,TK103,MAYA
2025-09-21 17:19:05.563989594+00:00,TK103_TEMP,79.6378745348749,DEGF,Good,TK103,MAYA
2025-09-21 17:19:05.563989594+00:00,TK103_VOLUME,36606.828322664354,BBL,Good,TK103,MAYA
2025-09-21 17:19:05.563989594+00:00,TK104_LEVEL,80.10539861408228,PCT,Good,TK104,ARB
2025-09-21 17:19:05.563989594+00:00,TK104_TEMP,78.75341177670154,DEGF,Good,TK104,ARB
2025-09-21 17:19:05.563989594+00:00,TK104_VOLUME,43979.03028632924,BBL,Good,TK104,ARB
2025-09-21 17:19:05.563989594+00:00,TK105_LEVEL,64.02860078231018,PCT,Good,TK105,URALS
2025-09-21 17:19:05.563989594+00:00,TK105_TEMP,78.99179825226976,DEGF,Good,TK105,URALS
2025-09-21 17:19:05.563989594+00:00,TK105_VOLUME,32246.79222269414,BBL,Good,TK105,URALS
2025-09-21 17:19:05.563989594+00:00,VDU_FEED_RATE,16141.005561645352,BPD,Good,VDU001,BLEND_B
2025-09-21 18:36:55.834259865+00:00,CDU_FEED_RATE,40030.80676062349,BPD,Good,CDU001,BLEND_A
2025-09-21 18:36:55.834259865+00:00,CDU_FEED_TEMP,470.4860520513226,DEGF,Good,CDU001,BLEND_A
2025-09-21 18:36:55.834259865+00:00,TK101_LEVEL,78.88936064445204,PCT,Good,TK101,WTI
2025-09-21 18:36:55.834259865+00:00,TK101_TEMP,79.15136846832331,DEGF,Good,TK101,WTI
2025-09-21 18:36:55.834259865+00:00,TK101_VOLUME,42545.27690669163,BBL,Good,TK101,WTI
2025-09-21 18:36:55.834259865+00:00,TK102_LEVEL,57.9460063118225,PCT,Good,TK102,BRENT
2025-09-21 18:36:55.834259865+00:00,TK102_TEMP,78.65103745013833,DEGF,Good,TK102,BRENT
2025-09-21 18:36:55.834259865+00:00,TK102_VOLUME,27328.897119378365,BBL,Good,TK102,BRENT
2025-09-21 18:36:55.834259865+00:00,TK103_LEVEL,81.95844929583964,PCT,Good,TK103,MAYA
2025-09-21 18:36:55.834259865+00:00,TK103_TEMP,78.70618935107912,DEGF,Good,TK103,MAYA
2025-09-21 18:36:55.834259865+00:00,TK103_VOLUME,37350.94831254899,BBL,Good,TK103,MAYA
2025-09-21 18:36:55.834259865+00:00,TK104_LEVEL,80.11136058966339,PCT,Good,TK104,ARB
2025-09-21 18:36:55.834259865+00:00,TK104_TEMP,78.56941266488704,DEGF,Good,TK104,ARB
2025-09-21 18:36:55.834259865+00:00,TK104_VOLUME,43982.303497738016,BBL,Good,TK104,ARB
2025-09-21 18:36:55.834259865+00:00,TK105_LEVEL,61.66566063835102,PCT,Good,TK105,URALS
2025-09-21 18:36:55.834259865+00:00,TK105_TEMP,78.30591076307898,DEGF,Good,TK105,URALS
2025-09-21 18:36:55.834259865+00:00,TK105_VOLUME,31056.7421680947,BBL,Good,TK105,URALS
2025-09-21 18:36:55.834259865+00:00,VDU_FEED_RATE,16178.083129308729,BPD,Good,VDU001,BLEND_B
2025-09-21 19:54:46.104530135+00:00,CDU_FEED_RATE,39948.192253902336,BPD,Good,CDU001,BLEND_A
2025-09-21 19:54:46.104530135+00:00,CDU_FEED_TEMP,470.6931580342106,DEGF,Good,CDU001,BLEND_A
2025-09-21 19:54:46.104530135+00:00,TK101_LEVEL,78.05435767601509,PCT,Good,TK101,WTI
2025-09-21 19:54:46.104530135+00:00,TK101_TEMP,79.37362198694524,DEGF,Good,TK101,WTI
2025-09-21 19:54:46.104530135+00:00,TK101_VOLUME,42094.95721567309,BBL,Good,TK101,WTI
2025-09-21 19:54:46.104530135+00:00,TK102_LEVEL,58.7898814936027,PCT,Good,TK102,BRENT
2025-09-21 19:54:46.104530135+00:00,TK102_TEMP,78.6292444041354,DEGF,Good,TK102,BRENT
2025-09-21 19:54:46.104530135+00:00,TK102_VOLUME,27726.891381491343,BBL,Good,TK102,BRENT
2025-09-21 19:54:46.104530135+00:00,TK103_LEVEL,78.4864375996408,PCT,Good,TK103,MAYA
2025-09-21 19:54:46.104530135+00:00,TK103_TEMP,79.67258592980427,DEGF,Good,TK103,MAYA
2025-09-21 19:54:46.104530135+00:00,TK103_VOLUME,35768.64739642036,BBL,Good,TK103,MAYA
2025-09-21 19:54:46.104530135+00:00,TK104_LEVEL,81.2994650258698,PCT,Good,TK104,ARB
2025-09-21 19:54:46.104530135+00:00,TK104_TEMP,78.53473789307183,DEGF,Good,TK104,ARB
2025-09-21 19:54:46.104530135+00:00,TK104_VOLUME,44634.590133685895,BBL,Good,TK104,ARB
2025-09-21 19:54:46.104530135+00:00,TK105_LEVEL,59.09424216823018,PCT,Good,TK105,URALS
2025-09-21 19:54:46.104530135+00:00,TK105_TEMP,78.85805919599083,DEGF,Good,TK105,URALS
2025-09-21 19:54:46.104530135+00:00,TK105_VOLUME,29761.695952646343,BBL,Good,TK105,URALS
2025-09-21 19:54:46.104530135+00:00,VDU_FEED_RATE,16054.438444783693,BPD,Good,VDU001,BLEND_B
2025-09-21 21:12:36.374800405+00:00,CDU_FEED_RATE,39839.17058026215,BPD,Good,CDU001,BLEND_A
2025-09-21 21:12:36.374800405+00:00,CDU_FEED_TEMP,470.219054582009,DEGF,Good,CDU001,BLEND_A
2025-09-21 21:12:36.374800405+00:00,TK101_LEVEL,76.08579061174929,PCT,Good,TK101,WTI
2025-09-21 21:12:36.374800405+00:00,TK101_TEMP,79.3195462043681,DEGF,Good,TK101,WTI
2025-09-21 21:12:36.374800405+00:00,TK101_VOLUME,41033.30289151079,BBL,Good,TK101,WTI
2025-09-21 21:12:36.374800405+00:00,TK102_LEVEL,60.81809491912734,PCT,Good,TK102,BRENT
2025-09-21 21:12:36.374800405+00:00,TK102_TEMP,79.11054571564631,DEGF,Good,TK102,BRENT
2025-09-21 21:12:36.374800405+00:00,TK102_VOLUME,28683.451454743466,BBL,Good,TK102,BRENT
2025-09-21 21:12:36.374800405+00:00,TK103_LEVEL,78.22735610932985,PCT,Good,TK103,MAYA
2025-09-21 21:12:36.374800405+00:00,TK103_TEMP,78.58093362471249,DEGF,Good,TK103,MAYA
2025-09-21 21:12:36.374800405+00:00,TK103_VOLUME,35650.57611229428,BBL,Good,TK103,MAYA
2025-09-21 21:12:36.374800405+00:00,TK104_LEVEL,79.18109900802192,PCT,Good,TK104,ARB
2025-09-21 21:12:36.374800405+00:00,TK104_TEMP,79.23613029743868,DEGF,Good,TK104,ARB
2025-09-21 21:12:36.374800405+00:00,TK104_VOLUME,43471.57634350067,BBL,Good,TK104,ARB
2025-09-21 21:12:36.374800405+00:00,TK105_LEVEL,61.47424096070089,PCT,Good,TK105,URALS
2025-09-21 21:12:36.374800405+00:00,TK105_TEMP,79.05671891151475,DEGF,Good,TK105,URALS
2025-09-21 21:12:36.374800405+00:00,TK105_VOLUME,30960.337272515222,BBL,Good,TK105,URALS
2025-09-21 21:12:36.374800405+00:00,VDU_FEED_RATE,16117.636542592962,BPD,Good,VDU001,BLEND_B
2025-09-21 22:30:26.645070676+00:00,CDU_FEED_RATE,40329.68098779207,BPD,Good,CDU001,BLEND_A
2025-09-21 22:30:26.645070676+00:00,CDU_FEED_TEMP,469.99439672729267,DEGF,Good,CDU001,BLEND_A
2025-09-21 22:30:26.645070676+00:00,TK101_LEVEL,74.96201502007945,PCT,Good,TK101,WTI
2025-09-21 22:30:26.645070676+00:00,TK101_TEMP,79.57580749537433,DEGF,Good,TK101,WTI
2025-09-21 22:30:26.645070676+00:00,TK101_VOLUME,40427.24722902347,BBL,Good,TK101,WTI
2025-09-21 22:30:26.645070676+00:00,TK102_LEVEL,55.786111262472126,PCT,Good,TK102,BRENT
2025-09-21 22:30:26.645070676+00:00,TK102_TEMP,78.74514222863202,DEGF,Good,TK102,BRENT
2025-09-21 22:30:26.645070676+00:00,TK102_VOLUME,26310.23244601488,BBL,Good,TK102,BRENT
2025-09-21 22:30:26.645070676+00:00,TK103_LEVEL,77.75427917273144,PCT,Good,TK103,MAYA
2025-09-21 22:30:26.645070676+00:00,TK103_TEMP,79.8900730021713,DEGF,Good,TK103,MAYA
2025-09-21 22:30:26.645070676+00:00,TK103_VOLUME,35434.98062020579,BBL,Good,TK103,MAYA
2025-09-21 22:30:26.645070676+00:00,TK104_LEVEL,76.42017053189268,PCT,Good,TK104,ARB
2025-09-21 22:30:26.645070676+00:00,TK104_TEMP,79.12065069648243,DEGF,Good,TK104,ARB
2025-09-21 22:30:26.645070676+00:00,TK104_VOLUME,41955.7864071064,BBL,Good,TK104,ARB
2025-09-21 22:30:26.645070676+00:00,TK105_LEVEL,59.62050890906106,PCT,Good,TK105,URALS
2025-09-21 22:30:26.645070676+00:00,TK105_TEMP,79.15179642981641,DEGF,Good,TK105,URALS
2025-09-21 22:30:26.645070676+00:00,TK105_VOLUME,30026.740230327578,BBL,Good,TK105,URALS
2025-09-21 22:30:26.645070676+00:00,VDU_FEED_RATE,16090.93562523994,BPD,Good,VDU001,BLEND_B
2025-09-21 23:48:16.915340946+00:00,CDU_FEED_RATE,40167.55358867229,BPD,Good,CDU001,BLEND_A
2025-09-21 23:48:16.915340946+00:00,CDU_FEED_TEMP,469.8629452885205,DEGF,Good,CDU001,BLEND_A
2025-09-21 23:48:16.915340946+00:00,TK101_LEVEL,73.17308539745989,PCT,Good,TK101,WTI
2025-09-21 23:48:16.915340946+00:00,TK101_TEMP,79.37039706302075,DEGF,Good,TK101,WTI
2025-09-21 23:48:16.915340946+00:00,TK101_VOLUME,39462.471934368004,BBL,Good,TK101,WTI
2025-09-21 23:48:16.915340946+00:00,TK102_LEVEL,57.56020618516938,PCT,Good,TK102,BRENT
2025-09-21 23:48:16.915340946+00:00,TK102_TEMP,79.61476079897047,DEGF,Good,TK102,BRENT
2025-09-21 23:48:16.915340946+00:00,TK102_VOLUME,27146.94338967335,BBL,Good,TK102,BRENT
2025-09-21 23:48:16.915340946+00:00,TK103_LEVEL,80.45672778870426,PCT,Good,TK103,MAYA
2025-09-21 23:48:16.915340946+00:00,TK103_TEMP,79.24417279246626,DEGF,Good,TK103,MAYA
2025-09-21 23:48:16.915340946+00:00,TK103_VOLUME,36666.568326412475,BBL,Good,TK103,MAYA
2025-09-21 23:48:16.915340946+00:00,TK104_LEVEL,78.33345790049955,PCT,Good,TK104,ARB
2025-09-21 23:48:16.915340946+00:00,TK104_TEMP,79.10443611902262,DEGF,Good,TK104,ARB
2025-09-21 23:48:16.915340946+00:00,TK104_VOLUME,43006.20903262494,BBL,Good,TK104,ARB
2025-09-21 23:48:16.915340946+00:00,TK105_LEVEL,59.53434439272687,PCT,Good,TK105,URALS
2025-09-21 23:48:16.915340946+00:00,TK105_TEMP,79.48473022419667,DEGF,Good,TK105,URALS
2025-09-21 23:48:16.915340946+00:00,TK105_VOLUME,29983.34510344289,BBL,Good,TK105,URALS
2025-09-21 23:48:16.915340946+00:00,VDU_FEED_RATE,16122.887535535412,BPD,Good,VDU001,BLEND_B
2025-09-22 01:06:07.185611216+00:00,CDU_FEED_RATE,40084.797437320325,BPD,Good,CDU001,BLEND_A
2025-09-22 01:06:07.185611216+00:00,CDU_FEED_TEMP,470.2993277927155,DEGF,Good,CDU001,BLEND_A
2025-09-22 01:06:07.185611216+00:00,TK101_LEVEL,75.28173286968841,PCT,Good,TK101,WTI
2025-09-22 01:06:07.185611216+00:00,TK101_TEMP,80.26877190388244,DEGF,Good,TK101,WTI
2025-09-22 01:06:07.185611216+00:00,TK101_VOLUME,40599.67205706753,BBL,Good,TK101,WTI
2025-09-22 01:06:07.185611216+00:00,TK102_LEVEL,56.16361771467999,PCT,Good,TK102,BRENT
2025-09-22 01:06:07.185611216+00:00,TK102_TEMP,79.56759597386801,DEGF,Good,TK102,BRENT
2025-09-22 01:06:07.185611216+00:00,TK102_VOLUME,26488.27465549473,BBL,Good,TK102,BRENT
2025-09-22 01:06:07.185611216+00:00,TK103_LEVEL,77.95458393887436,PCT,Good,TK103,MAYA
2025-09-22 01:06:07.185611216+00:00,TK103_TEMP,79.02749469268308,DEGF,Good,TK103,MAYA
2025-09-22 01:06:07.185611216+00:00,TK103_VOLUME,35526.26557046096,BBL,Good,TK103,MAYA
2025-09-22 01:06:07.185611216+00:00,TK104_LEVEL,80.85456160871199,PCT,Good,TK104,ARB
2025-09-22 01:06:07.185611216+00:00,TK104_TEMP,80.3152915562195,DEGF,Good,TK104,ARB
2025-09-22 01:06:07.185611216+00:00,TK104_VOLUME,44390.33167924716,BBL,Good,TK104,ARB
2025-09-22 01:06:07.185611216+00:00,TK105_LEVEL,60.51188436650183,PCT,Good,TK105,URALS
2025-09-22 01:06:07.185611216+00:00,TK105_TEMP,80.25451749933922,DEGF,Good,TK105,URALS
2025-09-22 01:06:07.185611216+00:00,TK105_VOLUME,30475.664598770796,BBL,Good,TK105,URALS
2025-09-22 01:06:07.185611216+00:00,VDU_FEED_RATE,15955.069591089281,BPD,Good,VDU001,BLEND_B
2025-09-22 02:23:57.455881486+00:00,CDU_FEED_RATE,39392.31869485505,BPD,Good,CDU001,BLEND_A
2025-09-22 02:23:57.455881486+00:00,CDU_FEED_TEMP,469.90196850780586,DEGF,Good,CDU001,BLEND_A
2025-09-22 02:23:57.455881486+00:00,TK101_LEVEL,77.94841640318312,PCT,Good,TK101,WTI
2025-09-22 02:23:57.455881486+00:00,TK101_TEMP,79.40871799551381,DEGF,Good,TK101,WTI
2025-09-22 02:23:57.455881486+00:00,TK101_VOLUME,42037.822758609895,BBL,Good,TK101,WTI
2025-09-22 02:23:57.455881486+00:00,TK102_LEVEL,57.20398339413283,PCT,Good,TK102,BRENT
2025-09-22 02:23:57.455881486+00:00,TK102_TEMP,79.877467900008,DEGF,Good,TK102,BRENT
2025-09-22 02:23:57.455881486+00:00,TK102_VOLUME,26978.93912799174,BBL,Good,TK102,BRENT
2025-09-22 02:23:57.455881486+00:00,TK103_LEVEL,78.09405759736265,PCT,Good,TK103,MAYA
2025-09-22 02:23:57.455881486+00:00,TK103_TEMP,79.52838176108803,DEGF,Good,TK103,MAYA
2025-09-22 02:23:57.455881486+00:00,TK103_VOLUME,35589.82794205188,BBL,Good,TK103,MAYA
2025-09-22 02:23:57.455881486+00:00,TK104_LEVEL,78.68419672390338,PCT,Good,TK104,ARB
2025-09-22 02:23:57.455881486+00:00,TK104_TEMP,79.5957907285298,DEGF,Good,TK104,ARB
2025-09-22 02:23:57.455881486+00:00,TK104_VOLUME,43198.769753923894,BBL,Good,TK104,ARB
2025-09-22 02:23:57.455881486+00:00,TK105_LEVEL,59.842635115538236,PCT,Good,TK105,URALS
2025-09-22 02:23:57.455881486+00:00,TK105_TEMP,80.04300167396848,DEGF,Good,TK105,URALS
2025-09-22 02:23:57.455881486+00:00,TK105_VOLUME,30138.60988763647,BBL,Good,TK105,URALS
2025-09-22 02:23:57.455881486+00:00,VDU_FEED_RATE,16109.015955962375,BPD,Good,VDU001,BLEND_B
2025-09-22 03:41:47.726151757+00:00,CDU_FEED_RATE,40535.6616590188,BPD,Good,CDU001,BLEND_A
2025-09-22 03:41:47.726151757+00:00,CDU_FEED_TEMP,469.81670602134693,DEGF,Good,CDU001,BLEND_A
2025-09-22 03:41:47.726151757+00:00,TK101_LEVEL,75.68142695418082,PCT,Good,TK101,WTI
2025-09-22 03:41:47.726151757+00:00,TK101_TEMP,80.29896496254382,DEGF,Good,TK101,WTI
2025-09-22 03:41:47.726151757+00:00,TK101_VOLUME,40815.228316666806,BBL,Good,TK101,WTI
2025-09-22 03:41:47.726151757+00:00,TK102_LEVEL,56.3916795817229,PCT,Good,TK102,BRENT
2025-09-22 03:41:47.726151757+00:00,TK102_TEMP,79.98671190227333,DEGF,Good,TK102,BRENT
2025-09-22 03:41:47.726151757+00:00,TK102_VOLUME,26595.83477392169,BBL,Good,TK102,BRENT
2025-09-22 03:41:47.726151757+00:00,TK103_LEVEL,77.43545500838555,PCT,Good,TK103,MAYA
2025-09-22 03:41:47.726151757+00:00,TK103_TEMP,79.87151976631431,DEGF,Good,TK103,MAYA
2025-09-22 03:41:47.726151757+00:00,TK103_VOLUME,35289.682789590544,BBL,Good,TK103,MAYA
2025-09-22 03:41:47.726151757+00:00,TK104_LEVEL,76.72548283689122,PCT,Good,TK104,ARB
2025-09-22 03:41:47.726151757+00:00,TK104_TEMP,80.36786914341766,DEGF,Good,TK104,ARB
2025-09-22 03:41:47.726151757+00:00,TK104_VOLUME,42123.4073083269,BBL,Good,TK104,ARB
2025-09-22 03:41:47.726151757+00:00,TK105_LEVEL,58.81851350646837,PCT,Good,TK105,URALS
2025-09-22 03:41:47.726151757+00:00,TK105_TEMP,79.23908878652985,DEGF,Good,TK105,URALS
2025-09-22 03:41:47.726151757+00:00,TK105_VOLUME,29622.830433846324,BBL,Good,TK105,URALS
2025-09-22 03:41:47.726151757+00:00,VDU_FEED_RATE,15897.60728556326,BPD,Good,VDU001,BLEND_B
2025-09-22 04:59:37.996422027+00:00,CDU_FEED_RATE,39785.26085700024,BPD,Good,CDU001,BLEND_A
2025-09-22 04:59:37.996422027+00:00,CDU_FEED_TEMP,469.34962683854957,DEGF,Good,CDU001,BLEND_A
2025-09-22 04:59:37.996422027+00:00,TK101_LEVEL,74.42185704452808,PCT,Good,TK101,WTI
2025-09-22 04:59:37.996422027+00:00,TK101_TEMP,79.50723328927158,DEGF,Good,TK101,WTI
2025-09-22 04:59:37.996422027+00:00,TK101_VOLUME,40135.93835726363,BBL,Good,TK101,WTI
2025-09-22 04:59:37.996422027+00:00,TK102_LEVEL,56.841863530297886,PCT,Good,TK102,BRENT
2025-09-22 04:59:37.996422027+00:00,TK102_TEMP,80.13092027609143,DEGF,Good,TK102,BRENT
2025-09-22 04:59:37.996422027+00:00,TK102_VOLUME,26808.15364796446,BBL,Good,TK102,BRENT
2025-09-22 04:59:37.996422027+00:00,TK103_LEVEL,76.62870171894909,PCT,Good,TK103,MAYA
2025-09-22 04:59:37.996422027+00:00,TK103_TEMP,79.58204263411524,DEGF,Good,TK103,MAYA
2025-09-22 04:59:37.996422027+00:00,TK103_VOLUME,34922.020874637135,BBL,Good,TK103,MAYA
2025-09-22 04:59:37.996422027+00:00,TK104_LEVEL,77.86236494299075,PCT,Good,TK104,ARB
2025-09-22 04:59:37.996422027+00:00,TK104_TEMP,79.56279075803674,DEGF,Good,TK104,ARB
2025-09-22 04:59:37.996422027+00:00,TK104_VOLUME,42747.572139176984,BBL,Good,TK104,ARB
2025-09-22 04:59:37.996422027+00:00,TK105_LEVEL,58.391903297065696,PCT,Good,TK105,URALS
2025-09-22 04:59:37.996422027+00:00,TK105_TEMP,80.1686182870264,DEGF,Good,TK105,URALS
2025-09-22 04:59:37.996422027+00:00,TK105_VOLUME,29407.976280942694,BBL,Good,TK105,URALS
2025-09-22 04:59:37.996422027+00:00,VDU_FEED_RATE,15932.843597566662,BPD,Good,VDU001,BLEND_B
2025-09-22 06:17:28.266692297+00:00,CDU_FEED_RATE,40514.575205727895,BPD,Good,CDU001,BLEND_A
2025-09-22 06:17:28.266692297+00:00,CDU_FEED_TEMP,470.0420643217499,DEGF,Good,CDU001,BLEND_A
2025-09-22 06:17:28.266692297+00:00,TK101_LEVEL,75.19828510858183,PCT,Good,TK101,WTI
2025-09-22 06:17:28.266692297+00:00,TK101_TEMP,79.89652278641799,DEGF,Good,TK101,WTI
2025-09-22 06:17:28.266692297+00:00,TK101_VOLUME,40554.668420651666,BBL,Good,TK101,WTI
2025-09-22 06:17:28.266692297+00:00,TK102_LEVEL,57.00729090126817,PCT,Good,TK102,BRENT
2025-09-22 06:17:28.266692297+00:00,TK102_TEMP,79.73994424120669,DEGF,Good,TK102,BRENT
2025-09-22 06:17:28.266692297+00:00,TK102_VOLUME,26886.173651235225,BBL,Good,TK102,BRENT
2025-09-22 06:17:28.266692297+00:00,TK103_LEVEL,77.08974951924172,PCT,Good,TK103,MAYA
2025-09-22 06:17:28.266692297+00:00,TK103_TEMP,80.20362546261629,DEGF,Good,TK103,MAYA
2025-09-22 06:17:28.266692297+00:00,TK103_VOLUME,35132.13432488294,BBL,Good,TK103,MAYA
2025-09-22 06:17:28.266692297+00:00,TK104_LEVEL,76.28102057217444,PCT,Good,TK104,ARB
2025-09-22 06:17:28.266692297+00:00,TK104_TEMP,80.04903685151795,DEGF,Good,TK104,ARB
2025-09-22 06:17:28.266692297+00:00,TK104_VOLUME,41879.391053002095,BBL,Good,TK104,ARB
2025-09-22 06:17:28.266692297+00:00,TK105_LEVEL,58.919120553392155,PCT,Good,TK105,URALS
2025-09-22 06:17:28.266692297+00:00,TK105_TEMP,80.2467998934515,DEGF,Good,TK105,URALS
2025-09-22 06:17:28.266692297+00:00,TK105_VOLUME,29673.499267752602,BBL,Good,TK105,URALS
2025-09-22 06:17:28.266692297+00:00,VDU_FEED_RATE,15934.69537597836,BPD,Good,VDU001,BLEND_B
2025-09-22 07:35:18.536962567+00:00,CDU_FEED_RATE,39637.869862581996,BPD,Good,CDU001,BLEND_A
2025-09-22 07:35:18.536962567+00:00,CDU_FEED_TEMP,469.9097487460937,DEGF,Good,CDU001,BLEND_A
2025-09-22 07:35:18.536962567+00:00,TK101_LEVEL,72.94141997227591,PCT,Good,TK101,WTI
2025-09-22 07:35:18.536962567+00:00,TK101_TEMP,79.48854951931824,DEGF,Good,TK101,WTI
2025-09-22 07:35:18.536962567+00:00,TK101_VOLUME,39337.53405195088,BBL,Good,TK101,WTI
2025-09-22 07:35:18.536962567+00:00,TK102_LEVEL,55.793378868716395,PCT,Good,TK102,BRENT
2025-09-22 07:35:18.536962567+00:00,TK102_TEMP,81.08510249678018,DEGF,Good,TK102,BRENT
2025-09-22 07:35:18.536962567+00:00,TK102_VOLUME,26313.660044843436,BBL,Good,TK102,BRENT
2025-09-22 07:35:18.536962567+00:00,TK103_LEVEL,79.55231719778152,PCT,Good,TK103,MAYA
2025-09-22 07:35:18.536962567+00:00,TK103_TEMP,79.73303385363131,DEGF,Good,TK103,MAYA
2025-09-22 07:35:18.536962567+00:00,TK103_VOLUME,36254.401020599485,BBL,Good,TK103,MAYA
2025-09-22 07:35:18.536962567+00:00,TK104_LEVEL,75.43839990370613,PCT,Good,TK104,ARB
2025-09-22 07:35:18.536962567+00:00,TK104_TEMP,79.99679278733518,DEGF,Good,TK104,ARB
2025-09-22 07:35:18.536962567+00:00,TK104_VOLUME,41416.78003627169,BBL,Good,TK104,ARB
2025-09-22 07:35:18.536962567+00:00,TK105_LEVEL,58.15299237184778,PCT,Good,TK105,URALS
2025-09-22 07:35:18.536962567+00:00,TK105_TEMP,79.62149705898757,DEGF,Good,TK105,URALS
2025-09-22 07:35:18.536962567+00:00,TK105_VOLUME,29287.653317905802,BBL,Good,TK105,URALS
2025-09-22 07:35:18.536962567+00:00,VDU_FEED_RATE,15866.083644825703,BPD,Good,VDU001,BLEND_B
2025-09-22 08:53:08.807232838+00:00,CDU_FEED_RATE,39801.40487933745,BPD,Good,CDU001,BLEND_A
2025-09-22 08:53:08.807232838+00:00,CDU_FEED_TEMP,469.84818616363225,DEGF,Good,CDU001,BLEND_A
2025-09-22 08:53:08.807232838+00:00,TK101_LEVEL,73.99209951248557,PCT,Good,TK101,WTI
2025-09-22 08:53:08.807232838+00:00,TK101_TEMP,80.35056242203743,DEGF,Good,TK101,WTI
2025-09-22 08:53:08.807232838+00:00,TK101_VOLUME,39904.168787145165,BBL,Good,TK101,WTI
2025-09-22 08:53:08.807232838+00:00,TK102_LEVEL,56.52005458927523,PCT,Good,TK102,BRENT
2025-09-22 08:53:08.807232838+00:00,TK102_TEMP,80.2402661201047,DEGF,Good,TK102,BRENT
2025-09-22 08:53:08.807232838+00:00,TK102_VOLUME,26656.3798847481,BBL,Good,TK102,BRENT
2025-09-22 08:53:08.807232838+00:00,TK103_LEVEL,78.27318906293206,PCT,Good,TK103,MAYA
2025-09-22 08:53:08.807232838+00:00,TK103_TEMP,80.43323675882934,DEGF,Good,TK103,MAYA
2025-09-22 08:53:08.807232838+00:00,TK103_VOLUME,35671.463577780945,BBL,Good,TK103,MAYA
2025-09-22 08:53:08.807232838+00:00,TK104_LEVEL,76.23088260993177,PCT,Good,TK104,ARB
2025-09-22 08:53:08.807232838+00:00,TK104_TEMP,79.2742394071046,DEGF,Good,TK104,ARB
2025-09-22 08:53:08.807232838+00:00,TK104_VOLUME,41851.86458165166,BBL,Good,TK104,ARB
2025-09-22 08:53:08.807232838+00:00,TK105_LEVEL,57.24026534066998,PCT,Good,TK105,URALS
2025-09-22 08:53:08.807232838+00:00,TK105_TEMP,80.54748352318138,DEGF,Good,TK105,URALS
2025-09-22 08:53:08.807232838+00:00,TK105_VOLUME,28827.975633701924,BBL,Good,TK105,URALS
2025-09-22 08:53:08.807232838+00:00,VDU_FEED_RATE,16129.210369911505,BPD,Good,VDU001,BLEND_B
2025-09-22 10:10:59.077503108+00:00,CDU_FEED_RATE,39463.87949149178,BPD,Good,CDU001,BLEND_A
2025-09-22 10:10:59.077503108+00:00,CDU_FEED_TEMP,470.1285690129827,DEGF,Good,CDU001,BLEND_A
2025-09-22 10:10:59.077503108+00:00,TK101_LEVEL,74.19425264653084,PCT,Good,TK101,WTI
2025-09-22 10:10:59.077503108+00:00,TK101_TEMP,80.94475836050597,DEGF,Good,TK101,WTI
2025-09-22 10:10:59.077503108+00:00,TK101_VOLUME,40013.190599405425,BBL,Good,TK101,WTI
2025-09-22 10:10:59.077503108+00:00,TK102_LEVEL,52.84905670540428,PCT,Good,TK102,BRENT
2025-09-22 10:10:59.077503108+00:00,TK102_TEMP,79.2909530057303,DEGF,Good,TK102,BRENT
2025-09-22 10:10:59.077503108+00:00,TK102_VOLUME,24925.03841914487,BBL,Good,TK102,BRENT
2025-09-22 10:10:59.077503108+00:00,TK103_LEVEL,75.83353262249744,PCT,Good,TK103,MAYA
2025-09-22 10:10:59.077503108+00:00,TK103_TEMP,80.443306413061,DEGF,Good,TK103,MAYA
2025-09-22 10:10:59.077503108+00:00,TK103_VOLUME,34559.6382273753,BBL,Good,TK103,MAYA
2025-09-22 10:10:59.077503108+00:00,TK104_LEVEL,76.4761307107366,PCT,Good,TK104,ARB
2025-09-22 10:10:59.077503108+00:00,TK104_TEMP,80.93636453517466,DEGF,Good,TK104,ARB
2025-09-22 10:10:59.077503108+00:00,TK104_VOLUME,41986.50936015057,BBL,Good,TK104,ARB
2025-09-22 10:10:59.077503108+00:00,TK105_LEVEL,57.82229159112653,PCT,Good,TK105,URALS
2025-09-22 10:10:59.077503108+00:00,TK105_TEMP,80.14200706407007,DEGF,Good,TK105,URALS
2025-09-22 10:10:59.077503108+00:00,TK105_VOLUME,29121.10213244327,BBL,Good,TK105,URALS
2025-09-22 10:10:59.077503108+00:00,VDU_FEED_RATE,15886.164359035869,BPD,Good,VDU001,BLEND_B
2025-09-22 11:28:49.347773378+00:00,CDU_FEED_RATE,40120.95984734027,BPD,Good,CDU001,BLEND_A
2025-09-22 11:28:49.347773378+00:00,CDU_FEED_TEMP,470.43485833807716,DEGF,Good,CDU001,BLEND_A
2025-09-22 11:28:49.347773378+00:00,TK101_LEVEL,73.8327336565798,PCT,Good,TK101,WTI
2025-09-22 11:28:49.347773378+00:00,TK101_TEMP,80.28327445920324,DEGF,Good,TK101,WTI
2025-09-22 11:28:49.347773378+00:00,TK101_VOLUME,39818.222286709686,BBL,Good,TK101,WTI
2025-09-22 11:28:49.347773378+00:00,TK102_LEVEL,56.607866031994725,PCT,Good,TK102,BRENT
2025-09-22 11:28:49.347773378+00:00,TK102_TEMP,79.82076467623057,DEGF,Good,TK102,BRENT
2025-09-22 11:28:49.347773378+00:00,TK102_VOLUME,26697.7941259828,BBL,Good,TK102,BRENT
2025-09-22 11:28:49.347773378+00:00,TK103_LEVEL,77.15810367823714,PCT,Good,TK103,MAYA
2025-09-22 11:28:49.347773378+00:00,TK103_TEMP,80.29149102175971,DEGF,Good,TK103,MAYA
2025-09-22 11:28:49.347773378+00:00,TK103_VOLUME,35163.28538595744,BBL,Good,TK103,MAYA
2025-09-22 11:28:49.347773378+00:00,TK104_LEVEL,74.33650790395008,PCT,Good,TK104,ARB
2025-09-22 11:28:49.347773378+00:00,TK104_TEMP,80.25437574559747,DEGF,Good,TK104,ARB
2025-09-22 11:28:49.347773378+00:00,TK104_VOLUME,40811.82528330931,BBL,Good,TK104,ARB
2025-09-22 11:28:49.347773378+00:00,TK105_LEVEL,58.31850653074582,PCT,Good,TK105,URALS
2025-09-22 11:28:49.347773378+00:00,TK105_TEMP,79.61697580410646,DEGF,Good,TK105,URALS
2025-09-22 11:28:49.347773378+00:00,TK105_VOLUME,29371.01138955952,BBL,Good,TK105,URALS
2025-09-22 11:28:49.347773378+00:00,VDU_FEED_RATE,15927.849759501467,BPD,Good,VDU001,BLEND_B
2025-09-22 12:46:39.618043649+00:00,CDU_FEED_RATE,39776.68299658156,BPD,Good,CDU001,BLEND_A
2025-09-22 12:46:39.618043649+00:00,CDU_FEED_TEMP,470.454777139539,DEGF,Good,CDU001,BLEND_A
2025-09-22 12:46:39.618043649+00:00,TK101_LEVEL,74.55276713485073,PCT,Good,TK101,WTI
2025-09-22 12:46:39.618043649+00:00,TK101_TEMP,80.32386642835642,DEGF,Good,TK101,WTI
2025-09-22 12:46:39.618043649+00:00,TK101_VOLUME,40206.53857505166,BBL,Good,TK101,WTI
2025-09-22 12:46:39.618043649+00:00,TK102_LEVEL,55.235602590730835,PCT,Good,TK102,BRENT
2025-09-22 12:46:39.618043649+00:00,TK102_TEMP,79.55205778319447,DEGF,Good,TK102,BRENT
2025-09-22 12:46:39.618043649+00:00,TK102_VOLUME,26050.597730683796,BBL,Good,TK102,BRENT
2025-09-22 12:46:39.618043649+00:00,TK103_LEVEL,75.52213350726888,PCT,Good,TK103,MAYA
2025-09-22 12:46:39.618043649+00:00,TK103_TEMP,80.2016181215254,DEGF,Good,TK103,MAYA
2025-09-22 12:46:39.618043649+00:00,TK103_VOLUME,34417.72421658805,BBL,Good,TK103,MAYA
2025-09-22 12:46:39.618043649+00:00,TK104_LEVEL,74.90263082060464,PCT,Good,TK104,ARB
2025-09-22 12:46:39.618043649+00:00,TK104_TEMP,80.79551838752487,DEGF,Good,TK104,ARB
2025-09-22 12:46:39.618043649+00:00,TK104_VOLUME,41122.635008098056,BBL,Good,TK104,ARB
2025-09-22 12:46:39.618043649+00:00,TK105_LEVEL,57.6439371454308,PCT,Good,TK105,URALS
2025-09-22 12:46:39.618043649+00:00,TK105_TEMP,80.64991064002695,DEGF,Good,TK105,URALS
2025-09-22 12:46:39.618043649+00:00,TK105_VOLUME,29031.277293510775,BBL,Good,TK105,URALS
2025-09-22 12:46:39.618043649+00:00,VDU_FEED_RATE,16182.924564703015,BPD,Good,VDU001,BLEND_B
2025-09-22 14:04:29.888313919+00:00,CDU_FEED_RATE,39811.0227169726,BPD,Good,CDU001,BLEND_A
2025-09-22 14:04:29.888313919+00:00,CDU_FEED_TEMP,470.43490976144426,DEGF,Good,CDU001,BLEND_A
2025-09-22 14:04:29.888313919+00:00,TK101_LEVEL,73.96912215292103,PCT,Good,TK101,WTI
2025-09-22 14:04:29.888313919+00:00,TK101_TEMP,79.96594422408191,DEGF,Good,TK101,WTI
2025-09-22 14:04:29.888313919+00:00,TK101_VOLUME,39891.7770258573,BBL,Good,TK101,WTI
2025-09-22 14:04:29.888313919+00:00,TK102_LEVEL,55.80089970810801,PCT,Good,TK102,BRENT
2025-09-22 14:04:29.888313919+00:00,TK102_TEMP,80.53192002019154,DEGF,Good,TK102,BRENT
2025-09-22 14:04:29.888313919+00:00,TK102_VOLUME,26317.207075244096,BBL,Good,TK102,BRENT
2025-09-22 14:04:29.888313919+00:00,TK103_LEVEL,74.43980455461336,PCT,Good,TK103,MAYA
2025-09-22 14:04:29.888313919+00:00,TK103_TEMP,80.59902310349851,DEGF,Good,TK103,MAYA
2025-09-22 14:04:29.888313919+00:00,TK103_VOLUME,33924.47412321588,BBL,Good,TK103,MAYA
2025-09-22 14:04:29.888313919+00:00,TK104_LEVEL,75.92464158784996,PCT,Good,TK104,ARB
2025-09-22 14:04:29.888313919+00:00,TK104_TEMP,80.1472383443851,DEGF,Good,TK104,ARB
2025-09-22 14:04:29.888313919+00:00,TK104_VOLUME,41683.73380122902,BBL,Good,TK104,ARB
2025-09-22 14:04:29.888313919+00:00,TK105_LEVEL,56.27104792752658,PCT,Good,TK105,URALS
2025-09-22 14:04:29.888313919+00:00,TK105_TEMP,80.63173361742314,DEGF,Good,TK105,URALS
2025-09-22 14:04:29.888313919+00:00,TK105_VOLUME,28339.84763842505,BBL,Good,TK105,URALS
2025-09-22 14:04:29.888313919+00:00,VDU_FEED_RATE,15968.313540016885,BPD,Good,VDU001,BLEND_B
2025-09-22 15:22:20.158584189+00:00,CDU_FEED_RATE,39769.09525096797,BPD,Good,CDU001,BLEND_A
2025-09-22 15:22:20.158584189+00:00,CDU_FEED_TEMP,470.10411247120527,DEGF,Good,CDU001,BLEND_A
2025-09-22 15:22:20.158584189+00:00,TK101_LEVEL,74.17498995208311,PCT,Good,TK101,WTI
2025-09-22 15:22:20.158584189+00:00,TK101_TEMP,80.5101235686548,DEGF,Good,TK101,WTI
2025-09-22 15:22:20.158584189+00:00,TK101_VOLUME,40002.80216853778,BBL,Good,TK101,WTI
2025-09-22 15:22:20.158584189+00:00,TK102_LEVEL,53.38536761481146,PCT,Good,TK102,BRENT
2025-09-22 15:22:20.158584189+00:00,TK102_TEMP,80.56386728340429,DEGF,Good,TK102,BRENT
2025-09-22 15:22:20.158584189+00:00,TK102_VOLUME,25177.977087399537,BBL,Good,TK102,BRENT
2025-09-22 15:22:20.158584189+00:00,TK103_LEVEL,77.11787011841437,PCT,Good,TK103,MAYA
2025-09-22 15:22:20.158584189+00:00,TK103_TEMP,80.8998967669478,DEGF,Good,TK103,MAYA
2025-09-22 15:22:20.158584189+00:00,TK103_VOLUME,35144.94973385224,BBL,Good,TK103,MAYA
2025-09-22 15:22:20.158584189+00:00,TK104_LEVEL,75.38831985596882,PCT,Good,TK104,ARB
2025-09-22 15:22:20.158584189+00:00,TK104_TEMP,80.54234770464107,DEGF,Good,TK104,ARB
2025-09-22 15:22:20.158584189+00:00,TK104_VOLUME,41389.28536082802,BBL,Good,TK104,ARB
2025-09-22 15:22:20.158584189+00:00,TK105_LEVEL,58.555808154440456,PCT,Good,TK105,URALS
2025-09-22 15:22:20.158584189+00:00,TK105_TEMP,80.51093108083805,DEGF,Good,TK105,URALS
2025-09-22 15:22:20.158584189+00:00,TK105_VOLUME,29490.52385836085,BBL,Good,TK105,URALS
2025-09-22 15:22:20.158584189+00:00,VDU_FEED_RATE,16032.594066988522,BPD,Good,VDU001,BLEND_B
2025-09-22 16:40:10.428854459+00:00,CDU_FEED_RATE,40345.15111149498,BPD,Good,CDU001,BLEND_A
2025-09-22 16:40:10.428854459+00:00,CDU_FEED_TEMP,470.01812552365044,DEGF,Good,CDU001,BLEND_A
2025-09-22 16:40:10.428854459+00:00,TK101_LEVEL,72.72039130596083,PCT,Good,TK101,WTI
2025-09-22 16:40:10.428854459+00:00,TK101_TEMP,79.93045070635151,DEGF,Good,TK101,WTI
2025-09-22 16:40:10.428854459+00:00,TK101_VOLUME,39218.33260658648,BBL,Good,TK101,WTI
2025-09-22 16:40:10.428854459+00:00,TK102_LEVEL,53.6765731322641,PCT,Good,TK102,BRENT
2025-09-22 16:40:10.428854459+00:00,TK102_TEMP,80.49263498726255,DEGF,Good,TK102,BRENT
2025-09-22 16:40:10.428854459+00:00,TK102_VOLUME,25315.3174518801,BBL,Good,TK102,BRENT
2025-09-22 16:40:10.428854459+00:00,TK103_LEVEL,77.16055170160973,PCT,Good,TK103,MAYA
2025-09-22 16:40:10.428854459+00:00,TK103_TEMP,81.75774741257807,DEGF,Good,TK103,MAYA
2025-09-22 16:40:10.428854459+00:00,TK103_VOLUME,35164.40102437231,BBL,Good,TK103,MAYA
2025-09-22 16:40:10.428854459+00:00,TK104_LEVEL,76.0934039573203,PCT,Good,TK104,ARB
2025-09-22 16:40:10.428854459+00:00,TK104_TEMP,80.2934216562506,DEGF,Good,TK104,ARB
2025-09-22 16:40:10.428854459+00:00,TK104_VOLUME,41776.38679948555,BBL,Good,TK104,ARB
2025-09-22 16:40:10.428854459+00:00,TK105_LEVEL,54.730031750338036,PCT,Good,TK105,URALS
2025-09-22 16:40:10.428854459+00:00,TK105_TEMP,80.70812129372062,DEGF,Good,TK105,URALS
2025-09-22 16:40:10.428854459+00:00,TK105_VOLUME,27563.744024251766,BBL,Good,TK105,URALS
2025-09-22 16:40:10.428854459+00:00,VDU_FEED_RATE,15948.902547790693,BPD,Good,VDU001,BLEND_B
2025-09-22 17:58:00.699124730+00:00,CDU_FEED_RATE,40372.85978256808,BPD,Good,CDU001,BLEND_A
2025-09-22 17:58:00.699124730+00:00,CDU_FEED_TEMP,469.86802991869115,DEGF,Good,CDU001,BLEND_A
2025-09-22 17:58:00.699124730+00:00,TK101_LEVEL,74.22879202380567,PCT,Good,TK101,WTI
2025-09-22 17:58:00.699124730+00:00,TK101_TEMP,80.37303445179047,DEGF,Good,TK101,WTI
2025-09-22 17:58:00.699124730+00:00,TK101_VOLUME,40031.817792709284,BBL,Good,TK101,WTI
2025-09-22 17:58:00.699124730+00:00,TK102_LEVEL,54.57549433521775,PCT,Good,TK102,BRENT
2025-09-22 17:58:00.699124730+00:00,TK102_TEMP,81.83493650135014,DEGF,Good,TK102,BRENT
2025-09-22 17:58:00.699124730+00:00,TK102_VOLUME,25739.27290002176,BBL,Good,TK102,BRENT
2025-09-22 17:58:00.699124730+00:00,TK103_LEVEL,76.96872413321762,PCT,Good,TK103,MAYA
2025-09-22 17:58:00.699124730+00:00,TK103_TEMP,81.29918365604898,DEGF,Good,TK103,MAYA
2025-09-22 17:58:00.699124730+00:00,TK103_VOLUME,35076.979389952736,BBL,Good,TK103,MAYA
2025-09-22 17:58:00.699124730+00:00,TK104_LEVEL,74.40613738606919,PCT,Good,TK104,ARB
2025-09-22 17:58:00.699124730+00:00,TK104_TEMP,81.44747268653158,DEGF,Good,TK104,ARB
2025-09-22 17:58:00.699124730+00:00,TK104_VOLUME,40850.05288289583,BBL,Good,TK104,ARB
2025-09-22 17:58:00.699124730+00:00,TK105_LEVEL,56.94469105945647,PCT,Good,TK105,URALS
2025-09-22 17:58:00.699124730+00:00,TK105_TEMP,80.46993070570565,DEGF,Good,TK105,URALS
2025-09-22 17:58:00.699124730+00:00,TK105_VOLUME,28679.115244497578,BBL,Good,TK105,URALS
2025-09-22 17:58:00.699124730+00:00,VDU_FEED_RATE,16201.615835790932,BPD,Good,VDU001,BLEND_B
2025-09-22 19:15:50.969395+00:00,CDU_FEED_RATE,40697.72589129393,BPD,Good,CDU001,BLEND_A
2025-09-22 19:15:50.969395+00:00,CDU_FEED_TEMP,470.1928565833794,DEGF,Good,CDU001,BLEND_A
2025-09-22 19:15:50.969395+00:00,TK101_LEVEL,74.90239945062015,PCT,Good,TK101,WTI
2025-09-22 19:15:50.969395+00:00,TK101_TEMP,81.04602659229657,DEGF,Good,TK101,WTI
2025-09-22 19:15:50.969395+00:00,TK101_VOLUME,40395.09636748934,BBL,Good,TK101,WTI
2025-09-22 19:15:50.969395+00:00,TK102_LEVEL,54.35500403933655,PCT,Good,TK102,BRENT
2025-09-22 19:15:50.969395+00:00,TK102_TEMP,81.20712500628045,DEGF,Good,TK102,BRENT
2025-09-22 19:15:50.969395+00:00,TK102_VOLUME,25635.283738464488,BBL,Good,TK102,BRENT
2025-09-22 19:15:50.969395+00:00,TK103_LEVEL,75.39529252055121,PCT,Good,TK103,MAYA
2025-09-22 19:15:50.969395+00:00,TK103_TEMP,81.42062854414992,DEGF,Good,TK103,MAYA
2025-09-22 19:15:50.969395+00:00,TK103_VOLUME,34359.918936235525,BBL,Good,TK103,MAYA
2025-09-22 19:15:50.969395+00:00,TK104_LEVEL,76.2774053495321,PCT,Good,TK104,ARB
2025-09-22 19:15:50.969395+00:00,TK104_TEMP,81.08833824296734,DEGF,Good,TK104,ARB
2025-09-22 19:15:50.969395+00:00,TK104_VOLUME,41877.406243128724,BBL,Good,TK104,ARB
2025-09-22 19:15:50.969395+00:00,TK105_LEVEL,56.713343647532035,PCT,Good,TK105,URALS
2025-09-22 19:15:50.969395+00:00,TK105_TEMP,81.23769882114055,DEGF,Good,TK105,URALS
2025-09-22 19:15:50.969395+00:00,TK105_VOLUME,28562.601501694593,BBL,Good,TK105,URALS
2025-09-22 19:15:50.969395+00:00,VDU_FEED_RATE,16228.200739786,BPD,Good,VDU001,BLEND_B
2025-09-22 20:33:41.239665270+00:00,CDU_FEED_RATE,40128.4989866601,BPD,Good,CDU001,BLEND_A
2025-09-22 20:33:41.239665270+00:00,CDU_FEED_TEMP,470.609676331425,DEGF,Good,CDU001,BLEND_A
2025-09-22 20:33:41.239665270+00:00,TK101_LEVEL,72.26618965310475,PCT,Good,TK101,WTI
2025-09-22 20:33:41.239665270+00:00,TK101_TEMP,81.69582158585143,DEGF,Good,TK101,WTI
2025-09-22 20:33:41.239665270+00:00,TK101_VOLUME,38973.38024628873,BBL,Good,TK101,WTI
2025-09-22 20:33:41.239665270+00:00,TK102_LEVEL,54.617987186444005,PCT,Good,TK102,BRENT
2025-09-22 20:33:41.239665270+00:00,TK102_TEMP,81.39936416770391,DEGF,Good,TK102,BRENT
2025-09-22 20:33:41.239665270+00:00,TK102_VOLUME,25759.313673034176,BBL,Good,TK102,BRENT
2025-09-22 20:33:41.239665270+00:00,TK103_LEVEL,75.66125870552878,PCT,Good,TK103,MAYA
2025-09-22 20:33:41.239665270+00:00,TK103_TEMP,82.58057108441088,DEGF,Good,TK103,MAYA
2025-09-22 20:33:41.239665270+00:00,TK103_VOLUME,34481.12778429614,BBL,Good,TK103,MAYA
2025-09-22 20:33:41.239665270+00:00,TK104_LEVEL,74.3424091736786,PCT,Good,TK104,ARB
2025-09-22 20:33:41.239665270+00:00,TK104_TEMP,81.21984175032118,DEGF,Good,TK104,ARB
2025-09-22 20:33:41.239665270+00:00,TK104_VOLUME,40815.06516632105,BBL,Good,TK104,ARB
2025-09-22 20:33:41.239665270+00:00,TK105_LEVEL,57.444597649717366,PCT,Good,TK105,URALS
2025-09-22 20:33:41.239665270+00:00,TK105_TEMP,81.01458966972628,DEGF,Good,TK105,URALS
2025-09-22 20:33:41.239665270+00:00,TK105_VOLUME,28930.883731547703,BBL,Good,TK105,URALS
2025-09-22 20:33:41.239665270+00:00,VDU_FEED_RATE,16242.331058979604,BPD,Good,VDU001,BLEND_B
2025-09-22 21:51:31.509935540+00:00,CDU_FEED_RATE,40415.259706279154,BPD,Good,CDU001,BLEND_A
2025-09-22 21:51:31.509935540+00:00,CDU_FEED_TEMP,470.3279666662087,DEGF,Good,CDU001,BLEND_A
2025-09-22 21:51:31.509935540+00:00,TK101_LEVEL,72.33198708329684,PCT,Good,TK101,WTI
2025-09-22 21:51:31.509935540+00:00,TK101_TEMP,82.54510984066147,DEGF,Good,TK101,WTI
2025-09-22 21:51:31.509935540+00:00,TK101_VOLUME,39008.865004491905,BBL,Good,TK101,WTI
2025-09-22 21:51:31.509935540+00:00,TK102_LEVEL,55.402777325619226,PCT,Good,TK102,BRENT
2025-09-22 21:51:31.509935540+00:00,TK102_TEMP,80.67496766607566,DEGF,Good,TK102,BRENT
2025-09-22 21:51:31.509935540+00:00,TK102_VOLUME,26129.44183783656,BBL,Good,TK102,BRENT
2025-09-22 21:51:31.509935540+00:00,TK103_LEVEL,76.56114355944413,PCT,Good,TK103,MAYA
2025-09-22 21:51:31.509935540+00:00,TK103_TEMP,81.39848364843064,DEGF,Good,TK103,MAYA
2025-09-22 21:51:31.509935540+00:00,TK103_VOLUME,34891.23257464561,BBL,Good,TK103,MAYA
2025-09-22 21:51:31.509935540+00:00,TK104_LEVEL,77.15224613893167,PCT,Good,TK104,ARB
2025-09-22 21:51:31.509935540+00:00,TK104_TEMP,81.81959648359921,DEGF,Good,TK104,ARB
2025-09-22 21:51:31.509935540+00:00,TK104_VOLUME,42357.70657542064,BBL,Good,TK104,ARB
2025-09-22 21:51:31.509935540+00:00,TK105_LEVEL,57.84142414590393,PCT,Good,TK105,URALS
2025-09-22 21:51:31.509935540+00:00,TK105_TEMP,81.22372883202083,DEGF,Good,TK105,URALS
2025-09-22 21:51:31.509935540+00:00,TK105_VOLUME,29130.73788132827,BBL,Good,TK105,URALS
2025-09-22 21:51:31.509935540+00:00,VDU_FEED_RATE,16247.46866028297,BPD,Good,VDU001,BLEND_B
2025-09-22 23:09:21.780205811+00:00,CDU_FEED_RATE,40104.201355068646,BPD,Good,CDU001,BLEND_A
2025-09-22 23:09:21.780205811+00:00,CDU_FEED_TEMP,470.90109887839697,DEGF,Good,CDU001,BLEND_A
2025-09-22 23:09:21.780205811+00:00,TK101_LEVEL,74.55931168893528,PCT,Good,TK101,WTI
2025-09-22 23:09:21.780205811+00:00,TK101_TEMP,80.95189594247657,DEGF,Good,TK101,WTI
2025-09-22 23:09:21.780205811+00:00,TK101_VOLUME,40210.06807337036,BBL,Good,TK101,WTI
2025-09-22 23:09:21.780205811+00:00,TK102_LEVEL,52.55688646299006,PCT,Good,TK102,BRENT
2025-09-22 23:09:21.780205811+00:00,TK102_TEMP,80.74561603934652,DEGF,Good,TK102,BRENT
2025-09-22 23:09:21.780205811+00:00,TK102_VOLUME,24787.243064391438,BBL,Good,TK102,BRENT
2025-09-22 23:09:21.780205811+00:00,TK103_LEVEL,76.20671865673776,PCT,Good,TK103,MAYA
2025-09-22 23:09:21.780205811+00:00,TK103_TEMP,81.48751024066787,DEGF,Good,TK103,MAYA
2025-09-22 23:09:21.780205811+00:00,TK103_VOLUME,34729.71040901897,BBL,Good,TK103,MAYA
2025-09-22 23:09:21.780205811+00:00,TK104_LEVEL,73.79759816621937,PCT,Good,TK104,ARB
2025-09-22 23:09:21.780205811+00:00,TK104_TEMP,81.82335913346154,DEGF,Good,TK104,ARB
2025-09-22 23:09:21.780205811+00:00,TK104_VOLUME,40515.95599001189,BBL,Good,TK104,ARB
2025-09-22 23:09:21.780205811+00:00,TK105_LEVEL,58.41037175996588,PCT,Good,TK105,URALS
2025-09-22 23:09:21.780205811+00:00,TK105_TEMP,81.42375944722646,DEGF,Good,TK105,URALS
2025-09-22 23:09:21.780205811+00:00,TK105_VOLUME,29417.277572530173,BBL,Good,TK105,URALS
2025-09-22 23:09:21.780205811+00:00,VDU_FEED_RATE,16222.466216087003,BPD,Good,VDU001,BLEND_B
2025-09-23 00:27:12.050476081+00:00,CDU_FEED_RATE,40414.03065823073,BPD,Good,CDU001,BLEND_A
2025-09-23 00:27:12.050476081+00:00,CDU_FEED_TEMP,470.5128524888732,DEGF,Good,CDU001,BLEND_A
2025-09-23 00:27:12.050476081+00:00,TK101_LEVEL,73.0565211442222,PCT,Good,TK101,WTI
2025-09-23 00:27:12.050476081+00:00,TK101_TEMP,82.06800387337447,DEGF,Good,TK101,WTI
2025-09-23 00:27:12.050476081+00:00,TK101_VOLUME,39399.608471020016,BBL,Good,TK101,WTI
2025-09-23 00:27:12.050476081+00:00,TK102_LEVEL,55.32026362831243,PCT,Good,TK102,BRENT
2025-09-23 00:27:12.050476081+00:00,TK102_TEMP,81.36875654460022,DEGF,Good,TK102,BRENT
2025-09-23 00:27:12.050476081+00:00,TK102_VOLUME,26090.526156011965,BBL,Good,TK102,BRENT
2025-09-23 00:27:12.050476081+00:00,TK103_LEVEL,75.44592292639483,PCT,Good,TK103,MAYA
2025-09-23 00:27:12.050476081+00:00,TK103_TEMP,81.70236133221258,DEGF,Good,TK103,MAYA
2025-09-23 00:27:12.050476081+00:00,TK103_VOLUME,34382.9927460496,BBL,Good,TK103,MAYA
2025-09-23 00:27:12.050476081+00:00,TK104_LEVEL,74.44513995851648,PCT,Good,TK104,ARB
2025-09-23 00:27:12.050476081+00:00,TK104_TEMP,81.73302506311988,DEGF,Good,TK104,ARB
2025-09-23 00:27:12.050476081+00:00,TK104_VOLUME,40871.465863101665,BBL,Good,TK104,ARB
2025-09-23 00:27:12.050476081+00:00,TK105_LEVEL,56.595539856654895,PCT,Good,TK105,URALS
2025-09-23 00:27:12.050476081+00:00,TK105_TEMP,80.77306098783858,DEGF,Good,TK105,URALS
2025-09-23 00:27:12.050476081+00:00,TK105_VOLUME,28503.271853364837,BBL,Good,TK105,URALS
2025-09-23 00:27:12.050476081+00:00,VDU_FEED_RATE,16183.348123590033,BPD,Good,VDU001,BLEND_B
2025-09-23 01:45:02.320746351+00:00,CDU_FEED_RATE,40444.527128891656,BPD,Good,CDU001,BLEND_A
2025-09-23 01:45:02.320746351+00:00,CDU_FEED_TEMP,470.31798096992037,DEGF,Good,CDU001,BLEND_A
2025-09-23 01:45:02.320746351+00:00,TK101_LEVEL,74.69646756599369,PCT,Good,TK101,WTI
2025-09-23 01:45:02.320746351+00:00,TK101_TEMP,81.57786310186441,DEGF,Good,TK101,WTI
2025-09-23 01:45:02.320746351+00:00,TK101_VOLUME,40284.03666331913,BBL,Good,TK101,WTI
2025-09-23 01:45:02.320746351+00:00,TK102_LEVEL,54.39950750956291,PCT,Good,TK102,BRENT
2025-09-23 01:45:02.320746351+00:00,TK102_TEMP,81.5424904314897,DEGF,Good,TK102,BRENT
2025-09-23 01:45:02.320746351+00:00,TK102_VOLUME,25656.272773545297,BBL,Good,TK102,BRENT
2025-09-23 01:45:02.320746351+00:00,TK103_LEVEL,74.26526962058357,PCT,Good,TK103,MAYA
2025-09-23 01:45:02.320746351+00:00,TK103_TEMP,80.95150387286947,DEGF,Good,TK103,MAYA
2025-09-23 01:45:02.320746351+00:00,TK103_VOLUME,33844.933266163425,BBL,Good,TK103,MAYA
2025-09-23 01:45:02.320746351+00:00,TK104_LEVEL,75.99984607494159,PCT,Good,TK104,ARB
2025-09-23 01:45:02.320746351+00:00,TK104_TEMP,80.74512318814486,DEGF,Good,TK104,ARB
2025-09-23 01:45:02.320746351+00:00,TK104_VOLUME,41725.02215972536,BBL,Good,TK104,ARB
2025-09-23 01:45:02.320746351+00:00,TK105_LEVEL,57.939308110350396,PCT,Good,TK105,URALS
2025-09-23 01:45:02.320746351+00:00,TK105_TEMP,81.00884535072257,DEGF,Good,TK105,URALS
2025-09-23 01:45:02.320746351+00:00,TK105_VOLUME,29180.035286314054,BBL,Good,TK105,URALS
2025-09-23 01:45:02.320746351+00:00,VDU_FEED_RATE,16185.248065272723,BPD,Good,VDU001,BLEND_B
2025-09-23 03:02:52.591016621+00:00,CDU_FEED_RATE,40771.903599611236,BPD,Good,CDU001,BLEND_A
2025-09-23 03:02:52.591016621+00:00,CDU_FEED_TEMP,471.7212852809071,DEGF,Good,CDU001,BLEND_A
2025-09-23 03:02:52.591016621+00:00,TK101_LEVEL,72.91524295473084,PCT,Good,TK101,WTI
2025-09-23 03:02:52.591016621+00:00,TK101_TEMP,81.486450323022,DEGF,Good,TK101,WTI
2025-09-23 03:02:52.591016621+00:00,TK101_VOLUME,39323.41670518893,BBL,Good,TK101,WTI
2025-09-23 03:02:52.591016621+00:00,TK102_LEVEL,54.25257623117634,PCT,Good,TK102,BRENT
2025-09-23 03:02:52.591016621+00:00,TK102_TEMP,80.63391836283796,DEGF,Good,TK102,BRENT
2025-09-23 03:02:52.591016621+00:00,TK102_VOLUME,25586.97602565491,BBL,Good,TK102,BRENT
2025-09-23 03:02:52.591016621+00:00,TK103_LEVEL,76.06334912753965,PCT,Good,TK103,MAYA
2025-09-23 03:02:52.591016621+00:00,TK103_TEMP,81.34012332818581,DEGF,Good,TK103,MAYA
2025-09-23 03:02:52.591016621+00:00,TK103_VOLUME,34664.3725711184,BBL,Good,TK103,MAYA
2025-09-23 03:02:52.591016621+00:00,TK104_LEVEL,77.3118410161033,PCT,Good,TK104,ARB
2025-09-23 03:02:52.591016621+00:00,TK104_TEMP,81.21423458663685,DEGF,Good,TK104,ARB
2025-09-23 03:02:52.591016621+00:00,TK104_VOLUME,42445.3264869136,BBL,Good,TK104,ARB
2025-09-23 03:02:52.591016621+00:00,TK105_LEVEL,57.61367665359428,PCT,Good,TK105,URALS
2025-09-23 03:02:52.591016621+00:00,TK105_TEMP,80.45710191658709,DEGF,Good,TK105,URALS
2025-09-23 03:02:52.591016621+00:00,TK105_VOLUME,29016.037169864685,BBL,Good,TK105,URALS
2025-09-23 03:02:52.591016621+00:00,VDU_FEED_RATE,16489.1337459639,BPD,Good,VDU001,BLEND_B
2025-09-23 04:20:42.861286892+00:00,CDU_FEED_RATE,40996.609762937995,BPD,Good,CDU001,BLEND_A
2025-09-23 04:20:42.861286892+00:00,CDU_FEED_TEMP,471.247501324984,DEGF,Good,CDU001,BLEND_A
2025-09-23 04:20:42.861286892+00:00,TK101_LEVEL,74.89817464347274,PCT,Good,TK101,WTI
2025-09-23 04:20:42.861286892+00:00,TK101_TEMP,81.88489927844249,DEGF,Good,TK101,WTI
2025-09-23 04:20:42.861286892+00:00,TK101_VOLUME,40392.81791588959,BBL,Good,TK101,WTI
2025-09-23 04:20:42.861286892+00:00,TK102_LEVEL,53.070593258494995,PCT,Good,TK102,BRENT
2025-09-23 04:20:42.861286892+00:00,TK102_TEMP,81.57844854115464,DEGF,Good,TK102,BRENT
2025-09-23 04:20:42.861286892+00:00,TK102_VOLUME,25029.521023778878,BBL,Good,TK102,BRENT
2025-09-23 04:20:42.861286892+00:00,TK103_LEVEL,77.11383397321276,PCT,Good,TK103,MAYA
2025-09-23 04:20:42.861286892+00:00,TK103_TEMP,81.41551741923325,DEGF,Good,TK103,MAYA
2025-09-23 04:20:42.861286892+00:00,TK103_VOLUME,35143.110340207015,BBL,Good,TK103,MAYA
2025-09-23 04:20:42.861286892+00:00,TK104_LEVEL,76.04800120130083,PCT,Good,TK104,ARB
2025-09-23 04:20:42.861286892+00:00,TK104_TEMP,81.16665798457375,DEGF,Good,TK104,ARB
2025-09-23 04:20:42.861286892+00:00,TK104_VOLUME,41751.46002530291,BBL,Good,TK104,ARB
2025-09-23 04:20:42.861286892+00:00,TK105_LEVEL,55.7916692911086,PCT,Good,TK105,URALS
2025-09-23 04:20:42.861286892+00:00,TK105_TEMP,81.95097318182462,DEGF,Good,TK105,URALS
2025-09-23 04:20:42.861286892+00:00,TK105_VOLUME,28098.41766657347,BBL,Good,TK105,URALS
2025-09-23 04:20:42.861286892+00:00,VDU_FEED_RATE,16466.777689632545,BPD,Good,VDU001,BLEND_B
2025-09-23 05:38:33.131557162+00:00,CDU_FEED_RATE,41081.59489245651,BPD,Good,CDU001,BLEND_A
2025-09-23 05:38:33.131557162+00:00,CDU_FEED_TEMP,471.2491396128853,DEGF,Good,CDU001,BLEND_A
2025-09-23 05:38:33.131557162+00:00,TK101_LEVEL,73.6800081976873,PCT,Good,TK101,WTI
2025-09-23 05:38:33.131557162+00:00,TK101_TEMP,81.80651516891692,DEGF,Good,TK101,WTI
2025-09-23 05:38:33.131557162+00:00,TK101_VOLUME,39735.856972981666,BBL,Good,TK101,WTI
2025-09-23 05:38:33.131557162+00:00,TK102_LEVEL,55.15015047493657,PCT,Good,TK102,BRENT
2025-09-23 05:38:33.131557162+00:00,TK102_TEMP,81.78259296851368,DEGF,Good,TK102,BRENT
2025-09-23 05:38:33.131557162+00:00,TK102_VOLUME,26010.296211566016,BBL,Good,TK102,BRENT
2025-09-23 05:38:33.131557162+00:00,TK103_LEVEL,74.9426293586223,PCT,Good,TK103,MAYA
2025-09-23 05:38:33.131557162+00:00,TK103_TEMP,82.09936391568671,DEGF,Good,TK103,MAYA
2025-09-23 05:38:33.131557162+00:00,TK103_VOLUME,34153.6266197085,BBL,Good,TK103,MAYA
2025-09-23 05:38:33.131557162+00:00,TK104_LEVEL,76.40120939904688,PCT,Good,TK104,ARB
2025-09-23 05:38:33.131557162+00:00,TK104_TEMP,82.13932377388983,DEGF,Good,TK104,ARB
2025-09-23 05:38:33.131557162+00:00,TK104_VOLUME,41945.376469073315,BBL,Good,TK104,ARB
2025-09-23 05:38:33.131557162+00:00,TK105_LEVEL,59.50914223540575,PCT,Good,TK105,URALS
2025-09-23 05:38:33.131557162+00:00,TK105_TEMP,81.16945191520355,DEGF,Good,TK105,URALS
2025-09-23 05:38:33.131557162+00:00,TK105_VOLUME,29970.65251418171,BBL,Good,TK105,URALS
2025-09-23 05:38:33.131557162+00:00,VDU_FEED_RATE,16330.251081474264,BPD,Good,VDU001,BLEND_B
2025-09-23 06:56:23.401827432+00:00,CDU_FEED_RATE,40719.404262737844,BPD,Good,CDU001,BLEND_A
2025-09-23 06:56:23.401827432+00:00,CDU_FEED_TEMP,471.31329109093576,DEGF,Good,CDU001,BLEND_A
2025-09-23 06:56:23.401827432+00:00,TK101_LEVEL,73.93197134201719,PCT,Good,TK101,WTI
2025-09-23 06:56:23.401827432+00:00,TK101_TEMP,81.93812292483211,DEGF,Good,TK101,WTI
2025-09-23 06:56:23.401827432+00:00,TK101_VOLUME,39871.74147829677,BBL,Good,TK101,WTI
2025-09-23 06:56:23.401827432+00:00,TK102_LEVEL,52.3582140933413,PCT,Good,TK102,BRENT
2025-09-23 06:56:23.401827432+00:00,TK102_TEMP,81.77535047914044,DEGF,Good,TK102,BRENT
2025-09-23 06:56:23.401827432+00:00,TK102_VOLUME,24693.54382442352,BBL,Good,TK102,BRENT
2025-09-23 06:56:23.401827432+00:00,TK103_LEVEL,76.90419716714509,PCT,Good,TK103,MAYA
2025-09-23 06:56:23.401827432+00:00,TK103_TEMP,81.7958377809154,DEGF,Good,TK103,MAYA
2025-09-23 06:56:23.401827432+00:00,TK103_VOLUME,35047.57249663975,BBL,Good,TK103,MAYA
2025-09-23 06:56:23.401827432+00:00,TK104_LEVEL,75.98110851835018,PCT,Good,TK104,ARB
2025-09-23 06:56:23.401827432+00:00,TK104_TEMP,81.96825103290102,DEGF,Good,TK104,ARB
2025-09-23 06:56:23.401827432+00:00,TK104_VOLUME,41714.734968311524,BBL,Good,TK104,ARB
2025-09-23 06:56:23.401827432+00:00,TK105_LEVEL,56.29504699054408,PCT,Good,TK105,URALS
2025-09-23 06:56:23.401827432+00:00,TK105_TEMP,81.94920991697383,DEGF,Good,TK105,URALS
2025-09-23 06:56:23.401827432+00:00,TK105_VOLUME,28351.93431202418,BBL,Good,TK105,URALS
2025-09-23 06:56:23.401827432+00:00,VDU_FEED_RATE,16470.032636424017,BPD,Good,VDU001,BLEND_B
2025-09-23 08:14:13.672097703+00:00,CDU_FEED_RATE,41280.69757367767,BPD,Good,CDU001,BLEND_A
2025-09-23 08:14:13.672097703+00:00,CDU_FEED_TEMP,472.27367918240907,DEGF,Good,CDU001,BLEND_A
2025-09-23 08:14:13.672097703+00:00,TK101_LEVEL,75.38325076220549,PCT,Good,TK101,WTI
2025-09-23 08:14:13.672097703+00:00,TK101_TEMP,81.78652611518612,DEGF,Good,TK101,WTI
2025-09-23 08:14:13.672097703+00:00,TK101_VOLUME,40654.42097140579,BBL,Good,TK101,WTI
2025-09-23 08:14:13.672097703+00:00,TK102_LEVEL,55.56550617745215,PCT,Good,TK102,BRENT
2025-09-23 08:14:13.672097703+00:00,TK102_TEMP,81.58399749042611,DEGF,Good,TK102,BRENT
2025-09-23 08:14:13.672097703+00:00,TK102_VOLUME,26206.18914680838,BBL,Good,TK102,BRENT
2025-09-23 08:14:13.672097703+00:00,TK103_LEVEL,76.74176970244389,PCT,Good,TK103,MAYA
2025-09-23 08:14:13.672097703+00:00,TK103_TEMP,82.0598044093366,DEGF,Good,TK103,MAYA
2025-09-23 08:14:13.672097703+00:00,TK103_VOLUME,34973.54938016162,BBL,Good,TK103,MAYA
2025-09-23 08:14:13.672097703+00:00,TK104_LEVEL,75.08196338440302,PCT,Good,TK104,ARB
2025-09-23 08:14:13.672097703+00:00,TK104_TEMP,81.29543647978416,DEGF,Good,TK104,ARB
2025-09-23 08:14:13.672097703+00:00,TK104_VOLUME,41221.09119695756,BBL,Good,TK104,ARB
2025-09-23 08:14:13.672097703+00:00,TK105_LEVEL,58.29810961193508,PCT,Good,TK105,URALS
2025-09-23 08:14:13.672097703+00:00,TK105_TEMP,82.17618680906924,DEGF,Good,TK105,URALS
2025-09-23 08:14:13.672097703+00:00,TK105_VOLUME,29360.738867673415,BBL,Good,TK105,URALS
2025-09-23 08:14:13.672097703+00:00,VDU_FEED_RATE,16478.025912137837,BPD,Good,VDU001,BLEND_B
2025-09-23 09:32:03.942367973+00:00,CDU_FEED_RATE,41125.61027454672,BPD,Good,CDU001,BLEND_A
2025-09-23 09:32:03.942367973+00:00,CDU_FEED_TEMP,472.9607169733813,DEGF,Good,CDU001,BLEND_A
2025-09-23 09:32:03.942367973+00:00,TK101_LEVEL,73.62082570411705,PCT,Good,TK101,WTI
2025-09-23 09:32:03.942367973+00:00,TK101_TEMP,81.3997911888688,DEGF,Good,TK101,WTI
2025-09-23 09:32:03.942367973+00:00,TK101_VOLUME,39703.93967061788,BBL,Good,TK101,WTI
2025-09-23 09:32:03.942367973+00:00,TK102_LEVEL,53.589069771766084,PCT,Good,TK102,BRENT
2025-09-23 09:32:03.942367973+00:00,TK102_TEMP,81.82907842780766,DEGF,Good,TK102,BRENT
2025-09-23 09:32:03.942367973+00:00,TK102_VOLUME,25274.048510518005,BBL,Good,TK102,BRENT
2025-09-23 09:32:03.942367973+00:00,TK103_LEVEL,77.32443971156816,PCT,Good,TK103,MAYA
2025-09-23 09:32:03.942367973+00:00,TK103_TEMP,82.64257332884246,DEGF,Good,TK103,MAYA
2025-09-23 09:32:03.942367973+00:00,TK103_VOLUME,35239.08975557204,BBL,Good,TK103,MAYA
2025-09-23 09:32:03.942367973+00:00,TK104_LEVEL,75.78228693130447,PCT,Good,TK104,ARB
2025-09-23 09:32:03.942367973+00:00,TK104_TEMP,82.00447391226261,DEGF,Good,TK104,ARB
2025-09-23 09:32:03.942367973+00:00,TK104_VOLUME,41605.579021901656,BBL,Good,TK104,ARB
2025-09-23 09:32:03.942367973+00:00,TK105_LEVEL,58.43263572484876,PCT,Good,TK105,URALS
2025-09-23 09:32:03.942367973+00:00,TK105_TEMP,82.40002243821449,DEGF,Good,TK105,URALS
2025-09-23 09:32:03.942367973+00:00,TK105_VOLUME,29428.490396812755,BBL,Good,TK105,URALS
2025-09-23 09:32:03.942367973+00:00,VDU_FEED_RATE,16427.289441198616,BPD,Good,VDU001,BLEND_B
2025-09-23 10:49:54.212638243+00:00,CDU_FEED_RATE,41165.48924976213,BPD,Good,CDU001,BLEND_A
2025-09-23 10:49:54.212638243+00:00,CDU_FEED_TEMP,472.29174001696964,DEGF,Good,CDU001,BLEND_A
2025-09-23 10:49:54.212638243+00:00,TK101_LEVEL,73.22447436492797,PCT,Good,TK101,WTI
2025-09-23 10:49:54.212638243+00:00,TK101_TEMP,81.43555856581065,DEGF,Good,TK101,WTI
2025-09-23 10:49:54.212638243+00:00,TK101_VOLUME,39490.186163929735,BBL,Good,TK101,WTI
2025-09-23 10:49:54.212638243+00:00,TK102_LEVEL,55.317633799148254,PCT,Good,TK102,BRENT
2025-09-23 10:49:54.212638243+00:00,TK102_TEMP,82.1189415702853,DEGF,Good,TK102,BRENT
2025-09-23 10:49:54.212638243+00:00,TK102_VOLUME,26089.28585775426,BBL,Good,TK102,BRENT
2025-09-23 10:49:54.212638243+00:00,TK103_LEVEL,77.62926722734655,PCT,Good,TK103,MAYA
2025-09-23 10:49:54.212638243+00:00,TK103_TEMP,82.63894653642377,DEGF,Good,TK103,MAYA
2025-09-23 10:49:54.212638243+00:00,TK103_VOLUME,35378.00888940025,BBL,Good,TK103,MAYA
2025-09-23 10:49:54.212638243+00:00,TK104_LEVEL,75.24351583885428,PCT,Good,TK104,ARB
2025-09-23 10:49:54.212638243+00:00,TK104_TEMP,81.46031499921232,DEGF,Good,TK104,ARB
2025-09-23 10:49:54.212638243+00:00,TK104_VOLUME,41309.785846882114,BBL,Good,TK104,ARB
2025-09-23 10:49:54.212638243+00:00,TK105_LEVEL,58.501312842271794,PCT,Good,TK105,URALS
2025-09-23 10:49:54.212638243+00:00,TK105_TEMP,81.60536271015367,DEGF,Good,TK105,URALS
2025-09-23 10:49:54.212638243+00:00,TK105_VOLUME,29463.07832640884,BBL,Good,TK105,URALS
2025-09-23 10:49:54.212638243+00:00,VDU_FEED_RATE,16645.525658945855,BPD,Good,VDU001,BLEND_B
2025-09-23 12:07:44.482908513+00:00,CDU_FEED_RATE,41183.84659016137,BPD,Good,CDU001,BLEND_A
2025-09-23 12:07:44.482908513+00:00,CDU_FEED_TEMP,472.61416723640093,DEGF,Good,CDU001,BLEND_A
2025-09-23 12:07:44.482908513+00:00,TK101_LEVEL,73.91859416307443,PCT,Good,TK101,WTI
2025-09-23 12:07:44.482908513+00:00,TK101_TEMP,82.64287667403477,DEGF,Good,TK101,WTI
2025-09-23 12:07:44.482908513+00:00,TK101_VOLUME,39864.52712419755,BBL,Good,TK101,WTI
2025-09-23 12:07:44.482908513+00:00,TK102_LEVEL,55.34656895945273,PCT,Good,TK102,BRENT
2025-09-23 12:07:44.482908513+00:00,TK102_TEMP,82.36165424419919,DEGF,Good,TK102,BRENT
2025-09-23 12:07:44.482908513+00:00,TK102_VOLUME,26102.932458606072,BBL,Good,TK102,BRENT
2025-09-23 12:07:44.482908513+00:00,TK103_LEVEL,76.26438839595204,PCT,Good,TK103,MAYA
2025-09-23 12:07:44.482908513+00:00,TK103_TEMP,82.23539373087354,DEGF,Good,TK103,MAYA
2025-09-23 12:07:44.482908513+00:00,TK103_VOLUME,34755.992256309844,BBL,Good,TK103,MAYA
2025-09-23 12:07:44.482908513+00:00,TK104_LEVEL,75.37827750130855,PCT,Good,TK104,ARB
2025-09-23 12:07:44.482908513+00:00,TK104_TEMP,82.28967598835928,DEGF,Good,TK104,ARB
2025-09-23 12:07:44.482908513+00:00,TK104_VOLUME,41383.77196188873,BBL,Good,TK104,ARB
2025-09-23 12:07:44.482908513+00:00,TK105_LEVEL,57.932661088030976,PCT,Good,TK105,URALS
2025-09-23 12:07:44.482908513+00:00,TK105_TEMP,82.28367342332382,DEGF,Good,TK105,URALS
2025-09-23 12:07:44.482908513+00:00,TK105_VOLUME,29176.68763940291,BBL,Good,TK105,URALS
2025-09-23 12:07:44.482908513+00:00,VDU_FEED_RATE,16628.55064790315,BPD,Good,VDU001,BLEND_B
2025-09-23 13:25:34.753178784+00:00,CDU_FEED_RATE,41339.523701137725,BPD,Good,CDU001,BLEND_A
2025-09-23 13:25:34.753178784+00:00,CDU_FEED_TEMP,473.49483121940074,DEGF,Good,CDU001,BLEND_A
2025-09-23 13:25:34.753178784+00:00,TK101_LEVEL,75.03920259854796,PCT,Good,TK101,WTI
2025-09-23 13:25:34.753178784+00:00,TK101_TEMP,82.28713121470463,DEGF,Good,TK101,WTI
2025-09-23 13:25:34.753178784+00:00,TK101_VOLUME,40468.87472952383,BBL,Good,TK101,WTI
2025-09-23 13:25:34.753178784+00:00,TK102_LEVEL,56.85498622087656,PCT,Good,TK102,BRENT
2025-09-23 13:25:34.753178784+00:00,TK102_TEMP,82.72787705102277,DEGF,Good,TK102,BRENT
2025-09-23 13:25:34.753178784+00:00,TK102_VOLUME,26814.342662248277,BBL,Good,TK102,BRENT
2025-09-23 13:25:34.753178784+00:00,TK103_LEVEL,75.56160451451449,PCT,Good,TK103,MAYA
2025-09-23 13:25:34.753178784+00:00,TK103_TEMP,82.09048371130838,DEGF,Good,TK103,MAYA
2025-09-23 13:25:34.753178784+00:00,TK103_VOLUME,34435.71235038196,BBL,Good,TK103,MAYA
2025-09-23 13:25:34.753178784+00:00,TK104_LEVEL,77.2784466652072,PCT,Good,TK104,ARB
2025-09-23 13:25:34.753178784+00:00,TK104_TEMP,81.59779500775389,DEGF,Good,TK104,ARB
2025-09-23 13:25:34.753178784+00:00,TK104_VOLUME,42426.99250200295,BBL,Good,TK104,ARB
2025-09-23 13:25:34.753178784+00:00,TK105_LEVEL,59.474200898135116,PCT,Good,TK105,URALS
2025-09-23 13:25:34.753178784+00:00,TK105_TEMP,83.26062147014136,DEGF,Good,TK105,URALS
2025-09-23 13:25:34.753178784+00:00,TK105_VOLUME,29953.054971377675,BBL,Good,TK105,URALS
2025-09-23 13:25:34.753178784+00:00,VDU_FEED_RATE,16620.686741577094,BPD,Good,VDU001,BLEND_B
2025-09-23 14:43:25.023449054+00:00,CDU_FEED_RATE,42037.67978439688,BPD,Good,CDU001,BLEND_A
2025-09-23 14:43:25.023449054+00:00,CDU_FEED_TEMP,472.2989797935165,DEGF,Good,CDU001,BLEND_A
2025-09-23 14:43:25.023449054+00:00,TK101_LEVEL,73.25851774489458,PCT,Good,TK101,WTI
2025-09-23 14:43:25.023449054+00:00,TK101_TEMP,82.23699380023164,DEGF,Good,TK101,WTI
2025-09-23 14:43:25.023449054+00:00,TK101_VOLUME,39508.545864346714,BBL,Good,TK101,WTI
2025-09-23 14:43:25.023449054+00:00,TK102_LEVEL,55.74420107373905,PCT,Good,TK102,BRENT
2025-09-23 14:43:25.023449054+00:00,TK102_TEMP,83.07546635253516,DEGF,Good,TK102,BRENT
2025-09-23 14:43:25.023449054+00:00,TK102_VOLUME,26290.466472325916,BBL,Good,TK102,BRENT
2025-09-23 14:43:25.023449054+00:00,TK103_LEVEL,76.88245255816682,PCT,Good,TK103,MAYA
2025-09-23 14:43:25.023449054+00:00,TK103_TEMP,83.10267561588633,DEGF,Good,TK103,MAYA
2025-09-23 14:43:25.023449054+00:00,TK103_VOLUME,35037.66281956555,BBL,Good,TK103,MAYA
2025-09-23 14:43:25.023449054+00:00,TK104_LEVEL,75.99092793296975,PCT,Good,TK104,ARB
2025-09-23 14:43:25.023449054+00:00,TK104_TEMP,82.79945199675204,DEGF,Good,TK104,ARB
2025-09-23 14:43:25.023449054+00:00,TK104_VOLUME,41720.12596992214,BBL,Good,TK104,ARB
2025-09-23 14:43:25.023449054+00:00,TK105_LEVEL,57.32398894222178,PCT,Good,TK105,URALS
2025-09-23 14:43:25.023449054+00:00,TK105_TEMP,83.39219559005188,DEGF,Good,TK105,URALS
2025-09-23 14:43:25.023449054+00:00,TK105_VOLUME,28870.14144008204,BBL,Good,TK105,URALS
2025-09-23 14:43:25.023449054+00:00,VDU_FEED_RATE,16616.15909215619,BPD,Good,VDU001,BLEND_B
2025-09-23 16:01:15.293719324+00:00,CDU_FEED_RATE,41805.4667750689,BPD,Good,CDU001,BLEND_A
2025-09-23 16:01:15.293719324+00:00,CDU_FEED_TEMP,474.44066248834713,DEGF,Good,CDU001,BLEND_A
2025-09-23 16:01:15.293719324+00:00,TK101_LEVEL,75.7163670209145,PCT,Good,TK101,WTI
2025-09-23 16:01:15.293719324+00:00,TK101_TEMP,82.64916397533081,DEGF,Good,TK101,WTI
2025-09-23 16:01:15.293719324+00:00,TK101_VOLUME,40834.07160303874,BBL,Good,TK101,WTI
2025-09-23 16:01:15.293719324+00:00,TK102_LEVEL,55.48333698279558,PCT,Good,TK102,BRENT
2025-09-23 16:01:15.293719324+00:00,TK102_TEMP,82.49773730020561,DEGF,Good,TK102,BRENT
2025-09-23 16:01:15.293719324+00:00,TK102_VOLUME,26167.435941711425,BBL,Good,TK102,BRENT
2025-09-23 16:01:15.293719324+00:00,TK103_LEVEL,78.55971870256501,PCT,Good,TK103,MAYA
2025-09-23 16:01:15.293719324+00:00,TK103_TEMP,83.03185675242416,DEGF,Good,TK103,MAYA
2025-09-23 16:01:15.293719324+00:00,TK103_VOLUME,35802.043815107216,BBL,Good,TK103,MAYA
2025-09-23 16:01:15.293719324+00:00,TK104_LEVEL,77.68827922296938,PCT,Good,TK104,ARB
2025-09-23 16:01:15.293719324+00:00,TK104_TEMP,82.83389247498627,DEGF,Good,TK104,ARB
2025-09-23 16:01:15.293719324+00:00,TK104_VOLUME,42651.99654395248,BBL,Good,TK104,ARB
2025-09-23 16:01:15.293719324+00:00,TK105_LEVEL,59.07314692867925,PCT,Good,TK105,URALS
2025-09-23 16:01:15.293719324+00:00,TK105_TEMP,83.13857270898271,DEGF,Good,TK105,URALS
2025-09-23 16:01:15.293719324+00:00,TK105_VOLUME,29751.071734744102,BBL,Good,TK105,URALS
2025-09-23 16:01:15.293719324+00:00,VDU_FEED_RATE,16668.83160419699,BPD,Good,VDU001,BLEND_B
2025-09-23 17:19:05.563989594+00:00,CDU_FEED_RATE,41902.5529753971,BPD,Good,CDU001,BLEND_A
2025-09-23 17:19:05.563989594+00:00,CDU_FEED_TEMP,474.93985017820677,DEGF,Good,CDU001,BLEND_A
2025-09-23 17:19:05.563989594+00:00,TK101_LEVEL,74.81143318534525,PCT,Good,TK101,WTI
2025-09-23 17:19:05.563989594+00:00,TK101_TEMP,83.15255204008209,DEGF,Good,TK101,WTI
2025-09-23 17:19:05.563989594+00:00,TK101_VOLUME,40346.03797845345,BBL,Good,TK101,WTI
2025-09-23 17:19:05.563989594+00:00,TK102_LEVEL,55.94218123266965,PCT,Good,TK102,BRENT
2025-09-23 17:19:05.563989594+00:00,TK102_TEMP,82.52700781556659,DEGF,Good,TK102,BRENT
2025-09-23 17:19:05.563989594+00:00,TK102_VOLUME,26383.839247077238,BBL,Good,TK102,BRENT
2025-09-23 17:19:05.563989594+00:00,TK103_LEVEL,77.39989586621164,PCT,Good,TK103,MAYA
2025-09-23 17:19:05.563989594+00:00,TK103_TEMP,81.95195750447658,DEGF,Good,TK103,MAYA
2025-09-23 17:19:05.563989594+00:00,TK103_VOLUME,35273.47741122154,BBL,Good,TK103,MAYA
2025-09-23 17:19:05.563989594+00:00,TK104_LEVEL,76.33821084872453,PCT,Good,TK104,ARB
2025-09-23 17:19:05.563989594+00:00,TK104_TEMP,83.70906016029771,DEGF,Good,TK104,ARB
2025-09-23 17:19:05.563989594+00:00,TK104_VOLUME,41910.789347598904,BBL,Good,TK104,ARB
2025-09-23 17:19:05.563989594+00:00,TK105_LEVEL,58.846409425500326,PCT,Good,TK105,URALS
2025-09-23 17:19:05.563989594+00:00,TK105_TEMP,82.92383248303369,DEGF,Good,TK105,URALS
2025-09-23 17:19:05.563989594+00:00,TK105_VOLUME,29636.879685179225,BBL,Good,TK105,URALS
2025-09-23 17:19:05.563989594+00:00,VDU_FEED_RATE,16883.021740799068,BPD,Good,VDU001,BLEND_B
2025-09-23 18:36:55.834259865+00:00,CDU_FEED_RATE,41927.24712852432,BPD,Good,CDU001,BLEND_A
2025-09-23 18:36:55.834259865+00:00,CDU_FEED_TEMP,472.6324489216071,DEGF,Good,CDU001,BLEND_A
2025-09-23 18:36:55.834259865+00:00,TK101_LEVEL,76.78545836560545,PCT,Good,TK101,WTI
2025-09-23 18:36:55.834259865+00:00,TK101_TEMP,82.95573035600111,DEGF,Good,TK101,WTI
2025-09-23 18:36:55.834259865+00:00,TK101_VOLUME,41410.63588150235,BBL,Good,TK101,WTI
2025-09-23 18:36:55.834259865+00:00,TK102_LEVEL,58.009107899304404,PCT,Good,TK102,BRENT
2025-09-23 18:36:55.834259865+00:00,TK102_TEMP,83.08437622125506,DEGF,Good,TK102,BRENT
2025-09-23 18:36:55.834259865+00:00,TK102_VOLUME,27358.657527422405,BBL,Good,TK102,BRENT
2025-09-23 18:36:55.834259865+00:00,TK103_LEVEL,77.53529764778885,PCT,Good,TK103,MAYA
2025-09-23 18:36:55.834259865+00:00,TK103_TEMP,82.70897141503377,DEGF,Good,TK103,MAYA
2025-09-23 18:36:55.834259865+00:00,TK103_VOLUME,35335.184105144726,BBL,Good,TK103,MAYA
2025-09-23 18:36:55.834259865+00:00,TK104_LEVEL,78.22385782297127,PCT,Good,TK104,ARB
2025-09-23 18:36:55.834259865+00:00,TK104_TEMP,83.28948502923657,DEGF,Good,TK104,ARB
2025-09-23 18:36:55.834259865+00:00,TK104_VOLUME,42946.03699413073,BBL,Good,TK104,ARB
2025-09-23 18:36:55.834259865+00:00,TK105_LEVEL,59.02042736189465,PCT,Good,TK105,URALS
2025-09-23 18:36:55.834259865+00:00,TK105_TEMP,82.36299519006522,DEGF,Good,TK105,URALS
2025-09-23 18:36:55.834259865+00:00,TK105_VOLUME,29724.520523326042,BBL,Good,TK105,URALS
2025-09-23 18:36:55.834259865+00:00,VDU_FEED_RATE,16985.767550276163,BPD,Good,VDU001,BLEND_B
2025-09-23 19:54:46.104530135+00:00,CDU_FEED_RATE,42741.68077669651,BPD,Good,CDU001,BLEND_A
2025-09-23 19:54:46.104530135+00:00,CDU_FEED_TEMP,474.21162063321566,DEGF,Good,CDU001,BLEND_A
2025-09-23 19:54:46.104530135+00:00,TK101_LEVEL,73.54637007551062,PCT,Good,TK101,WTI
2025-09-23 19:54:46.104530135+00:00,TK101_TEMP,82.64825694882715,DEGF,Good,TK101,WTI
2025-09-23 19:54:46.104530135+00:00,TK101_VOLUME,39663.78551915253,BBL,Good,TK101,WTI
2025-09-23 19:54:46.104530135+00:00,TK102_LEVEL,57.575506775269844,PCT,Good,TK102,BRENT
2025-09-23 19:54:46.104530135+00:00,TK102_TEMP,83.28170687535307,DEGF,Good,TK102,BRENT
2025-09-23 19:54:46.104530135+00:00,TK102_VOLUME,27154.159560024615,BBL,Good,TK102,BRENT
2025-09-23 19:54:46.104530135+00:00,TK103_LEVEL,76.71097530526106,PCT,Good,TK103,MAYA
2025-09-23 19:54:46.104530135+00:00,TK103_TEMP,83.05904214815602,DEGF,Good,TK103,MAYA
2025-09-23 19:54:46.104530135+00:00,TK103_VOLUME,34959.515440435156,BBL,Good,TK103,MAYA
2025-09-23 19:54:46.104530135+00:00,TK104_LEVEL,77.74177690943077,PCT,Good,TK104,ARB
2025-09-23 19:54:46.104530135+00:00,TK104_TEMP,82.7648272892364,DEGF,Good,TK104,ARB
2025-09-23 19:54:46.104530135+00:00,TK104_VOLUME,42681.36755282129,BBL,Good,TK104,ARB
2025-09-23 19:54:46.104530135+00:00,TK105_LEVEL,60.42945776695443,PCT,Good,TK105,URALS
2025-09-23 19:54:46.104530135+00:00,TK105_TEMP,83.33559522984316,DEGF,Good,TK105,URALS
2025-09-23 19:54:46.104530135+00:00,TK105_VOLUME,30434.152002887822,BBL,Good,TK105,URALS
2025-09-23 19:54:46.104530135+00:00,VDU_FEED_RATE,16955.680460648207,BPD,Good,VDU001,BLEND_B
2025-09-23 21:12:36.374800405+00:00,CDU_FEED_RATE,42597.12602878846,BPD,Good,CDU001,BLEND_A
2025-09-23 21:12:36.374800405+00:00,CDU_FEED_TEMP,474.1822732972189,DEGF,Good,CDU001,BLEND_A
2025-09-23 21:12:36.374800405+00:00,TK101_LEVEL,75.47197154195764,PCT,Good,TK101,WTI
2025-09-23 21:12:36.374800405+00:00,TK101_TEMP,83.70042629695446,DEGF,Good,TK101,WTI
2025-09-23 21:12:36.374800405+00:00,TK101_VOLUME,40702.268363133866,BBL,Good,TK101,WTI
2025-09-23 21:12:36.374800405+00:00,TK102_LEVEL,56.971486761216504,PCT,Good,TK102,BRENT
2025-09-23 21:12:36.374800405+00:00,TK102_TEMP,82.87017960250054,DEGF,Good,TK102,BRENT
2025-09-23 21:12:36.374800405+00:00,TK102_VOLUME,26869.287454546287,BBL,Good,TK102,BRENT
2025-09-23 21:12:36.374800405+00:00,TK103_LEVEL,80.60288013838735,PCT,Good,TK103,MAYA
2025-09-23 21:12:36.374800405+00:00,TK103_TEMP,83.4766946776905,DEGF,Good,TK103,MAYA
2025-09-23 21:12:36.374800405+00:00,TK103_VOLUME,36733.17437991485,BBL,Good,TK103,MAYA
2025-09-23 21:12:36.374800405+00:00,TK104_LEVEL,79.95498194869509,PCT,Good,TK104,ARB
2025-09-23 21:12:36.374800405+00:00,TK104_TEMP,83.49631486576723,DEGF,Good,TK104,ARB
2025-09-23 21:12:36.374800405+00:00,TK104_VOLUME,43896.4493467536,BBL,Good,TK104,ARB
2025-09-23 21:12:36.374800405+00:00,TK105_LEVEL,61.39609545887128,PCT,Good,TK105,URALS
2025-09-23 21:12:36.374800405+00:00,TK105_TEMP,83.00826920475657,DEGF,Good,TK105,URALS
2025-09-23 21:12:36.374800405+00:00,TK105_VOLUME,30920.980770423208,BBL,Good,TK105,URALS
2025-09-23 21:12:36.374800405+00:00,VDU_FEED_RATE,17216.779131745578,BPD,Good,VDU001,BLEND_B
2025-09-23 22:30:26.645070676+00:00,CDU_FEED_RATE,42234.44289598935,BPD,Good,CDU001,BLEND_A
2025-09-23 22:30:26.645070676+00:00,CDU_FEED_TEMP,474.6970309639257,DEGF,Good,CDU001,BLEND_A
2025-09-23 22:30:26.645070676+00:00,TK101_LEVEL,74.90424655580952,PCT,Good,TK101,WTI
2025-09-23 22:30:26.645070676+00:00,TK101_TEMP,83.98811311621022,DEGF,Good,TK101,WTI
2025-09-23 22:30:26.645070676+00:00,TK101_VOLUME,40396.092517047604,BBL,Good,TK101,WTI
2025-09-23 22:30:26.645070676+00:00,TK102_LEVEL,57.452847712756956,PCT,Good,TK102,BRENT
2025-09-23 22:30:26.645070676+00:00,TK102_TEMP,83.59371710320248,DEGF,Good,TK102,BRENT
2025-09-23 22:30:26.645070676+00:00,TK102_VOLUME,27096.310242814805,BBL,Good,TK102,BRENT
2025-09-23 22:30:26.645070676+00:00,TK103_LEVEL,80.00812361524353,PCT,Good,TK103,MAYA
2025-09-23 22:30:26.645070676+00:00,TK103_TEMP,83.65357111218928,DEGF,Good,TK103,MAYA
2025-09-23 22:30:26.645070676+00:00,TK103_VOLUME,36462.1258138993,BBL,Good,TK103,MAYA
2025-09-23 22:30:26.645070676+00:00,TK104_LEVEL,79.20426270060531,PCT,Good,TK104,ARB
2025-09-23 22:30:26.645070676+00:00,TK104_TEMP,82.49968842424681,DEGF,Good,TK104,ARB
2025-09-23 22:30:26.645070676+00:00,TK104_VOLUME,43484.29354802487,BBL,Good,TK104,ARB
2025-09-23 22:30:26.645070676+00:00,TK105_LEVEL,60.30753854429654,PCT,Good,TK105,URALS
2025-09-23 22:30:26.645070676+00:00,TK105_TEMP,83.47878450235582,DEGF,Good,TK105,URALS
2025-09-23 22:30:26.645070676+00:00,TK105_VOLUME,30372.749695278948,BBL,Good,TK105,URALS
2025-09-23 22:30:26.645070676+00:00,VDU_FEED_RATE,17199.16089462165,BPD,Good,VDU001,BLEND_B
2025-09-23 23:48:16.915340946+00:00,CDU_FEED_RATE,42493.12151725568,BPD,Good,CDU001,BLEND_A
2025-09-23 23:48:16.915340946+00:00,CDU_FEED_TEMP,474.9138580270557,DEGF,Good,CDU001,BLEND_A
2025-09-23 23:48:16.915340946+00:00,TK101_LEVEL,76.11025201735852,PCT,Good,TK101,WTI
2025-09-23 23:48:16.915340946+00:00,TK101_TEMP,83.55727012444295,DEGF,Good,TK101,WTI
2025-09-23 23:48:16.915340946+00:00,TK101_VOLUME,41046.495003434,BBL,Good,TK101,WTI
2025-09-23 23:48:16.915340946+00:00,TK102_LEVEL,56.46788381881489,PCT,Good,TK102,BRENT
2025-09-23 23:48:16.915340946+00:00,TK102_TEMP,83.7997844673595,DEGF,Good,TK102,BRENT
2025-09-23 23:48:16.915340946+00:00,TK102_VOLUME,26631.77474438904,BBL,Good,TK102,BRENT
2025-09-23 23:48:16.915340946+00:00,TK103_LEVEL,80.29807273177184,PCT,Good,TK103,MAYA
2025-09-23 23:48:16.915340946+00:00,TK103_TEMP,83.45194479736925,DEGF,Good,TK103,MAYA
2025-09-23 23:48:16.915340946+00:00,TK103_VOLUME,36594.264410441385,BBL,Good,TK103,MAYA
2025-09-23 23:48:16.915340946+00:00,TK104_LEVEL,80.46209347469924,PCT,Good,TK104,ARB
2025-09-23 23:48:16.915340946+00:00,TK104_TEMP,82.82875549494098,DEGF,Good,TK104,ARB
2025-09-23 23:48:16.915340946+00:00,TK104_VOLUME,44174.860958786485,BBL,Good,TK104,ARB
2025-09-23 23:48:16.915340946+00:00,TK105_LEVEL,61.77724217273805,PCT,Good,TK105,URALS
2025-09-23 23:48:16.915340946+00:00,TK105_TEMP,82.99357006935546,DEGF,Good,TK105,URALS
2025-09-23 23:48:16.915340946+00:00,TK105_VOLUME,31112.93809477911,BBL,Good,TK105,URALS
2025-09-23 23:48:16.915340946+00:00,VDU_FEED_RATE,17352.873304290748,BPD,Good,VDU001,BLEND_B
2025-09-24 01:06:07.185611216+00:00,CDU_FEED_RATE,42657.59350301146,BPD,Good,CDU001,BLEND_A
2025-09-24 01:06:07.185611216+00:00,CDU_FEED_TEMP,475.82818882694806,DEGF,Good,CDU001,BLEND_A
2025-09-24 01:06:07.185611216+00:00,TK101_LEVEL,77.54279461911752,PCT,Good,TK101,WTI
2025-09-24 01:06:07.185611216+00:00,TK101_TEMP,83.90851158426248,DEGF,Good,TK101,WTI
2025-09-24 01:06:07.185611216+00:00,TK101_VOLUME,41819.06967224335,BBL,Good,TK101,WTI
2025-09-24 01:06:07.185611216+00:00,TK102_LEVEL,58.782182344537965,PCT,Good,TK102,BRENT
2025-09-24 01:06:07.185611216+00:00,TK102_TEMP,84.06752306141978,DEGF,Good,TK102,BRENT
2025-09-24 01:06:07.185611216+00:00,TK102_VOLUME,27723.260255446785,BBL,Good,TK102,BRENT
2025-09-24 01:06:07.185611216+00:00,TK103_LEVEL,80.85454937156265,PCT,Good,TK103,MAYA
2025-09-24 01:06:07.185611216+00:00,TK103_TEMP,83.71430359426986,DEGF,Good,TK103,MAYA
2025-09-24 01:06:07.185611216+00:00,TK103_VOLUME,36847.867673906534,BBL,Good,TK103,MAYA
2025-09-24 01:06:07.185611216+00:00,TK104_LEVEL,78.82931109956601,PCT,Good,TK104,ARB
2025-09-24 01:06:07.185611216+00:00,TK104_TEMP,83.58825109462799,DEGF,Good,TK104,ARB
2025-09-24 01:06:07.185611216+00:00,TK104_VOLUME,43278.43965923196,BBL,Good,TK104,ARB
2025-09-24 01:06:07.185611216+00:00,TK105_LEVEL,61.404948982542955,PCT,Good,TK105,URALS
2025-09-24 01:06:07.185611216+00:00,TK105_TEMP,83.33521327217048,DEGF,Good,TK105,URALS
2025-09-24 01:06:07.185611216+00:00,TK105_VOLUME,30925.43967995412,BBL,Good,TK105,URALS
2025-09-24 01:06:07.185611216+00:00,VDU_FEED_RATE,17332.71347065363,BPD,Good,VDU001,BLEND_B
2025-09-24 02:23:57.455881486+00:00,CDU_FEED_RATE,42899.89191267679,BPD,Good,CDU001,BLEND_A
2025-09-24 02:23:57.455881486+00:00,CDU_FEED_TEMP,475.67056288272823,DEGF,Good,CDU001,BLEND_A
2025-09-24 02:23:57.455881486+00:00,TK101_LEVEL,77.48669444643089,PCT,Good,TK101,WTI
2025-09-24 02:23:57.455881486+00:00,TK101_TEMP,84.1545501440667,DEGF,Good,TK101,WTI
2025-09-24 02:23:57.455881486+00:00,TK101_VOLUME,41788.814675093316,BBL,Good,TK101,WTI
2025-09-24 02:23:57.455881486+00:00,TK102_LEVEL,57.004684789863035,PCT,Good,TK102,BRENT
2025-09-24 02:23:57.455881486+00:00,TK102_TEMP,84.4227305990197,DEGF,Good,TK102,BRENT
2025-09-24 02:23:57.455881486+00:00,TK102_VOLUME,26884.94453891143,BBL,Good,TK102,BRENT
2025-09-24 02:23:57.455881486+00:00,TK103_LEVEL,80.83432470019865,PCT,Good,TK103,MAYA
2025-09-24 02:23:57.455881486+00:00,TK103_TEMP,83.56563854684887,DEGF,Good,TK103,MAYA
2025-09-24 02:23:57.455881486+00:00,TK103_VOLUME,36838.65067845035,BBL,Good,TK103,MAYA
2025-09-24 02:23:57.455881486+00:00,TK104_LEVEL,80.01189351010744,PCT,Good,TK104,ARB
2025-09-24 02:23:57.455881486+00:00,TK104_TEMP,82.45444531428583,DEGF,Good,TK104,ARB
2025-09-24 02:23:57.455881486+00:00,TK104_VOLUME,43927.69462268131,BBL,Good,TK104,ARB
2025-09-24 02:23:57.455881486+00:00,TK105_LEVEL,60.83326846173243,PCT,Good,TK105,URALS
2025-09-24 02:23:57.455881486+00:00,TK105_TEMP,83.615643825698,DEGF,Good,TK105,URALS
2025-09-24 02:23:57.455881486+00:00,TK105_VOLUME,30637.523612023557,BBL,Good,TK105,URALS
2025-09-24 02:23:57.455881486+00:00,VDU_FEED_RATE,17333.32225465218,BPD,Good,VDU001,BLEND_B
2025-09-24 03:41:47.726151757+00:00,CDU_FEED_RATE,42842.85099533252,BPD,Good,CDU001,BLEND_A
2025-09-24 03:41:47.726151757+00:00,CDU_FEED_TEMP,475.5808613798808,DEGF,Good,CDU001,BLEND_A
2025-09-24 03:41:47.726151757+00:00,TK101_LEVEL,77.79472073710897,PCT,Good,TK101,WTI
2025-09-24 03:41:47.726151757+00:00,TK101_TEMP,84.2106980657796,DEGF,Good,TK101,WTI
2025-09-24 03:41:47.726151757+00:00,TK101_VOLUME,41954.934209139275,BBL,Good,TK101,WTI
2025-09-24 03:41:47.726151757+00:00,TK102_LEVEL,59.898474197570295,PCT,Good,TK102,BRENT
2025-09-24 03:41:47.726151757+00:00,TK102_TEMP,83.21244033824762,DEGF,Good,TK102,BRENT
2025-09-24 03:41:47.726151757+00:00,TK102_VOLUME,28249.73355617013,BBL,Good,TK102,BRENT
2025-09-24 03:41:47.726151757+00:00,TK103_LEVEL,80.39546471765206,PCT,Good,TK103,MAYA
2025-09-24 03:41:47.726151757+00:00,TK103_TEMP,83.30872256348707,DEGF,Good,TK103,MAYA
2025-09-24 03:41:47.726151757+00:00,TK103_VOLUME,36638.64888894144,BBL,Good,TK103,MAYA
2025-09-24 03:41:47.726151757+00:00,TK104_LEVEL,79.35684024592334,PCT,Good,TK104,ARB
2025-09-24 03:41:47.726151757+00:00,TK104_TEMP,83.6270680151104,DEGF,Good,TK104,ARB
2025-09-24 03:41:47.726151757+00:00,TK104_VOLUME,43568.060842147985,BBL,Good,TK104,ARB
2025-09-24 03:41:47.726151757+00:00,TK105_LEVEL,61.85022581190571,PCT,Good,TK105,URALS
2025-09-24 03:41:47.726151757+00:00,TK105_TEMP,83.76878745332426,DEGF,Good,TK105,URALS
2025-09-24 03:41:47.726151757+00:00,TK105_VOLUME,31149.694922495793,BBL,Good,TK105,URALS
2025-09-24 03:41:47.726151757+00:00,VDU_FEED_RATE,17523.343443137514,BPD,Good,VDU001,BLEND_B
2025-09-24 04:59:37.996422027+00:00,CDU_FEED_RATE,43284.8810283663,BPD,Good,CDU001,BLEND_A
2025-09-24 04:59:37.996422027+00:00,CDU_FEED_TEMP,476.2642612144042,DEGF,Good,CDU001,BLEND_A
2025-09-24 04:59:37.996422027+00:00,TK101_LEVEL,78.28169196734154,PCT,Good,TK101,WTI
2025-09-24 04:59:37.996422027+00:00,TK101_TEMP,84.06494983839917,DEGF,Good,TK101,WTI
2025-09-24 04:59:37.996422027+00:00,TK101_VOLUME,42217.55930416588,BBL,Good,TK101,WTI
2025-09-24 04:59:37.996422027+00:00,TK102_LEVEL,59.66807785689073,PCT,Good,TK102,BRENT
2025-09-24 04:59:37.996422027+00:00,TK102_TEMP,83.76484935450912,DEGF,Good,TK102,BRENT
2025-09-24 04:59:37.996422027+00:00,TK102_VOLUME,28141.07243710646,BBL,Good,TK102,BRENT
2025-09-24 04:59:37.996422027+00:00,TK103_LEVEL,80.868808001374,PCT,Good,TK103,MAYA
2025-09-24 04:59:37.996422027+00:00,TK103_TEMP,83.62726805432223,DEGF,Good,TK103,MAYA
2025-09-24 04:59:37.996422027+00:00,TK103_VOLUME,36854.36576348323,BBL,Good,TK103,MAYA
2025-09-24 04:59:37.996422027+00:00,TK104_LEVEL,80.31710069395982,PCT,Good,TK104,ARB
2025-09-24 04:59:37.996422027+00:00,TK104_TEMP,83.24776860378365,DEGF,Good,TK104,ARB
2025-09-24 04:59:37.996422027+00:00,TK104_VOLUME,44095.257810861855,BBL,Good,TK104,ARB
2025-09-24 04:59:37.996422027+00:00,TK105_LEVEL,62.20147054701979,PCT,Good,TK105,URALS
2025-09-24 04:59:37.996422027+00:00,TK105_TEMP,84.004761607073,DEGF,Good,TK105,URALS
2025-09-24 04:59:37.996422027+00:00,TK105_VOLUME,31326.59268153082,BBL,Good,TK105,URALS
2025-09-24 04:59:37.996422027+00:00,VDU_FEED_RATE,17429.754134760646,BPD,Good,VDU001,BLEND_B
2025-09-24 06:17:28.266692297+00:00,CDU_FEED_RATE,43697.32305929955,BPD,Good,CDU001,BLEND_A
2025-09-24 06:17:28.266692297+00:00,CDU_FEED_TEMP,476.92599417106067,DEGF,Good,CDU001,BLEND_A
2025-09-24 06:17:28.266692297+00:00,TK101_LEVEL,79.04683959272981,PCT,Good,TK101,WTI
2025-09-24 06:17:28.266692297+00:00,TK101_TEMP,84.16948480924673,DEGF,Good,TK101,WTI
2025-09-24 06:17:28.266692297+00:00,TK101_VOLUME,42630.20579199022,BBL,Good,TK101,WTI
2025-09-24 06:17:28.266692297+00:00,TK102_LEVEL,62.32898257736164,PCT,Good,TK102,BRENT
2025-09-24 06:17:28.266692297+00:00,TK102_TEMP,83.87595013401861,DEGF,Good,TK102,BRENT
2025-09-24 06:17:28.266692297+00:00,TK102_VOLUME,29396.026764051698,BBL,Good,TK102,BRENT
2025-09-24 06:17:28.266692297+00:00,TK103_LEVEL,81.00758225429234,PCT,Good,TK103,MAYA
2025-09-24 06:17:28.266692297+00:00,TK103_TEMP,83.87980687902933,DEGF,Good,TK103,MAYA
2025-09-24 06:17:28.266692297+00:00,TK103_VOLUME,36917.60939476712,BBL,Good,TK103,MAYA
2025-09-24 06:17:28.266692297+00:00,TK104_LEVEL,80.87117622734787,PCT,Good,TK104,ARB
2025-09-24 06:17:28.266692297+00:00,TK104_TEMP,83.9209648132859,DEGF,Good,TK104,ARB
2025-09-24 06:17:28.266692297+00:00,TK104_VOLUME,44399.45334681046,BBL,Good,TK104,ARB
2025-09-24 06:17:28.266692297+00:00,TK105_LEVEL,62.20687103869421,PCT,Good,TK105,URALS
2025-09-24 06:17:28.266692297+00:00,TK105_TEMP,83.58071379344683,DEGF,Good,TK105,URALS
2025-09-24 06:17:28.266692297+00:00,TK105_VOLUME,31329.31253688917,BBL,Good,TK105,URALS
2025-09-24 06:17:28.266692297+00:00,VDU_FEED_RATE,17734.58032822444,BPD,Good,VDU001,BLEND_B
2025-09-24 07:35:18.536962567+00:00,CDU_FEED_RATE,43166.93932104868,BPD,Good,CDU001,BLEND_A
2025-09-24 07:35:18.536962567+00:00,CDU_FEED_TEMP,476.3988320327168,DEGF,Good,CDU001,BLEND_A
2025-09-24 07:35:18.536962567+00:00,TK101_LEVEL,78.24646040171655,PCT,Good,TK101,WTI
2025-09-24 07:35:18.536962567+00:00,TK101_TEMP,84.24269739469969,DEGF,Good,TK101,WTI
2025-09-24 07:35:18.536962567+00:00,TK101_VOLUME,42198.55881153764,BBL,Good,TK101,WTI
2025-09-24 07:35:18.536962567+00:00,TK102_LEVEL,59.2534403156132,PCT,Good,TK102,BRENT
2025-09-24 07:35:18.536962567+00:00,TK102_TEMP,83.93383032376019,DEGF,Good,TK102,BRENT
2025-09-24 07:35:18.536962567+00:00,TK102_VOLUME,27945.518206044744,BBL,Good,TK102,BRENT
2025-09-24 07:35:18.536962567+00:00,TK103_LEVEL,84.48143246484926,PCT,Good,TK103,MAYA
2025-09-24 07:35:18.536962567+00:00,TK103_TEMP,83.96552748301714,DEGF,Good,TK103,MAYA
2025-09-24 07:35:18.536962567+00:00,TK103_VOLUME,38500.748177587346,BBL,Good,TK103,MAYA
2025-09-24 07:35:18.536962567+00:00,TK104_LEVEL,80.81896732095514,PCT,Good,TK104,ARB
2025-09-24 07:35:18.536962567+00:00,TK104_TEMP,83.4439989290028,DEGF,Good,TK104,ARB
2025-09-24 07:35:18.536962567+00:00,TK104_VOLUME,44370.78989696578,BBL,Good,TK104,ARB
2025-09-24 07:35:18.536962567+00:00,TK105_LEVEL,63.74355897140527,PCT,Good,TK105,URALS
2025-09-24 07:35:18.536962567+00:00,TK105_TEMP,83.31122488197134,DEGF,Good,TK105,URALS
2025-09-24 07:35:18.536962567+00:00,TK105_VOLUME,32103.23631269883,BBL,Good,TK105,URALS
2025-09-24 07:35:18.536962567+00:00,VDU_FEED_RATE,17630.52952333572,BPD,Good,VDU001,BLEND_B
2025-09-24 08:53:08.807232838+00:00,CDU_FEED_RATE,43376.09043192406,BPD,Good,CDU001,BLEND_A
2025-09-24 08:53:08.807232838+00:00,CDU_FEED_TEMP,476.49313738790914,DEGF,Good,CDU001,BLEND_A
2025-09-24 08:53:08.807232838+00:00,TK101_LEVEL,80.38151795924153,PCT,Good,TK101,WTI
2025-09-24 08:53:08.807232838+00:00,TK101_TEMP,83.54688445381417,DEGF,Good,TK101,WTI
2025-09-24 08:53:08.807232838+00:00,TK101_VOLUME,43350.001975160405,BBL,Good,TK101,WTI
2025-09-24 08:53:08.807232838+00:00,TK102_LEVEL,60.670585652979696,PCT,Good,TK102,BRENT
2025-09-24 08:53:08.807232838+00:00,TK102_TEMP,83.77092183128264,DEGF,Good,TK102,BRENT
2025-09-24 08:53:08.807232838+00:00,TK102_VOLUME,28613.882112259176,BBL,Good,TK102,BRENT
2025-09-24 08:53:08.807232838+00:00,TK103_LEVEL,82.82227561641653,PCT,Good,TK103,MAYA
2025-09-24 08:53:08.807232838+00:00,TK103_TEMP,83.15276683886596,DEGF,Good,TK103,MAYA
2025-09-24 08:53:08.807232838+00:00,TK103_VOLUME,37744.62013684648,BBL,Good,TK103,MAYA
2025-09-24 08:53:08.807232838+00:00,TK104_LEVEL,80.74899455747942,PCT,Good,TK104,ARB
2025-09-24 08:53:08.807232838+00:00,TK104_TEMP,84.30767735981529,DEGF,Good,TK104,ARB
2025-09-24 08:53:08.807232838+00:00,TK104_VOLUME,44332.37383091583,BBL,Good,TK104,ARB
2025-09-24 08:53:08.807232838+00:00,TK105_LEVEL,63.96939410513703,PCT,Good,TK105,URALS
2025-09-24 08:53:08.807232838+00:00,TK105_TEMP,84.90794581103759,DEGF,Good,TK105,URALS
2025-09-24 08:53:08.807232838+00:00,TK105_VOLUME,32216.973900980538,BBL,Good,TK105,URALS
2025-09-24 08:53:08.807232838+00:00,VDU_FEED_RATE,17943.842623915218,BPD,Good,VDU001,BLEND_B
2025-09-24 10:10:59.077503108+00:00,CDU_FEED_RATE,43701.665942160296,BPD,Good,CDU001,BLEND_A
2025-09-24 10:10:59.077503108+00:00,CDU_FEED_TEMP,478.6412825623869,DEGF,Good,CDU001,BLEND_A
2025-09-24 10:10:59.077503108+00:00,TK101_LEVEL,80.76427248909039,PCT,Good,TK101,WTI
2025-09-24 10:10:59.077503108+00:00,TK101_TEMP,84.55871697090848,DEGF,Good,TK101,WTI
2025-09-24 10:10:59.077503108+00:00,TK101_VOLUME,43556.422680394695,BBL,Good,TK101,WTI
2025-09-24 10:10:59.077503108+00:00,TK102_LEVEL,62.998473645305815,PCT,Good,TK102,BRENT
2025-09-24 10:10:59.077503108+00:00,TK102_TEMP,83.46557439086314,DEGF,Good,TK102,BRENT
2025-09-24 10:10:59.077503108+00:00,TK102_VOLUME,29711.776781744567,BBL,Good,TK102,BRENT
2025-09-24 10:10:59.077503108+00:00,TK103_LEVEL,82.22950134412807,PCT,Good,TK103,MAYA
2025-09-24 10:10:59.077503108+00:00,TK103_TEMP,84.00961372501396,DEGF,Good,TK103,MAYA
2025-09-24 10:10:59.077503108+00:00,TK103_VOLUME,37474.4749425989,BBL,Good,TK103,MAYA
2025-09-24 10:10:59.077503108+00:00,TK104_LEVEL,80.97791829303488,PCT,Good,TK104,ARB
2025-09-24 10:10:59.077503108+00:00,TK104_TEMP,84.21801910431238,DEGF,Good,TK104,ARB
2025-09-24 10:10:59.077503108+00:00,TK104_VOLUME,44458.05629518713,BBL,Good,TK104,ARB
2025-09-24 10:10:59.077503108+00:00,TK105_LEVEL,62.57103641952527,PCT,Good,TK105,URALS
2025-09-24 10:10:59.077503108+00:00,TK105_TEMP,85.45298247699036,DEGF,Good,TK105,URALS
2025-09-24 10:10:59.077503108+00:00,TK105_VOLUME,31512.71753445085,BBL,Good,TK105,URALS
2025-09-24 10:10:59.077503108+00:00,VDU_FEED_RATE,17868.920822212072,BPD,Good,VDU001,BLEND_B
2025-09-24 11:28:49.347773378+00:00,CDU_FEED_RATE,43878.943318546866,BPD,Good,CDU001,BLEND_A
2025-09-24 11:28:49.347773378+00:00,CDU_FEED_TEMP,477.6550710772934,DEGF,Good,CDU001,BLEND_A
2025-09-24 11:28:49.347773378+00:00,TK101_LEVEL,80.91997362672915,PCT,Good,TK101,WTI
2025-09-24 11:28:49.347773378+00:00,TK101_TEMP,83.64335196936511,DEGF,Good,TK101,WTI
2025-09-24 11:28:49.347773378+00:00,TK101_VOLUME,43640.392786900986,BBL,Good,TK101,WTI
2025-09-24 11:28:49.347773378+00:00,TK102_LEVEL,62.82490475504231,PCT,Good,TK102,BRENT
2025-09-24 11:28:49.347773378+00:00,TK102_TEMP,84.3675986779429,DEGF,Good,TK102,BRENT
2025-09-24 11:28:49.347773378+00:00,TK102_VOLUME,29629.91701871603,BBL,Good,TK102,BRENT
2025-09-24 11:28:49.347773378+00:00,TK103_LEVEL,83.59212773001393,PCT,Good,TK103,MAYA
2025-09-24 11:28:49.347773378+00:00,TK103_TEMP,84.34936178147298,DEGF,Good,TK103,MAYA
2025-09-24 11:28:49.347773378+00:00,TK103_VOLUME,38095.46506803215,BBL,Good,TK103,MAYA
2025-09-24 11:28:49.347773378+00:00,TK104_LEVEL,80.48501667134828,PCT,Good,TK104,ARB
2025-09-24 11:28:49.347773378+00:00,TK104_TEMP,85.02144191336906,DEGF,Good,TK104,ARB
2025-09-24 11:28:49.347773378+00:00,TK104_VOLUME,44187.44612754077,BBL,Good,TK104,ARB
2025-09-24 11:28:49.347773378+00:00,TK105_LEVEL,62.943489292923466,PCT,Good,TK105,URALS
2025-09-24 11:28:49.347773378+00:00,TK105_TEMP,84.54496931052958,DEGF,Good,TK105,URALS
2025-09-24 11:28:49.347773378+00:00,TK105_VOLUME,31700.29637069703,BBL,Good,TK105,URALS
2025-09-24 11:28:49.347773378+00:00,VDU_FEED_RATE,18126.887793825652,BPD,Good,VDU001,BLEND_B
2025-09-24 12:46:39.618043649+00:00,CDU_FEED_RATE,44654.61236707723,BPD,Good,CDU001,BLEND_A
2025-09-24 12:46:39.618043649+00:00,CDU_FEED_TEMP,478.24131530332176,DEGF,Good,CDU001,BLEND_A
2025-09-24 12:46:39.618043649+00:00,TK101_LEVEL,81.53030081305445,PCT,Good,TK101,WTI
2025-09-24 12:46:39.618043649+00:00,TK101_TEMP,84.03694978059956,DEGF,Good,TK101,WTI
2025-09-24 12:46:39.618043649+00:00,TK101_VOLUME,43969.544131692855,BBL,Good,TK101,WTI
2025-09-24 12:46:39.618043649+00:00,TK102_LEVEL,61.37613474440114,PCT,Good,TK102,BRENT
2025-09-24 12:46:39.618043649+00:00,TK102_TEMP,84.05007167838812,DEGF,Good,TK102,BRENT
2025-09-24 12:46:39.618043649+00:00,TK102_VOLUME,28946.63806490183,BBL,Good,TK102,BRENT
2025-09-24 12:46:39.618043649+00:00,TK103_LEVEL,82.55459371922149,PCT,Good,TK103,MAYA
2025-09-24 12:46:39.618043649+00:00,TK103_TEMP,84.29356451220923,DEGF,Good,TK103,MAYA
2025-09-24 12:46:39.618043649+00:00,TK103_VOLUME,37622.629386750086,BBL,Good,TK103,MAYA
2025-09-24 12:46:39.618043649+00:00,TK104_LEVEL,82.20725000478237,PCT,Good,TK104,ARB
2025-09-24 12:46:39.618043649+00:00,TK104_TEMP,84.43761677521289,DEGF,Good,TK104,ARB
2025-09-24 12:46:39.618043649+00:00,TK104_VOLUME,45132.97730573415,BBL,Good,TK104,ARB
2025-09-24 12:46:39.618043649+00:00,TK105_LEVEL,65.45853142259874,PCT,Good,TK105,URALS
2025-09-24 12:46:39.618043649+00:00,TK105_TEMP,83.77225346079703,DEGF,Good,TK105,URALS
2025-09-24 12:46:39.618043649+00:00,TK105_VOLUME,32966.949709924265,BBL,Good,TK105,URALS
2025-09-24 12:46:39.618043649+00:00,VDU_FEED_RATE,17937.170050621837,BPD,Good,VDU001,BLEND_B
2025-09-24 14:04:29.888313919+00:00,CDU_FEED_RATE,44573.25150879238,BPD,Good,CDU001,BLEND_A
2025-09-24 14:04:29.888313919+00:00,CDU_FEED_TEMP,478.44675070466457,DEGF,Good,CDU001,BLEND_A
2025-09-24 14:04:29.888313919+00:00,TK101_LEVEL,81.71361982220697,PCT,Good,TK101,WTI
2025-09-24 14:04:29.888313919+00:00,TK101_TEMP,85.19909510465985,DEGF,Good,TK101,WTI
2025-09-24 14:04:29.888313919+00:00,TK101_VOLUME,44068.40864197587,BBL,Good,TK101,WTI
2025-09-24 14:04:29.888313919+00:00,TK102_LEVEL,62.739748675449604,PCT,Good,TK102,BRENT
2025-09-24 14:04:29.888313919+00:00,TK102_TEMP,84.59030931112962,DEGF,Good,TK102,BRENT
2025-09-24 14:04:29.888313919+00:00,TK102_VOLUME,29589.755118243454,BBL,Good,TK102,BRENT
2025-09-24 14:04:29.888313919+00:00,TK103_LEVEL,85.51340380676214,PCT,Good,TK103,MAYA
2025-09-24 14:04:29.888313919+00:00,TK103_TEMP,84.42390067300002,DEGF,Good,TK103,MAYA
2025-09-24 14:04:29.888313919+00:00,TK103_VOLUME,38971.04878213742,BBL,Good,TK103,MAYA
2025-09-24 14:04:29.888313919+00:00,TK104_LEVEL,84.33452481605279,PCT,Good,TK104,ARB
2025-09-24 14:04:29.888313919+00:00,TK104_TEMP,84.16299116827507,DEGF,Good,TK104,ARB
2025-09-24 14:04:29.888313919+00:00,TK104_VOLUME,46300.88215323291,BBL,Good,TK104,ARB
2025-09-24 14:04:29.888313919+00:00,TK105_LEVEL,64.66199499169356,PCT,Good,TK105,URALS
2025-09-24 14:04:29.888313919+00:00,TK105_TEMP,84.16071501233436,DEGF,Good,TK105,URALS
2025-09-24 14:04:29.888313919+00:00,TK105_VOLUME,32565.78922115247,BBL,Good,TK105,URALS
2025-09-24 14:04:29.888313919+00:00,VDU_FEED_RATE,18076.690889303234,BPD,Good,VDU001,BLEND_B
2025-09-24 15:22:20.158584189+00:00,CDU_FEED_RATE,44727.51414204278,BPD,Good,CDU001,BLEND_A
2025-09-24 15:22:20.158584189+00:00,CDU_FEED_TEMP,479.2569109600675,DEGF,Good,CDU001,BLEND_A
2025-09-24 15:22:20.158584189+00:00,TK101_LEVEL,83.8994031669873,PCT,Good,TK101,WTI
2025-09-24 15:22:20.158584189+00:00,TK101_TEMP,85.08054373333962,DEGF,Good,TK101,WTI
2025-09-24 15:22:20.158584189+00:00,TK101_VOLUME,45247.20838001448,BBL,Good,TK101,WTI
2025-09-24 15:22:20.158584189+00:00,TK102_LEVEL,62.96490864634918,PCT,Good,TK102,BRENT
2025-09-24 15:22:20.158584189+00:00,TK102_TEMP,84.2634118811431,DEGF,Good,TK102,BRENT
2025-09-24 15:22:20.158584189+00:00,TK102_VOLUME,29695.94662429831,BBL,Good,TK102,BRENT
2025-09-24 15:22:20.158584189+00:00,TK103_LEVEL,83.7949560352237,PCT,Good,TK103,MAYA
2025-09-24 15:22:20.158584189+00:00,TK103_TEMP,84.90442933739482,DEGF,Good,TK103,MAYA
2025-09-24 15:22:20.158584189+00:00,TK103_VOLUME,38187.90007149185,BBL,Good,TK103,MAYA
2025-09-24 15:22:20.158584189+00:00,TK104_LEVEL,82.55566043022559,PCT,Good,TK104,ARB
2025-09-24 15:22:20.158584189+00:00,TK104_TEMP,84.53699072407888,DEGF,Good,TK104,ARB
2025-09-24 15:22:20.158584189+00:00,TK104_VOLUME,45324.259702647985,BBL,Good,TK104,ARB
2025-09-24 15:22:20.158584189+00:00,TK105_LEVEL,66.22645061844635,PCT,Good,TK105,URALS
2025-09-24 15:22:20.158584189+00:00,TK105_TEMP,84.914992436518,DEGF,Good,TK105,URALS
2025-09-24 15:22:20.158584189+00:00,TK105_VOLUME,33353.697670207,BBL,Good,TK105,URALS
2025-09-24 15:22:20.158584189+00:00,VDU_FEED_RATE,18293.33364536268,BPD,Good,VDU001,BLEND_B
2025-09-24 16:40:10.428854459+00:00,CDU_FEED_RATE,44594.53805408586,BPD,Good,CDU001,BLEND_A
2025-09-24 16:40:10.428854459+00:00,CDU_FEED_TEMP,480.20765391647393,DEGF,Good,CDU001,BLEND_A
2025-09-24 16:40:10.428854459+00:00,TK101_LEVEL,82.22714057671408,PCT,Good,TK101,WTI
2025-09-24 16:40:10.428854459+00:00,TK101_TEMP,85.51729739856209,DEGF,Good,TK101,WTI
2025-09-24 16:40:10.428854459+00:00,TK101_VOLUME,44345.351977799124,BBL,Good,TK101,WTI
2025-09-24 16:40:10.428854459+00:00,TK102_LEVEL,63.694770040838605,PCT,Good,TK102,BRENT
2025-09-24 16:40:10.428854459+00:00,TK102_TEMP,84.22376908079698,DEGF,Good,TK102,BRENT
2025-09-24 16:40:10.428854459+00:00,TK102_VOLUME,30040.168913821963,BBL,Good,TK102,BRENT
2025-09-24 16:40:10.428854459+00:00,TK103_LEVEL,85.40701544716366,PCT,Good,TK103,MAYA
2025-09-24 16:40:10.428854459+00:00,TK103_TEMP,84.23411966019484,DEGF,Good,TK103,MAYA
2025-09-24 16:40:10.428854459+00:00,TK103_VOLUME,38922.56438358473,BBL,Good,TK103,MAYA
2025-09-24 16:40:10.428854459+00:00,TK104_LEVEL,83.23594099949592,PCT,Good,TK104,ARB
2025-09-24 16:40:10.428854459+00:00,TK104_TEMP,84.10148005521079,DEGF,Good,TK104,ARB
2025-09-24 16:40:10.428854459+00:00,TK104_VOLUME,45697.74364101868,BBL,Good,TK104,ARB
2025-09-24 16:40:10.428854459+00:00,TK105_LEVEL,67.15524592496557,PCT,Good,TK105,URALS
2025-09-24 16:40:10.428854459+00:00,TK105_TEMP,85.4441560595598,DEGF,Good,TK105,URALS
2025-09-24 16:40:10.428854459+00:00,TK105_VOLUME,33821.46783698868,BBL,Good,TK105,URALS
2025-09-24 16:40:10.428854459+00:00,VDU_FEED_RATE,18476.62687541045,BPD,Good,VDU001,BLEND_B
2025-09-24 17:58:00.699124730+00:00,CDU_FEED_RATE,44758.63847429955,BPD,Good,CDU001,BLEND_A
2025-09-24 17:58:00.699124730+00:00,CDU_FEED_TEMP,479.9504005728571,DEGF,Good,CDU001,BLEND_A
2025-09-24 17:58:00.699124730+00:00,TK101_LEVEL,82.45891080910012,PCT,Good,TK101,WTI
2025-09-24 17:58:00.699124730+00:00,TK101_TEMP,84.75095468036126,DEGF,Good,TK101,WTI
2025-09-24 17:58:00.699124730+00:00,TK101_VOLUME,44470.34638306543,BBL,Good,TK101,WTI
2025-09-24 17:58:00.699124730+00:00,TK102_LEVEL,63.16589301712773,PCT,Good,TK102,BRENT
2025-09-24 17:58:00.699124730+00:00,TK102_TEMP,85.00394105239336,DEGF,Good,TK102,BRENT
2025-09-24 17:58:00.699124730+00:00,TK102_VOLUME,29790.736266263495,BBL,Good,TK102,BRENT
2025-09-24 17:58:00.699124730+00:00,TK103_LEVEL,86.42366692395244,PCT,Good,TK103,MAYA
2025-09-24 17:58:00.699124730+00:00,TK103_TEMP,84.07277076522931,DEGF,Good,TK103,MAYA
2025-09-24 17:58:00.699124730+00:00,TK103_VOLUME,39385.88326147548,BBL,Good,TK103,MAYA
2025-09-24 17:58:00.699124730+00:00,TK104_LEVEL,86.84672169665025,PCT,Good,TK104,ARB
2025-09-24 17:58:00.699124730+00:00,TK104_TEMP,85.08986049955763,DEGF,Good,TK104,ARB
2025-09-24 17:58:00.699124730+00:00,TK104_VOLUME,47680.11482179858,BBL,Good,TK104,ARB
2025-09-24 17:58:00.699124730+00:00,TK105_LEVEL,65.55512078911893,PCT,Good,TK105,URALS
2025-09-24 17:58:00.699124730+00:00,TK105_TEMP,84.28034655493398,DEGF,Good,TK105,URALS
2025-09-24 17:58:00.699124730+00:00,TK105_VOLUME,33015.59511518133,BBL,Good,TK105,URALS
2025-09-24 17:58:00.699124730+00:00,VDU_FEED_RATE,18623.434526537494,BPD,Good,VDU001,BLEND_B
2025-09-24 19:15:50.969395+00:00,CDU_FEED_RATE,44637.073646558645,BPD,Good,CDU001,BLEND_A
2025-09-24 19:15:50.969395+00:00,CDU_FEED_TEMP,479.24081742623,DEGF,Good,CDU001,BLEND_A
2025-09-24 19:15:50.969395+00:00,TK101_LEVEL,82.46515387632151,PCT,Good,TK101,WTI
2025-09-24 19:15:50.969395+00:00,TK101_TEMP,84.42387557936162,DEGF,Good,TK101,WTI
2025-09-24 19:15:50.969395+00:00,TK101_VOLUME,44473.713288583625,BBL,Good,TK101,WTI
2025-09-24 19:15:50.969395+00:00,TK102_LEVEL,64.227940479656,PCT,Good,TK102,BRENT
2025-09-24 19:15:50.969395+00:00,TK102_TEMP,85.07546076340324,DEGF,Good,TK102,BRENT
2025-09-24 19:15:50.969395+00:00,TK102_VOLUME,30291.62645157054,BBL,Good,TK102,BRENT
2025-09-24 19:15:50.969395+00:00,TK103_LEVEL,86.19514526765848,PCT,Good,TK103,MAYA
2025-09-24 19:15:50.969395+00:00,TK103_TEMP,84.82591510458167,DEGF,Good,TK103,MAYA
2025-09-24 19:15:50.969395+00:00,TK103_VOLUME,39281.73901953498,BBL,Good,TK103,MAYA
2025-09-24 19:15:50.969395+00:00,TK104_LEVEL,84.87201450481327,PCT,Good,TK104,ARB
2025-09-24 19:15:50.969395+00:00,TK104_TEMP,85.29492512315764,DEGF,Good,TK104,ARB
2025-09-24 19:15:50.969395+00:00,TK104_VOLUME,46595.971818967766,BBL,Good,TK104,ARB
2025-09-24 19:15:50.969395+00:00,TK105_LEVEL,65.86722380119248,PCT,Good,TK105,URALS
2025-09-24 19:15:50.969395+00:00,TK105_TEMP,84.93783358957555,DEGF,Good,TK105,URALS
2025-09-24 19:15:50.969395+00:00,TK105_VOLUME,33172.77988666541,BBL,Good,TK105,URALS
2025-09-24 19:15:50.969395+00:00,VDU_FEED_RATE,18505.170770460107,BPD,Good,VDU001,BLEND_B
